Id,CardId,Quality,Star,AbilityAdd,Sklv,AbilityRatio,Power
104001401,104001,4,1,"{""1"":50,""2"":71,""3"":36,""4"":41,""5"":28,""6"":48,""7"":63,""8"":70,""9"":46,""10"":56}","{""1"":1,""2"":1,""3"":1,""4"":1}","{""1"":126,""2"":119,""3"":94,""4"":97,""5"":102,""6"":96,""7"":112,""8"":100,""9"":129,""10"":111}",51
104001402,104001,4,2,"{""1"":100,""2"":143,""3"":71,""4"":82,""5"":57,""6"":96,""7"":126,""8"":140,""9"":91,""10"":111}","{""1"":2,""2"":1,""3"":1,""4"":1}","{""1"":126,""2"":134,""3"":94,""4"":112,""5"":102,""6"":111,""7"":112,""8"":115,""9"":129,""10"":126}",102
104001403,104001,4,3,"{""1"":150,""2"":214,""3"":107,""4"":124,""5"":85,""6"":144,""7"":189,""8"":210,""9"":137,""10"":167}","{""1"":2,""2"":2,""3"":1,""4"":1}","{""1"":141,""2"":149,""3"":94,""4"":112,""5"":117,""6"":126,""7"":112,""8"":115,""9"":129,""10"":141}",153
104001404,104001,4,4,"{""1"":200,""2"":286,""3"":142,""4"":165,""5"":113,""6"":192,""7"":252,""8"":280,""9"":182,""10"":222}","{""1"":2,""2"":2,""3"":2,""4"":1}","{""1"":141,""2"":149,""3"":109,""4"":127,""5"":117,""6"":126,""7"":127,""8"":130,""9"":144,""10"":141}",203
104001405,104001,4,5,"{""1"":250,""2"":357,""3"":178,""4"":206,""5"":141,""6"":240,""7"":315,""8"":350,""9"":228,""10"":278}","{""1"":2,""2"":2,""3"":2,""4"":2}","{""1"":141,""2"":149,""3"":109,""4"":142,""5"":132,""6"":141,""7"":127,""8"":145,""9"":159,""10"":141}",254
104001406,104001,4,6,"{""1"":300,""2"":428,""3"":213,""4"":247,""5"":170,""6"":288,""7"":378,""8"":420,""9"":274,""10"":333}","{""1"":3,""2"":2,""3"":2,""4"":2}","{""1"":156,""2"":164,""3"":124,""4"":142,""5"":132,""6"":141,""7"":142,""8"":145,""9"":159,""10"":156}",305
104001407,104001,4,7,"{""1"":350,""2"":500,""3"":249,""4"":289,""5"":198,""6"":336,""7"":441,""8"":490,""9"":319,""10"":389}","{""1"":3,""2"":3,""3"":2,""4"":2}","{""1"":171,""2"":164,""3"":139,""4"":142,""5"":147,""6"":141,""7"":157,""8"":145,""9"":174,""10"":156}",356
104001408,104001,4,8,"{""1"":400,""2"":571,""3"":284,""4"":330,""5"":226,""6"":384,""7"":504,""8"":560,""9"":365,""10"":444}","{""1"":3,""2"":3,""3"":3,""4"":2}","{""1"":171,""2"":179,""3"":139,""4"":157,""5"":147,""6"":156,""7"":157,""8"":160,""9"":174,""10"":171}",407
104001409,104001,4,9,"{""1"":450,""2"":643,""3"":320,""4"":371,""5"":254,""6"":432,""7"":567,""8"":630,""9"":410,""10"":500}","{""1"":3,""2"":3,""3"":3,""4"":3}","{""1"":186,""2"":194,""3"":139,""4"":157,""5"":162,""6"":171,""7"":157,""8"":160,""9"":174,""10"":186}",458
104001410,104001,4,10,"{""1"":500,""2"":714,""3"":356,""4"":412,""5"":283,""6"":480,""7"":631,""8"":700,""9"":456,""10"":555}","{""1"":4,""2"":3,""3"":3,""4"":3}","{""1"":186,""2"":194,""3"":154,""4"":172,""5"":162,""6"":171,""7"":172,""8"":175,""9"":189,""10"":186}",509
104001500,104001,5,0,"{""1"":549,""2"":785,""3"":391,""4"":453,""5"":311,""6"":528,""7"":694,""8"":770,""9"":502,""10"":611}","{""1"":4,""2"":4,""3"":3,""4"":3}","{""1"":186,""2"":209,""3"":154,""4"":172,""5"":162,""6"":186,""7"":172,""8"":190,""9"":189,""10"":186}",559
104001501,104001,5,1,"{""1"":599,""2"":857,""3"":427,""4"":495,""5"":339,""6"":576,""7"":757,""8"":840,""9"":547,""10"":666}","{""1"":4,""2"":4,""3"":4,""4"":3}","{""1"":206,""2"":209,""3"":174,""4"":172,""5"":182,""6"":186,""7"":192,""8"":190,""9"":209,""10"":186}",610
104001502,104001,5,2,"{""1"":699,""2"":1000,""3"":498,""4"":577,""5"":396,""6"":672,""7"":883,""8"":980,""9"":638,""10"":777}","{""1"":4,""2"":4,""3"":4,""4"":4}","{""1"":206,""2"":229,""3"":174,""4"":192,""5"":182,""6"":206,""7"":192,""8"":210,""9"":209,""10"":206}",712
104001503,104001,5,3,"{""1"":799,""2"":1142,""3"":569,""4"":660,""5"":452,""6"":768,""7"":1009,""8"":1120,""9"":730,""10"":888}","{""1"":5,""2"":4,""3"":4,""4"":4}","{""1"":226,""2"":249,""3"":174,""4"":192,""5"":202,""6"":226,""7"":192,""8"":210,""9"":209,""10"":226}",814
104001504,104001,5,4,"{""1"":899,""2"":1285,""3"":640,""4"":742,""5"":509,""6"":864,""7"":1135,""8"":1260,""9"":821,""10"":999}","{""1"":5,""2"":5,""3"":4,""4"":4}","{""1"":226,""2"":249,""3"":194,""4"":212,""5"":202,""6"":226,""7"":212,""8"":230,""9"":229,""10"":226}",915
104001505,104001,5,5,"{""1"":999,""2"":1428,""3"":711,""4"":825,""5"":566,""6"":960,""7"":1261,""8"":1400,""9"":912,""10"":1110}","{""1"":5,""2"":5,""3"":5,""4"":4}","{""1"":226,""2"":249,""3"":194,""4"":232,""5"":222,""6"":246,""7"":212,""8"":250,""9"":249,""10"":226}",1017
104001506,104001,5,6,"{""1"":1099,""2"":1571,""3"":782,""4"":907,""5"":622,""6"":1056,""7"":1387,""8"":1540,""9"":1003,""10"":1221}","{""1"":5,""2"":5,""3"":5,""4"":5}","{""1"":246,""2"":269,""3"":214,""4"":232,""5"":222,""6"":246,""7"":232,""8"":250,""9"":249,""10"":246}",1119
104001507,104001,5,7,"{""1"":1199,""2"":1714,""3"":853,""4"":989,""5"":679,""6"":1152,""7"":1513,""8"":1680,""9"":1094,""10"":1332}","{""1"":6,""2"":5,""3"":5,""4"":5}","{""1"":266,""2"":269,""3"":234,""4"":232,""5"":242,""6"":246,""7"":252,""8"":250,""9"":269,""10"":246}",1221
104001508,104001,5,8,"{""1"":1299,""2"":1856,""3"":924,""4"":1072,""5"":735,""6"":1248,""7"":1639,""8"":1820,""9"":1186,""10"":1443}","{""1"":6,""2"":6,""3"":5,""4"":5}","{""1"":266,""2"":289,""3"":234,""4"":252,""5"":242,""6"":266,""7"":252,""8"":270,""9"":269,""10"":266}",1322
104001509,104001,5,9,"{""1"":1399,""2"":1999,""3"":995,""4"":1154,""5"":792,""6"":1344,""7"":1765,""8"":1960,""9"":1277,""10"":1554}","{""1"":6,""2"":6,""3"":6,""4"":5}","{""1"":286,""2"":309,""3"":234,""4"":252,""5"":262,""6"":286,""7"":252,""8"":270,""9"":269,""10"":286}",1424
104001510,104001,5,10,"{""1"":1499,""2"":2142,""3"":1067,""4"":1237,""5"":848,""6"":1440,""7"":1892,""8"":2100,""9"":1368,""10"":1665}","{""1"":6,""2"":6,""3"":6,""4"":6}","{""1"":286,""2"":309,""3"":254,""4"":272,""5"":262,""6"":286,""7"":272,""8"":290,""9"":289,""10"":286}",1526
104002401,104002,4,1,"{""1"":63,""2"":37,""3"":66,""4"":66,""5"":65,""6"":46,""7"":23,""8"":34,""9"":64,""10"":54}","{""1"":1,""2"":1,""3"":1,""4"":1}","{""1"":135,""2"":92,""3"":129,""4"":114,""5"":111,""6"":91,""7"":93,""8"":96,""9"":121,""10"":107}",52
104002402,104002,4,2,"{""1"":126,""2"":74,""3"":131,""4"":131,""5"":130,""6"":91,""7"":47,""8"":67,""9"":127,""10"":107}","{""1"":2,""2"":1,""3"":1,""4"":1}","{""1"":135,""2"":107,""3"":129,""4"":129,""5"":111,""6"":106,""7"":93,""8"":111,""9"":121,""10"":122}",103
104002403,104002,4,3,"{""1"":189,""2"":110,""3"":197,""4"":197,""5"":194,""6"":137,""7"":70,""8"":101,""9"":191,""10"":161}","{""1"":2,""2"":2,""3"":1,""4"":1}","{""1"":150,""2"":122,""3"":129,""4"":129,""5"":126,""6"":121,""7"":93,""8"":111,""9"":121,""10"":137}",155
104002404,104002,4,4,"{""1"":252,""2"":147,""3"":262,""4"":262,""5"":259,""6"":182,""7"":94,""8"":134,""9"":254,""10"":214}","{""1"":2,""2"":2,""3"":2,""4"":1}","{""1"":150,""2"":122,""3"":144,""4"":144,""5"":126,""6"":121,""7"":108,""8"":126,""9"":136,""10"":137}",206
104002405,104002,4,5,"{""1"":315,""2"":184,""3"":328,""4"":328,""5"":324,""6"":228,""7"":117,""8"":168,""9"":318,""10"":268}","{""1"":2,""2"":2,""3"":2,""4"":2}","{""1"":150,""2"":122,""3"":144,""4"":159,""5"":141,""6"":136,""7"":108,""8"":141,""9"":151,""10"":137}",258
104002406,104002,4,6,"{""1"":378,""2"":221,""3"":393,""4"":393,""5"":389,""6"":273,""7"":140,""8"":202,""9"":382,""10"":321}","{""1"":3,""2"":2,""3"":2,""4"":2}","{""1"":165,""2"":137,""3"":159,""4"":159,""5"":141,""6"":136,""7"":123,""8"":141,""9"":151,""10"":152}",309
104002407,104002,4,7,"{""1"":441,""2"":258,""3"":459,""4"":459,""5"":454,""6"":319,""7"":164,""8"":235,""9"":445,""10"":375}","{""1"":3,""2"":3,""3"":2,""4"":2}","{""1"":180,""2"":137,""3"":174,""4"":159,""5"":156,""6"":136,""7"":138,""8"":141,""9"":166,""10"":152}",361
104002408,104002,4,8,"{""1"":504,""2"":294,""3"":524,""4"":524,""5"":518,""6"":364,""7"":187,""8"":269,""9"":509,""10"":428}","{""1"":3,""2"":3,""3"":3,""4"":2}","{""1"":180,""2"":152,""3"":174,""4"":174,""5"":156,""6"":151,""7"":138,""8"":156,""9"":166,""10"":167}",412
104002409,104002,4,9,"{""1"":567,""2"":331,""3"":590,""4"":590,""5"":583,""6"":410,""7"":211,""8"":302,""9"":572,""10"":482}","{""1"":3,""2"":3,""3"":3,""4"":3}","{""1"":195,""2"":167,""3"":174,""4"":174,""5"":171,""6"":166,""7"":138,""8"":156,""9"":166,""10"":182}",464
104002410,104002,4,10,"{""1"":630,""2"":368,""3"":656,""4"":656,""5"":648,""6"":455,""7"":234,""8"":336,""9"":636,""10"":535}","{""1"":4,""2"":3,""3"":3,""4"":3}","{""1"":195,""2"":167,""3"":189,""4"":189,""5"":171,""6"":166,""7"":153,""8"":171,""9"":181,""10"":182}",515
104002500,104002,5,0,"{""1"":693,""2"":405,""3"":721,""4"":721,""5"":713,""6"":501,""7"":257,""8"":370,""9"":700,""10"":589}","{""1"":4,""2"":4,""3"":3,""4"":3}","{""1"":195,""2"":167,""3"":204,""4"":204,""5"":186,""6"":166,""7"":153,""8"":171,""9"":181,""10"":182}",567
104002501,104002,5,1,"{""1"":756,""2"":442,""3"":787,""4"":787,""5"":778,""6"":546,""7"":281,""8"":403,""9"":763,""10"":642}","{""1"":4,""2"":4,""3"":4,""4"":3}","{""1"":215,""2"":167,""3"":224,""4"":204,""5"":206,""6"":166,""7"":173,""8"":171,""9"":201,""10"":182}",619
104002502,104002,5,2,"{""1"":882,""2"":515,""3"":918,""4"":918,""5"":907,""6"":637,""7"":328,""8"":470,""9"":890,""10"":749}","{""1"":4,""2"":4,""3"":4,""4"":4}","{""1"":215,""2"":187,""3"":224,""4"":224,""5"":206,""6"":186,""7"":173,""8"":191,""9"":201,""10"":202}",721
104002503,104002,5,3,"{""1"":1008,""2"":589,""3"":1049,""4"":1049,""5"":1037,""6"":728,""7"":374,""8"":538,""9"":1018,""10"":856}","{""1"":5,""2"":4,""3"":4,""4"":4}","{""1"":235,""2"":207,""3"":224,""4"":224,""5"":226,""6"":206,""7"":173,""8"":191,""9"":201,""10"":222}",825
104002504,104002,5,4,"{""1"":1134,""2"":662,""3"":1180,""4"":1180,""5"":1166,""6"":819,""7"":421,""8"":605,""9"":1145,""10"":963}","{""1"":5,""2"":5,""3"":4,""4"":4}","{""1"":235,""2"":207,""3"":244,""4"":244,""5"":226,""6"":206,""7"":193,""8"":211,""9"":221,""10"":222}",928
104002505,104002,5,5,"{""1"":1260,""2"":736,""3"":1311,""4"":1311,""5"":1296,""6"":910,""7"":468,""8"":672,""9"":1272,""10"":1070}","{""1"":5,""2"":5,""3"":5,""4"":4}","{""1"":235,""2"":207,""3"":244,""4"":264,""5"":246,""6"":226,""7"":193,""8"":231,""9"":241,""10"":222}",1031
104002506,104002,5,6,"{""1"":1386,""2"":810,""3"":1442,""4"":1442,""5"":1426,""6"":1001,""7"":515,""8"":739,""9"":1399,""10"":1177}","{""1"":5,""2"":5,""3"":5,""4"":5}","{""1"":255,""2"":227,""3"":264,""4"":264,""5"":246,""6"":226,""7"":213,""8"":231,""9"":241,""10"":242}",1134
104002507,104002,5,7,"{""1"":1512,""2"":883,""3"":1573,""4"":1573,""5"":1555,""6"":1092,""7"":562,""8"":806,""9"":1526,""10"":1284}","{""1"":6,""2"":5,""3"":5,""4"":5}","{""1"":275,""2"":227,""3"":284,""4"":264,""5"":266,""6"":226,""7"":233,""8"":231,""9"":261,""10"":242}",1237
104002508,104002,5,8,"{""1"":1638,""2"":957,""3"":1704,""4"":1704,""5"":1685,""6"":1183,""7"":608,""8"":874,""9"":1654,""10"":1391}","{""1"":6,""2"":6,""3"":5,""4"":5}","{""1"":275,""2"":247,""3"":284,""4"":284,""5"":266,""6"":246,""7"":233,""8"":251,""9"":261,""10"":262}",1340
104002509,104002,5,9,"{""1"":1764,""2"":1030,""3"":1835,""4"":1835,""5"":1814,""6"":1274,""7"":655,""8"":941,""9"":1781,""10"":1498}","{""1"":6,""2"":6,""3"":6,""4"":5}","{""1"":295,""2"":267,""3"":284,""4"":284,""5"":286,""6"":266,""7"":233,""8"":251,""9"":261,""10"":282}",1443
104002510,104002,5,10,"{""1"":1890,""2"":1104,""3"":1967,""4"":1967,""5"":1944,""6"":1365,""7"":702,""8"":1008,""9"":1908,""10"":1605}","{""1"":6,""2"":6,""3"":6,""4"":6}","{""1"":295,""2"":267,""3"":304,""4"":304,""5"":286,""6"":266,""7"":253,""8"":271,""9"":281,""10"":282}",1546
104003401,104003,4,1,"{""1"":62,""2"":51,""3"":47,""4"":53,""5"":46,""6"":49,""7"":49,""8"":51,""9"":54,""10"":55}","{""1"":1,""2"":1,""3"":1,""4"":1}","{""1"":138,""2"":102,""3"":109,""4"":105,""5"":107,""6"":98,""7"":112,""8"":102,""9"":122,""10"":110}",52
104003402,104003,4,2,"{""1"":123,""2"":102,""3"":94,""4"":105,""5"":92,""6"":98,""7"":97,""8"":102,""9"":107,""10"":110}","{""1"":2,""2"":1,""3"":1,""4"":1}","{""1"":138,""2"":117,""3"":109,""4"":120,""5"":107,""6"":113,""7"":112,""8"":117,""9"":122,""10"":125}",103
104003403,104003,4,3,"{""1"":185,""2"":153,""3"":141,""4"":158,""5"":138,""6"":147,""7"":146,""8"":153,""9"":161,""10"":165}","{""1"":2,""2"":2,""3"":1,""4"":1}","{""1"":153,""2"":132,""3"":109,""4"":120,""5"":122,""6"":128,""7"":112,""8"":117,""9"":122,""10"":140}",155
104003404,104003,4,4,"{""1"":246,""2"":204,""3"":188,""4"":210,""5"":184,""6"":196,""7"":194,""8"":204,""9"":214,""10"":220}","{""1"":2,""2"":2,""3"":2,""4"":1}","{""1"":153,""2"":132,""3"":124,""4"":135,""5"":122,""6"":128,""7"":127,""8"":132,""9"":137,""10"":140}",206
104003405,104003,4,5,"{""1"":308,""2"":255,""3"":235,""4"":263,""5"":230,""6"":245,""7"":243,""8"":255,""9"":268,""10"":275}","{""1"":2,""2"":2,""3"":2,""4"":2}","{""1"":153,""2"":132,""3"":124,""4"":150,""5"":137,""6"":143,""7"":127,""8"":147,""9"":152,""10"":140}",258
104003406,104003,4,6,"{""1"":369,""2"":306,""3"":282,""4"":315,""5"":276,""6"":294,""7"":291,""8"":306,""9"":321,""10"":330}","{""1"":3,""2"":2,""3"":2,""4"":2}","{""1"":168,""2"":147,""3"":139,""4"":150,""5"":137,""6"":143,""7"":142,""8"":147,""9"":152,""10"":155}",309
104003407,104003,4,7,"{""1"":431,""2"":357,""3"":329,""4"":368,""5"":322,""6"":343,""7"":340,""8"":357,""9"":375,""10"":385}","{""1"":3,""2"":3,""3"":2,""4"":2}","{""1"":183,""2"":147,""3"":154,""4"":150,""5"":152,""6"":143,""7"":157,""8"":147,""9"":167,""10"":155}",361
104003408,104003,4,8,"{""1"":492,""2"":408,""3"":376,""4"":420,""5"":368,""6"":392,""7"":388,""8"":408,""9"":428,""10"":440}","{""1"":3,""2"":3,""3"":3,""4"":2}","{""1"":183,""2"":162,""3"":154,""4"":165,""5"":152,""6"":158,""7"":157,""8"":162,""9"":167,""10"":170}",412
104003409,104003,4,9,"{""1"":554,""2"":459,""3"":423,""4"":473,""5"":414,""6"":441,""7"":437,""8"":459,""9"":482,""10"":495}","{""1"":3,""2"":3,""3"":3,""4"":3}","{""1"":198,""2"":177,""3"":154,""4"":165,""5"":167,""6"":173,""7"":157,""8"":162,""9"":167,""10"":185}",464
104003410,104003,4,10,"{""1"":615,""2"":510,""3"":470,""4"":525,""5"":460,""6"":490,""7"":485,""8"":510,""9"":535,""10"":550}","{""1"":4,""2"":3,""3"":3,""4"":3}","{""1"":198,""2"":177,""3"":169,""4"":180,""5"":167,""6"":173,""7"":172,""8"":177,""9"":182,""10"":185}",515
104003500,104003,5,0,"{""1"":677,""2"":561,""3"":517,""4"":578,""5"":506,""6"":539,""7"":534,""8"":561,""9"":589,""10"":605}","{""1"":4,""2"":4,""3"":3,""4"":3}","{""1"":213,""2"":177,""3"":169,""4"":180,""5"":182,""6"":173,""7"":172,""8"":177,""9"":182,""10"":200}",567
104003501,104003,5,1,"{""1"":738,""2"":612,""3"":564,""4"":630,""5"":552,""6"":588,""7"":582,""8"":612,""9"":642,""10"":660}","{""1"":4,""2"":4,""3"":4,""4"":3}","{""1"":233,""2"":177,""3"":189,""4"":180,""5"":202,""6"":173,""7"":192,""8"":177,""9"":202,""10"":200}",618
104003502,104003,5,2,"{""1"":861,""2"":714,""3"":658,""4"":735,""5"":644,""6"":686,""7"":679,""8"":714,""9"":749,""10"":770}","{""1"":4,""2"":4,""3"":4,""4"":4}","{""1"":233,""2"":197,""3"":189,""4"":200,""5"":202,""6"":193,""7"":192,""8"":197,""9"":202,""10"":220}",721
104003503,104003,5,3,"{""1"":984,""2"":816,""3"":752,""4"":840,""5"":736,""6"":784,""7"":776,""8"":816,""9"":856,""10"":880}","{""1"":5,""2"":4,""3"":4,""4"":4}","{""1"":253,""2"":217,""3"":189,""4"":200,""5"":222,""6"":213,""7"":192,""8"":197,""9"":202,""10"":240}",824
104003504,104003,5,4,"{""1"":1107,""2"":918,""3"":846,""4"":945,""5"":828,""6"":882,""7"":873,""8"":918,""9"":963,""10"":990}","{""1"":5,""2"":5,""3"":4,""4"":4}","{""1"":253,""2"":217,""3"":209,""4"":220,""5"":222,""6"":213,""7"":212,""8"":217,""9"":222,""10"":240}",927
104003505,104003,5,5,"{""1"":1230,""2"":1020,""3"":940,""4"":1050,""5"":920,""6"":980,""7"":970,""8"":1020,""9"":1070,""10"":1100}","{""1"":5,""2"":5,""3"":5,""4"":4}","{""1"":253,""2"":217,""3"":209,""4"":240,""5"":242,""6"":233,""7"":212,""8"":237,""9"":242,""10"":240}",1030
104003506,104003,5,6,"{""1"":1353,""2"":1122,""3"":1034,""4"":1155,""5"":1012,""6"":1078,""7"":1067,""8"":1122,""9"":1177,""10"":1210}","{""1"":5,""2"":5,""3"":5,""4"":5}","{""1"":273,""2"":237,""3"":229,""4"":240,""5"":242,""6"":233,""7"":232,""8"":237,""9"":242,""10"":260}",1133
104003507,104003,5,7,"{""1"":1476,""2"":1224,""3"":1128,""4"":1260,""5"":1104,""6"":1176,""7"":1164,""8"":1224,""9"":1284,""10"":1320}","{""1"":6,""2"":5,""3"":5,""4"":5}","{""1"":293,""2"":237,""3"":249,""4"":240,""5"":262,""6"":233,""7"":252,""8"":237,""9"":262,""10"":260}",1236
104003508,104003,5,8,"{""1"":1599,""2"":1326,""3"":1222,""4"":1365,""5"":1196,""6"":1274,""7"":1261,""8"":1326,""9"":1391,""10"":1430}","{""1"":6,""2"":6,""3"":5,""4"":5}","{""1"":293,""2"":257,""3"":249,""4"":260,""5"":262,""6"":253,""7"":252,""8"":257,""9"":262,""10"":280}",1339
104003509,104003,5,9,"{""1"":1722,""2"":1428,""3"":1316,""4"":1470,""5"":1288,""6"":1372,""7"":1358,""8"":1428,""9"":1498,""10"":1540}","{""1"":6,""2"":6,""3"":6,""4"":5}","{""1"":313,""2"":277,""3"":249,""4"":260,""5"":282,""6"":273,""7"":252,""8"":257,""9"":262,""10"":300}",1442
104003510,104003,5,10,"{""1"":1845,""2"":1530,""3"":1410,""4"":1575,""5"":1380,""6"":1470,""7"":1455,""8"":1530,""9"":1605,""10"":1650}","{""1"":6,""2"":6,""3"":6,""4"":6}","{""1"":313,""2"":277,""3"":269,""4"":280,""5"":282,""6"":273,""7"":272,""8"":277,""9"":282,""10"":300}",1545
104004401,104004,4,1,"{""1"":56,""2"":34,""3"":69,""4"":66,""5"":80,""6"":55,""7"":23,""8"":28,""9"":64,""10"":54}","{""1"":1,""2"":1,""3"":1,""4"":1}","{""1"":122,""2"":85,""3"":135,""4"":114,""5"":133,""6"":110,""7"":93,""8"":79,""9"":122,""10"":107}",53
104004402,104004,4,2,"{""1"":112,""2"":68,""3"":138,""4"":131,""5"":159,""6"":110,""7"":47,""8"":55,""9"":128,""10"":107}","{""1"":2,""2"":1,""3"":1,""4"":1}","{""1"":122,""2"":100,""3"":135,""4"":129,""5"":133,""6"":125,""7"":93,""8"":94,""9"":122,""10"":122}",106
104004403,104004,4,3,"{""1"":169,""2"":102,""3"":207,""4"":197,""5"":239,""6"":165,""7"":70,""8"":83,""9"":193,""10"":161}","{""1"":2,""2"":2,""3"":1,""4"":1}","{""1"":137,""2"":115,""3"":135,""4"":129,""5"":148,""6"":140,""7"":93,""8"":94,""9"":122,""10"":137}",159
104004404,104004,4,4,"{""1"":225,""2"":136,""3"":276,""4"":262,""5"":319,""6"":220,""7"":94,""8"":111,""9"":257,""10"":214}","{""1"":2,""2"":2,""3"":2,""4"":1}","{""1"":137,""2"":115,""3"":150,""4"":144,""5"":148,""6"":140,""7"":108,""8"":109,""9"":137,""10"":137}",211
104004405,104004,4,5,"{""1"":281,""2"":170,""3"":345,""4"":328,""5"":398,""6"":275,""7"":117,""8"":138,""9"":321,""10"":268}","{""1"":2,""2"":2,""3"":2,""4"":2}","{""1"":137,""2"":115,""3"":150,""4"":159,""5"":163,""6"":155,""7"":108,""8"":124,""9"":152,""10"":137}",264
104004406,104004,4,6,"{""1"":337,""2"":204,""3"":414,""4"":393,""5"":478,""6"":330,""7"":140,""8"":166,""9"":385,""10"":321}","{""1"":3,""2"":2,""3"":2,""4"":2}","{""1"":152,""2"":130,""3"":165,""4"":159,""5"":163,""6"":155,""7"":123,""8"":124,""9"":152,""10"":152}",317
104004407,104004,4,7,"{""1"":393,""2"":238,""3"":483,""4"":459,""5"":558,""6"":385,""7"":164,""8"":194,""9"":449,""10"":375}","{""1"":3,""2"":3,""3"":2,""4"":2}","{""1"":167,""2"":130,""3"":180,""4"":159,""5"":178,""6"":155,""7"":138,""8"":124,""9"":167,""10"":152}",370
104004408,104004,4,8,"{""1"":449,""2"":272,""3"":552,""4"":524,""5"":637,""6"":440,""7"":187,""8"":221,""9"":514,""10"":428}","{""1"":3,""2"":3,""3"":3,""4"":2}","{""1"":167,""2"":145,""3"":180,""4"":174,""5"":178,""6"":170,""7"":138,""8"":139,""9"":167,""10"":167}",422
104004409,104004,4,9,"{""1"":506,""2"":306,""3"":621,""4"":590,""5"":717,""6"":495,""7"":211,""8"":249,""9"":578,""10"":482}","{""1"":3,""2"":3,""3"":3,""4"":3}","{""1"":182,""2"":160,""3"":180,""4"":174,""5"":193,""6"":185,""7"":138,""8"":139,""9"":167,""10"":182}",476
104004410,104004,4,10,"{""1"":562,""2"":340,""3"":690,""4"":656,""5"":797,""6"":550,""7"":234,""8"":277,""9"":642,""10"":535}","{""1"":4,""2"":3,""3"":3,""4"":3}","{""1"":182,""2"":160,""3"":195,""4"":189,""5"":193,""6"":185,""7"":153,""8"":154,""9"":182,""10"":182}",528
104004500,104004,5,0,"{""1"":618,""2"":374,""3"":759,""4"":721,""5"":876,""6"":605,""7"":257,""8"":304,""9"":706,""10"":589}","{""1"":4,""2"":4,""3"":3,""4"":3}","{""1"":182,""2"":160,""3"":210,""4"":204,""5"":208,""6"":185,""7"":153,""8"":154,""9"":182,""10"":182}",581
104004501,104004,5,1,"{""1"":674,""2"":408,""3"":828,""4"":787,""5"":956,""6"":660,""7"":281,""8"":332,""9"":770,""10"":642}","{""1"":4,""2"":4,""3"":4,""4"":3}","{""1"":202,""2"":160,""3"":230,""4"":204,""5"":228,""6"":185,""7"":173,""8"":154,""9"":202,""10"":182}",634
104004502,104004,5,2,"{""1"":786,""2"":476,""3"":966,""4"":918,""5"":1115,""6"":770,""7"":328,""8"":387,""9"":899,""10"":749}","{""1"":4,""2"":4,""3"":4,""4"":4}","{""1"":202,""2"":180,""3"":230,""4"":224,""5"":228,""6"":205,""7"":173,""8"":174,""9"":202,""10"":202}",739
104004503,104004,5,3,"{""1"":899,""2"":544,""3"":1104,""4"":1049,""5"":1274,""6"":880,""7"":374,""8"":442,""9"":1027,""10"":856}","{""1"":5,""2"":4,""3"":4,""4"":4}","{""1"":222,""2"":200,""3"":230,""4"":224,""5"":248,""6"":225,""7"":173,""8"":174,""9"":202,""10"":222}",845
104004504,104004,5,4,"{""1"":1011,""2"":612,""3"":1242,""4"":1180,""5"":1434,""6"":990,""7"":421,""8"":498,""9"":1156,""10"":963}","{""1"":5,""2"":5,""3"":4,""4"":4}","{""1"":222,""2"":200,""3"":250,""4"":244,""5"":248,""6"":225,""7"":193,""8"":194,""9"":222,""10"":222}",951
104004505,104004,5,5,"{""1"":1124,""2"":680,""3"":1380,""4"":1311,""5"":1593,""6"":1100,""7"":468,""8"":553,""9"":1284,""10"":1070}","{""1"":5,""2"":5,""3"":5,""4"":4}","{""1"":222,""2"":200,""3"":250,""4"":264,""5"":268,""6"":245,""7"":193,""8"":214,""9"":242,""10"":222}",1056
104004506,104004,5,6,"{""1"":1236,""2"":748,""3"":1518,""4"":1442,""5"":1752,""6"":1210,""7"":515,""8"":608,""9"":1412,""10"":1177}","{""1"":5,""2"":5,""3"":5,""4"":5}","{""1"":242,""2"":220,""3"":270,""4"":264,""5"":268,""6"":245,""7"":213,""8"":214,""9"":242,""10"":242}",1162
104004507,104004,5,7,"{""1"":1348,""2"":816,""3"":1656,""4"":1573,""5"":1912,""6"":1320,""7"":562,""8"":664,""9"":1541,""10"":1284}","{""1"":6,""2"":5,""3"":5,""4"":5}","{""1"":262,""2"":220,""3"":290,""4"":264,""5"":288,""6"":245,""7"":233,""8"":214,""9"":262,""10"":242}",1268
104004508,104004,5,8,"{""1"":1461,""2"":884,""3"":1794,""4"":1704,""5"":2071,""6"":1430,""7"":608,""8"":719,""9"":1669,""10"":1391}","{""1"":6,""2"":6,""3"":5,""4"":5}","{""1"":262,""2"":240,""3"":290,""4"":284,""5"":288,""6"":265,""7"":233,""8"":234,""9"":262,""10"":262}",1373
104004509,104004,5,9,"{""1"":1573,""2"":952,""3"":1932,""4"":1835,""5"":2230,""6"":1540,""7"":655,""8"":774,""9"":1798,""10"":1498}","{""1"":6,""2"":6,""3"":6,""4"":5}","{""1"":282,""2"":260,""3"":290,""4"":284,""5"":308,""6"":285,""7"":233,""8"":234,""9"":262,""10"":282}",1479
104004510,104004,5,10,"{""1"":1685,""2"":1020,""3"":2070,""4"":1967,""5"":2390,""6"":1650,""7"":702,""8"":830,""9"":1926,""10"":1605}","{""1"":6,""2"":6,""3"":6,""4"":6}","{""1"":282,""2"":260,""3"":310,""4"":304,""5"":308,""6"":285,""7"":253,""8"":254,""9"":282,""10"":282}",1585
104005401,104005,4,1,"{""1"":46,""2"":74,""3"":37,""4"":41,""5"":32,""6"":53,""7"":70,""8"":77,""9"":46,""10"":59}","{""1"":1,""2"":1,""3"":1,""4"":1}","{""1"":117,""2"":123,""3"":103,""4"":97,""5"":107,""6"":105,""7"":122,""8"":110,""9"":129,""10"":118}",54
104005402,104005,4,2,"{""1"":92,""2"":148,""3"":75,""4"":82,""5"":64,""6"":105,""7"":139,""8"":154,""9"":91,""10"":118}","{""1"":2,""2"":1,""3"":1,""4"":1}","{""1"":117,""2"":138,""3"":103,""4"":112,""5"":107,""6"":120,""7"":122,""8"":125,""9"":129,""10"":133}",107
104005403,104005,4,3,"{""1"":138,""2"":221,""3"":112,""4"":124,""5"":97,""6"":158,""7"":209,""8"":231,""9"":137,""10"":177}","{""1"":2,""2"":2,""3"":1,""4"":1}","{""1"":132,""2"":153,""3"":103,""4"":112,""5"":122,""6"":135,""7"":122,""8"":125,""9"":129,""10"":148}",160
104005404,104005,4,4,"{""1"":184,""2"":295,""3"":150,""4"":165,""5"":129,""6"":210,""7"":278,""8"":308,""9"":182,""10"":236}","{""1"":2,""2"":2,""3"":2,""4"":1}","{""1"":132,""2"":153,""3"":118,""4"":127,""5"":122,""6"":135,""7"":137,""8"":140,""9"":144,""10"":148}",214
104005405,104005,4,5,"{""1"":230,""2"":369,""3"":187,""4"":206,""5"":161,""6"":263,""7"":348,""8"":385,""9"":228,""10"":295}","{""1"":2,""2"":2,""3"":2,""4"":2}","{""1"":132,""2"":153,""3"":118,""4"":142,""5"":137,""6"":150,""7"":137,""8"":155,""9"":159,""10"":148}",267
104005406,104005,4,6,"{""1"":275,""2"":443,""3"":224,""4"":247,""5"":193,""6"":315,""7"":417,""8"":462,""9"":274,""10"":354}","{""1"":3,""2"":2,""3"":2,""4"":2}","{""1"":147,""2"":168,""3"":133,""4"":142,""5"":137,""6"":150,""7"":152,""8"":155,""9"":159,""10"":163}",320
104005407,104005,4,7,"{""1"":321,""2"":517,""3"":262,""4"":289,""5"":225,""6"":368,""7"":487,""8"":539,""9"":319,""10"":413}","{""1"":3,""2"":3,""3"":2,""4"":2}","{""1"":162,""2"":168,""3"":148,""4"":142,""5"":152,""6"":150,""7"":167,""8"":155,""9"":174,""10"":163}",374
104005408,104005,4,8,"{""1"":367,""2"":590,""3"":299,""4"":330,""5"":258,""6"":420,""7"":556,""8"":616,""9"":365,""10"":472}","{""1"":3,""2"":3,""3"":3,""4"":2}","{""1"":162,""2"":183,""3"":148,""4"":157,""5"":152,""6"":165,""7"":167,""8"":170,""9"":174,""10"":178}",427
104005409,104005,4,9,"{""1"":413,""2"":664,""3"":337,""4"":371,""5"":290,""6"":473,""7"":626,""8"":693,""9"":410,""10"":531}","{""1"":3,""2"":3,""3"":3,""4"":3}","{""1"":177,""2"":198,""3"":148,""4"":157,""5"":167,""6"":180,""7"":167,""8"":170,""9"":174,""10"":193}",481
104005410,104005,4,10,"{""1"":459,""2"":738,""3"":374,""4"":412,""5"":322,""6"":525,""7"":696,""8"":770,""9"":456,""10"":590}","{""1"":4,""2"":3,""3"":3,""4"":3}","{""1"":177,""2"":198,""3"":163,""4"":172,""5"":167,""6"":180,""7"":182,""8"":185,""9"":189,""10"":193}",534
104005500,104005,5,0,"{""1"":505,""2"":812,""3"":411,""4"":453,""5"":354,""6"":578,""7"":765,""8"":847,""9"":502,""10"":649}","{""1"":4,""2"":4,""3"":3,""4"":3}","{""1"":177,""2"":198,""3"":163,""4"":172,""5"":167,""6"":195,""7"":197,""8"":200,""9"":189,""10"":193}",588
104005501,104005,5,1,"{""1"":551,""2"":886,""3"":449,""4"":495,""5"":386,""6"":630,""7"":835,""8"":924,""9"":547,""10"":708}","{""1"":4,""2"":4,""3"":4,""4"":3}","{""1"":197,""2"":198,""3"":183,""4"":172,""5"":187,""6"":195,""7"":217,""8"":200,""9"":209,""10"":193}",641
104005502,104005,5,2,"{""1"":643,""2"":1033,""3"":524,""4"":577,""5"":451,""6"":735,""7"":974,""8"":1078,""9"":638,""10"":826}","{""1"":4,""2"":4,""3"":4,""4"":4}","{""1"":197,""2"":218,""3"":183,""4"":192,""5"":187,""6"":215,""7"":217,""8"":220,""9"":209,""10"":213}",748
104005503,104005,5,3,"{""1"":734,""2"":1181,""3"":598,""4"":660,""5"":515,""6"":840,""7"":1113,""8"":1232,""9"":730,""10"":944}","{""1"":5,""2"":4,""3"":4,""4"":4}","{""1"":217,""2"":238,""3"":183,""4"":192,""5"":207,""6"":235,""7"":217,""8"":220,""9"":209,""10"":233}",855
104005504,104005,5,4,"{""1"":826,""2"":1328,""3"":673,""4"":742,""5"":580,""6"":945,""7"":1252,""8"":1386,""9"":821,""10"":1062}","{""1"":5,""2"":5,""3"":4,""4"":4}","{""1"":217,""2"":238,""3"":203,""4"":212,""5"":207,""6"":235,""7"":237,""8"":240,""9"":229,""10"":233}",962
104005505,104005,5,5,"{""1"":918,""2"":1476,""3"":748,""4"":825,""5"":644,""6"":1050,""7"":1391,""8"":1540,""9"":912,""10"":1180}","{""1"":5,""2"":5,""3"":5,""4"":4}","{""1"":217,""2"":238,""3"":203,""4"":232,""5"":227,""6"":255,""7"":237,""8"":260,""9"":249,""10"":233}",1068
104005506,104005,5,6,"{""1"":1010,""2"":1624,""3"":823,""4"":907,""5"":708,""6"":1155,""7"":1530,""8"":1694,""9"":1003,""10"":1298}","{""1"":5,""2"":5,""3"":5,""4"":5}","{""1"":237,""2"":258,""3"":223,""4"":232,""5"":227,""6"":255,""7"":257,""8"":260,""9"":249,""10"":253}",1175
104005507,104005,5,7,"{""1"":1102,""2"":1771,""3"":898,""4"":989,""5"":773,""6"":1260,""7"":1669,""8"":1848,""9"":1094,""10"":1416}","{""1"":6,""2"":5,""3"":5,""4"":5}","{""1"":257,""2"":258,""3"":243,""4"":232,""5"":247,""6"":255,""7"":277,""8"":260,""9"":269,""10"":253}",1282
104005508,104005,5,8,"{""1"":1193,""2"":1919,""3"":972,""4"":1072,""5"":837,""6"":1365,""7"":1808,""8"":2002,""9"":1186,""10"":1534}","{""1"":6,""2"":6,""3"":5,""4"":5}","{""1"":257,""2"":278,""3"":243,""4"":252,""5"":247,""6"":275,""7"":277,""8"":280,""9"":269,""10"":273}",1389
104005509,104005,5,9,"{""1"":1285,""2"":2066,""3"":1047,""4"":1154,""5"":902,""6"":1470,""7"":1947,""8"":2156,""9"":1277,""10"":1652}","{""1"":6,""2"":6,""3"":6,""4"":5}","{""1"":277,""2"":298,""3"":243,""4"":252,""5"":267,""6"":295,""7"":277,""8"":280,""9"":269,""10"":293}",1496
104005510,104005,5,10,"{""1"":1377,""2"":2214,""3"":1122,""4"":1237,""5"":966,""6"":1575,""7"":2087,""8"":2310,""9"":1368,""10"":1770}","{""1"":6,""2"":6,""3"":6,""4"":6}","{""1"":277,""2"":298,""3"":263,""4"":272,""5"":267,""6"":295,""7"":297,""8"":300,""9"":289,""10"":293}",1603
104006401,104006,4,1,"{""1"":56,""2"":39,""3"":66,""4"":64,""5"":75,""6"":54,""7"":26,""8"":34,""9"":65,""10"":55}","{""1"":1,""2"":1,""3"":1,""4"":1}","{""1"":122,""2"":98,""3"":130,""4"":111,""5"":126,""6"":107,""7"":100,""8"":98,""9"":124,""10"":109}",53
104006402,104006,4,2,"{""1"":112,""2"":78,""3"":132,""4"":128,""5"":150,""6"":107,""7"":51,""8"":69,""9"":131,""10"":109}","{""1"":2,""2"":1,""3"":1,""4"":1}","{""1"":122,""2"":113,""3"":130,""4"":126,""5"":126,""6"":122,""7"":100,""8"":113,""9"":124,""10"":124}",107
104006403,104006,4,3,"{""1"":169,""2"":118,""3"":198,""4"":191,""5"":225,""6"":161,""7"":77,""8"":103,""9"":196,""10"":164}","{""1"":2,""2"":2,""3"":1,""4"":1}","{""1"":137,""2"":128,""3"":130,""4"":126,""5"":141,""6"":137,""7"":100,""8"":113,""9"":124,""10"":139}",160
104006404,104006,4,4,"{""1"":225,""2"":157,""3"":265,""4"":255,""5"":300,""6"":214,""7"":102,""8"":137,""9"":262,""10"":218}","{""1"":2,""2"":2,""3"":2,""4"":1}","{""1"":137,""2"":128,""3"":145,""4"":141,""5"":141,""6"":137,""7"":115,""8"":128,""9"":139,""10"":139}",214
104006405,104006,4,5,"{""1"":281,""2"":196,""3"":331,""4"":319,""5"":375,""6"":268,""7"":128,""8"":172,""9"":327,""10"":273}","{""1"":2,""2"":2,""3"":2,""4"":2}","{""1"":137,""2"":128,""3"":145,""4"":156,""5"":156,""6"":152,""7"":115,""8"":143,""9"":154,""10"":139}",267
104006406,104006,4,6,"{""1"":337,""2"":235,""3"":397,""4"":383,""5"":450,""6"":321,""7"":153,""8"":206,""9"":392,""10"":327}","{""1"":3,""2"":2,""3"":2,""4"":2}","{""1"":152,""2"":143,""3"":160,""4"":156,""5"":156,""6"":152,""7"":130,""8"":143,""9"":154,""10"":154}",320
104006407,104006,4,7,"{""1"":393,""2"":274,""3"":463,""4"":447,""5"":524,""6"":375,""7"":179,""8"":240,""9"":458,""10"":382}","{""1"":3,""2"":3,""3"":2,""4"":2}","{""1"":167,""2"":143,""3"":175,""4"":156,""5"":171,""6"":152,""7"":145,""8"":143,""9"":169,""10"":154}",374
104006408,104006,4,8,"{""1"":449,""2"":314,""3"":529,""4"":511,""5"":599,""6"":428,""7"":204,""8"":274,""9"":523,""10"":436}","{""1"":3,""2"":3,""3"":3,""4"":2}","{""1"":167,""2"":158,""3"":175,""4"":171,""5"":171,""6"":167,""7"":145,""8"":158,""9"":169,""10"":169}",427
104006409,104006,4,9,"{""1"":506,""2"":353,""3"":595,""4"":574,""5"":674,""6"":482,""7"":230,""8"":309,""9"":589,""10"":491}","{""1"":3,""2"":3,""3"":3,""4"":3}","{""1"":182,""2"":173,""3"":175,""4"":171,""5"":186,""6"":182,""7"":145,""8"":158,""9"":169,""10"":184}",480
104006410,104006,4,10,"{""1"":562,""2"":392,""3"":661,""4"":638,""5"":749,""6"":535,""7"":255,""8"":343,""9"":654,""10"":545}","{""1"":4,""2"":3,""3"":3,""4"":3}","{""1"":182,""2"":173,""3"":190,""4"":186,""5"":186,""6"":182,""7"":160,""8"":173,""9"":184,""10"":184}",533
104006500,104006,5,0,"{""1"":618,""2"":431,""3"":727,""4"":702,""5"":824,""6"":589,""7"":281,""8"":377,""9"":719,""10"":600}","{""1"":4,""2"":4,""3"":3,""4"":3}","{""1"":182,""2"":173,""3"":205,""4"":201,""5"":201,""6"":182,""7"":160,""8"":173,""9"":184,""10"":184}",587
104006501,104006,5,1,"{""1"":674,""2"":470,""3"":794,""4"":766,""5"":899,""6"":642,""7"":306,""8"":412,""9"":785,""10"":654}","{""1"":4,""2"":4,""3"":4,""4"":3}","{""1"":202,""2"":173,""3"":225,""4"":201,""5"":221,""6"":182,""7"":180,""8"":173,""9"":204,""10"":184}",640
104006502,104006,5,2,"{""1"":786,""2"":549,""3"":926,""4"":894,""5"":1049,""6"":749,""7"":357,""8"":480,""9"":916,""10"":763}","{""1"":4,""2"":4,""3"":4,""4"":4}","{""1"":202,""2"":193,""3"":225,""4"":221,""5"":221,""6"":202,""7"":180,""8"":193,""9"":204,""10"":204}",747
104006503,104006,5,3,"{""1"":899,""2"":627,""3"":1058,""4"":1021,""5"":1199,""6"":856,""7"":408,""8"":549,""9"":1046,""10"":872}","{""1"":5,""2"":4,""3"":4,""4"":4}","{""1"":222,""2"":213,""3"":225,""4"":221,""5"":241,""6"":222,""7"":180,""8"":193,""9"":204,""10"":224}",854
104006504,104006,5,4,"{""1"":1011,""2"":706,""3"":1190,""4"":1149,""5"":1349,""6"":963,""7"":459,""8"":617,""9"":1177,""10"":981}","{""1"":5,""2"":5,""3"":4,""4"":4}","{""1"":222,""2"":213,""3"":245,""4"":241,""5"":241,""6"":222,""7"":200,""8"":213,""9"":224,""10"":224}",960
104006505,104006,5,5,"{""1"":1124,""2"":784,""3"":1323,""4"":1277,""5"":1499,""6"":1070,""7"":510,""8"":686,""9"":1308,""10"":1090}","{""1"":5,""2"":5,""3"":5,""4"":4}","{""1"":222,""2"":213,""3"":245,""4"":261,""5"":261,""6"":242,""7"":200,""8"":233,""9"":244,""10"":224}",1067
104006506,104006,5,6,"{""1"":1236,""2"":862,""3"":1455,""4"":1404,""5"":1648,""6"":1177,""7"":561,""8"":755,""9"":1439,""10"":1199}","{""1"":5,""2"":5,""3"":5,""4"":5}","{""1"":242,""2"":233,""3"":265,""4"":261,""5"":261,""6"":242,""7"":220,""8"":233,""9"":244,""10"":244}",1174
104006507,104006,5,7,"{""1"":1348,""2"":941,""3"":1587,""4"":1532,""5"":1798,""6"":1284,""7"":612,""8"":823,""9"":1570,""10"":1308}","{""1"":6,""2"":5,""3"":5,""4"":5}","{""1"":262,""2"":233,""3"":285,""4"":261,""5"":281,""6"":242,""7"":240,""8"":233,""9"":264,""10"":244}",1280
104006508,104006,5,8,"{""1"":1461,""2"":1019,""3"":1719,""4"":1659,""5"":1948,""6"":1391,""7"":663,""8"":892,""9"":1700,""10"":1417}","{""1"":6,""2"":6,""3"":5,""4"":5}","{""1"":262,""2"":253,""3"":285,""4"":281,""5"":281,""6"":262,""7"":240,""8"":253,""9"":264,""10"":264}",1387
104006509,104006,5,9,"{""1"":1573,""2"":1098,""3"":1852,""4"":1787,""5"":2098,""6"":1498,""7"":714,""8"":960,""9"":1831,""10"":1526}","{""1"":6,""2"":6,""3"":6,""4"":5}","{""1"":282,""2"":273,""3"":285,""4"":281,""5"":301,""6"":282,""7"":240,""8"":253,""9"":264,""10"":284}",1494
104006510,104006,5,10,"{""1"":1685,""2"":1176,""3"":1984,""4"":1915,""5"":2248,""6"":1605,""7"":765,""8"":1029,""9"":1962,""10"":1635}","{""1"":6,""2"":6,""3"":6,""4"":6}","{""1"":282,""2"":273,""3"":305,""4"":301,""5"":301,""6"":282,""7"":260,""8"":273,""9"":284,""10"":284}",1600
104007401,104007,4,1,"{""1"":54,""2"":64,""3"":35,""4"":43,""5"":28,""6"":47,""7"":63,""8"":77,""9"":44,""10"":62}","{""1"":1,""2"":1,""3"":1,""4"":1}","{""1"":135,""2"":106,""3"":93,""4"":101,""5"":100,""6"":93,""7"":112,""8"":110,""9"":125,""10"":123}",52
104007402,104007,4,2,"{""1"":108,""2"":127,""3"":70,""4"":86,""5"":55,""6"":93,""7"":126,""8"":154,""9"":88,""10"":123}","{""1"":2,""2"":1,""3"":1,""4"":1}","{""1"":135,""2"":121,""3"":93,""4"":116,""5"":100,""6"":108,""7"":112,""8"":125,""9"":125,""10"":138}",103
104007403,104007,4,3,"{""1"":162,""2"":191,""3"":105,""4"":129,""5"":83,""6"":140,""7"":189,""8"":231,""9"":132,""10"":185}","{""1"":2,""2"":2,""3"":1,""4"":1}","{""1"":150,""2"":136,""3"":93,""4"":116,""5"":115,""6"":123,""7"":112,""8"":125,""9"":125,""10"":153}",155
104007404,104007,4,4,"{""1"":216,""2"":254,""3"":140,""4"":172,""5"":111,""6"":186,""7"":252,""8"":308,""9"":176,""10"":246}","{""1"":2,""2"":2,""3"":2,""4"":1}","{""1"":150,""2"":136,""3"":108,""4"":131,""5"":115,""6"":123,""7"":127,""8"":140,""9"":140,""10"":153}",206
104007405,104007,4,5,"{""1"":270,""2"":318,""3"":176,""4"":215,""5"":138,""6"":233,""7"":315,""8"":385,""9"":220,""10"":308}","{""1"":2,""2"":2,""3"":2,""4"":2}","{""1"":150,""2"":136,""3"":108,""4"":146,""5"":130,""6"":138,""7"":127,""8"":155,""9"":155,""10"":153}",258
104007406,104007,4,6,"{""1"":324,""2"":382,""3"":211,""4"":258,""5"":166,""6"":279,""7"":378,""8"":462,""9"":264,""10"":369}","{""1"":3,""2"":2,""3"":2,""4"":2}","{""1"":165,""2"":151,""3"":123,""4"":146,""5"":130,""6"":138,""7"":142,""8"":155,""9"":155,""10"":168}",309
104007407,104007,4,7,"{""1"":378,""2"":445,""3"":246,""4"":300,""5"":193,""6"":326,""7"":441,""8"":539,""9"":308,""10"":431}","{""1"":3,""2"":3,""3"":2,""4"":2}","{""1"":180,""2"":151,""3"":138,""4"":146,""5"":145,""6"":138,""7"":157,""8"":155,""9"":170,""10"":168}",361
104007408,104007,4,8,"{""1"":432,""2"":509,""3"":281,""4"":343,""5"":221,""6"":372,""7"":504,""8"":616,""9"":352,""10"":492}","{""1"":3,""2"":3,""3"":3,""4"":2}","{""1"":180,""2"":166,""3"":138,""4"":161,""5"":145,""6"":153,""7"":157,""8"":170,""9"":170,""10"":183}",412
104007409,104007,4,9,"{""1"":486,""2"":572,""3"":316,""4"":386,""5"":249,""6"":419,""7"":567,""8"":693,""9"":396,""10"":554}","{""1"":3,""2"":3,""3"":3,""4"":3}","{""1"":195,""2"":181,""3"":138,""4"":161,""5"":160,""6"":168,""7"":157,""8"":170,""9"":170,""10"":198}",464
104007410,104007,4,10,"{""1"":540,""2"":636,""3"":351,""4"":429,""5"":276,""6"":465,""7"":631,""8"":770,""9"":440,""10"":615}","{""1"":4,""2"":3,""3"":3,""4"":3}","{""1"":195,""2"":181,""3"":153,""4"":176,""5"":160,""6"":168,""7"":172,""8"":185,""9"":185,""10"":198}",515
104007500,104007,5,0,"{""1"":594,""2"":700,""3"":386,""4"":472,""5"":304,""6"":512,""7"":694,""8"":847,""9"":484,""10"":677}","{""1"":4,""2"":4,""3"":3,""4"":3}","{""1"":195,""2"":196,""3"":153,""4"":176,""5"":160,""6"":183,""7"":172,""8"":200,""9"":185,""10"":198}",567
104007501,104007,5,1,"{""1"":648,""2"":763,""3"":421,""4"":515,""5"":332,""6"":558,""7"":757,""8"":924,""9"":528,""10"":738}","{""1"":4,""2"":4,""3"":4,""4"":3}","{""1"":215,""2"":196,""3"":173,""4"":176,""5"":180,""6"":183,""7"":192,""8"":200,""9"":205,""10"":198}",618
104007502,104007,5,2,"{""1"":756,""2"":890,""3"":491,""4"":601,""5"":387,""6"":651,""7"":883,""8"":1078,""9"":616,""10"":861}","{""1"":4,""2"":4,""3"":4,""4"":4}","{""1"":215,""2"":216,""3"":173,""4"":196,""5"":180,""6"":203,""7"":192,""8"":220,""9"":205,""10"":218}",721
104007503,104007,5,3,"{""1"":864,""2"":1018,""3"":562,""4"":687,""5"":442,""6"":744,""7"":1009,""8"":1232,""9"":704,""10"":984}","{""1"":5,""2"":4,""3"":4,""4"":4}","{""1"":235,""2"":236,""3"":173,""4"":196,""5"":200,""6"":223,""7"":192,""8"":220,""9"":205,""10"":238}",825
104007504,104007,5,4,"{""1"":972,""2"":1145,""3"":632,""4"":773,""5"":497,""6"":837,""7"":1135,""8"":1386,""9"":792,""10"":1107}","{""1"":5,""2"":5,""3"":4,""4"":4}","{""1"":235,""2"":236,""3"":193,""4"":216,""5"":200,""6"":223,""7"":212,""8"":240,""9"":225,""10"":238}",928
104007505,104007,5,5,"{""1"":1080,""2"":1272,""3"":702,""4"":859,""5"":553,""6"":930,""7"":1261,""8"":1540,""9"":880,""10"":1230}","{""1"":5,""2"":5,""3"":5,""4"":4}","{""1"":235,""2"":236,""3"":193,""4"":236,""5"":220,""6"":243,""7"":212,""8"":260,""9"":245,""10"":238}",1031
104007506,104007,5,6,"{""1"":1188,""2"":1399,""3"":772,""4"":944,""5"":608,""6"":1023,""7"":1387,""8"":1694,""9"":968,""10"":1353}","{""1"":5,""2"":5,""3"":5,""4"":5}","{""1"":255,""2"":256,""3"":213,""4"":236,""5"":220,""6"":243,""7"":232,""8"":260,""9"":245,""10"":258}",1134
104007507,104007,5,7,"{""1"":1296,""2"":1526,""3"":842,""4"":1030,""5"":663,""6"":1116,""7"":1513,""8"":1848,""9"":1056,""10"":1476}","{""1"":6,""2"":5,""3"":5,""4"":5}","{""1"":275,""2"":256,""3"":233,""4"":236,""5"":240,""6"":243,""7"":252,""8"":260,""9"":265,""10"":258}",1237
104007508,104007,5,8,"{""1"":1404,""2"":1654,""3"":913,""4"":1116,""5"":718,""6"":1209,""7"":1639,""8"":2002,""9"":1144,""10"":1599}","{""1"":6,""2"":6,""3"":5,""4"":5}","{""1"":275,""2"":276,""3"":233,""4"":256,""5"":240,""6"":263,""7"":252,""8"":280,""9"":265,""10"":278}",1340
104007509,104007,5,9,"{""1"":1512,""2"":1781,""3"":983,""4"":1202,""5"":774,""6"":1302,""7"":1765,""8"":2156,""9"":1232,""10"":1722}","{""1"":6,""2"":6,""3"":6,""4"":5}","{""1"":295,""2"":296,""3"":233,""4"":256,""5"":260,""6"":283,""7"":252,""8"":280,""9"":265,""10"":298}",1443
104007510,104007,5,10,"{""1"":1620,""2"":1908,""3"":1053,""4"":1288,""5"":829,""6"":1395,""7"":1892,""8"":2310,""9"":1320,""10"":1845}","{""1"":6,""2"":6,""3"":6,""4"":6}","{""1"":295,""2"":296,""3"":253,""4"":276,""5"":260,""6"":283,""7"":272,""8"":300,""9"":285,""10"":298}",1546
104008401,104008,4,1,"{""1"":51,""2"":68,""3"":36,""4"":41,""5"":32,""6"":57,""7"":75,""8"":71,""9"":46,""10"":57}","{""1"":1,""2"":1,""3"":1,""4"":1}","{""1"":129,""2"":114,""3"":99,""4"":97,""5"":106,""6"":113,""7"":130,""8"":101,""9"":129,""10"":114}",53
104008402,104008,4,2,"{""1"":103,""2"":137,""3"":71,""4"":82,""5"":64,""6"":113,""7"":150,""8"":141,""9"":91,""10"":114}","{""1"":2,""2"":1,""3"":1,""4"":1}","{""1"":129,""2"":129,""3"":99,""4"":112,""5"":106,""6"":128,""7"":130,""8"":116,""9"":129,""10"":129}",107
104008403,104008,4,3,"{""1"":154,""2"":205,""3"":107,""4"":124,""5"":96,""6"":170,""7"":224,""8"":212,""9"":137,""10"":171}","{""1"":2,""2"":2,""3"":1,""4"":1}","{""1"":144,""2"":144,""3"":99,""4"":112,""5"":121,""6"":143,""7"":130,""8"":116,""9"":129,""10"":144}",160
104008404,104008,4,4,"{""1"":205,""2"":274,""3"":143,""4"":165,""5"":127,""6"":226,""7"":299,""8"":283,""9"":182,""10"":228}","{""1"":2,""2"":2,""3"":2,""4"":1}","{""1"":144,""2"":144,""3"":114,""4"":127,""5"":121,""6"":143,""7"":145,""8"":131,""9"":144,""10"":144}",213
104008405,104008,4,5,"{""1"":257,""2"":342,""3"":179,""4"":206,""5"":159,""6"":283,""7"":374,""8"":354,""9"":228,""10"":285}","{""1"":2,""2"":2,""3"":2,""4"":2}","{""1"":144,""2"":144,""3"":114,""4"":142,""5"":136,""6"":158,""7"":145,""8"":146,""9"":159,""10"":144}",267
104008406,104008,4,6,"{""1"":308,""2"":410,""3"":214,""4"":247,""5"":191,""6"":339,""7"":449,""8"":424,""9"":274,""10"":342}","{""1"":3,""2"":2,""3"":2,""4"":2}","{""1"":159,""2"":159,""3"":129,""4"":142,""5"":136,""6"":158,""7"":160,""8"":146,""9"":159,""10"":159}",320
104008407,104008,4,7,"{""1"":359,""2"":479,""3"":250,""4"":289,""5"":223,""6"":396,""7"":523,""8"":495,""9"":319,""10"":399}","{""1"":3,""2"":3,""3"":2,""4"":2}","{""1"":174,""2"":159,""3"":144,""4"":142,""5"":151,""6"":158,""7"":175,""8"":146,""9"":174,""10"":159}",373
104008408,104008,4,8,"{""1"":410,""2"":547,""3"":286,""4"":330,""5"":255,""6"":452,""7"":598,""8"":566,""9"":365,""10"":456}","{""1"":3,""2"":3,""3"":3,""4"":2}","{""1"":174,""2"":174,""3"":144,""4"":157,""5"":151,""6"":173,""7"":175,""8"":161,""9"":174,""10"":174}",427
104008409,104008,4,9,"{""1"":462,""2"":616,""3"":321,""4"":371,""5"":287,""6"":509,""7"":673,""8"":636,""9"":410,""10"":513}","{""1"":3,""2"":3,""3"":3,""4"":3}","{""1"":189,""2"":189,""3"":144,""4"":157,""5"":166,""6"":188,""7"":175,""8"":161,""9"":174,""10"":189}",480
104008410,104008,4,10,"{""1"":513,""2"":684,""3"":357,""4"":412,""5"":319,""6"":565,""7"":748,""8"":707,""9"":456,""10"":570}","{""1"":4,""2"":3,""3"":3,""4"":3}","{""1"":189,""2"":189,""3"":159,""4"":172,""5"":166,""6"":188,""7"":190,""8"":176,""9"":189,""10"":189}",533
104008500,104008,5,0,"{""1"":564,""2"":752,""3"":393,""4"":453,""5"":350,""6"":622,""7"":822,""8"":778,""9"":502,""10"":627}","{""1"":4,""2"":4,""3"":3,""4"":3}","{""1"":189,""2"":189,""3"":159,""4"":172,""5"":166,""6"":203,""7"":205,""8"":191,""9"":189,""10"":189}",586
104008501,104008,5,1,"{""1"":616,""2"":821,""3"":428,""4"":495,""5"":382,""6"":678,""7"":897,""8"":848,""9"":547,""10"":684}","{""1"":4,""2"":4,""3"":4,""4"":3}","{""1"":209,""2"":189,""3"":179,""4"":172,""5"":186,""6"":203,""7"":225,""8"":191,""9"":209,""10"":189}",640
104008502,104008,5,2,"{""1"":718,""2"":958,""3"":500,""4"":577,""5"":446,""6"":791,""7"":1047,""8"":990,""9"":638,""10"":798}","{""1"":4,""2"":4,""3"":4,""4"":4}","{""1"":209,""2"":209,""3"":179,""4"":192,""5"":186,""6"":223,""7"":225,""8"":211,""9"":209,""10"":209}",746
104008503,104008,5,3,"{""1"":821,""2"":1094,""3"":571,""4"":660,""5"":510,""6"":904,""7"":1196,""8"":1131,""9"":730,""10"":912}","{""1"":5,""2"":4,""3"":4,""4"":4}","{""1"":229,""2"":229,""3"":179,""4"":192,""5"":206,""6"":243,""7"":225,""8"":211,""9"":209,""10"":229}",853
104008504,104008,5,4,"{""1"":923,""2"":1231,""3"":643,""4"":742,""5"":573,""6"":1017,""7"":1346,""8"":1273,""9"":821,""10"":1026}","{""1"":5,""2"":5,""3"":4,""4"":4}","{""1"":229,""2"":229,""3"":199,""4"":212,""5"":206,""6"":243,""7"":245,""8"":231,""9"":229,""10"":229}",960
104008505,104008,5,5,"{""1"":1026,""2"":1368,""3"":714,""4"":825,""5"":637,""6"":1130,""7"":1495,""8"":1414,""9"":912,""10"":1140}","{""1"":5,""2"":5,""3"":5,""4"":4}","{""1"":229,""2"":229,""3"":199,""4"":232,""5"":226,""6"":263,""7"":245,""8"":251,""9"":249,""10"":229}",1066
104008506,104008,5,6,"{""1"":1129,""2"":1505,""3"":785,""4"":907,""5"":701,""6"":1243,""7"":1645,""8"":1555,""9"":1003,""10"":1254}","{""1"":5,""2"":5,""3"":5,""4"":5}","{""1"":249,""2"":249,""3"":219,""4"":232,""5"":226,""6"":263,""7"":265,""8"":251,""9"":249,""10"":249}",1173
104008507,104008,5,7,"{""1"":1231,""2"":1642,""3"":857,""4"":989,""5"":764,""6"":1356,""7"":1794,""8"":1697,""9"":1094,""10"":1368}","{""1"":6,""2"":5,""3"":5,""4"":5}","{""1"":269,""2"":249,""3"":239,""4"":232,""5"":246,""6"":263,""7"":285,""8"":251,""9"":269,""10"":249}",1279
104008508,104008,5,8,"{""1"":1334,""2"":1778,""3"":928,""4"":1072,""5"":828,""6"":1469,""7"":1944,""8"":1838,""9"":1186,""10"":1482}","{""1"":6,""2"":6,""3"":5,""4"":5}","{""1"":269,""2"":269,""3"":239,""4"":252,""5"":246,""6"":283,""7"":285,""8"":271,""9"":269,""10"":269}",1386
104008509,104008,5,9,"{""1"":1436,""2"":1915,""3"":1000,""4"":1154,""5"":892,""6"":1582,""7"":2093,""8"":1980,""9"":1277,""10"":1596}","{""1"":6,""2"":6,""3"":6,""4"":5}","{""1"":289,""2"":289,""3"":239,""4"":252,""5"":266,""6"":303,""7"":285,""8"":271,""9"":269,""10"":289}",1493
104008510,104008,5,10,"{""1"":1539,""2"":2052,""3"":1071,""4"":1237,""5"":956,""6"":1695,""7"":2243,""8"":2121,""9"":1368,""10"":1710}","{""1"":6,""2"":6,""3"":6,""4"":6}","{""1"":289,""2"":289,""3"":259,""4"":272,""5"":266,""6"":303,""7"":305,""8"":291,""9"":289,""10"":289}",1599
104009401,104009,4,1,"{""1"":49,""2"":68,""3"":39,""4"":41,""5"":34,""6"":62,""7"":80,""8"":82,""9"":45,""10"":61}","{""1"":1,""2"":1,""3"":1,""4"":1}","{""1"":124,""2"":114,""3"":106,""4"":97,""5"":112,""6"":123,""7"":138,""8"":117,""9"":128,""10"":122}",56
104009402,104009,4,2,"{""1"":98,""2"":137,""3"":77,""4"":82,""5"":68,""6"":123,""7"":160,""8"":164,""9"":90,""10"":122}","{""1"":2,""2"":1,""3"":1,""4"":1}","{""1"":124,""2"":129,""3"":106,""4"":112,""5"":112,""6"":138,""7"":138,""8"":132,""9"":128,""10"":137}",112
104009403,104009,4,3,"{""1"":147,""2"":205,""3"":116,""4"":124,""5"":102,""6"":185,""7"":240,""8"":246,""9"":136,""10"":183}","{""1"":2,""2"":2,""3"":1,""4"":1}","{""1"":139,""2"":144,""3"":106,""4"":112,""5"":127,""6"":153,""7"":138,""8"":132,""9"":128,""10"":152}",168
104009404,104009,4,4,"{""1"":196,""2"":274,""3"":155,""4"":165,""5"":136,""6"":246,""7"":320,""8"":328,""9"":181,""10"":244}","{""1"":2,""2"":2,""3"":2,""4"":1}","{""1"":139,""2"":144,""3"":121,""4"":127,""5"":127,""6"":153,""7"":153,""8"":147,""9"":143,""10"":152}",225
104009405,104009,4,5,"{""1"":245,""2"":342,""3"":193,""4"":206,""5"":170,""6"":308,""7"":400,""8"":410,""9"":226,""10"":305}","{""1"":2,""2"":2,""3"":2,""4"":2}","{""1"":139,""2"":144,""3"":121,""4"":142,""5"":142,""6"":168,""7"":153,""8"":162,""9"":158,""10"":152}",281
104009406,104009,4,6,"{""1"":294,""2"":410,""3"":232,""4"":247,""5"":204,""6"":369,""7"":480,""8"":491,""9"":271,""10"":366}","{""1"":3,""2"":2,""3"":2,""4"":2}","{""1"":154,""2"":159,""3"":136,""4"":142,""5"":142,""6"":168,""7"":168,""8"":162,""9"":158,""10"":167}",336
104009407,104009,4,7,"{""1"":343,""2"":479,""3"":271,""4"":289,""5"":238,""6"":431,""7"":560,""8"":573,""9"":316,""10"":427}","{""1"":3,""2"":3,""3"":2,""4"":2}","{""1"":169,""2"":159,""3"":151,""4"":142,""5"":157,""6"":168,""7"":183,""8"":162,""9"":173,""10"":167}",393
104009408,104009,4,8,"{""1"":392,""2"":547,""3"":309,""4"":330,""5"":272,""6"":492,""7"":640,""8"":655,""9"":362,""10"":488}","{""1"":3,""2"":3,""3"":3,""4"":2}","{""1"":169,""2"":174,""3"":151,""4"":157,""5"":157,""6"":183,""7"":183,""8"":177,""9"":173,""10"":182}",449
104009409,104009,4,9,"{""1"":441,""2"":616,""3"":348,""4"":371,""5"":306,""6"":554,""7"":720,""8"":737,""9"":407,""10"":549}","{""1"":3,""2"":3,""3"":3,""4"":3}","{""1"":184,""2"":189,""3"":151,""4"":157,""5"":172,""6"":198,""7"":183,""8"":177,""9"":173,""10"":197}",505
104009410,104009,4,10,"{""1"":491,""2"":684,""3"":387,""4"":412,""5"":340,""6"":615,""7"":800,""8"":819,""9"":452,""10"":610}","{""1"":4,""2"":3,""3"":3,""4"":3}","{""1"":184,""2"":189,""3"":166,""4"":172,""5"":172,""6"":198,""7"":198,""8"":192,""9"":188,""10"":197}",561
104009500,104009,5,0,"{""1"":540,""2"":752,""3"":425,""4"":453,""5"":373,""6"":677,""7"":879,""8"":901,""9"":497,""10"":671}","{""1"":4,""2"":4,""3"":3,""4"":3}","{""1"":184,""2"":189,""3"":166,""4"":172,""5"":172,""6"":213,""7"":213,""8"":207,""9"":188,""10"":197}",617
104009501,104009,5,1,"{""1"":589,""2"":821,""3"":464,""4"":495,""5"":407,""6"":738,""7"":959,""8"":983,""9"":542,""10"":732}","{""1"":4,""2"":4,""3"":4,""4"":3}","{""1"":204,""2"":189,""3"":186,""4"":172,""5"":192,""6"":213,""7"":233,""8"":207,""9"":208,""10"":197}",673
104009502,104009,5,2,"{""1"":687,""2"":958,""3"":541,""4"":577,""5"":475,""6"":861,""7"":1119,""8"":1147,""9"":633,""10"":854}","{""1"":4,""2"":4,""3"":4,""4"":4}","{""1"":204,""2"":209,""3"":186,""4"":192,""5"":192,""6"":233,""7"":233,""8"":227,""9"":208,""10"":217}",785
104009503,104009,5,3,"{""1"":785,""2"":1094,""3"":619,""4"":660,""5"":543,""6"":984,""7"":1279,""8"":1310,""9"":723,""10"":976}","{""1"":5,""2"":4,""3"":4,""4"":4}","{""1"":224,""2"":229,""3"":186,""4"":192,""5"":212,""6"":253,""7"":233,""8"":227,""9"":208,""10"":237}",897
104009504,104009,5,4,"{""1"":883,""2"":1231,""3"":696,""4"":742,""5"":611,""6"":1107,""7"":1439,""8"":1474,""9"":814,""10"":1098}","{""1"":5,""2"":5,""3"":4,""4"":4}","{""1"":224,""2"":229,""3"":206,""4"":212,""5"":212,""6"":253,""7"":253,""8"":247,""9"":228,""10"":237}",1010
104009505,104009,5,5,"{""1"":981,""2"":1368,""3"":774,""4"":825,""5"":679,""6"":1230,""7"":1599,""8"":1638,""9"":904,""10"":1220}","{""1"":5,""2"":5,""3"":5,""4"":4}","{""1"":224,""2"":229,""3"":206,""4"":232,""5"":232,""6"":273,""7"":253,""8"":267,""9"":248,""10"":237}",1122
104009506,104009,5,6,"{""1"":1079,""2"":1505,""3"":851,""4"":907,""5"":747,""6"":1353,""7"":1759,""8"":1802,""9"":994,""10"":1342}","{""1"":5,""2"":5,""3"":5,""4"":5}","{""1"":244,""2"":249,""3"":226,""4"":232,""5"":232,""6"":273,""7"":273,""8"":267,""9"":248,""10"":257}",1234
104009507,104009,5,7,"{""1"":1177,""2"":1642,""3"":928,""4"":989,""5"":815,""6"":1476,""7"":1919,""8"":1966,""9"":1085,""10"":1464}","{""1"":6,""2"":5,""3"":5,""4"":5}","{""1"":264,""2"":249,""3"":246,""4"":232,""5"":252,""6"":273,""7"":293,""8"":267,""9"":268,""10"":257}",1346
104009508,104009,5,8,"{""1"":1275,""2"":1778,""3"":1006,""4"":1072,""5"":883,""6"":1599,""7"":2079,""8"":2129,""9"":1175,""10"":1586}","{""1"":6,""2"":6,""3"":5,""4"":5}","{""1"":264,""2"":269,""3"":246,""4"":252,""5"":252,""6"":293,""7"":293,""8"":287,""9"":268,""10"":277}",1458
104009509,104009,5,9,"{""1"":1373,""2"":1915,""3"":1083,""4"":1154,""5"":951,""6"":1722,""7"":2239,""8"":2293,""9"":1266,""10"":1708}","{""1"":6,""2"":6,""3"":6,""4"":5}","{""1"":284,""2"":289,""3"":246,""4"":252,""5"":272,""6"":313,""7"":293,""8"":287,""9"":268,""10"":297}",1570
104009510,104009,5,10,"{""1"":1472,""2"":2052,""3"":1160,""4"":1237,""5"":1019,""6"":1845,""7"":2399,""8"":2457,""9"":1356,""10"":1830}","{""1"":6,""2"":6,""3"":6,""4"":6}","{""1"":284,""2"":289,""3"":266,""4"":272,""5"":272,""6"":313,""7"":313,""8"":307,""9"":288,""10"":297}",1683
104010401,104010,4,1,"{""1"":54,""2"":47,""3"":42,""4"":53,""5"":52,""6"":50,""7"":42,""8"":62,""9"":55,""10"":53}","{""1"":1,""2"":1,""3"":1,""4"":1}","{""1"":122,""2"":94,""3"":98,""4"":105,""5"":119,""6"":100,""7"":99,""8"":123,""9"":124,""10"":106}",51
104010402,104010,4,2,"{""1"":107,""2"":94,""3"":83,""4"":105,""5"":104,""6"":100,""7"":84,""8"":123,""9"":109,""10"":106}","{""1"":2,""2"":1,""3"":1,""4"":1}","{""1"":122,""2"":109,""3"":98,""4"":120,""5"":119,""6"":115,""7"":99,""8"":138,""9"":124,""10"":121}",102
104010403,104010,4,3,"{""1"":161,""2"":141,""3"":125,""4"":158,""5"":156,""6"":150,""7"":126,""8"":185,""9"":164,""10"":159}","{""1"":2,""2"":2,""3"":1,""4"":1}","{""1"":137,""2"":124,""3"":98,""4"":120,""5"":134,""6"":130,""7"":99,""8"":138,""9"":124,""10"":136}",153
104010404,104010,4,4,"{""1"":214,""2"":188,""3"":166,""4"":210,""5"":208,""6"":200,""7"":168,""8"":246,""9"":218,""10"":212}","{""1"":2,""2"":2,""3"":2,""4"":1}","{""1"":137,""2"":124,""3"":113,""4"":135,""5"":134,""6"":130,""7"":114,""8"":153,""9"":139,""10"":136}",203
104010405,104010,4,5,"{""1"":268,""2"":235,""3"":208,""4"":263,""5"":260,""6"":250,""7"":210,""8"":308,""9"":273,""10"":265}","{""1"":2,""2"":2,""3"":2,""4"":2}","{""1"":137,""2"":124,""3"":113,""4"":150,""5"":149,""6"":145,""7"":114,""8"":168,""9"":154,""10"":136}",254
104010406,104010,4,6,"{""1"":321,""2"":282,""3"":249,""4"":315,""5"":312,""6"":300,""7"":252,""8"":369,""9"":327,""10"":318}","{""1"":3,""2"":2,""3"":2,""4"":2}","{""1"":152,""2"":139,""3"":128,""4"":150,""5"":149,""6"":145,""7"":129,""8"":168,""9"":154,""10"":151}",305
104010407,104010,4,7,"{""1"":375,""2"":329,""3"":291,""4"":368,""5"":364,""6"":350,""7"":294,""8"":431,""9"":382,""10"":371}","{""1"":3,""2"":3,""3"":2,""4"":2}","{""1"":167,""2"":139,""3"":143,""4"":150,""5"":164,""6"":145,""7"":144,""8"":168,""9"":169,""10"":151}",356
104010408,104010,4,8,"{""1"":428,""2"":376,""3"":332,""4"":420,""5"":416,""6"":400,""7"":336,""8"":492,""9"":436,""10"":424}","{""1"":3,""2"":3,""3"":3,""4"":2}","{""1"":167,""2"":154,""3"":143,""4"":165,""5"":164,""6"":160,""7"":144,""8"":183,""9"":169,""10"":166}",406
104010409,104010,4,9,"{""1"":482,""2"":423,""3"":374,""4"":473,""5"":468,""6"":450,""7"":378,""8"":554,""9"":491,""10"":477}","{""1"":3,""2"":3,""3"":3,""4"":3}","{""1"":182,""2"":169,""3"":143,""4"":165,""5"":179,""6"":175,""7"":144,""8"":183,""9"":169,""10"":181}",457
104010410,104010,4,10,"{""1"":535,""2"":470,""3"":415,""4"":525,""5"":520,""6"":500,""7"":420,""8"":615,""9"":545,""10"":530}","{""1"":4,""2"":3,""3"":3,""4"":3}","{""1"":182,""2"":169,""3"":158,""4"":180,""5"":179,""6"":175,""7"":159,""8"":198,""9"":184,""10"":181}",508
104010500,104010,5,0,"{""1"":589,""2"":517,""3"":457,""4"":578,""5"":572,""6"":550,""7"":462,""8"":677,""9"":600,""10"":583}","{""1"":4,""2"":4,""3"":3,""4"":3}","{""1"":197,""2"":169,""3"":158,""4"":180,""5"":194,""6"":175,""7"":159,""8"":198,""9"":184,""10"":196}",559
104010501,104010,5,1,"{""1"":642,""2"":564,""3"":498,""4"":630,""5"":624,""6"":600,""7"":504,""8"":738,""9"":654,""10"":636}","{""1"":4,""2"":4,""3"":4,""4"":3}","{""1"":217,""2"":169,""3"":178,""4"":180,""5"":214,""6"":175,""7"":179,""8"":198,""9"":204,""10"":196}",609
104010502,104010,5,2,"{""1"":749,""2"":658,""3"":581,""4"":735,""5"":728,""6"":700,""7"":588,""8"":861,""9"":763,""10"":742}","{""1"":4,""2"":4,""3"":4,""4"":4}","{""1"":217,""2"":189,""3"":178,""4"":200,""5"":214,""6"":195,""7"":179,""8"":218,""9"":204,""10"":216}",711
104010503,104010,5,3,"{""1"":856,""2"":752,""3"":664,""4"":840,""5"":832,""6"":800,""7"":672,""8"":984,""9"":872,""10"":848}","{""1"":5,""2"":4,""3"":4,""4"":4}","{""1"":237,""2"":209,""3"":178,""4"":200,""5"":234,""6"":215,""7"":179,""8"":218,""9"":204,""10"":236}",812
104010504,104010,5,4,"{""1"":963,""2"":846,""3"":747,""4"":945,""5"":936,""6"":900,""7"":756,""8"":1107,""9"":981,""10"":954}","{""1"":5,""2"":5,""3"":4,""4"":4}","{""1"":237,""2"":209,""3"":198,""4"":220,""5"":234,""6"":215,""7"":199,""8"":238,""9"":224,""10"":236}",914
104010505,104010,5,5,"{""1"":1070,""2"":940,""3"":830,""4"":1050,""5"":1040,""6"":1000,""7"":840,""8"":1230,""9"":1090,""10"":1060}","{""1"":5,""2"":5,""3"":5,""4"":4}","{""1"":237,""2"":209,""3"":198,""4"":240,""5"":254,""6"":235,""7"":199,""8"":258,""9"":244,""10"":236}",1015
104010506,104010,5,6,"{""1"":1177,""2"":1034,""3"":913,""4"":1155,""5"":1144,""6"":1100,""7"":924,""8"":1353,""9"":1199,""10"":1166}","{""1"":5,""2"":5,""3"":5,""4"":5}","{""1"":257,""2"":229,""3"":218,""4"":240,""5"":254,""6"":235,""7"":219,""8"":258,""9"":244,""10"":256}",1117
104010507,104010,5,7,"{""1"":1284,""2"":1128,""3"":996,""4"":1260,""5"":1248,""6"":1200,""7"":1008,""8"":1476,""9"":1308,""10"":1272}","{""1"":6,""2"":5,""3"":5,""4"":5}","{""1"":277,""2"":229,""3"":238,""4"":240,""5"":274,""6"":235,""7"":239,""8"":258,""9"":264,""10"":256}",1218
104010508,104010,5,8,"{""1"":1391,""2"":1222,""3"":1079,""4"":1365,""5"":1352,""6"":1300,""7"":1092,""8"":1599,""9"":1417,""10"":1378}","{""1"":6,""2"":6,""3"":5,""4"":5}","{""1"":277,""2"":249,""3"":238,""4"":260,""5"":274,""6"":255,""7"":239,""8"":278,""9"":264,""10"":276}",1320
104010509,104010,5,9,"{""1"":1498,""2"":1316,""3"":1162,""4"":1470,""5"":1456,""6"":1400,""7"":1176,""8"":1722,""9"":1526,""10"":1484}","{""1"":6,""2"":6,""3"":6,""4"":5}","{""1"":297,""2"":269,""3"":238,""4"":260,""5"":294,""6"":275,""7"":239,""8"":278,""9"":264,""10"":296}",1421
104010510,104010,5,10,"{""1"":1605,""2"":1410,""3"":1245,""4"":1575,""5"":1560,""6"":1500,""7"":1260,""8"":1845,""9"":1635,""10"":1590}","{""1"":6,""2"":6,""3"":6,""4"":6}","{""1"":297,""2"":269,""3"":258,""4"":280,""5"":294,""6"":275,""7"":259,""8"":298,""9"":284,""10"":296}",1523
104011401,104011,4,1,"{""1"":53,""2"":70,""3"":34,""4"":41,""5"":34,""6"":53,""7"":66,""8"":80,""9"":49,""10"":59}","{""1"":1,""2"":1,""3"":1,""4"":1}","{""1"":133,""2"":117,""3"":94,""4"":97,""5"":112,""6"":105,""7"":117,""8"":114,""9"":138,""10"":117}",54
104011402,104011,4,2,"{""1"":106,""2"":140,""3"":67,""4"":82,""5"":68,""6"":105,""7"":133,""8"":160,""9"":98,""10"":117}","{""1"":2,""2"":1,""3"":1,""4"":1}","{""1"":133,""2"":132,""3"":94,""4"":112,""5"":112,""6"":120,""7"":117,""8"":129,""9"":138,""10"":132}",108
104011403,104011,4,3,"{""1"":159,""2"":211,""3"":101,""4"":124,""5"":102,""6"":158,""7"":199,""8"":239,""9"":148,""10"":176}","{""1"":2,""2"":2,""3"":1,""4"":1}","{""1"":148,""2"":147,""3"":94,""4"":112,""5"":127,""6"":135,""7"":117,""8"":129,""9"":138,""10"":147}",162
104011404,104011,4,4,"{""1"":212,""2"":281,""3"":134,""4"":165,""5"":136,""6"":210,""7"":265,""8"":319,""9"":197,""10"":234}","{""1"":2,""2"":2,""3"":2,""4"":1}","{""1"":148,""2"":147,""3"":109,""4"":127,""5"":127,""6"":135,""7"":132,""8"":144,""9"":153,""10"":147}",215
104011405,104011,4,5,"{""1"":266,""2"":351,""3"":168,""4"":206,""5"":170,""6"":263,""7"":332,""8"":399,""9"":246,""10"":293}","{""1"":2,""2"":2,""3"":2,""4"":2}","{""1"":148,""2"":147,""3"":109,""4"":142,""5"":142,""6"":150,""7"":132,""8"":159,""9"":168,""10"":147}",269
104011406,104011,4,6,"{""1"":319,""2"":421,""3"":201,""4"":247,""5"":204,""6"":315,""7"":398,""8"":479,""9"":295,""10"":351}","{""1"":3,""2"":2,""3"":2,""4"":2}","{""1"":163,""2"":162,""3"":124,""4"":142,""5"":142,""6"":150,""7"":147,""8"":159,""9"":168,""10"":162}",323
104011407,104011,4,7,"{""1"":372,""2"":491,""3"":235,""4"":289,""5"":238,""6"":368,""7"":464,""8"":559,""9"":344,""10"":410}","{""1"":3,""2"":3,""3"":2,""4"":2}","{""1"":178,""2"":162,""3"":139,""4"":142,""5"":157,""6"":150,""7"":162,""8"":159,""9"":183,""10"":162}",377
104011408,104011,4,8,"{""1"":425,""2"":562,""3"":269,""4"":330,""5"":272,""6"":420,""7"":530,""8"":638,""9"":394,""10"":468}","{""1"":3,""2"":3,""3"":3,""4"":2}","{""1"":178,""2"":177,""3"":139,""4"":157,""5"":157,""6"":165,""7"":162,""8"":174,""9"":183,""10"":177}",431
104011409,104011,4,9,"{""1"":478,""2"":632,""3"":302,""4"":371,""5"":306,""6"":473,""7"":597,""8"":718,""9"":443,""10"":527}","{""1"":3,""2"":3,""3"":3,""4"":3}","{""1"":193,""2"":192,""3"":139,""4"":157,""5"":172,""6"":180,""7"":162,""8"":174,""9"":183,""10"":192}",485
104011410,104011,4,10,"{""1"":531,""2"":702,""3"":336,""4"":412,""5"":340,""6"":525,""7"":663,""8"":798,""9"":492,""10"":585}","{""1"":4,""2"":3,""3"":3,""4"":3}","{""1"":193,""2"":192,""3"":154,""4"":172,""5"":172,""6"":180,""7"":177,""8"":189,""9"":198,""10"":192}",538
104011500,104011,5,0,"{""1"":584,""2"":772,""3"":369,""4"":453,""5"":373,""6"":578,""7"":729,""8"":878,""9"":541,""10"":644}","{""1"":4,""2"":4,""3"":3,""4"":3}","{""1"":193,""2"":192,""3"":154,""4"":172,""5"":172,""6"":195,""7"":192,""8"":204,""9"":198,""10"":192}",592
104011501,104011,5,1,"{""1"":637,""2"":842,""3"":403,""4"":495,""5"":407,""6"":630,""7"":796,""8"":958,""9"":590,""10"":702}","{""1"":4,""2"":4,""3"":4,""4"":3}","{""1"":213,""2"":192,""3"":174,""4"":172,""5"":192,""6"":195,""7"":212,""8"":204,""9"":218,""10"":192}",646
104011502,104011,5,2,"{""1"":743,""2"":983,""3"":470,""4"":577,""5"":475,""6"":735,""7"":928,""8"":1117,""9"":689,""10"":819}","{""1"":4,""2"":4,""3"":4,""4"":4}","{""1"":213,""2"":212,""3"":174,""4"":192,""5"":192,""6"":215,""7"":212,""8"":224,""9"":218,""10"":212}",754
104011503,104011,5,3,"{""1"":850,""2"":1123,""3"":537,""4"":660,""5"":543,""6"":840,""7"":1061,""8"":1277,""9"":787,""10"":936}","{""1"":5,""2"":4,""3"":4,""4"":4}","{""1"":233,""2"":232,""3"":174,""4"":192,""5"":212,""6"":235,""7"":212,""8"":224,""9"":218,""10"":232}",861
104011504,104011,5,4,"{""1"":956,""2"":1264,""3"":604,""4"":742,""5"":611,""6"":945,""7"":1193,""8"":1436,""9"":886,""10"":1053}","{""1"":5,""2"":5,""3"":4,""4"":4}","{""1"":233,""2"":232,""3"":194,""4"":212,""5"":212,""6"":235,""7"":232,""8"":244,""9"":238,""10"":232}",969
104011505,104011,5,5,"{""1"":1062,""2"":1404,""3"":672,""4"":825,""5"":679,""6"":1050,""7"":1326,""8"":1596,""9"":984,""10"":1170}","{""1"":5,""2"":5,""3"":5,""4"":4}","{""1"":233,""2"":232,""3"":194,""4"":232,""5"":232,""6"":255,""7"":232,""8"":264,""9"":258,""10"":232}",1077
104011506,104011,5,6,"{""1"":1168,""2"":1544,""3"":739,""4"":907,""5"":747,""6"":1155,""7"":1459,""8"":1756,""9"":1082,""10"":1287}","{""1"":5,""2"":5,""3"":5,""4"":5}","{""1"":253,""2"":252,""3"":214,""4"":232,""5"":232,""6"":255,""7"":252,""8"":264,""9"":258,""10"":252}",1184
104011507,104011,5,7,"{""1"":1274,""2"":1685,""3"":806,""4"":989,""5"":815,""6"":1260,""7"":1591,""8"":1915,""9"":1181,""10"":1404}","{""1"":6,""2"":5,""3"":5,""4"":5}","{""1"":273,""2"":252,""3"":234,""4"":232,""5"":252,""6"":255,""7"":272,""8"":264,""9"":278,""10"":252}",1292
104011508,104011,5,8,"{""1"":1381,""2"":1825,""3"":873,""4"":1072,""5"":883,""6"":1365,""7"":1724,""8"":2075,""9"":1279,""10"":1521}","{""1"":6,""2"":6,""3"":5,""4"":5}","{""1"":273,""2"":272,""3"":234,""4"":252,""5"":252,""6"":275,""7"":272,""8"":284,""9"":278,""10"":272}",1400
104011509,104011,5,9,"{""1"":1487,""2"":1966,""3"":940,""4"":1154,""5"":951,""6"":1470,""7"":1856,""8"":2234,""9"":1378,""10"":1638}","{""1"":6,""2"":6,""3"":6,""4"":5}","{""1"":293,""2"":292,""3"":234,""4"":252,""5"":272,""6"":295,""7"":272,""8"":284,""9"":278,""10"":292}",1507
104011510,104011,5,10,"{""1"":1593,""2"":2106,""3"":1007,""4"":1237,""5"":1019,""6"":1575,""7"":1989,""8"":2394,""9"":1476,""10"":1755}","{""1"":6,""2"":6,""3"":6,""4"":6}","{""1"":293,""2"":292,""3"":254,""4"":272,""5"":272,""6"":295,""7"":292,""8"":304,""9"":298,""10"":292}",1615
104012401,104012,4,1,"{""1"":59,""2"":35,""3"":71,""4"":65,""5"":76,""6"":55,""7"":26,""8"":34,""9"":63,""10"":53}","{""1"":1,""2"":1,""3"":1,""4"":1}","{""1"":128,""2"":88,""3"":138,""4"":113,""5"":128,""6"":109,""7"":103,""8"":96,""9"":120,""10"":106}",54
104012402,104012,4,2,"{""1"":119,""2"":70,""3"":141,""4"":130,""5"":153,""6"":109,""7"":53,""8"":67,""9"":126,""10"":106}","{""1"":2,""2"":1,""3"":1,""4"":1}","{""1"":128,""2"":103,""3"":138,""4"":128,""5"":128,""6"":124,""7"":103,""8"":111,""9"":120,""10"":121}",107
104012403,104012,4,3,"{""1"":178,""2"":106,""3"":212,""4"":195,""5"":229,""6"":164,""7"":79,""8"":101,""9"":189,""10"":159}","{""1"":2,""2"":2,""3"":1,""4"":1}","{""1"":143,""2"":118,""3"":138,""4"":128,""5"":143,""6"":139,""7"":103,""8"":111,""9"":120,""10"":136}",161
104012404,104012,4,4,"{""1"":237,""2"":141,""3"":283,""4"":260,""5"":305,""6"":218,""7"":106,""8"":134,""9"":252,""10"":212}","{""1"":2,""2"":2,""3"":2,""4"":1}","{""1"":143,""2"":118,""3"":153,""4"":143,""5"":143,""6"":139,""7"":118,""8"":126,""9"":135,""10"":136}",215
104012405,104012,4,5,"{""1"":297,""2"":176,""3"":354,""4"":325,""5"":381,""6"":273,""7"":132,""8"":168,""9"":315,""10"":265}","{""1"":2,""2"":2,""3"":2,""4"":2}","{""1"":143,""2"":118,""3"":153,""4"":158,""5"":158,""6"":154,""7"":118,""8"":141,""9"":150,""10"":136}",269
104012406,104012,4,6,"{""1"":356,""2"":211,""3"":424,""4"":390,""5"":458,""6"":327,""7"":158,""8"":202,""9"":378,""10"":318}","{""1"":3,""2"":2,""3"":2,""4"":2}","{""1"":158,""2"":133,""3"":168,""4"":158,""5"":158,""6"":154,""7"":133,""8"":141,""9"":150,""10"":151}",322
104012407,104012,4,7,"{""1"":415,""2"":246,""3"":495,""4"":455,""5"":534,""6"":382,""7"":185,""8"":235,""9"":441,""10"":371}","{""1"":3,""2"":3,""3"":2,""4"":2}","{""1"":173,""2"":133,""3"":183,""4"":158,""5"":173,""6"":154,""7"":148,""8"":141,""9"":165,""10"":151}",376
104012408,104012,4,8,"{""1"":475,""2"":282,""3"":566,""4"":520,""5"":610,""6"":436,""7"":211,""8"":269,""9"":504,""10"":424}","{""1"":3,""2"":3,""3"":3,""4"":2}","{""1"":173,""2"":148,""3"":183,""4"":173,""5"":173,""6"":169,""7"":148,""8"":156,""9"":165,""10"":166}",430
104012409,104012,4,9,"{""1"":534,""2"":317,""3"":637,""4"":585,""5"":686,""6"":491,""7"":238,""8"":302,""9"":567,""10"":477}","{""1"":3,""2"":3,""3"":3,""4"":3}","{""1"":188,""2"":163,""3"":183,""4"":173,""5"":188,""6"":184,""7"":148,""8"":156,""9"":165,""10"":181}",483
104012410,104012,4,10,"{""1"":593,""2"":352,""3"":707,""4"":650,""5"":763,""6"":545,""7"":264,""8"":336,""9"":630,""10"":530}","{""1"":4,""2"":3,""3"":3,""4"":3}","{""1"":188,""2"":163,""3"":198,""4"":188,""5"":188,""6"":184,""7"":163,""8"":171,""9"":180,""10"":181}",537
104012500,104012,5,0,"{""1"":653,""2"":387,""3"":778,""4"":715,""5"":839,""6"":600,""7"":290,""8"":370,""9"":693,""10"":583}","{""1"":4,""2"":4,""3"":3,""4"":3}","{""1"":188,""2"":163,""3"":213,""4"":203,""5"":203,""6"":184,""7"":163,""8"":171,""9"":180,""10"":181}",591
104012501,104012,5,1,"{""1"":712,""2"":422,""3"":849,""4"":780,""5"":915,""6"":654,""7"":317,""8"":403,""9"":756,""10"":636}","{""1"":4,""2"":4,""3"":4,""4"":3}","{""1"":208,""2"":163,""3"":233,""4"":203,""5"":223,""6"":184,""7"":183,""8"":171,""9"":200,""10"":181}",644
104012502,104012,5,2,"{""1"":831,""2"":493,""3"":990,""4"":910,""5"":1068,""6"":763,""7"":370,""8"":470,""9"":882,""10"":742}","{""1"":4,""2"":4,""3"":4,""4"":4}","{""1"":208,""2"":183,""3"":233,""4"":223,""5"":223,""6"":204,""7"":183,""8"":191,""9"":200,""10"":201}",752
104012503,104012,5,3,"{""1"":949,""2"":563,""3"":1132,""4"":1040,""5"":1220,""6"":872,""7"":422,""8"":538,""9"":1008,""10"":848}","{""1"":5,""2"":4,""3"":4,""4"":4}","{""1"":228,""2"":203,""3"":233,""4"":223,""5"":243,""6"":224,""7"":183,""8"":191,""9"":200,""10"":221}",859
104012504,104012,5,4,"{""1"":1068,""2"":634,""3"":1273,""4"":1170,""5"":1373,""6"":981,""7"":475,""8"":605,""9"":1134,""10"":954}","{""1"":5,""2"":5,""3"":4,""4"":4}","{""1"":228,""2"":203,""3"":253,""4"":243,""5"":243,""6"":224,""7"":203,""8"":211,""9"":220,""10"":221}",967
104012505,104012,5,5,"{""1"":1187,""2"":704,""3"":1415,""4"":1300,""5"":1526,""6"":1090,""7"":528,""8"":672,""9"":1260,""10"":1060}","{""1"":5,""2"":5,""3"":5,""4"":4}","{""1"":228,""2"":203,""3"":253,""4"":263,""5"":263,""6"":244,""7"":203,""8"":231,""9"":240,""10"":221}",1074
104012506,104012,5,6,"{""1"":1305,""2"":774,""3"":1556,""4"":1429,""5"":1678,""6"":1199,""7"":581,""8"":739,""9"":1386,""10"":1166}","{""1"":5,""2"":5,""3"":5,""4"":5}","{""1"":248,""2"":223,""3"":273,""4"":263,""5"":263,""6"":244,""7"":223,""8"":231,""9"":240,""10"":241}",1181
104012507,104012,5,7,"{""1"":1424,""2"":845,""3"":1697,""4"":1559,""5"":1831,""6"":1308,""7"":634,""8"":806,""9"":1512,""10"":1272}","{""1"":6,""2"":5,""3"":5,""4"":5}","{""1"":268,""2"":223,""3"":293,""4"":263,""5"":283,""6"":244,""7"":243,""8"":231,""9"":260,""10"":241}",1289
104012508,104012,5,8,"{""1"":1542,""2"":915,""3"":1839,""4"":1689,""5"":1983,""6"":1417,""7"":686,""8"":874,""9"":1638,""10"":1378}","{""1"":6,""2"":6,""3"":5,""4"":5}","{""1"":268,""2"":243,""3"":293,""4"":283,""5"":283,""6"":264,""7"":243,""8"":251,""9"":260,""10"":261}",1396
104012509,104012,5,9,"{""1"":1661,""2"":986,""3"":1980,""4"":1819,""5"":2136,""6"":1526,""7"":739,""8"":941,""9"":1764,""10"":1484}","{""1"":6,""2"":6,""3"":6,""4"":5}","{""1"":288,""2"":263,""3"":293,""4"":283,""5"":303,""6"":284,""7"":243,""8"":251,""9"":260,""10"":281}",1504
104012510,104012,5,10,"{""1"":1780,""2"":1056,""3"":2122,""4"":1949,""5"":2288,""6"":1635,""7"":792,""8"":1008,""9"":1890,""10"":1590}","{""1"":6,""2"":6,""3"":6,""4"":6}","{""1"":288,""2"":263,""3"":313,""4"":303,""5"":303,""6"":284,""7"":263,""8"":271,""9"":280,""10"":281}",1611
104013401,104013,4,1,"{""1"":53,""2"":47,""3"":47,""4"":53,""5"":49,""6"":50,""7"":47,""8"":48,""9"":55,""10"":55}","{""1"":1,""2"":1,""3"":1,""4"":1}","{""1"":120,""2"":93,""3"":108,""4"":105,""5"":112,""6"":100,""7"":109,""8"":96,""9"":124,""10"":110}",50
104013402,104013,4,2,"{""1"":105,""2"":93,""3"":93,""4"":105,""5"":97,""6"":100,""7"":94,""8"":96,""9"":109,""10"":110}","{""1"":2,""2"":1,""3"":1,""4"":1}","{""1"":120,""2"":108,""3"":108,""4"":120,""5"":112,""6"":115,""7"":109,""8"":111,""9"":124,""10"":125}",100
104013403,104013,4,3,"{""1"":158,""2"":140,""3"":140,""4"":158,""5"":146,""6"":150,""7"":141,""8"":144,""9"":164,""10"":165}","{""1"":2,""2"":2,""3"":1,""4"":1}","{""1"":135,""2"":123,""3"":108,""4"":120,""5"":127,""6"":130,""7"":109,""8"":111,""9"":124,""10"":140}",151
104013404,104013,4,4,"{""1"":210,""2"":186,""3"":186,""4"":210,""5"":194,""6"":200,""7"":188,""8"":192,""9"":218,""10"":220}","{""1"":2,""2"":2,""3"":2,""4"":1}","{""1"":135,""2"":123,""3"":123,""4"":135,""5"":127,""6"":130,""7"":124,""8"":126,""9"":139,""10"":140}",200
104013405,104013,4,5,"{""1"":263,""2"":233,""3"":233,""4"":263,""5"":243,""6"":250,""7"":235,""8"":240,""9"":273,""10"":275}","{""1"":2,""2"":2,""3"":2,""4"":2}","{""1"":135,""2"":123,""3"":123,""4"":150,""5"":142,""6"":145,""7"":124,""8"":141,""9"":154,""10"":140}",251
104013406,104013,4,6,"{""1"":315,""2"":279,""3"":279,""4"":315,""5"":291,""6"":300,""7"":282,""8"":288,""9"":327,""10"":330}","{""1"":3,""2"":2,""3"":2,""4"":2}","{""1"":150,""2"":138,""3"":138,""4"":150,""5"":142,""6"":145,""7"":139,""8"":141,""9"":154,""10"":155}",301
104013407,104013,4,7,"{""1"":368,""2"":326,""3"":326,""4"":368,""5"":340,""6"":350,""7"":329,""8"":336,""9"":382,""10"":385}","{""1"":3,""2"":3,""3"":2,""4"":2}","{""1"":165,""2"":138,""3"":153,""4"":150,""5"":157,""6"":145,""7"":154,""8"":141,""9"":169,""10"":155}",351
104013408,104013,4,8,"{""1"":420,""2"":372,""3"":372,""4"":420,""5"":388,""6"":400,""7"":376,""8"":384,""9"":436,""10"":440}","{""1"":3,""2"":3,""3"":3,""4"":2}","{""1"":165,""2"":153,""3"":153,""4"":165,""5"":157,""6"":160,""7"":154,""8"":156,""9"":169,""10"":170}",401
104013409,104013,4,9,"{""1"":473,""2"":419,""3"":419,""4"":473,""5"":437,""6"":450,""7"":423,""8"":432,""9"":491,""10"":495}","{""1"":3,""2"":3,""3"":3,""4"":3}","{""1"":180,""2"":168,""3"":153,""4"":165,""5"":172,""6"":175,""7"":154,""8"":156,""9"":169,""10"":185}",451
104013410,104013,4,10,"{""1"":525,""2"":465,""3"":465,""4"":525,""5"":485,""6"":500,""7"":470,""8"":480,""9"":545,""10"":550}","{""1"":4,""2"":3,""3"":3,""4"":3}","{""1"":180,""2"":168,""3"":168,""4"":180,""5"":172,""6"":175,""7"":169,""8"":171,""9"":184,""10"":185}",501
104013500,104013,5,0,"{""1"":578,""2"":512,""3"":512,""4"":578,""5"":534,""6"":550,""7"":517,""8"":528,""9"":600,""10"":605}","{""1"":4,""2"":4,""3"":3,""4"":3}","{""1"":195,""2"":168,""3"":168,""4"":180,""5"":187,""6"":175,""7"":169,""8"":171,""9"":184,""10"":200}",551
104013501,104013,5,1,"{""1"":630,""2"":558,""3"":558,""4"":630,""5"":582,""6"":600,""7"":564,""8"":576,""9"":654,""10"":660}","{""1"":4,""2"":4,""3"":4,""4"":3}","{""1"":215,""2"":168,""3"":188,""4"":180,""5"":207,""6"":175,""7"":189,""8"":171,""9"":204,""10"":200}",601
104013502,104013,5,2,"{""1"":735,""2"":651,""3"":651,""4"":735,""5"":679,""6"":700,""7"":658,""8"":672,""9"":763,""10"":770}","{""1"":4,""2"":4,""3"":4,""4"":4}","{""1"":215,""2"":188,""3"":188,""4"":200,""5"":207,""6"":195,""7"":189,""8"":191,""9"":204,""10"":220}",701
104013503,104013,5,3,"{""1"":840,""2"":744,""3"":744,""4"":840,""5"":776,""6"":800,""7"":752,""8"":768,""9"":872,""10"":880}","{""1"":5,""2"":4,""3"":4,""4"":4}","{""1"":235,""2"":208,""3"":188,""4"":200,""5"":227,""6"":215,""7"":189,""8"":191,""9"":204,""10"":240}",802
104013504,104013,5,4,"{""1"":945,""2"":837,""3"":837,""4"":945,""5"":873,""6"":900,""7"":846,""8"":864,""9"":981,""10"":990}","{""1"":5,""2"":5,""3"":4,""4"":4}","{""1"":235,""2"":208,""3"":208,""4"":220,""5"":227,""6"":215,""7"":209,""8"":211,""9"":224,""10"":240}",902
104013505,104013,5,5,"{""1"":1050,""2"":930,""3"":930,""4"":1050,""5"":970,""6"":1000,""7"":940,""8"":960,""9"":1090,""10"":1100}","{""1"":5,""2"":5,""3"":5,""4"":4}","{""1"":235,""2"":208,""3"":208,""4"":240,""5"":247,""6"":235,""7"":209,""8"":231,""9"":244,""10"":240}",1002
104013506,104013,5,6,"{""1"":1155,""2"":1023,""3"":1023,""4"":1155,""5"":1067,""6"":1100,""7"":1034,""8"":1056,""9"":1199,""10"":1210}","{""1"":5,""2"":5,""3"":5,""4"":5}","{""1"":255,""2"":228,""3"":228,""4"":240,""5"":247,""6"":235,""7"":229,""8"":231,""9"":244,""10"":260}",1102
104013507,104013,5,7,"{""1"":1260,""2"":1116,""3"":1116,""4"":1260,""5"":1164,""6"":1200,""7"":1128,""8"":1152,""9"":1308,""10"":1320}","{""1"":6,""2"":5,""3"":5,""4"":5}","{""1"":275,""2"":228,""3"":248,""4"":240,""5"":267,""6"":235,""7"":249,""8"":231,""9"":264,""10"":260}",1202
104013508,104013,5,8,"{""1"":1365,""2"":1209,""3"":1209,""4"":1365,""5"":1261,""6"":1300,""7"":1222,""8"":1248,""9"":1417,""10"":1430}","{""1"":6,""2"":6,""3"":5,""4"":5}","{""1"":275,""2"":248,""3"":248,""4"":260,""5"":267,""6"":255,""7"":249,""8"":251,""9"":264,""10"":280}",1303
104013509,104013,5,9,"{""1"":1470,""2"":1302,""3"":1302,""4"":1470,""5"":1358,""6"":1400,""7"":1316,""8"":1344,""9"":1526,""10"":1540}","{""1"":6,""2"":6,""3"":6,""4"":5}","{""1"":295,""2"":268,""3"":248,""4"":260,""5"":287,""6"":275,""7"":249,""8"":251,""9"":264,""10"":300}",1403
104013510,104013,5,10,"{""1"":1575,""2"":1395,""3"":1395,""4"":1575,""5"":1455,""6"":1500,""7"":1410,""8"":1440,""9"":1635,""10"":1650}","{""1"":6,""2"":6,""3"":6,""4"":6}","{""1"":295,""2"":268,""3"":268,""4"":280,""5"":287,""6"":275,""7"":269,""8"":271,""9"":284,""10"":300}",1503
104014401,104014,4,1,"{""1"":60,""2"":35,""3"":56,""4"":64,""5"":57,""6"":45,""7"":35,""8"":24,""9"":62,""10"":54}","{""1"":1,""2"":1,""3"":1,""4"":1}","{""1"":120,""2"":88,""3"":117,""4"":111,""5"":102,""6"":89,""7"":103,""8"":97,""9"":119,""10"":107}",49
104014402,104014,4,2,"{""1"":121,""2"":70,""3"":112,""4"":128,""5"":113,""6"":89,""7"":70,""8"":49,""9"":125,""10"":107}","{""1"":2,""2"":1,""3"":1,""4"":1}","{""1"":120,""2"":103,""3"":117,""4"":126,""5"":102,""6"":104,""7"":103,""8"":112,""9"":119,""10"":122}",98
104014403,104014,4,3,"{""1"":181,""2"":106,""3"":168,""4"":191,""5"":170,""6"":134,""7"":106,""8"":73,""9"":187,""10"":161}","{""1"":2,""2"":2,""3"":1,""4"":1}","{""1"":135,""2"":118,""3"":117,""4"":126,""5"":117,""6"":119,""7"":103,""8"":112,""9"":119,""10"":137}",148
104014404,104014,4,4,"{""1"":242,""2"":141,""3"":224,""4"":255,""5"":226,""6"":178,""7"":141,""8"":97,""9"":250,""10"":214}","{""1"":2,""2"":2,""3"":2,""4"":1}","{""1"":135,""2"":118,""3"":132,""4"":141,""5"":117,""6"":119,""7"":118,""8"":127,""9"":134,""10"":137}",197
104014405,104014,4,5,"{""1"":302,""2"":176,""3"":281,""4"":319,""5"":283,""6"":223,""7"":176,""8"":121,""9"":312,""10"":268}","{""1"":2,""2"":2,""3"":2,""4"":2}","{""1"":135,""2"":118,""3"":132,""4"":156,""5"":132,""6"":134,""7"":118,""8"":142,""9"":149,""10"":137}",246
104014406,104014,4,6,"{""1"":362,""2"":211,""3"":337,""4"":383,""5"":339,""6"":267,""7"":211,""8"":146,""9"":374,""10"":321}","{""1"":3,""2"":2,""3"":2,""4"":2}","{""1"":150,""2"":133,""3"":147,""4"":156,""5"":132,""6"":134,""7"":133,""8"":142,""9"":149,""10"":152}",295
104014407,104014,4,7,"{""1"":423,""2"":246,""3"":393,""4"":447,""5"":396,""6"":312,""7"":246,""8"":170,""9"":437,""10"":375}","{""1"":3,""2"":3,""3"":2,""4"":2}","{""1"":165,""2"":133,""3"":162,""4"":156,""5"":147,""6"":134,""7"":148,""8"":142,""9"":164,""10"":152}",345
104014408,104014,4,8,"{""1"":483,""2"":282,""3"":449,""4"":511,""5"":452,""6"":356,""7"":282,""8"":194,""9"":499,""10"":428}","{""1"":3,""2"":3,""3"":3,""4"":2}","{""1"":165,""2"":148,""3"":162,""4"":171,""5"":147,""6"":149,""7"":148,""8"":157,""9"":164,""10"":167}",394
104014409,104014,4,9,"{""1"":543,""2"":317,""3"":505,""4"":574,""5"":509,""6"":401,""7"":317,""8"":218,""9"":562,""10"":482}","{""1"":3,""2"":3,""3"":3,""4"":3}","{""1"":180,""2"":163,""3"":162,""4"":171,""5"":162,""6"":164,""7"":148,""8"":157,""9"":164,""10"":182}",443
104014410,104014,4,10,"{""1"":604,""2"":352,""3"":561,""4"":638,""5"":566,""6"":445,""7"":352,""8"":243,""9"":624,""10"":535}","{""1"":4,""2"":3,""3"":3,""4"":3}","{""1"":180,""2"":163,""3"":177,""4"":186,""5"":162,""6"":164,""7"":163,""8"":172,""9"":179,""10"":182}",492
104014500,104014,5,0,"{""1"":664,""2"":387,""3"":617,""4"":702,""5"":622,""6"":490,""7"":387,""8"":267,""9"":686,""10"":589}","{""1"":4,""2"":4,""3"":3,""4"":3}","{""1"":195,""2"":163,""3"":192,""4"":201,""5"":162,""6"":164,""7"":163,""8"":172,""9"":179,""10"":182}",541
104014501,104014,5,1,"{""1"":725,""2"":422,""3"":673,""4"":766,""5"":679,""6"":534,""7"":422,""8"":291,""9"":749,""10"":642}","{""1"":4,""2"":4,""3"":4,""4"":3}","{""1"":215,""2"":163,""3"":212,""4"":201,""5"":182,""6"":164,""7"":183,""8"":172,""9"":199,""10"":182}",590
104014502,104014,5,2,"{""1"":845,""2"":493,""3"":785,""4"":894,""5"":792,""6"":623,""7"":493,""8"":340,""9"":874,""10"":749}","{""1"":4,""2"":4,""3"":4,""4"":4}","{""1"":215,""2"":183,""3"":212,""4"":221,""5"":182,""6"":184,""7"":183,""8"":192,""9"":199,""10"":202}",689
104014503,104014,5,3,"{""1"":966,""2"":563,""3"":898,""4"":1021,""5"":905,""6"":712,""7"":563,""8"":388,""9"":998,""10"":856}","{""1"":5,""2"":4,""3"":4,""4"":4}","{""1"":235,""2"":203,""3"":212,""4"":221,""5"":202,""6"":204,""7"":183,""8"":192,""9"":199,""10"":222}",787
104014504,104014,5,4,"{""1"":1087,""2"":634,""3"":1010,""4"":1149,""5"":1018,""6"":801,""7"":634,""8"":437,""9"":1123,""10"":963}","{""1"":5,""2"":5,""3"":4,""4"":4}","{""1"":235,""2"":203,""3"":232,""4"":241,""5"":202,""6"":204,""7"":203,""8"":212,""9"":219,""10"":222}",886
104014505,104014,5,5,"{""1"":1208,""2"":704,""3"":1122,""4"":1277,""5"":1131,""6"":890,""7"":704,""8"":485,""9"":1248,""10"":1070}","{""1"":5,""2"":5,""3"":5,""4"":4}","{""1"":235,""2"":203,""3"":232,""4"":261,""5"":222,""6"":224,""7"":203,""8"":232,""9"":239,""10"":222}",984
104014506,104014,5,6,"{""1"":1328,""2"":774,""3"":1234,""4"":1404,""5"":1244,""6"":979,""7"":774,""8"":534,""9"":1373,""10"":1177}","{""1"":5,""2"":5,""3"":5,""4"":5}","{""1"":255,""2"":223,""3"":252,""4"":261,""5"":222,""6"":224,""7"":223,""8"":232,""9"":239,""10"":242}",1082
104014507,104014,5,7,"{""1"":1449,""2"":845,""3"":1346,""4"":1532,""5"":1357,""6"":1068,""7"":845,""8"":582,""9"":1498,""10"":1284}","{""1"":6,""2"":5,""3"":5,""4"":5}","{""1"":275,""2"":223,""3"":272,""4"":261,""5"":242,""6"":224,""7"":243,""8"":232,""9"":259,""10"":242}",1181
104014508,104014,5,8,"{""1"":1570,""2"":915,""3"":1459,""4"":1659,""5"":1470,""6"":1157,""7"":915,""8"":631,""9"":1622,""10"":1391}","{""1"":6,""2"":6,""3"":5,""4"":5}","{""1"":275,""2"":243,""3"":272,""4"":281,""5"":242,""6"":244,""7"":243,""8"":252,""9"":259,""10"":262}",1279
104014509,104014,5,9,"{""1"":1691,""2"":986,""3"":1571,""4"":1787,""5"":1583,""6"":1246,""7"":986,""8"":679,""9"":1747,""10"":1498}","{""1"":6,""2"":6,""3"":6,""4"":5}","{""1"":295,""2"":263,""3"":272,""4"":281,""5"":262,""6"":264,""7"":243,""8"":252,""9"":259,""10"":282}",1377
104014510,104014,5,10,"{""1"":1811,""2"":1056,""3"":1683,""4"":1915,""5"":1697,""6"":1335,""7"":1056,""8"":728,""9"":1872,""10"":1605}","{""1"":6,""2"":6,""3"":6,""4"":6}","{""1"":295,""2"":263,""3"":292,""4"":301,""5"":262,""6"":264,""7"":263,""8"":272,""9"":279,""10"":282}",1476
104015401,104015,4,1,"{""1"":54,""2"":65,""3"":36,""4"":41,""5"":27,""6"":53,""7"":74,""8"":74,""9"":44,""10"":59}","{""1"":1,""2"":1,""3"":1,""4"":1}","{""1"":134,""2"":109,""3"":99,""4"":97,""5"":93,""6"":105,""7"":129,""8"":105,""9"":125,""10"":118}",53
104015402,104015,4,2,"{""1"":107,""2"":131,""3"":71,""4"":82,""5"":55,""6"":105,""7"":148,""8"":147,""9"":88,""10"":118}","{""1"":2,""2"":1,""3"":1,""4"":1}","{""1"":134,""2"":124,""3"":99,""4"":112,""5"":93,""6"":120,""7"":129,""8"":120,""9"":125,""10"":133}",105
104015403,104015,4,3,"{""1"":161,""2"":196,""3"":107,""4"":124,""5"":82,""6"":158,""7"":222,""8"":221,""9"":132,""10"":177}","{""1"":2,""2"":2,""3"":1,""4"":1}","{""1"":149,""2"":139,""3"":99,""4"":112,""5"":108,""6"":135,""7"":129,""8"":120,""9"":125,""10"":148}",158
104015404,104015,4,4,"{""1"":214,""2"":262,""3"":143,""4"":165,""5"":109,""6"":210,""7"":296,""8"":294,""9"":176,""10"":236}","{""1"":2,""2"":2,""3"":2,""4"":1}","{""1"":149,""2"":139,""3"":114,""4"":127,""5"":108,""6"":135,""7"":144,""8"":135,""9"":140,""10"":148}",211
104015405,104015,4,5,"{""1"":268,""2"":327,""3"":179,""4"":206,""5"":137,""6"":263,""7"":371,""8"":368,""9"":220,""10"":295}","{""1"":2,""2"":2,""3"":2,""4"":2}","{""1"":149,""2"":139,""3"":114,""4"":142,""5"":123,""6"":150,""7"":144,""8"":150,""9"":155,""10"":148}",263
104015406,104015,4,6,"{""1"":321,""2"":392,""3"":214,""4"":247,""5"":164,""6"":315,""7"":445,""8"":441,""9"":264,""10"":354}","{""1"":3,""2"":2,""3"":2,""4"":2}","{""1"":164,""2"":154,""3"":129,""4"":142,""5"":123,""6"":150,""7"":159,""8"":150,""9"":155,""10"":163}",316
104015407,104015,4,7,"{""1"":375,""2"":458,""3"":250,""4"":289,""5"":191,""6"":368,""7"":519,""8"":515,""9"":308,""10"":413}","{""1"":3,""2"":3,""3"":2,""4"":2}","{""1"":179,""2"":154,""3"":144,""4"":142,""5"":138,""6"":150,""7"":174,""8"":150,""9"":170,""10"":163}",369
104015408,104015,4,8,"{""1"":428,""2"":523,""3"":286,""4"":330,""5"":218,""6"":420,""7"":593,""8"":588,""9"":352,""10"":472}","{""1"":3,""2"":3,""3"":3,""4"":2}","{""1"":179,""2"":169,""3"":144,""4"":157,""5"":138,""6"":165,""7"":174,""8"":165,""9"":170,""10"":178}",421
104015409,104015,4,9,"{""1"":482,""2"":589,""3"":321,""4"":371,""5"":246,""6"":473,""7"":667,""8"":662,""9"":396,""10"":531}","{""1"":3,""2"":3,""3"":3,""4"":3}","{""1"":194,""2"":184,""3"":144,""4"":157,""5"":153,""6"":180,""7"":174,""8"":165,""9"":170,""10"":193}",474
104015410,104015,4,10,"{""1"":536,""2"":654,""3"":357,""4"":412,""5"":273,""6"":525,""7"":741,""8"":735,""9"":440,""10"":590}","{""1"":4,""2"":3,""3"":3,""4"":3}","{""1"":194,""2"":184,""3"":159,""4"":172,""5"":153,""6"":180,""7"":189,""8"":180,""9"":185,""10"":193}",526
104015500,104015,5,0,"{""1"":589,""2"":719,""3"":393,""4"":453,""5"":300,""6"":578,""7"":815,""8"":809,""9"":484,""10"":649}","{""1"":4,""2"":4,""3"":3,""4"":3}","{""1"":194,""2"":184,""3"":159,""4"":172,""5"":153,""6"":195,""7"":204,""8"":195,""9"":185,""10"":193}",579
104015501,104015,5,1,"{""1"":643,""2"":785,""3"":428,""4"":495,""5"":328,""6"":630,""7"":889,""8"":882,""9"":528,""10"":708}","{""1"":4,""2"":4,""3"":4,""4"":3}","{""1"":214,""2"":184,""3"":179,""4"":172,""5"":173,""6"":195,""7"":224,""8"":195,""9"":205,""10"":193}",632
104015502,104015,5,2,"{""1"":750,""2"":916,""3"":500,""4"":577,""5"":382,""6"":735,""7"":1037,""8"":1029,""9"":616,""10"":826}","{""1"":4,""2"":4,""3"":4,""4"":4}","{""1"":214,""2"":204,""3"":179,""4"":192,""5"":173,""6"":215,""7"":224,""8"":215,""9"":205,""10"":213}",737
104015503,104015,5,3,"{""1"":857,""2"":1046,""3"":571,""4"":660,""5"":437,""6"":840,""7"":1186,""8"":1176,""9"":704,""10"":944}","{""1"":5,""2"":4,""3"":4,""4"":4}","{""1"":234,""2"":224,""3"":179,""4"":192,""5"":193,""6"":235,""7"":224,""8"":215,""9"":205,""10"":233}",842
104015504,104015,5,4,"{""1"":964,""2"":1177,""3"":643,""4"":742,""5"":491,""6"":945,""7"":1334,""8"":1323,""9"":792,""10"":1062}","{""1"":5,""2"":5,""3"":4,""4"":4}","{""1"":234,""2"":224,""3"":199,""4"":212,""5"":193,""6"":235,""7"":244,""8"":235,""9"":225,""10"":233}",947
104015505,104015,5,5,"{""1"":1071,""2"":1308,""3"":714,""4"":825,""5"":546,""6"":1050,""7"":1482,""8"":1470,""9"":880,""10"":1180}","{""1"":5,""2"":5,""3"":5,""4"":4}","{""1"":234,""2"":224,""3"":199,""4"":232,""5"":213,""6"":255,""7"":244,""8"":255,""9"":245,""10"":233}",1053
104015506,104015,5,6,"{""1"":1178,""2"":1439,""3"":785,""4"":907,""5"":601,""6"":1155,""7"":1630,""8"":1617,""9"":968,""10"":1298}","{""1"":5,""2"":5,""3"":5,""4"":5}","{""1"":254,""2"":244,""3"":219,""4"":232,""5"":213,""6"":255,""7"":264,""8"":255,""9"":245,""10"":253}",1158
104015507,104015,5,7,"{""1"":1285,""2"":1570,""3"":857,""4"":989,""5"":655,""6"":1260,""7"":1778,""8"":1764,""9"":1056,""10"":1416}","{""1"":6,""2"":5,""3"":5,""4"":5}","{""1"":274,""2"":244,""3"":239,""4"":232,""5"":233,""6"":255,""7"":284,""8"":255,""9"":265,""10"":253}",1263
104015508,104015,5,8,"{""1"":1392,""2"":1700,""3"":928,""4"":1072,""5"":710,""6"":1365,""7"":1927,""8"":1911,""9"":1144,""10"":1534}","{""1"":6,""2"":6,""3"":5,""4"":5}","{""1"":274,""2"":264,""3"":239,""4"":252,""5"":233,""6"":275,""7"":284,""8"":275,""9"":265,""10"":273}",1368
104015509,104015,5,9,"{""1"":1499,""2"":1831,""3"":1000,""4"":1154,""5"":764,""6"":1470,""7"":2075,""8"":2058,""9"":1232,""10"":1652}","{""1"":6,""2"":6,""3"":6,""4"":5}","{""1"":294,""2"":284,""3"":239,""4"":252,""5"":253,""6"":295,""7"":284,""8"":275,""9"":265,""10"":293}",1474
104015510,104015,5,10,"{""1"":1607,""2"":1962,""3"":1071,""4"":1237,""5"":819,""6"":1575,""7"":2223,""8"":2205,""9"":1320,""10"":1770}","{""1"":6,""2"":6,""3"":6,""4"":6}","{""1"":294,""2"":284,""3"":259,""4"":272,""5"":253,""6"":295,""7"":304,""8"":295,""9"":285,""10"":293}",1579
104016401,104016,4,1,"{""1"":67,""2"":35,""3"":61,""4"":63,""5"":60,""6"":44,""7"":31,""8"":24,""9"":64,""10"":53}","{""1"":1,""2"":1,""3"":1,""4"":1}","{""1"":132,""2"":87,""3"":125,""4"":109,""5"":107,""6"":88,""7"":93,""8"":96,""9"":121,""10"":105}",50
104016402,104016,4,2,"{""1"":135,""2"":70,""3"":121,""4"":125,""5"":120,""6"":88,""7"":62,""8"":48,""9"":127,""10"":105}","{""1"":2,""2"":1,""3"":1,""4"":1}","{""1"":132,""2"":102,""3"":125,""4"":124,""5"":107,""6"":103,""7"":93,""8"":111,""9"":121,""10"":120}",100
104016403,104016,4,3,"{""1"":202,""2"":104,""3"":182,""4"":188,""5"":179,""6"":132,""7"":94,""8"":72,""9"":191,""10"":158}","{""1"":2,""2"":2,""3"":1,""4"":1}","{""1"":147,""2"":117,""3"":125,""4"":124,""5"":122,""6"":118,""7"":93,""8"":111,""9"":121,""10"":135}",150
104016404,104016,4,4,"{""1"":269,""2"":139,""3"":242,""4"":251,""5"":239,""6"":176,""7"":125,""8"":96,""9"":254,""10"":210}","{""1"":2,""2"":2,""3"":2,""4"":1}","{""1"":147,""2"":117,""3"":140,""4"":139,""5"":122,""6"":118,""7"":108,""8"":126,""9"":136,""10"":135}",200
104016405,104016,4,5,"{""1"":336,""2"":174,""3"":303,""4"":313,""5"":299,""6"":220,""7"":156,""8"":120,""9"":318,""10"":263}","{""1"":2,""2"":2,""3"":2,""4"":2}","{""1"":147,""2"":117,""3"":140,""4"":154,""5"":137,""6"":133,""7"":108,""8"":141,""9"":151,""10"":135}",250
104016406,104016,4,6,"{""1"":404,""2"":209,""3"":363,""4"":376,""5"":359,""6"":264,""7"":187,""8"":144,""9"":382,""10"":315}","{""1"":3,""2"":2,""3"":2,""4"":2}","{""1"":162,""2"":132,""3"":155,""4"":154,""5"":137,""6"":133,""7"":123,""8"":141,""9"":151,""10"":150}",300
104016407,104016,4,7,"{""1"":471,""2"":244,""3"":424,""4"":439,""5"":419,""6"":308,""7"":218,""8"":168,""9"":445,""10"":368}","{""1"":3,""2"":3,""3"":2,""4"":2}","{""1"":177,""2"":132,""3"":170,""4"":154,""5"":152,""6"":133,""7"":138,""8"":141,""9"":166,""10"":150}",350
104016408,104016,4,8,"{""1"":538,""2"":278,""3"":484,""4"":501,""5"":478,""6"":352,""7"":250,""8"":192,""9"":509,""10"":420}","{""1"":3,""2"":3,""3"":3,""4"":2}","{""1"":177,""2"":147,""3"":170,""4"":169,""5"":152,""6"":148,""7"":138,""8"":156,""9"":166,""10"":165}",400
104016409,104016,4,9,"{""1"":605,""2"":313,""3"":545,""4"":564,""5"":538,""6"":396,""7"":281,""8"":216,""9"":572,""10"":473}","{""1"":3,""2"":3,""3"":3,""4"":3}","{""1"":192,""2"":162,""3"":170,""4"":169,""5"":167,""6"":163,""7"":138,""8"":156,""9"":166,""10"":180}",450
104016410,104016,4,10,"{""1"":673,""2"":348,""3"":605,""4"":627,""5"":598,""6"":440,""7"":312,""8"":240,""9"":636,""10"":525}","{""1"":4,""2"":3,""3"":3,""4"":3}","{""1"":192,""2"":162,""3"":185,""4"":184,""5"":167,""6"":163,""7"":153,""8"":171,""9"":181,""10"":180}",500
104016500,104016,5,0,"{""1"":740,""2"":383,""3"":666,""4"":689,""5"":658,""6"":484,""7"":343,""8"":264,""9"":700,""10"":578}","{""1"":4,""2"":4,""3"":3,""4"":3}","{""1"":207,""2"":162,""3"":200,""4"":199,""5"":167,""6"":163,""7"":153,""8"":171,""9"":181,""10"":180}",551
104016501,104016,5,1,"{""1"":807,""2"":418,""3"":726,""4"":752,""5"":718,""6"":528,""7"":374,""8"":288,""9"":763,""10"":630}","{""1"":4,""2"":4,""3"":4,""4"":3}","{""1"":227,""2"":162,""3"":220,""4"":199,""5"":187,""6"":163,""7"":173,""8"":171,""9"":201,""10"":180}",600
104016502,104016,5,2,"{""1"":942,""2"":487,""3"":847,""4"":877,""5"":837,""6"":616,""7"":437,""8"":336,""9"":890,""10"":735}","{""1"":4,""2"":4,""3"":4,""4"":4}","{""1"":227,""2"":182,""3"":220,""4"":219,""5"":187,""6"":183,""7"":173,""8"":191,""9"":201,""10"":200}",700
104016503,104016,5,3,"{""1"":1076,""2"":557,""3"":968,""4"":1003,""5"":957,""6"":704,""7"":499,""8"":384,""9"":1018,""10"":840}","{""1"":5,""2"":4,""3"":4,""4"":4}","{""1"":247,""2"":202,""3"":220,""4"":219,""5"":207,""6"":203,""7"":173,""8"":191,""9"":201,""10"":220}",801
104016504,104016,5,4,"{""1"":1211,""2"":626,""3"":1089,""4"":1128,""5"":1076,""6"":792,""7"":562,""8"":432,""9"":1145,""10"":945}","{""1"":5,""2"":5,""3"":4,""4"":4}","{""1"":247,""2"":202,""3"":240,""4"":239,""5"":207,""6"":203,""7"":193,""8"":211,""9"":221,""10"":220}",901
104016505,104016,5,5,"{""1"":1346,""2"":696,""3"":1210,""4"":1254,""5"":1196,""6"":880,""7"":624,""8"":480,""9"":1272,""10"":1050}","{""1"":5,""2"":5,""3"":5,""4"":4}","{""1"":247,""2"":202,""3"":240,""4"":259,""5"":227,""6"":223,""7"":193,""8"":231,""9"":241,""10"":220}",1001
104016506,104016,5,6,"{""1"":1480,""2"":766,""3"":1331,""4"":1379,""5"":1316,""6"":968,""7"":686,""8"":528,""9"":1399,""10"":1155}","{""1"":5,""2"":5,""3"":5,""4"":5}","{""1"":267,""2"":222,""3"":260,""4"":259,""5"":227,""6"":223,""7"":213,""8"":231,""9"":241,""10"":240}",1101
104016507,104016,5,7,"{""1"":1615,""2"":835,""3"":1452,""4"":1504,""5"":1435,""6"":1056,""7"":749,""8"":576,""9"":1526,""10"":1260}","{""1"":6,""2"":5,""3"":5,""4"":5}","{""1"":287,""2"":222,""3"":280,""4"":259,""5"":247,""6"":223,""7"":233,""8"":231,""9"":261,""10"":240}",1201
104016508,104016,5,8,"{""1"":1749,""2"":905,""3"":1573,""4"":1630,""5"":1555,""6"":1144,""7"":811,""8"":624,""9"":1654,""10"":1365}","{""1"":6,""2"":6,""3"":5,""4"":5}","{""1"":287,""2"":242,""3"":280,""4"":279,""5"":247,""6"":243,""7"":233,""8"":251,""9"":261,""10"":260}",1301
104016509,104016,5,9,"{""1"":1884,""2"":974,""3"":1694,""4"":1755,""5"":1674,""6"":1232,""7"":874,""8"":672,""9"":1781,""10"":1470}","{""1"":6,""2"":6,""3"":6,""4"":5}","{""1"":307,""2"":262,""3"":280,""4"":279,""5"":267,""6"":263,""7"":233,""8"":251,""9"":261,""10"":280}",1401
104016510,104016,5,10,"{""1"":2018,""2"":1044,""3"":1815,""4"":1880,""5"":1794,""6"":1320,""7"":936,""8"":720,""9"":1908,""10"":1575}","{""1"":6,""2"":6,""3"":6,""4"":6}","{""1"":307,""2"":262,""3"":300,""4"":299,""5"":267,""6"":263,""7"":253,""8"":271,""9"":281,""10"":280}",1501
104017401,104017,4,1,"{""1"":64,""2"":36,""3"":57,""4"":63,""5"":74,""6"":57,""7"":39,""8"":20,""9"":62,""10"":54}","{""1"":1,""2"":1,""3"":1,""4"":1}","{""1"":126,""2"":91,""3"":119,""4"":110,""5"":129,""6"":114,""7"":113,""8"":81,""9"":119,""10"":107}",53
104017402,104017,4,2,"{""1"":128,""2"":73,""3"":114,""4"":127,""5"":148,""6"":114,""7"":78,""8"":41,""9"":125,""10"":107}","{""1"":2,""2"":1,""3"":1,""4"":1}","{""1"":126,""2"":106,""3"":119,""4"":125,""5"":129,""6"":129,""7"":113,""8"":96,""9"":119,""10"":122}",106
104017403,104017,4,3,"{""1"":191,""2"":109,""3"":172,""4"":190,""5"":222,""6"":171,""7"":118,""8"":61,""9"":187,""10"":161}","{""1"":2,""2"":2,""3"":1,""4"":1}","{""1"":141,""2"":121,""3"":119,""4"":125,""5"":144,""6"":144,""7"":113,""8"":96,""9"":119,""10"":137}",158
104017404,104017,4,4,"{""1"":255,""2"":146,""3"":229,""4"":253,""5"":296,""6"":228,""7"":157,""8"":81,""9"":250,""10"":214}","{""1"":2,""2"":2,""3"":2,""4"":1}","{""1"":141,""2"":121,""3"":134,""4"":140,""5"":144,""6"":144,""7"":128,""8"":111,""9"":134,""10"":137}",211
104017405,104017,4,5,"{""1"":319,""2"":182,""3"":286,""4"":316,""5"":371,""6"":285,""7"":196,""8"":101,""9"":312,""10"":268}","{""1"":2,""2"":2,""3"":2,""4"":2}","{""1"":141,""2"":121,""3"":134,""4"":155,""5"":159,""6"":159,""7"":128,""8"":126,""9"":149,""10"":137}",264
104017406,104017,4,6,"{""1"":383,""2"":218,""3"":343,""4"":380,""5"":445,""6"":342,""7"":235,""8"":122,""9"":374,""10"":321}","{""1"":3,""2"":2,""3"":2,""4"":2}","{""1"":156,""2"":136,""3"":149,""4"":155,""5"":159,""6"":159,""7"":143,""8"":126,""9"":149,""10"":152}",316
104017407,104017,4,7,"{""1"":447,""2"":255,""3"":400,""4"":443,""5"":519,""6"":399,""7"":274,""8"":142,""9"":437,""10"":375}","{""1"":3,""2"":3,""3"":2,""4"":2}","{""1"":171,""2"":136,""3"":164,""4"":155,""5"":174,""6"":159,""7"":158,""8"":126,""9"":164,""10"":152}",369
104017408,104017,4,8,"{""1"":511,""2"":291,""3"":458,""4"":506,""5"":593,""6"":456,""7"":314,""8"":162,""9"":499,""10"":428}","{""1"":3,""2"":3,""3"":3,""4"":2}","{""1"":171,""2"":151,""3"":164,""4"":170,""5"":174,""6"":174,""7"":158,""8"":141,""9"":164,""10"":167}",422
104017409,104017,4,9,"{""1"":574,""2"":328,""3"":515,""4"":569,""5"":667,""6"":513,""7"":353,""8"":182,""9"":562,""10"":482}","{""1"":3,""2"":3,""3"":3,""4"":3}","{""1"":186,""2"":166,""3"":164,""4"":170,""5"":189,""6"":189,""7"":158,""8"":141,""9"":164,""10"":182}",475
104017410,104017,4,10,"{""1"":638,""2"":364,""3"":572,""4"":633,""5"":741,""6"":570,""7"":392,""8"":203,""9"":624,""10"":535}","{""1"":4,""2"":3,""3"":3,""4"":3}","{""1"":186,""2"":166,""3"":179,""4"":185,""5"":189,""6"":189,""7"":173,""8"":156,""9"":179,""10"":182}",527
104017500,104017,5,0,"{""1"":702,""2"":400,""3"":629,""4"":696,""5"":815,""6"":627,""7"":431,""8"":223,""9"":686,""10"":589}","{""1"":4,""2"":4,""3"":3,""4"":3}","{""1"":201,""2"":166,""3"":194,""4"":200,""5"":189,""6"":189,""7"":173,""8"":156,""9"":179,""10"":182}",580
104017501,104017,5,1,"{""1"":766,""2"":437,""3"":686,""4"":759,""5"":889,""6"":684,""7"":470,""8"":243,""9"":749,""10"":642}","{""1"":4,""2"":4,""3"":4,""4"":3}","{""1"":221,""2"":166,""3"":214,""4"":200,""5"":209,""6"":189,""7"":193,""8"":156,""9"":199,""10"":182}",633
104017502,104017,5,2,"{""1"":894,""2"":510,""3"":801,""4"":886,""5"":1037,""6"":798,""7"":549,""8"":284,""9"":874,""10"":749}","{""1"":4,""2"":4,""3"":4,""4"":4}","{""1"":221,""2"":186,""3"":214,""4"":220,""5"":209,""6"":209,""7"":193,""8"":176,""9"":199,""10"":202}",738
104017503,104017,5,3,"{""1"":1021,""2"":582,""3"":915,""4"":1012,""5"":1186,""6"":912,""7"":627,""8"":324,""9"":998,""10"":856}","{""1"":5,""2"":4,""3"":4,""4"":4}","{""1"":241,""2"":206,""3"":214,""4"":220,""5"":229,""6"":229,""7"":193,""8"":176,""9"":199,""10"":222}",843
104017504,104017,5,4,"{""1"":1149,""2"":655,""3"":1030,""4"":1139,""5"":1334,""6"":1026,""7"":706,""8"":365,""9"":1123,""10"":963}","{""1"":5,""2"":5,""3"":4,""4"":4}","{""1"":241,""2"":206,""3"":234,""4"":240,""5"":229,""6"":229,""7"":213,""8"":196,""9"":219,""10"":222}",949
104017505,104017,5,5,"{""1"":1277,""2"":728,""3"":1144,""4"":1265,""5"":1482,""6"":1140,""7"":784,""8"":405,""9"":1248,""10"":1070}","{""1"":5,""2"":5,""3"":5,""4"":4}","{""1"":241,""2"":206,""3"":234,""4"":260,""5"":249,""6"":249,""7"":213,""8"":216,""9"":239,""10"":222}",1054
104017506,104017,5,6,"{""1"":1404,""2"":801,""3"":1258,""4"":1392,""5"":1630,""6"":1254,""7"":862,""8"":446,""9"":1373,""10"":1177}","{""1"":5,""2"":5,""3"":5,""4"":5}","{""1"":261,""2"":226,""3"":254,""4"":260,""5"":249,""6"":249,""7"":233,""8"":216,""9"":239,""10"":242}",1160
104017507,104017,5,7,"{""1"":1532,""2"":874,""3"":1373,""4"":1518,""5"":1778,""6"":1368,""7"":941,""8"":486,""9"":1498,""10"":1284}","{""1"":6,""2"":5,""3"":5,""4"":5}","{""1"":281,""2"":226,""3"":274,""4"":260,""5"":269,""6"":249,""7"":253,""8"":216,""9"":259,""10"":242}",1265
104017508,104017,5,8,"{""1"":1659,""2"":946,""3"":1487,""4"":1645,""5"":1927,""6"":1482,""7"":1019,""8"":527,""9"":1622,""10"":1391}","{""1"":6,""2"":6,""3"":5,""4"":5}","{""1"":281,""2"":246,""3"":274,""4"":280,""5"":269,""6"":269,""7"":253,""8"":236,""9"":259,""10"":262}",1371
104017509,104017,5,9,"{""1"":1787,""2"":1019,""3"":1602,""4"":1771,""5"":2075,""6"":1596,""7"":1098,""8"":567,""9"":1747,""10"":1498}","{""1"":6,""2"":6,""3"":6,""4"":5}","{""1"":301,""2"":266,""3"":274,""4"":280,""5"":289,""6"":289,""7"":253,""8"":236,""9"":259,""10"":282}",1476
104017510,104017,5,10,"{""1"":1915,""2"":1092,""3"":1716,""4"":1898,""5"":2223,""6"":1710,""7"":1176,""8"":608,""9"":1872,""10"":1605}","{""1"":6,""2"":6,""3"":6,""4"":6}","{""1"":301,""2"":266,""3"":294,""4"":300,""5"":289,""6"":289,""7"":273,""8"":256,""9"":279,""10"":282}",1582
104018401,104018,4,1,"{""1"":61,""2"":36,""3"":67,""4"":68,""5"":63,""6"":45,""7"":23,""8"":28,""9"":68,""10"":55}","{""1"":1,""2"":1,""3"":1,""4"":1}","{""1"":132,""2"":91,""3"":132,""4"":118,""5"":109,""6"":89,""7"":93,""8"":79,""9"":128,""10"":110}",51
104018402,104018,4,2,"{""1"":123,""2"":73,""3"":135,""4"":136,""5"":127,""6"":89,""7"":47,""8"":55,""9"":136,""10"":110}","{""1"":2,""2"":1,""3"":1,""4"":1}","{""1"":132,""2"":106,""3"":132,""4"":133,""5"":109,""6"":104,""7"":93,""8"":94,""9"":128,""10"":125}",103
104018403,104018,4,3,"{""1"":184,""2"":109,""3"":202,""4"":204,""5"":190,""6"":134,""7"":70,""8"":83,""9"":203,""10"":165}","{""1"":2,""2"":2,""3"":1,""4"":1}","{""1"":147,""2"":121,""3"":132,""4"":133,""5"":124,""6"":119,""7"":93,""8"":94,""9"":128,""10"":140}",154
104018404,104018,4,4,"{""1"":246,""2"":146,""3"":269,""4"":271,""5"":254,""6"":178,""7"":94,""8"":111,""9"":271,""10"":220}","{""1"":2,""2"":2,""3"":2,""4"":1}","{""1"":147,""2"":121,""3"":147,""4"":148,""5"":124,""6"":119,""7"":108,""8"":109,""9"":143,""10"":140}",206
104018405,104018,4,5,"{""1"":307,""2"":182,""3"":336,""4"":339,""5"":317,""6"":223,""7"":117,""8"":138,""9"":339,""10"":275}","{""1"":2,""2"":2,""3"":2,""4"":2}","{""1"":147,""2"":121,""3"":147,""4"":163,""5"":139,""6"":134,""7"":108,""8"":124,""9"":158,""10"":140}",257
104018406,104018,4,6,"{""1"":369,""2"":218,""3"":404,""4"":407,""5"":381,""6"":267,""7"":140,""8"":166,""9"":407,""10"":330}","{""1"":3,""2"":2,""3"":2,""4"":2}","{""1"":162,""2"":136,""3"":162,""4"":163,""5"":139,""6"":134,""7"":123,""8"":124,""9"":158,""10"":155}",309
104018407,104018,4,7,"{""1"":430,""2"":255,""3"":471,""4"":475,""5"":444,""6"":312,""7"":164,""8"":194,""9"":475,""10"":385}","{""1"":3,""2"":3,""3"":2,""4"":2}","{""1"":177,""2"":136,""3"":177,""4"":163,""5"":154,""6"":134,""7"":138,""8"":124,""9"":173,""10"":155}",361
104018408,104018,4,8,"{""1"":491,""2"":291,""3"":538,""4"":543,""5"":508,""6"":356,""7"":187,""8"":221,""9"":542,""10"":440}","{""1"":3,""2"":3,""3"":3,""4"":2}","{""1"":177,""2"":151,""3"":177,""4"":178,""5"":154,""6"":149,""7"":138,""8"":139,""9"":173,""10"":170}",412
104018409,104018,4,9,"{""1"":553,""2"":328,""3"":605,""4"":611,""5"":571,""6"":401,""7"":211,""8"":249,""9"":610,""10"":495}","{""1"":3,""2"":3,""3"":3,""4"":3}","{""1"":192,""2"":166,""3"":177,""4"":178,""5"":169,""6"":164,""7"":138,""8"":139,""9"":173,""10"":185}",463
104018410,104018,4,10,"{""1"":614,""2"":364,""3"":673,""4"":679,""5"":635,""6"":445,""7"":234,""8"":277,""9"":678,""10"":550}","{""1"":4,""2"":3,""3"":3,""4"":3}","{""1"":192,""2"":166,""3"":192,""4"":193,""5"":169,""6"":164,""7"":153,""8"":154,""9"":188,""10"":185}",515
104018500,104018,5,0,"{""1"":676,""2"":400,""3"":740,""4"":746,""5"":698,""6"":490,""7"":257,""8"":304,""9"":746,""10"":605}","{""1"":4,""2"":4,""3"":3,""4"":3}","{""1"":192,""2"":166,""3"":207,""4"":208,""5"":184,""6"":164,""7"":153,""8"":154,""9"":188,""10"":185}",566
104018501,104018,5,1,"{""1"":737,""2"":437,""3"":807,""4"":814,""5"":761,""6"":534,""7"":281,""8"":332,""9"":814,""10"":660}","{""1"":4,""2"":4,""3"":4,""4"":3}","{""1"":212,""2"":166,""3"":227,""4"":208,""5"":204,""6"":164,""7"":173,""8"":154,""9"":208,""10"":185}",618
104018502,104018,5,2,"{""1"":860,""2"":510,""3"":942,""4"":950,""5"":888,""6"":623,""7"":328,""8"":387,""9"":949,""10"":770}","{""1"":4,""2"":4,""3"":4,""4"":4}","{""1"":212,""2"":186,""3"":227,""4"":228,""5"":204,""6"":184,""7"":173,""8"":174,""9"":208,""10"":205}",721
104018503,104018,5,3,"{""1"":983,""2"":582,""3"":1076,""4"":1086,""5"":1015,""6"":712,""7"":374,""8"":442,""9"":1085,""10"":880}","{""1"":5,""2"":4,""3"":4,""4"":4}","{""1"":232,""2"":206,""3"":227,""4"":228,""5"":224,""6"":204,""7"":173,""8"":174,""9"":208,""10"":225}",824
104018504,104018,5,4,"{""1"":1106,""2"":655,""3"":1211,""4"":1221,""5"":1142,""6"":801,""7"":421,""8"":498,""9"":1220,""10"":990}","{""1"":5,""2"":5,""3"":4,""4"":4}","{""1"":232,""2"":206,""3"":247,""4"":248,""5"":224,""6"":204,""7"":193,""8"":194,""9"":228,""10"":225}",927
104018505,104018,5,5,"{""1"":1229,""2"":728,""3"":1346,""4"":1357,""5"":1269,""6"":890,""7"":468,""8"":553,""9"":1356,""10"":1100}","{""1"":5,""2"":5,""3"":5,""4"":4}","{""1"":232,""2"":206,""3"":247,""4"":268,""5"":244,""6"":224,""7"":193,""8"":214,""9"":248,""10"":225}",1030
104018506,104018,5,6,"{""1"":1351,""2"":801,""3"":1480,""4"":1493,""5"":1396,""6"":979,""7"":515,""8"":608,""9"":1492,""10"":1210}","{""1"":5,""2"":5,""3"":5,""4"":5}","{""1"":252,""2"":226,""3"":267,""4"":268,""5"":244,""6"":224,""7"":213,""8"":214,""9"":248,""10"":245}",1133
104018507,104018,5,7,"{""1"":1474,""2"":874,""3"":1615,""4"":1628,""5"":1523,""6"":1068,""7"":562,""8"":664,""9"":1627,""10"":1320}","{""1"":6,""2"":5,""3"":5,""4"":5}","{""1"":272,""2"":226,""3"":287,""4"":268,""5"":264,""6"":224,""7"":233,""8"":214,""9"":268,""10"":245}",1236
104018508,104018,5,8,"{""1"":1597,""2"":946,""3"":1749,""4"":1764,""5"":1650,""6"":1157,""7"":608,""8"":719,""9"":1763,""10"":1430}","{""1"":6,""2"":6,""3"":5,""4"":5}","{""1"":272,""2"":246,""3"":287,""4"":288,""5"":264,""6"":244,""7"":233,""8"":234,""9"":268,""10"":265}",1338
104018509,104018,5,9,"{""1"":1720,""2"":1019,""3"":1884,""4"":1900,""5"":1777,""6"":1246,""7"":655,""8"":774,""9"":1898,""10"":1540}","{""1"":6,""2"":6,""3"":6,""4"":5}","{""1"":292,""2"":266,""3"":287,""4"":288,""5"":284,""6"":264,""7"":233,""8"":234,""9"":268,""10"":285}",1441
104018510,104018,5,10,"{""1"":1843,""2"":1092,""3"":2018,""4"":2036,""5"":1904,""6"":1335,""7"":702,""8"":830,""9"":2034,""10"":1650}","{""1"":6,""2"":6,""3"":6,""4"":6}","{""1"":292,""2"":266,""3"":307,""4"":308,""5"":284,""6"":264,""7"":253,""8"":254,""9"":288,""10"":285}",1544
104019401,104019,4,1,"{""1"":51,""2"":63,""3"":40,""4"":41,""5"":36,""6"":52,""7"":60,""8"":62,""9"":45,""10"":57}","{""1"":1,""2"":1,""3"":1,""4"":1}","{""1"":128,""2"":105,""3"":108,""4"":97,""5"":119,""6"":104,""7"":108,""8"":89,""9"":128,""10"":113}",51
104019402,104019,4,2,"{""1"":102,""2"":126,""3"":79,""4"":82,""5"":73,""6"":104,""7"":121,""8"":125,""9"":90,""10"":113}","{""1"":2,""2"":1,""3"":1,""4"":1}","{""1"":128,""2"":120,""3"":108,""4"":112,""5"":119,""6"":119,""7"":108,""8"":104,""9"":128,""10"":128}",102
104019403,104019,4,3,"{""1"":153,""2"":189,""3"":119,""4"":124,""5"":109,""6"":156,""7"":181,""8"":187,""9"":136,""10"":170}","{""1"":2,""2"":2,""3"":1,""4"":1}","{""1"":143,""2"":135,""3"":108,""4"":112,""5"":134,""6"":134,""7"":108,""8"":104,""9"":128,""10"":143}",152
104019404,104019,4,4,"{""1"":203,""2"":252,""3"":158,""4"":165,""5"":146,""6"":208,""7"":242,""8"":249,""9"":181,""10"":226}","{""1"":2,""2"":2,""3"":2,""4"":1}","{""1"":143,""2"":135,""3"":123,""4"":127,""5"":134,""6"":134,""7"":123,""8"":119,""9"":143,""10"":143}",203
104019405,104019,4,5,"{""1"":254,""2"":315,""3"":198,""4"":206,""5"":182,""6"":260,""7"":302,""8"":312,""9"":226,""10"":283}","{""1"":2,""2"":2,""3"":2,""4"":2}","{""1"":143,""2"":135,""3"":123,""4"":142,""5"":149,""6"":149,""7"":123,""8"":134,""9"":158,""10"":143}",254
104019406,104019,4,6,"{""1"":305,""2"":378,""3"":237,""4"":247,""5"":218,""6"":312,""7"":363,""8"":374,""9"":271,""10"":339}","{""1"":3,""2"":2,""3"":2,""4"":2}","{""1"":158,""2"":150,""3"":138,""4"":142,""5"":149,""6"":149,""7"":138,""8"":134,""9"":158,""10"":158}",304
104019407,104019,4,7,"{""1"":356,""2"":441,""3"":277,""4"":289,""5"":255,""6"":364,""7"":423,""8"":436,""9"":316,""10"":396}","{""1"":3,""2"":3,""3"":2,""4"":2}","{""1"":173,""2"":150,""3"":153,""4"":142,""5"":164,""6"":149,""7"":153,""8"":134,""9"":173,""10"":158}",355
104019408,104019,4,8,"{""1"":407,""2"":504,""3"":316,""4"":330,""5"":291,""6"":416,""7"":484,""8"":498,""9"":362,""10"":452}","{""1"":3,""2"":3,""3"":3,""4"":2}","{""1"":173,""2"":165,""3"":153,""4"":157,""5"":164,""6"":164,""7"":153,""8"":149,""9"":173,""10"":173}",406
104019409,104019,4,9,"{""1"":458,""2"":567,""3"":356,""4"":371,""5"":328,""6"":468,""7"":544,""8"":561,""9"":407,""10"":509}","{""1"":3,""2"":3,""3"":3,""4"":3}","{""1"":188,""2"":180,""3"":153,""4"":157,""5"":179,""6"":179,""7"":153,""8"":149,""9"":173,""10"":188}",457
104019410,104019,4,10,"{""1"":509,""2"":630,""3"":395,""4"":412,""5"":364,""6"":520,""7"":605,""8"":623,""9"":452,""10"":565}","{""1"":4,""2"":3,""3"":3,""4"":3}","{""1"":188,""2"":180,""3"":168,""4"":172,""5"":179,""6"":179,""7"":168,""8"":164,""9"":188,""10"":188}",508
104019500,104019,5,0,"{""1"":559,""2"":693,""3"":435,""4"":453,""5"":400,""6"":572,""7"":665,""8"":685,""9"":497,""10"":622}","{""1"":4,""2"":4,""3"":3,""4"":3}","{""1"":188,""2"":180,""3"":168,""4"":172,""5"":179,""6"":194,""7"":183,""8"":179,""9"":188,""10"":188}",558
104019501,104019,5,1,"{""1"":610,""2"":756,""3"":474,""4"":495,""5"":437,""6"":624,""7"":725,""8"":748,""9"":542,""10"":678}","{""1"":4,""2"":4,""3"":4,""4"":3}","{""1"":208,""2"":180,""3"":188,""4"":172,""5"":199,""6"":194,""7"":203,""8"":179,""9"":208,""10"":188}",609
104019502,104019,5,2,"{""1"":712,""2"":882,""3"":553,""4"":577,""5"":510,""6"":728,""7"":846,""8"":872,""9"":633,""10"":791}","{""1"":4,""2"":4,""3"":4,""4"":4}","{""1"":208,""2"":200,""3"":188,""4"":192,""5"":199,""6"":214,""7"":203,""8"":199,""9"":208,""10"":208}",710
104019503,104019,5,3,"{""1"":814,""2"":1008,""3"":632,""4"":660,""5"":582,""6"":832,""7"":967,""8"":997,""9"":723,""10"":904}","{""1"":5,""2"":4,""3"":4,""4"":4}","{""1"":228,""2"":220,""3"":188,""4"":192,""5"":219,""6"":234,""7"":203,""8"":199,""9"":208,""10"":228}",812
104019504,104019,5,4,"{""1"":915,""2"":1134,""3"":711,""4"":742,""5"":655,""6"":936,""7"":1088,""8"":1121,""9"":814,""10"":1017}","{""1"":5,""2"":5,""3"":4,""4"":4}","{""1"":228,""2"":220,""3"":208,""4"":212,""5"":219,""6"":234,""7"":223,""8"":219,""9"":228,""10"":228}",913
104019505,104019,5,5,"{""1"":1017,""2"":1260,""3"":791,""4"":825,""5"":728,""6"":1040,""7"":1209,""8"":1246,""9"":904,""10"":1130}","{""1"":5,""2"":5,""3"":5,""4"":4}","{""1"":228,""2"":220,""3"":208,""4"":232,""5"":239,""6"":254,""7"":223,""8"":239,""9"":248,""10"":228}",1015
104019506,104019,5,6,"{""1"":1119,""2"":1386,""3"":870,""4"":907,""5"":801,""6"":1144,""7"":1330,""8"":1371,""9"":994,""10"":1243}","{""1"":5,""2"":5,""3"":5,""4"":5}","{""1"":248,""2"":240,""3"":228,""4"":232,""5"":239,""6"":254,""7"":243,""8"":239,""9"":248,""10"":248}",1117
104019507,104019,5,7,"{""1"":1220,""2"":1512,""3"":949,""4"":989,""5"":874,""6"":1248,""7"":1451,""8"":1495,""9"":1085,""10"":1356}","{""1"":6,""2"":5,""3"":5,""4"":5}","{""1"":268,""2"":240,""3"":248,""4"":232,""5"":259,""6"":254,""7"":263,""8"":239,""9"":268,""10"":248}",1218
104019508,104019,5,8,"{""1"":1322,""2"":1638,""3"":1028,""4"":1072,""5"":946,""6"":1352,""7"":1572,""8"":1620,""9"":1175,""10"":1469}","{""1"":6,""2"":6,""3"":5,""4"":5}","{""1"":268,""2"":260,""3"":248,""4"":252,""5"":259,""6"":274,""7"":263,""8"":259,""9"":268,""10"":268}",1319
104019509,104019,5,9,"{""1"":1424,""2"":1764,""3"":1107,""4"":1154,""5"":1019,""6"":1456,""7"":1693,""8"":1744,""9"":1266,""10"":1582}","{""1"":6,""2"":6,""3"":6,""4"":5}","{""1"":288,""2"":280,""3"":248,""4"":252,""5"":279,""6"":294,""7"":263,""8"":259,""9"":268,""10"":288}",1421
104019510,104019,5,10,"{""1"":1526,""2"":1890,""3"":1186,""4"":1237,""5"":1092,""6"":1560,""7"":1814,""8"":1869,""9"":1356,""10"":1695}","{""1"":6,""2"":6,""3"":6,""4"":6}","{""1"":288,""2"":280,""3"":268,""4"":272,""5"":279,""6"":294,""7"":283,""8"":279,""9"":288,""10"":288}",1523
104020401,104020,4,1,"{""1"":65,""2"":35,""3"":53,""4"":64,""5"":71,""6"":54,""7"":37,""8"":26,""9"":61,""10"":54}","{""1"":1,""2"":1,""3"":1,""4"":1}","{""1"":128,""2"":87,""3"":111,""4"":111,""5"":124,""6"":107,""7"":107,""8"":102,""9"":116,""10"":107}",52
104020402,104020,4,2,"{""1"":130,""2"":70,""3"":106,""4"":128,""5"":142,""6"":107,""7"":74,""8"":51,""9"":121,""10"":107}","{""1"":2,""2"":1,""3"":1,""4"":1}","{""1"":128,""2"":102,""3"":111,""4"":126,""5"":124,""6"":122,""7"":107,""8"":117,""9"":116,""10"":122}",104
104020403,104020,4,3,"{""1"":195,""2"":104,""3"":158,""4"":191,""5"":213,""6"":161,""7"":110,""8"":77,""9"":182,""10"":161}","{""1"":2,""2"":2,""3"":1,""4"":1}","{""1"":143,""2"":117,""3"":111,""4"":126,""5"":139,""6"":137,""7"":107,""8"":117,""9"":116,""10"":137}",155
104020404,104020,4,4,"{""1"":260,""2"":139,""3"":211,""4"":255,""5"":283,""6"":214,""7"":147,""8"":102,""9"":242,""10"":214}","{""1"":2,""2"":2,""3"":2,""4"":1}","{""1"":143,""2"":117,""3"":126,""4"":141,""5"":139,""6"":137,""7"":122,""8"":132,""9"":131,""10"":137}",207
104020405,104020,4,5,"{""1"":325,""2"":174,""3"":264,""4"":319,""5"":354,""6"":268,""7"":184,""8"":128,""9"":303,""10"":268}","{""1"":2,""2"":2,""3"":2,""4"":2}","{""1"":143,""2"":117,""3"":126,""4"":156,""5"":154,""6"":152,""7"":122,""8"":147,""9"":146,""10"":137}",259
104020406,104020,4,6,"{""1"":390,""2"":209,""3"":317,""4"":383,""5"":425,""6"":321,""7"":221,""8"":153,""9"":364,""10"":321}","{""1"":3,""2"":2,""3"":2,""4"":2}","{""1"":158,""2"":132,""3"":141,""4"":156,""5"":154,""6"":152,""7"":137,""8"":147,""9"":146,""10"":152}",310
104020407,104020,4,7,"{""1"":455,""2"":244,""3"":370,""4"":447,""5"":496,""6"":375,""7"":258,""8"":179,""9"":424,""10"":375}","{""1"":3,""2"":3,""3"":2,""4"":2}","{""1"":173,""2"":132,""3"":156,""4"":156,""5"":169,""6"":152,""7"":152,""8"":147,""9"":161,""10"":152}",362
104020408,104020,4,8,"{""1"":520,""2"":278,""3"":422,""4"":511,""5"":567,""6"":428,""7"":294,""8"":204,""9"":485,""10"":428}","{""1"":3,""2"":3,""3"":3,""4"":2}","{""1"":173,""2"":147,""3"":156,""4"":171,""5"":169,""6"":167,""7"":152,""8"":162,""9"":161,""10"":167}",414
104020409,104020,4,9,"{""1"":585,""2"":313,""3"":475,""4"":574,""5"":638,""6"":482,""7"":331,""8"":230,""9"":545,""10"":482}","{""1"":3,""2"":3,""3"":3,""4"":3}","{""1"":188,""2"":162,""3"":156,""4"":171,""5"":184,""6"":182,""7"":152,""8"":162,""9"":161,""10"":182}",466
104020410,104020,4,10,"{""1"":650,""2"":348,""3"":528,""4"":638,""5"":709,""6"":535,""7"":368,""8"":255,""9"":606,""10"":535}","{""1"":4,""2"":3,""3"":3,""4"":3}","{""1"":188,""2"":162,""3"":171,""4"":186,""5"":184,""6"":182,""7"":167,""8"":177,""9"":176,""10"":182}",517
104020500,104020,5,0,"{""1"":715,""2"":383,""3"":581,""4"":702,""5"":779,""6"":589,""7"":405,""8"":281,""9"":667,""10"":589}","{""1"":4,""2"":4,""3"":3,""4"":3}","{""1"":203,""2"":162,""3"":186,""4"":201,""5"":184,""6"":182,""7"":167,""8"":177,""9"":176,""10"":182}",569
104020501,104020,5,1,"{""1"":780,""2"":418,""3"":634,""4"":766,""5"":850,""6"":642,""7"":442,""8"":306,""9"":727,""10"":642}","{""1"":4,""2"":4,""3"":4,""4"":3}","{""1"":223,""2"":162,""3"":206,""4"":201,""5"":204,""6"":182,""7"":187,""8"":177,""9"":196,""10"":182}",621
104020502,104020,5,2,"{""1"":910,""2"":487,""3"":739,""4"":894,""5"":992,""6"":749,""7"":515,""8"":357,""9"":848,""10"":749}","{""1"":4,""2"":4,""3"":4,""4"":4}","{""1"":223,""2"":182,""3"":206,""4"":221,""5"":204,""6"":202,""7"":187,""8"":197,""9"":196,""10"":202}",724
104020503,104020,5,3,"{""1"":1040,""2"":557,""3"":845,""4"":1021,""5"":1134,""6"":856,""7"":589,""8"":408,""9"":970,""10"":856}","{""1"":5,""2"":4,""3"":4,""4"":4}","{""1"":243,""2"":202,""3"":206,""4"":221,""5"":224,""6"":222,""7"":187,""8"":197,""9"":196,""10"":222}",828
104020504,104020,5,4,"{""1"":1170,""2"":626,""3"":950,""4"":1149,""5"":1275,""6"":963,""7"":662,""8"":459,""9"":1091,""10"":963}","{""1"":5,""2"":5,""3"":4,""4"":4}","{""1"":243,""2"":202,""3"":226,""4"":241,""5"":224,""6"":222,""7"":207,""8"":217,""9"":216,""10"":222}",931
104020505,104020,5,5,"{""1"":1300,""2"":696,""3"":1056,""4"":1277,""5"":1417,""6"":1070,""7"":736,""8"":510,""9"":1212,""10"":1070}","{""1"":5,""2"":5,""3"":5,""4"":4}","{""1"":243,""2"":202,""3"":226,""4"":261,""5"":244,""6"":242,""7"":207,""8"":237,""9"":236,""10"":222}",1034
104020506,104020,5,6,"{""1"":1429,""2"":766,""3"":1162,""4"":1404,""5"":1559,""6"":1177,""7"":810,""8"":561,""9"":1333,""10"":1177}","{""1"":5,""2"":5,""3"":5,""4"":5}","{""1"":263,""2"":222,""3"":246,""4"":261,""5"":244,""6"":242,""7"":227,""8"":237,""9"":236,""10"":242}",1138
104020507,104020,5,7,"{""1"":1559,""2"":835,""3"":1267,""4"":1532,""5"":1700,""6"":1284,""7"":883,""8"":612,""9"":1454,""10"":1284}","{""1"":6,""2"":5,""3"":5,""4"":5}","{""1"":283,""2"":222,""3"":266,""4"":261,""5"":264,""6"":242,""7"":247,""8"":237,""9"":256,""10"":242}",1241
104020508,104020,5,8,"{""1"":1689,""2"":905,""3"":1373,""4"":1659,""5"":1842,""6"":1391,""7"":957,""8"":663,""9"":1576,""10"":1391}","{""1"":6,""2"":6,""3"":5,""4"":5}","{""1"":283,""2"":242,""3"":266,""4"":281,""5"":264,""6"":262,""7"":247,""8"":257,""9"":256,""10"":262}",1345
104020509,104020,5,9,"{""1"":1819,""2"":974,""3"":1478,""4"":1787,""5"":1984,""6"":1498,""7"":1030,""8"":714,""9"":1697,""10"":1498}","{""1"":6,""2"":6,""3"":6,""4"":5}","{""1"":303,""2"":262,""3"":266,""4"":281,""5"":284,""6"":282,""7"":247,""8"":257,""9"":256,""10"":282}",1448
104020510,104020,5,10,"{""1"":1949,""2"":1044,""3"":1584,""4"":1915,""5"":2126,""6"":1605,""7"":1104,""8"":765,""9"":1818,""10"":1605}","{""1"":6,""2"":6,""3"":6,""4"":6}","{""1"":303,""2"":262,""3"":286,""4"":301,""5"":284,""6"":282,""7"":267,""8"":277,""9"":276,""10"":282}",1552
104021401,104021,4,1,"{""1"":56,""2"":38,""3"":64,""4"":66,""5"":74,""6"":53,""7"":26,""8"":34,""9"":66,""10"":53}","{""1"":1,""2"":1,""3"":1,""4"":1}","{""1"":121,""2"":96,""3"":126,""4"":114,""5"":125,""6"":106,""7"":102,""8"":96,""9"":125,""10"":106}",53
104021402,104021,4,2,"{""1"":111,""2"":77,""3"":128,""4"":131,""5"":149,""6"":106,""7"":52,""8"":67,""9"":132,""10"":106}","{""1"":2,""2"":1,""3"":1,""4"":1}","{""1"":121,""2"":111,""3"":126,""4"":129,""5"":125,""6"":121,""7"":102,""8"":111,""9"":125,""10"":121}",106
104021403,104021,4,3,"{""1"":167,""2"":115,""3"":191,""4"":197,""5"":223,""6"":159,""7"":78,""8"":101,""9"":198,""10"":159}","{""1"":2,""2"":2,""3"":1,""4"":1}","{""1"":136,""2"":126,""3"":126,""4"":129,""5"":140,""6"":136,""7"":102,""8"":111,""9"":125,""10"":136}",159
104021404,104021,4,4,"{""1"":223,""2"":154,""3"":255,""4"":262,""5"":297,""6"":212,""7"":104,""8"":134,""9"":264,""10"":212}","{""1"":2,""2"":2,""3"":2,""4"":1}","{""1"":136,""2"":126,""3"":141,""4"":144,""5"":140,""6"":136,""7"":117,""8"":126,""9"":140,""10"":136}",212
104021405,104021,4,5,"{""1"":278,""2"":192,""3"":319,""4"":328,""5"":371,""6"":265,""7"":131,""8"":168,""9"":330,""10"":265}","{""1"":2,""2"":2,""3"":2,""4"":2}","{""1"":136,""2"":126,""3"":141,""4"":159,""5"":155,""6"":151,""7"":117,""8"":141,""9"":155,""10"":136}",265
104021406,104021,4,6,"{""1"":334,""2"":230,""3"":383,""4"":393,""5"":446,""6"":318,""7"":157,""8"":202,""9"":396,""10"":318}","{""1"":3,""2"":2,""3"":2,""4"":2}","{""1"":151,""2"":141,""3"":156,""4"":159,""5"":155,""6"":151,""7"":132,""8"":141,""9"":155,""10"":151}",318
104021407,104021,4,7,"{""1"":390,""2"":269,""3"":447,""4"":459,""5"":520,""6"":371,""7"":183,""8"":235,""9"":462,""10"":371}","{""1"":3,""2"":3,""3"":2,""4"":2}","{""1"":166,""2"":141,""3"":171,""4"":159,""5"":170,""6"":151,""7"":147,""8"":141,""9"":170,""10"":151}",371
104021408,104021,4,8,"{""1"":445,""2"":307,""3"":511,""4"":524,""5"":594,""6"":424,""7"":209,""8"":269,""9"":528,""10"":424}","{""1"":3,""2"":3,""3"":3,""4"":2}","{""1"":166,""2"":156,""3"":171,""4"":174,""5"":170,""6"":166,""7"":147,""8"":156,""9"":170,""10"":166}",424
104021409,104021,4,9,"{""1"":501,""2"":346,""3"":574,""4"":590,""5"":668,""6"":477,""7"":235,""8"":302,""9"":594,""10"":477}","{""1"":3,""2"":3,""3"":3,""4"":3}","{""1"":181,""2"":171,""3"":171,""4"":174,""5"":185,""6"":181,""7"":147,""8"":156,""9"":170,""10"":181}",476
104021410,104021,4,10,"{""1"":557,""2"":384,""3"":638,""4"":656,""5"":743,""6"":530,""7"":261,""8"":336,""9"":660,""10"":530}","{""1"":4,""2"":3,""3"":3,""4"":3}","{""1"":181,""2"":171,""3"":186,""4"":189,""5"":185,""6"":181,""7"":162,""8"":171,""9"":185,""10"":181}",530
104021500,104021,5,0,"{""1"":612,""2"":422,""3"":702,""4"":721,""5"":817,""6"":583,""7"":287,""8"":370,""9"":726,""10"":583}","{""1"":4,""2"":4,""3"":3,""4"":3}","{""1"":181,""2"":171,""3"":201,""4"":204,""5"":200,""6"":181,""7"":162,""8"":171,""9"":185,""10"":181}",582
104021501,104021,5,1,"{""1"":668,""2"":461,""3"":766,""4"":787,""5"":891,""6"":636,""7"":313,""8"":403,""9"":792,""10"":636}","{""1"":4,""2"":4,""3"":4,""4"":3}","{""1"":201,""2"":171,""3"":221,""4"":204,""5"":220,""6"":181,""7"":182,""8"":171,""9"":205,""10"":181}",635
104021502,104021,5,2,"{""1"":779,""2"":538,""3"":894,""4"":918,""5"":1040,""6"":742,""7"":365,""8"":470,""9"":924,""10"":742}","{""1"":4,""2"":4,""3"":4,""4"":4}","{""1"":201,""2"":191,""3"":221,""4"":224,""5"":220,""6"":201,""7"":182,""8"":191,""9"":205,""10"":201}",741
104021503,104021,5,3,"{""1"":890,""2"":614,""3"":1021,""4"":1049,""5"":1188,""6"":848,""7"":418,""8"":538,""9"":1056,""10"":848}","{""1"":5,""2"":4,""3"":4,""4"":4}","{""1"":221,""2"":211,""3"":221,""4"":224,""5"":240,""6"":221,""7"":182,""8"":191,""9"":205,""10"":221}",847
104021504,104021,5,4,"{""1"":1002,""2"":691,""3"":1149,""4"":1180,""5"":1337,""6"":954,""7"":470,""8"":605,""9"":1188,""10"":954}","{""1"":5,""2"":5,""3"":4,""4"":4}","{""1"":221,""2"":211,""3"":241,""4"":244,""5"":240,""6"":221,""7"":202,""8"":211,""9"":225,""10"":221}",953
104021505,104021,5,5,"{""1"":1113,""2"":768,""3"":1277,""4"":1311,""5"":1485,""6"":1060,""7"":522,""8"":672,""9"":1320,""10"":1060}","{""1"":5,""2"":5,""3"":5,""4"":4}","{""1"":221,""2"":211,""3"":241,""4"":264,""5"":260,""6"":241,""7"":202,""8"":231,""9"":245,""10"":221}",1059
104021506,104021,5,6,"{""1"":1224,""2"":845,""3"":1404,""4"":1442,""5"":1634,""6"":1166,""7"":574,""8"":739,""9"":1452,""10"":1166}","{""1"":5,""2"":5,""3"":5,""4"":5}","{""1"":241,""2"":231,""3"":261,""4"":264,""5"":260,""6"":241,""7"":222,""8"":231,""9"":245,""10"":241}",1165
104021507,104021,5,7,"{""1"":1336,""2"":922,""3"":1532,""4"":1573,""5"":1782,""6"":1272,""7"":626,""8"":806,""9"":1584,""10"":1272}","{""1"":6,""2"":5,""3"":5,""4"":5}","{""1"":261,""2"":231,""3"":281,""4"":264,""5"":280,""6"":241,""7"":242,""8"":231,""9"":265,""10"":241}",1271
104021508,104021,5,8,"{""1"":1447,""2"":998,""3"":1659,""4"":1704,""5"":1931,""6"":1378,""7"":679,""8"":874,""9"":1716,""10"":1378}","{""1"":6,""2"":6,""3"":5,""4"":5}","{""1"":261,""2"":251,""3"":281,""4"":284,""5"":280,""6"":261,""7"":242,""8"":251,""9"":265,""10"":261}",1376
104021509,104021,5,9,"{""1"":1558,""2"":1075,""3"":1787,""4"":1835,""5"":2079,""6"":1484,""7"":731,""8"":941,""9"":1848,""10"":1484}","{""1"":6,""2"":6,""3"":6,""4"":5}","{""1"":281,""2"":271,""3"":281,""4"":284,""5"":300,""6"":281,""7"":242,""8"":251,""9"":265,""10"":281}",1482
104021510,104021,5,10,"{""1"":1670,""2"":1152,""3"":1915,""4"":1967,""5"":2228,""6"":1590,""7"":783,""8"":1008,""9"":1980,""10"":1590}","{""1"":6,""2"":6,""3"":6,""4"":6}","{""1"":281,""2"":271,""3"":301,""4"":304,""5"":300,""6"":281,""7"":262,""8"":271,""9"":285,""10"":281}",1588
104022401,104022,4,1,"{""1"":49,""2"":65,""3"":39,""4"":41,""5"":28,""6"":45,""7"":62,""8"":65,""9"":46,""10"":58}","{""1"":1,""2"":1,""3"":1,""4"":1}","{""1"":124,""2"":109,""3"":107,""4"":97,""5"":95,""6"":89,""7"":111,""8"":93,""9"":129,""10"":115}",50
104022402,104022,4,2,"{""1"":98,""2"":131,""3"":78,""4"":82,""5"":56,""6"":89,""7"":125,""8"":130,""9"":91,""10"":115}","{""1"":2,""2"":1,""3"":1,""4"":1}","{""1"":124,""2"":124,""3"":107,""4"":112,""5"":95,""6"":104,""7"":111,""8"":108,""9"":129,""10"":130}",100
104022403,104022,4,3,"{""1"":147,""2"":196,""3"":117,""4"":124,""5"":84,""6"":134,""7"":187,""8"":195,""9"":137,""10"":173}","{""1"":2,""2"":2,""3"":1,""4"":1}","{""1"":139,""2"":139,""3"":107,""4"":112,""5"":110,""6"":119,""7"":111,""8"":108,""9"":129,""10"":145}",149
104022404,104022,4,4,"{""1"":196,""2"":262,""3"":156,""4"":165,""5"":112,""6"":178,""7"":250,""8"":260,""9"":182,""10"":230}","{""1"":2,""2"":2,""3"":2,""4"":1}","{""1"":139,""2"":139,""3"":122,""4"":127,""5"":110,""6"":119,""7"":126,""8"":123,""9"":144,""10"":145}",199
104022405,104022,4,5,"{""1"":245,""2"":327,""3"":196,""4"":206,""5"":140,""6"":223,""7"":312,""8"":326,""9"":228,""10"":288}","{""1"":2,""2"":2,""3"":2,""4"":2}","{""1"":139,""2"":139,""3"":122,""4"":142,""5"":125,""6"":134,""7"":126,""8"":138,""9"":159,""10"":145}",249
104022406,104022,4,6,"{""1"":294,""2"":392,""3"":235,""4"":247,""5"":168,""6"":267,""7"":374,""8"":391,""9"":274,""10"":345}","{""1"":3,""2"":2,""3"":2,""4"":2}","{""1"":154,""2"":154,""3"":137,""4"":142,""5"":125,""6"":134,""7"":141,""8"":138,""9"":159,""10"":160}",299
104022407,104022,4,7,"{""1"":343,""2"":458,""3"":274,""4"":289,""5"":196,""6"":312,""7"":437,""8"":456,""9"":319,""10"":403}","{""1"":3,""2"":3,""3"":2,""4"":2}","{""1"":169,""2"":154,""3"":152,""4"":142,""5"":140,""6"":134,""7"":156,""8"":138,""9"":174,""10"":160}",349
104022408,104022,4,8,"{""1"":392,""2"":523,""3"":313,""4"":330,""5"":224,""6"":356,""7"":499,""8"":521,""9"":365,""10"":460}","{""1"":3,""2"":3,""3"":3,""4"":2}","{""1"":169,""2"":169,""3"":152,""4"":157,""5"":140,""6"":149,""7"":156,""8"":153,""9"":174,""10"":175}",398
104022409,104022,4,9,"{""1"":441,""2"":589,""3"":352,""4"":371,""5"":252,""6"":401,""7"":562,""8"":586,""9"":410,""10"":518}","{""1"":3,""2"":3,""3"":3,""4"":3}","{""1"":184,""2"":184,""3"":152,""4"":157,""5"":155,""6"":164,""7"":156,""8"":153,""9"":174,""10"":190}",448
104022410,104022,4,10,"{""1"":491,""2"":654,""3"":391,""4"":412,""5"":280,""6"":445,""7"":624,""8"":651,""9"":456,""10"":575}","{""1"":4,""2"":3,""3"":3,""4"":3}","{""1"":184,""2"":184,""3"":167,""4"":172,""5"":155,""6"":164,""7"":171,""8"":168,""9"":189,""10"":190}",498
104022500,104022,5,0,"{""1"":540,""2"":719,""3"":430,""4"":453,""5"":308,""6"":490,""7"":686,""8"":716,""9"":502,""10"":633}","{""1"":4,""2"":4,""3"":3,""4"":3}","{""1"":184,""2"":184,""3"":167,""4"":172,""5"":155,""6"":179,""7"":186,""8"":183,""9"":189,""10"":190}",548
104022501,104022,5,1,"{""1"":589,""2"":785,""3"":469,""4"":495,""5"":336,""6"":534,""7"":749,""8"":781,""9"":547,""10"":690}","{""1"":4,""2"":4,""3"":4,""4"":3}","{""1"":204,""2"":184,""3"":187,""4"":172,""5"":175,""6"":179,""7"":206,""8"":183,""9"":209,""10"":190}",598
104022502,104022,5,2,"{""1"":687,""2"":916,""3"":547,""4"":577,""5"":392,""6"":623,""7"":874,""8"":911,""9"":638,""10"":805}","{""1"":4,""2"":4,""3"":4,""4"":4}","{""1"":204,""2"":204,""3"":187,""4"":192,""5"":175,""6"":199,""7"":206,""8"":203,""9"":209,""10"":210}",697
104022503,104022,5,3,"{""1"":785,""2"":1046,""3"":626,""4"":660,""5"":448,""6"":712,""7"":998,""8"":1042,""9"":730,""10"":920}","{""1"":5,""2"":4,""3"":4,""4"":4}","{""1"":224,""2"":224,""3"":187,""4"":192,""5"":195,""6"":219,""7"":206,""8"":203,""9"":209,""10"":230}",797
104022504,104022,5,4,"{""1"":883,""2"":1177,""3"":704,""4"":742,""5"":504,""6"":801,""7"":1123,""8"":1172,""9"":821,""10"":1035}","{""1"":5,""2"":5,""3"":4,""4"":4}","{""1"":224,""2"":224,""3"":207,""4"":212,""5"":195,""6"":219,""7"":226,""8"":223,""9"":229,""10"":230}",896
104022505,104022,5,5,"{""1"":981,""2"":1308,""3"":782,""4"":825,""5"":560,""6"":890,""7"":1248,""8"":1302,""9"":912,""10"":1150}","{""1"":5,""2"":5,""3"":5,""4"":4}","{""1"":224,""2"":224,""3"":207,""4"":232,""5"":215,""6"":239,""7"":226,""8"":243,""9"":249,""10"":230}",996
104022506,104022,5,6,"{""1"":1079,""2"":1439,""3"":860,""4"":907,""5"":616,""6"":979,""7"":1373,""8"":1432,""9"":1003,""10"":1265}","{""1"":5,""2"":5,""3"":5,""4"":5}","{""1"":244,""2"":244,""3"":227,""4"":232,""5"":215,""6"":239,""7"":246,""8"":243,""9"":249,""10"":250}",1095
104022507,104022,5,7,"{""1"":1177,""2"":1570,""3"":938,""4"":989,""5"":672,""6"":1068,""7"":1498,""8"":1562,""9"":1094,""10"":1380}","{""1"":6,""2"":5,""3"":5,""4"":5}","{""1"":264,""2"":244,""3"":247,""4"":232,""5"":235,""6"":239,""7"":266,""8"":243,""9"":269,""10"":250}",1195
104022508,104022,5,8,"{""1"":1275,""2"":1700,""3"":1017,""4"":1072,""5"":728,""6"":1157,""7"":1622,""8"":1693,""9"":1186,""10"":1495}","{""1"":6,""2"":6,""3"":5,""4"":5}","{""1"":264,""2"":264,""3"":247,""4"":252,""5"":235,""6"":259,""7"":266,""8"":263,""9"":269,""10"":270}",1295
104022509,104022,5,9,"{""1"":1373,""2"":1831,""3"":1095,""4"":1154,""5"":784,""6"":1246,""7"":1747,""8"":1823,""9"":1277,""10"":1610}","{""1"":6,""2"":6,""3"":6,""4"":5}","{""1"":284,""2"":284,""3"":247,""4"":252,""5"":255,""6"":279,""7"":266,""8"":263,""9"":269,""10"":290}",1394
104022510,104022,5,10,"{""1"":1472,""2"":1962,""3"":1173,""4"":1237,""5"":840,""6"":1335,""7"":1872,""8"":1953,""9"":1368,""10"":1725}","{""1"":6,""2"":6,""3"":6,""4"":6}","{""1"":284,""2"":284,""3"":267,""4"":272,""5"":255,""6"":279,""7"":286,""8"":283,""9"":289,""10"":290}",1494
104023401,104023,4,1,"{""1"":60,""2"":35,""3"":55,""4"":64,""5"":57,""6"":41,""7"":23,""8"":33,""9"":62,""10"":53}","{""1"":1,""2"":1,""3"":1,""4"":1}","{""1"":129,""2"":87,""3"":111,""4"":111,""5"":100,""6"":81,""7"":93,""8"":93,""9"":119,""10"":105}",48
104023402,104023,4,2,"{""1"":120,""2"":70,""3"":110,""4"":128,""5"":115,""6"":81,""7"":47,""8"":65,""9"":125,""10"":105}","{""1"":2,""2"":1,""3"":1,""4"":1}","{""1"":129,""2"":102,""3"":111,""4"":126,""5"":100,""6"":96,""7"":93,""8"":108,""9"":119,""10"":120}",97
104023403,104023,4,3,"{""1"":180,""2"":104,""3"":166,""4"":191,""5"":172,""6"":122,""7"":70,""8"":98,""9"":187,""10"":158}","{""1"":2,""2"":2,""3"":1,""4"":1}","{""1"":144,""2"":117,""3"":111,""4"":126,""5"":115,""6"":111,""7"":93,""8"":108,""9"":119,""10"":135}",145
104023404,104023,4,4,"{""1"":239,""2"":139,""3"":221,""4"":255,""5"":230,""6"":162,""7"":94,""8"":130,""9"":250,""10"":210}","{""1"":2,""2"":2,""3"":2,""4"":1}","{""1"":144,""2"":117,""3"":126,""4"":141,""5"":115,""6"":111,""7"":108,""8"":123,""9"":134,""10"":135}",193
104023405,104023,4,5,"{""1"":299,""2"":174,""3"":276,""4"":319,""5"":287,""6"":203,""7"":117,""8"":163,""9"":312,""10"":263}","{""1"":2,""2"":2,""3"":2,""4"":2}","{""1"":144,""2"":117,""3"":126,""4"":156,""5"":130,""6"":126,""7"":108,""8"":138,""9"":149,""10"":135}",241
104023406,104023,4,6,"{""1"":359,""2"":209,""3"":331,""4"":383,""5"":344,""6"":243,""7"":140,""8"":195,""9"":374,""10"":315}","{""1"":3,""2"":2,""3"":2,""4"":2}","{""1"":159,""2"":132,""3"":141,""4"":156,""5"":130,""6"":126,""7"":123,""8"":138,""9"":149,""10"":150}",289
104023407,104023,4,7,"{""1"":419,""2"":244,""3"":386,""4"":447,""5"":402,""6"":284,""7"":164,""8"":228,""9"":437,""10"":368}","{""1"":3,""2"":3,""3"":2,""4"":2}","{""1"":174,""2"":132,""3"":156,""4"":156,""5"":145,""6"":126,""7"":138,""8"":138,""9"":164,""10"":150}",338
104023408,104023,4,8,"{""1"":479,""2"":278,""3"":442,""4"":511,""5"":459,""6"":324,""7"":187,""8"":260,""9"":499,""10"":420}","{""1"":3,""2"":3,""3"":3,""4"":2}","{""1"":174,""2"":147,""3"":156,""4"":171,""5"":145,""6"":141,""7"":138,""8"":153,""9"":164,""10"":165}",386
104023409,104023,4,9,"{""1"":539,""2"":313,""3"":497,""4"":574,""5"":516,""6"":365,""7"":211,""8"":293,""9"":562,""10"":473}","{""1"":3,""2"":3,""3"":3,""4"":3}","{""1"":189,""2"":162,""3"":156,""4"":171,""5"":160,""6"":156,""7"":138,""8"":153,""9"":164,""10"":180}",434
104023410,104023,4,10,"{""1"":599,""2"":348,""3"":552,""4"":638,""5"":574,""6"":405,""7"":234,""8"":326,""9"":624,""10"":525}","{""1"":4,""2"":3,""3"":3,""4"":3}","{""1"":189,""2"":162,""3"":171,""4"":186,""5"":160,""6"":156,""7"":153,""8"":168,""9"":179,""10"":180}",483
104023500,104023,5,0,"{""1"":658,""2"":383,""3"":607,""4"":702,""5"":631,""6"":446,""7"":257,""8"":358,""9"":686,""10"":578}","{""1"":4,""2"":4,""3"":3,""4"":3}","{""1"":189,""2"":162,""3"":186,""4"":201,""5"":175,""6"":156,""7"":153,""8"":168,""9"":179,""10"":180}",531
104023501,104023,5,1,"{""1"":718,""2"":418,""3"":662,""4"":766,""5"":689,""6"":486,""7"":281,""8"":391,""9"":749,""10"":630}","{""1"":4,""2"":4,""3"":4,""4"":3}","{""1"":209,""2"":162,""3"":206,""4"":201,""5"":195,""6"":156,""7"":173,""8"":168,""9"":199,""10"":180}",579
104023502,104023,5,2,"{""1"":838,""2"":487,""3"":773,""4"":894,""5"":803,""6"":567,""7"":328,""8"":456,""9"":874,""10"":735}","{""1"":4,""2"":4,""3"":4,""4"":4}","{""1"":209,""2"":182,""3"":206,""4"":221,""5"":195,""6"":176,""7"":173,""8"":188,""9"":199,""10"":200}",676
104023503,104023,5,3,"{""1"":958,""2"":557,""3"":883,""4"":1021,""5"":918,""6"":648,""7"":374,""8"":521,""9"":998,""10"":840}","{""1"":5,""2"":4,""3"":4,""4"":4}","{""1"":229,""2"":202,""3"":206,""4"":221,""5"":215,""6"":196,""7"":173,""8"":188,""9"":199,""10"":220}",772
104023504,104023,5,4,"{""1"":1077,""2"":626,""3"":994,""4"":1149,""5"":1033,""6"":729,""7"":421,""8"":586,""9"":1123,""10"":945}","{""1"":5,""2"":5,""3"":4,""4"":4}","{""1"":229,""2"":202,""3"":226,""4"":241,""5"":215,""6"":196,""7"":193,""8"":208,""9"":219,""10"":220}",868
104023505,104023,5,5,"{""1"":1197,""2"":696,""3"":1104,""4"":1277,""5"":1148,""6"":810,""7"":468,""8"":651,""9"":1248,""10"":1050}","{""1"":5,""2"":5,""3"":5,""4"":4}","{""1"":229,""2"":202,""3"":226,""4"":261,""5"":235,""6"":216,""7"":193,""8"":228,""9"":239,""10"":220}",965
104023506,104023,5,6,"{""1"":1317,""2"":766,""3"":1214,""4"":1404,""5"":1262,""6"":891,""7"":515,""8"":716,""9"":1373,""10"":1155}","{""1"":5,""2"":5,""3"":5,""4"":5}","{""1"":249,""2"":222,""3"":246,""4"":261,""5"":235,""6"":216,""7"":213,""8"":228,""9"":239,""10"":240}",1061
104023507,104023,5,7,"{""1"":1436,""2"":835,""3"":1325,""4"":1532,""5"":1377,""6"":972,""7"":562,""8"":781,""9"":1498,""10"":1260}","{""1"":6,""2"":5,""3"":5,""4"":5}","{""1"":269,""2"":222,""3"":266,""4"":261,""5"":255,""6"":216,""7"":233,""8"":228,""9"":259,""10"":240}",1158
104023508,104023,5,8,"{""1"":1556,""2"":905,""3"":1435,""4"":1659,""5"":1492,""6"":1053,""7"":608,""8"":846,""9"":1622,""10"":1365}","{""1"":6,""2"":6,""3"":5,""4"":5}","{""1"":269,""2"":242,""3"":266,""4"":281,""5"":255,""6"":236,""7"":233,""8"":248,""9"":259,""10"":260}",1254
104023509,104023,5,9,"{""1"":1676,""2"":974,""3"":1546,""4"":1787,""5"":1607,""6"":1134,""7"":655,""8"":911,""9"":1747,""10"":1470}","{""1"":6,""2"":6,""3"":6,""4"":5}","{""1"":289,""2"":262,""3"":266,""4"":281,""5"":275,""6"":256,""7"":233,""8"":248,""9"":259,""10"":280}",1351
104023510,104023,5,10,"{""1"":1796,""2"":1044,""3"":1656,""4"":1915,""5"":1721,""6"":1215,""7"":702,""8"":977,""9"":1872,""10"":1575}","{""1"":6,""2"":6,""3"":6,""4"":6}","{""1"":289,""2"":262,""3"":286,""4"":301,""5"":275,""6"":256,""7"":253,""8"":268,""9"":279,""10"":280}",1447
104024401,104024,4,1,"{""1"":66,""2"":37,""3"":63,""4"":63,""5"":65,""6"":48,""7"":32,""8"":20,""9"":67,""10"":51}","{""1"":1,""2"":1,""3"":1,""4"":1}","{""1"":129,""2"":93,""3"":129,""4"":110,""5"":115,""6"":96,""7"":95,""8"":79,""9"":126,""10"":101}",51
104024402,104024,4,2,"{""1"":131,""2"":74,""3"":125,""4"":127,""5"":130,""6"":96,""7"":64,""8"":40,""9"":133,""10"":101}","{""1"":2,""2"":1,""3"":1,""4"":1}","{""1"":129,""2"":108,""3"":129,""4"":125,""5"":115,""6"":111,""7"":95,""8"":94,""9"":126,""10"":116}",102
104024403,104024,4,3,"{""1"":197,""2"":112,""3"":188,""4"":190,""5"":195,""6"":144,""7"":96,""8"":59,""9"":200,""10"":152}","{""1"":2,""2"":2,""3"":1,""4"":1}","{""1"":144,""2"":123,""3"":129,""4"":125,""5"":130,""6"":126,""7"":95,""8"":94,""9"":126,""10"":131}",153
104024404,104024,4,4,"{""1"":262,""2"":149,""3"":251,""4"":253,""5"":260,""6"":192,""7"":128,""8"":79,""9"":266,""10"":202}","{""1"":2,""2"":2,""3"":2,""4"":1}","{""1"":144,""2"":123,""3"":144,""4"":140,""5"":130,""6"":126,""7"":110,""8"":109,""9"":141,""10"":131}",204
104024405,104024,4,5,"{""1"":328,""2"":186,""3"":314,""4"":316,""5"":325,""6"":240,""7"":160,""8"":99,""9"":333,""10"":253}","{""1"":2,""2"":2,""3"":2,""4"":2}","{""1"":144,""2"":123,""3"":144,""4"":155,""5"":145,""6"":141,""7"":110,""8"":124,""9"":156,""10"":131}",255
104024406,104024,4,6,"{""1"":393,""2"":223,""3"":376,""4"":380,""5"":390,""6"":288,""7"":192,""8"":119,""9"":400,""10"":303}","{""1"":3,""2"":2,""3"":2,""4"":2}","{""1"":159,""2"":138,""3"":159,""4"":155,""5"":145,""6"":141,""7"":125,""8"":124,""9"":156,""10"":146}",306
104024407,104024,4,7,"{""1"":459,""2"":260,""3"":439,""4"":443,""5"":455,""6"":336,""7"":224,""8"":138,""9"":466,""10"":354}","{""1"":3,""2"":3,""3"":2,""4"":2}","{""1"":174,""2"":138,""3"":174,""4"":155,""5"":160,""6"":141,""7"":140,""8"":124,""9"":171,""10"":146}",357
104024408,104024,4,8,"{""1"":524,""2"":298,""3"":502,""4"":506,""5"":520,""6"":384,""7"":256,""8"":158,""9"":533,""10"":404}","{""1"":3,""2"":3,""3"":3,""4"":2}","{""1"":174,""2"":153,""3"":174,""4"":170,""5"":160,""6"":156,""7"":140,""8"":139,""9"":171,""10"":161}",409
104024409,104024,4,9,"{""1"":590,""2"":335,""3"":564,""4"":569,""5"":585,""6"":432,""7"":288,""8"":178,""9"":599,""10"":455}","{""1"":3,""2"":3,""3"":3,""4"":3}","{""1"":189,""2"":168,""3"":174,""4"":170,""5"":175,""6"":171,""7"":140,""8"":139,""9"":171,""10"":176}",460
104024410,104024,4,10,"{""1"":656,""2"":372,""3"":627,""4"":633,""5"":650,""6"":480,""7"":320,""8"":198,""9"":666,""10"":505}","{""1"":4,""2"":3,""3"":3,""4"":3}","{""1"":189,""2"":168,""3"":189,""4"":185,""5"":175,""6"":171,""7"":155,""8"":154,""9"":186,""10"":176}",511
104024500,104024,5,0,"{""1"":721,""2"":409,""3"":690,""4"":696,""5"":715,""6"":528,""7"":352,""8"":217,""9"":733,""10"":556}","{""1"":4,""2"":4,""3"":3,""4"":3}","{""1"":204,""2"":168,""3"":204,""4"":200,""5"":175,""6"":171,""7"":155,""8"":154,""9"":186,""10"":176}",562
104024501,104024,5,1,"{""1"":787,""2"":446,""3"":752,""4"":759,""5"":780,""6"":576,""7"":384,""8"":237,""9"":799,""10"":606}","{""1"":4,""2"":4,""3"":4,""4"":3}","{""1"":224,""2"":168,""3"":224,""4"":200,""5"":195,""6"":171,""7"":175,""8"":154,""9"":206,""10"":176}",613
104024502,104024,5,2,"{""1"":918,""2"":521,""3"":878,""4"":886,""5"":910,""6"":672,""7"":448,""8"":277,""9"":932,""10"":707}","{""1"":4,""2"":4,""3"":4,""4"":4}","{""1"":224,""2"":188,""3"":224,""4"":220,""5"":195,""6"":191,""7"":175,""8"":174,""9"":206,""10"":196}",715
104024503,104024,5,3,"{""1"":1049,""2"":595,""3"":1003,""4"":1012,""5"":1040,""6"":768,""7"":512,""8"":316,""9"":1066,""10"":808}","{""1"":5,""2"":4,""3"":4,""4"":4}","{""1"":244,""2"":208,""3"":224,""4"":220,""5"":215,""6"":211,""7"":175,""8"":174,""9"":206,""10"":216}",817
104024504,104024,5,4,"{""1"":1180,""2"":670,""3"":1129,""4"":1139,""5"":1170,""6"":864,""7"":576,""8"":356,""9"":1199,""10"":909}","{""1"":5,""2"":5,""3"":4,""4"":4}","{""1"":244,""2"":208,""3"":244,""4"":240,""5"":215,""6"":211,""7"":195,""8"":194,""9"":226,""10"":216}",919
104024505,104024,5,5,"{""1"":1311,""2"":744,""3"":1254,""4"":1265,""5"":1300,""6"":960,""7"":640,""8"":395,""9"":1332,""10"":1010}","{""1"":5,""2"":5,""3"":5,""4"":4}","{""1"":244,""2"":208,""3"":244,""4"":260,""5"":235,""6"":231,""7"":195,""8"":214,""9"":246,""10"":216}",1021
104024506,104024,5,6,"{""1"":1442,""2"":818,""3"":1379,""4"":1392,""5"":1430,""6"":1056,""7"":704,""8"":435,""9"":1465,""10"":1111}","{""1"":5,""2"":5,""3"":5,""4"":5}","{""1"":264,""2"":228,""3"":264,""4"":260,""5"":235,""6"":231,""7"":215,""8"":214,""9"":246,""10"":236}",1123
104024507,104024,5,7,"{""1"":1573,""2"":893,""3"":1505,""4"":1518,""5"":1560,""6"":1152,""7"":768,""8"":474,""9"":1598,""10"":1212}","{""1"":6,""2"":5,""3"":5,""4"":5}","{""1"":284,""2"":228,""3"":284,""4"":260,""5"":255,""6"":231,""7"":235,""8"":214,""9"":266,""10"":236}",1225
104024508,104024,5,8,"{""1"":1704,""2"":967,""3"":1630,""4"":1645,""5"":1690,""6"":1248,""7"":832,""8"":514,""9"":1732,""10"":1313}","{""1"":6,""2"":6,""3"":5,""4"":5}","{""1"":284,""2"":248,""3"":284,""4"":280,""5"":255,""6"":251,""7"":235,""8"":234,""9"":266,""10"":256}",1328
104024509,104024,5,9,"{""1"":1835,""2"":1042,""3"":1756,""4"":1771,""5"":1820,""6"":1344,""7"":896,""8"":553,""9"":1865,""10"":1414}","{""1"":6,""2"":6,""3"":6,""4"":5}","{""1"":304,""2"":268,""3"":284,""4"":280,""5"":275,""6"":271,""7"":235,""8"":234,""9"":266,""10"":276}",1430
104024510,104024,5,10,"{""1"":1967,""2"":1116,""3"":1881,""4"":1898,""5"":1950,""6"":1440,""7"":960,""8"":593,""9"":1998,""10"":1515}","{""1"":6,""2"":6,""3"":6,""4"":6}","{""1"":304,""2"":268,""3"":304,""4"":300,""5"":275,""6"":271,""7"":255,""8"":254,""9"":286,""10"":276}",1532
104025401,104025,4,1,"{""1"":55,""2"":38,""3"":67,""4"":67,""5"":75,""6"":53,""7"":23,""8"":30,""9"":64,""10"":52}","{""1"":1,""2"":1,""3"":1,""4"":1}","{""1"":119,""2"":94,""3"":132,""4"":117,""5"":126,""6"":105,""7"":93,""8"":85,""9"":122,""10"":104}",52
104025402,104025,4,2,"{""1"":109,""2"":75,""3"":135,""4"":135,""5"":150,""6"":105,""7"":47,""8"":60,""9"":128,""10"":104}","{""1"":2,""2"":1,""3"":1,""4"":1}","{""1"":119,""2"":109,""3"":132,""4"":132,""5"":126,""6"":120,""7"":93,""8"":100,""9"":122,""10"":119}",105
104025403,104025,4,3,"{""1"":164,""2"":113,""3"":202,""4"":202,""5"":225,""6"":158,""7"":70,""8"":89,""9"":193,""10"":156}","{""1"":2,""2"":2,""3"":1,""4"":1}","{""1"":134,""2"":124,""3"":132,""4"":132,""5"":141,""6"":135,""7"":93,""8"":100,""9"":122,""10"":134}",157
104025404,104025,4,4,"{""1"":218,""2"":150,""3"":269,""4"":269,""5"":300,""6"":210,""7"":94,""8"":119,""9"":257,""10"":208}","{""1"":2,""2"":2,""3"":2,""4"":1}","{""1"":134,""2"":124,""3"":147,""4"":147,""5"":141,""6"":135,""7"":108,""8"":115,""9"":137,""10"":134}",209
104025405,104025,4,5,"{""1"":273,""2"":188,""3"":336,""4"":336,""5"":375,""6"":263,""7"":117,""8"":149,""9"":321,""10"":260}","{""1"":2,""2"":2,""3"":2,""4"":2}","{""1"":134,""2"":124,""3"":147,""4"":162,""5"":156,""6"":150,""7"":108,""8"":130,""9"":152,""10"":134}",262
104025406,104025,4,6,"{""1"":328,""2"":226,""3"":404,""4"":404,""5"":450,""6"":315,""7"":140,""8"":179,""9"":385,""10"":312}","{""1"":3,""2"":2,""3"":2,""4"":2}","{""1"":149,""2"":139,""3"":162,""4"":162,""5"":156,""6"":150,""7"":123,""8"":130,""9"":152,""10"":149}",314
104025407,104025,4,7,"{""1"":382,""2"":263,""3"":471,""4"":471,""5"":524,""6"":368,""7"":164,""8"":208,""9"":449,""10"":364}","{""1"":3,""2"":3,""3"":2,""4"":2}","{""1"":164,""2"":139,""3"":177,""4"":162,""5"":171,""6"":150,""7"":138,""8"":130,""9"":167,""10"":149}",366
104025408,104025,4,8,"{""1"":437,""2"":301,""3"":538,""4"":538,""5"":599,""6"":420,""7"":187,""8"":238,""9"":514,""10"":416}","{""1"":3,""2"":3,""3"":3,""4"":2}","{""1"":164,""2"":154,""3"":177,""4"":177,""5"":171,""6"":165,""7"":138,""8"":145,""9"":167,""10"":164}",419
104025409,104025,4,9,"{""1"":491,""2"":338,""3"":605,""4"":605,""5"":674,""6"":473,""7"":211,""8"":268,""9"":578,""10"":468}","{""1"":3,""2"":3,""3"":3,""4"":3}","{""1"":179,""2"":169,""3"":177,""4"":177,""5"":186,""6"":180,""7"":138,""8"":145,""9"":167,""10"":179}",471
104025410,104025,4,10,"{""1"":546,""2"":376,""3"":673,""4"":673,""5"":749,""6"":525,""7"":234,""8"":298,""9"":642,""10"":520}","{""1"":4,""2"":3,""3"":3,""4"":3}","{""1"":179,""2"":169,""3"":192,""4"":192,""5"":186,""6"":180,""7"":153,""8"":160,""9"":182,""10"":179}",524
104025500,104025,5,0,"{""1"":601,""2"":414,""3"":740,""4"":740,""5"":824,""6"":578,""7"":257,""8"":327,""9"":706,""10"":572}","{""1"":4,""2"":4,""3"":3,""4"":3}","{""1"":179,""2"":169,""3"":207,""4"":207,""5"":201,""6"":180,""7"":153,""8"":160,""9"":182,""10"":179}",576
104025501,104025,5,1,"{""1"":655,""2"":451,""3"":807,""4"":807,""5"":899,""6"":630,""7"":281,""8"":357,""9"":770,""10"":624}","{""1"":4,""2"":4,""3"":4,""4"":3}","{""1"":199,""2"":169,""3"":227,""4"":207,""5"":221,""6"":180,""7"":173,""8"":160,""9"":202,""10"":179}",628
104025502,104025,5,2,"{""1"":764,""2"":526,""3"":942,""4"":942,""5"":1049,""6"":735,""7"":328,""8"":417,""9"":899,""10"":728}","{""1"":4,""2"":4,""3"":4,""4"":4}","{""1"":199,""2"":189,""3"":227,""4"":227,""5"":221,""6"":200,""7"":173,""8"":180,""9"":202,""10"":199}",733
104025503,104025,5,3,"{""1"":874,""2"":602,""3"":1076,""4"":1076,""5"":1199,""6"":840,""7"":374,""8"":476,""9"":1027,""10"":832}","{""1"":5,""2"":4,""3"":4,""4"":4}","{""1"":219,""2"":209,""3"":227,""4"":227,""5"":241,""6"":220,""7"":173,""8"":180,""9"":202,""10"":219}",838
104025504,104025,5,4,"{""1"":983,""2"":677,""3"":1211,""4"":1211,""5"":1349,""6"":945,""7"":421,""8"":536,""9"":1156,""10"":936}","{""1"":5,""2"":5,""3"":4,""4"":4}","{""1"":219,""2"":209,""3"":247,""4"":247,""5"":241,""6"":220,""7"":193,""8"":200,""9"":222,""10"":219}",943
104025505,104025,5,5,"{""1"":1092,""2"":752,""3"":1346,""4"":1346,""5"":1499,""6"":1050,""7"":468,""8"":595,""9"":1284,""10"":1040}","{""1"":5,""2"":5,""3"":5,""4"":4}","{""1"":219,""2"":209,""3"":247,""4"":267,""5"":261,""6"":240,""7"":193,""8"":220,""9"":242,""10"":219}",1047
104025506,104025,5,6,"{""1"":1201,""2"":827,""3"":1480,""4"":1480,""5"":1648,""6"":1155,""7"":515,""8"":655,""9"":1412,""10"":1144}","{""1"":5,""2"":5,""3"":5,""4"":5}","{""1"":239,""2"":229,""3"":267,""4"":267,""5"":261,""6"":240,""7"":213,""8"":220,""9"":242,""10"":239}",1152
104025507,104025,5,7,"{""1"":1310,""2"":902,""3"":1615,""4"":1615,""5"":1798,""6"":1260,""7"":562,""8"":714,""9"":1541,""10"":1248}","{""1"":6,""2"":5,""3"":5,""4"":5}","{""1"":259,""2"":229,""3"":287,""4"":267,""5"":281,""6"":240,""7"":233,""8"":220,""9"":262,""10"":239}",1257
104025508,104025,5,8,"{""1"":1420,""2"":978,""3"":1749,""4"":1749,""5"":1948,""6"":1365,""7"":608,""8"":774,""9"":1669,""10"":1352}","{""1"":6,""2"":6,""3"":5,""4"":5}","{""1"":259,""2"":249,""3"":287,""4"":287,""5"":281,""6"":260,""7"":233,""8"":240,""9"":262,""10"":259}",1361
104025509,104025,5,9,"{""1"":1529,""2"":1053,""3"":1884,""4"":1884,""5"":2098,""6"":1470,""7"":655,""8"":833,""9"":1798,""10"":1456}","{""1"":6,""2"":6,""3"":6,""4"":5}","{""1"":279,""2"":269,""3"":287,""4"":287,""5"":301,""6"":280,""7"":233,""8"":240,""9"":262,""10"":279}",1466
104025510,104025,5,10,"{""1"":1638,""2"":1128,""3"":2018,""4"":2018,""5"":2248,""6"":1575,""7"":702,""8"":893,""9"":1926,""10"":1560}","{""1"":6,""2"":6,""3"":6,""4"":6}","{""1"":279,""2"":269,""3"":307,""4"":307,""5"":301,""6"":280,""7"":253,""8"":260,""9"":282,""10"":279}",1571
104026401,104026,4,1,"{""1"":45,""2"":67,""3"":34,""4"":41,""5"":34,""6"":59,""7"":76,""8"":77,""9"":48,""10"":56}","{""1"":1,""2"":1,""3"":1,""4"":1}","{""1"":115,""2"":111,""3"":96,""4"":97,""5"":111,""6"":117,""7"":132,""8"":110,""9"":135,""10"":111}",54
104026402,104026,4,2,"{""1"":90,""2"":133,""3"":69,""4"":82,""5"":67,""6"":117,""7"":152,""8"":154,""9"":96,""10"":111}","{""1"":2,""2"":1,""3"":1,""4"":1}","{""1"":115,""2"":126,""3"":96,""4"":112,""5"":111,""6"":132,""7"":132,""8"":125,""9"":135,""10"":126}",107
104026403,104026,4,3,"{""1"":135,""2"":200,""3"":103,""4"":124,""5"":101,""6"":176,""7"":228,""8"":231,""9"":144,""10"":167}","{""1"":2,""2"":2,""3"":1,""4"":1}","{""1"":130,""2"":141,""3"":96,""4"":112,""5"":126,""6"":147,""7"":132,""8"":125,""9"":135,""10"":141}",161
104026404,104026,4,4,"{""1"":180,""2"":266,""3"":138,""4"":165,""5"":134,""6"":234,""7"":304,""8"":308,""9"":192,""10"":222}","{""1"":2,""2"":2,""3"":2,""4"":1}","{""1"":130,""2"":141,""3"":111,""4"":127,""5"":126,""6"":147,""7"":147,""8"":140,""9"":150,""10"":141}",214
104026405,104026,4,5,"{""1"":225,""2"":333,""3"":172,""4"":206,""5"":168,""6"":293,""7"":380,""8"":385,""9"":240,""10"":278}","{""1"":2,""2"":2,""3"":2,""4"":2}","{""1"":130,""2"":141,""3"":111,""4"":142,""5"":141,""6"":162,""7"":147,""8"":155,""9"":165,""10"":141}",268
104026406,104026,4,6,"{""1"":270,""2"":400,""3"":207,""4"":247,""5"":202,""6"":351,""7"":456,""8"":462,""9"":288,""10"":333}","{""1"":3,""2"":2,""3"":2,""4"":2}","{""1"":145,""2"":156,""3"":126,""4"":142,""5"":141,""6"":162,""7"":162,""8"":155,""9"":165,""10"":156}",322
104026407,104026,4,7,"{""1"":315,""2"":466,""3"":241,""4"":289,""5"":235,""6"":410,""7"":532,""8"":539,""9"":336,""10"":389}","{""1"":3,""2"":3,""3"":2,""4"":2}","{""1"":160,""2"":156,""3"":141,""4"":142,""5"":156,""6"":162,""7"":177,""8"":155,""9"":180,""10"":156}",375
104026408,104026,4,8,"{""1"":360,""2"":533,""3"":275,""4"":330,""5"":269,""6"":468,""7"":608,""8"":616,""9"":384,""10"":444}","{""1"":3,""2"":3,""3"":3,""4"":2}","{""1"":160,""2"":171,""3"":141,""4"":157,""5"":156,""6"":177,""7"":177,""8"":170,""9"":180,""10"":171}",429
104026409,104026,4,9,"{""1"":405,""2"":599,""3"":310,""4"":371,""5"":302,""6"":527,""7"":684,""8"":693,""9"":432,""10"":500}","{""1"":3,""2"":3,""3"":3,""4"":3}","{""1"":175,""2"":186,""3"":141,""4"":157,""5"":171,""6"":192,""7"":177,""8"":170,""9"":180,""10"":186}",482
104026410,104026,4,10,"{""1"":450,""2"":666,""3"":344,""4"":412,""5"":336,""6"":585,""7"":761,""8"":770,""9"":480,""10"":555}","{""1"":4,""2"":3,""3"":3,""4"":3}","{""1"":175,""2"":186,""3"":156,""4"":172,""5"":171,""6"":192,""7"":192,""8"":185,""9"":195,""10"":186}",536
104026500,104026,5,0,"{""1"":495,""2"":733,""3"":379,""4"":453,""5"":370,""6"":644,""7"":837,""8"":847,""9"":528,""10"":611}","{""1"":4,""2"":4,""3"":3,""4"":3}","{""1"":175,""2"":186,""3"":156,""4"":172,""5"":171,""6"":207,""7"":207,""8"":200,""9"":195,""10"":186}",590
104026501,104026,5,1,"{""1"":540,""2"":799,""3"":413,""4"":495,""5"":403,""6"":702,""7"":913,""8"":924,""9"":576,""10"":666}","{""1"":4,""2"":4,""3"":4,""4"":3}","{""1"":195,""2"":186,""3"":176,""4"":172,""5"":191,""6"":207,""7"":227,""8"":200,""9"":215,""10"":186}",643
104026502,104026,5,2,"{""1"":630,""2"":932,""3"":482,""4"":577,""5"":470,""6"":819,""7"":1065,""8"":1078,""9"":672,""10"":777}","{""1"":4,""2"":4,""3"":4,""4"":4}","{""1"":195,""2"":206,""3"":176,""4"":192,""5"":191,""6"":227,""7"":227,""8"":220,""9"":215,""10"":206}",750
104026503,104026,5,3,"{""1"":720,""2"":1066,""3"":551,""4"":660,""5"":538,""6"":936,""7"":1217,""8"":1232,""9"":768,""10"":888}","{""1"":5,""2"":4,""3"":4,""4"":4}","{""1"":215,""2"":226,""3"":176,""4"":192,""5"":211,""6"":247,""7"":227,""8"":220,""9"":215,""10"":226}",858
104026504,104026,5,4,"{""1"":810,""2"":1199,""3"":620,""4"":742,""5"":605,""6"":1053,""7"":1369,""8"":1386,""9"":864,""10"":999}","{""1"":5,""2"":5,""3"":4,""4"":4}","{""1"":215,""2"":226,""3"":196,""4"":212,""5"":211,""6"":247,""7"":247,""8"":240,""9"":235,""10"":226}",965
104026505,104026,5,5,"{""1"":900,""2"":1332,""3"":689,""4"":825,""5"":672,""6"":1170,""7"":1521,""8"":1540,""9"":960,""10"":1110}","{""1"":5,""2"":5,""3"":5,""4"":4}","{""1"":215,""2"":226,""3"":196,""4"":232,""5"":231,""6"":267,""7"":247,""8"":260,""9"":255,""10"":226}",1072
104026506,104026,5,6,"{""1"":990,""2"":1465,""3"":757,""4"":907,""5"":739,""6"":1287,""7"":1673,""8"":1694,""9"":1056,""10"":1221}","{""1"":5,""2"":5,""3"":5,""4"":5}","{""1"":235,""2"":246,""3"":216,""4"":232,""5"":231,""6"":267,""7"":267,""8"":260,""9"":255,""10"":246}",1179
104026507,104026,5,7,"{""1"":1080,""2"":1598,""3"":826,""4"":989,""5"":806,""6"":1404,""7"":1825,""8"":1848,""9"":1152,""10"":1332}","{""1"":6,""2"":5,""3"":5,""4"":5}","{""1"":255,""2"":246,""3"":236,""4"":232,""5"":251,""6"":267,""7"":287,""8"":260,""9"":275,""10"":246}",1286
104026508,104026,5,8,"{""1"":1170,""2"":1732,""3"":895,""4"":1072,""5"":874,""6"":1521,""7"":1977,""8"":2002,""9"":1248,""10"":1443}","{""1"":6,""2"":6,""3"":5,""4"":5}","{""1"":255,""2"":266,""3"":236,""4"":252,""5"":251,""6"":287,""7"":287,""8"":280,""9"":275,""10"":266}",1393
104026509,104026,5,9,"{""1"":1260,""2"":1865,""3"":964,""4"":1154,""5"":941,""6"":1638,""7"":2129,""8"":2156,""9"":1344,""10"":1554}","{""1"":6,""2"":6,""3"":6,""4"":5}","{""1"":275,""2"":286,""3"":236,""4"":252,""5"":271,""6"":307,""7"":287,""8"":280,""9"":275,""10"":286}",1501
104026510,104026,5,10,"{""1"":1350,""2"":1998,""3"":1033,""4"":1237,""5"":1008,""6"":1755,""7"":2282,""8"":2310,""9"":1440,""10"":1665}","{""1"":6,""2"":6,""3"":6,""4"":6}","{""1"":275,""2"":286,""3"":256,""4"":272,""5"":271,""6"":307,""7"":307,""8"":300,""9"":295,""10"":286}",1608
104027401,104027,4,1,"{""1"":63,""2"":38,""3"":53,""4"":64,""5"":71,""6"":51,""7"":31,""8"":25,""9"":69,""10"":55}","{""1"":1,""2"":1,""3"":1,""4"":1}","{""1"":125,""2"":96,""3"":111,""4"":111,""5"":124,""6"":102,""7"":93,""8"":98,""9"":130,""10"":109}",52
104027402,104027,4,2,"{""1"":127,""2"":77,""3"":106,""4"":128,""5"":142,""6"":102,""7"":62,""8"":49,""9"":138,""10"":109}","{""1"":2,""2"":1,""3"":1,""4"":1}","{""1"":125,""2"":111,""3"":111,""4"":126,""5"":124,""6"":117,""7"":93,""8"":113,""9"":130,""10"":124}",104
104027403,104027,4,3,"{""1"":190,""2"":115,""3"":158,""4"":191,""5"":213,""6"":153,""7"":94,""8"":74,""9"":207,""10"":164}","{""1"":2,""2"":2,""3"":1,""4"":1}","{""1"":140,""2"":126,""3"":111,""4"":126,""5"":139,""6"":132,""7"":93,""8"":113,""9"":130,""10"":139}",156
104027404,104027,4,4,"{""1"":253,""2"":154,""3"":211,""4"":255,""5"":283,""6"":204,""7"":125,""8"":98,""9"":276,""10"":218}","{""1"":2,""2"":2,""3"":2,""4"":1}","{""1"":140,""2"":126,""3"":126,""4"":141,""5"":139,""6"":132,""7"":108,""8"":128,""9"":145,""10"":139}",208
104027405,104027,4,5,"{""1"":316,""2"":192,""3"":264,""4"":319,""5"":354,""6"":255,""7"":156,""8"":123,""9"":345,""10"":273}","{""1"":2,""2"":2,""3"":2,""4"":2}","{""1"":140,""2"":126,""3"":126,""4"":156,""5"":154,""6"":147,""7"":108,""8"":143,""9"":160,""10"":139}",260
104027406,104027,4,6,"{""1"":380,""2"":230,""3"":317,""4"":383,""5"":425,""6"":306,""7"":187,""8"":147,""9"":414,""10"":327}","{""1"":3,""2"":2,""3"":2,""4"":2}","{""1"":155,""2"":141,""3"":141,""4"":156,""5"":154,""6"":147,""7"":123,""8"":143,""9"":160,""10"":154}",312
104027407,104027,4,7,"{""1"":443,""2"":269,""3"":370,""4"":447,""5"":496,""6"":357,""7"":218,""8"":172,""9"":483,""10"":382}","{""1"":3,""2"":3,""3"":2,""4"":2}","{""1"":170,""2"":141,""3"":156,""4"":156,""5"":169,""6"":147,""7"":138,""8"":143,""9"":175,""10"":154}",364
104027408,104027,4,8,"{""1"":506,""2"":307,""3"":422,""4"":511,""5"":567,""6"":408,""7"":250,""8"":196,""9"":552,""10"":436}","{""1"":3,""2"":3,""3"":3,""4"":2}","{""1"":170,""2"":156,""3"":156,""4"":171,""5"":169,""6"":162,""7"":138,""8"":158,""9"":175,""10"":169}",416
104027409,104027,4,9,"{""1"":569,""2"":346,""3"":475,""4"":574,""5"":638,""6"":459,""7"":281,""8"":221,""9"":621,""10"":491}","{""1"":3,""2"":3,""3"":3,""4"":3}","{""1"":185,""2"":171,""3"":156,""4"":171,""5"":184,""6"":177,""7"":138,""8"":158,""9"":175,""10"":184}",468
104027410,104027,4,10,"{""1"":633,""2"":384,""3"":528,""4"":638,""5"":709,""6"":510,""7"":312,""8"":245,""9"":690,""10"":545}","{""1"":4,""2"":3,""3"":3,""4"":3}","{""1"":185,""2"":171,""3"":171,""4"":186,""5"":184,""6"":177,""7"":153,""8"":173,""9"":190,""10"":184}",519
104027500,104027,5,0,"{""1"":696,""2"":422,""3"":581,""4"":702,""5"":779,""6"":561,""7"":343,""8"":270,""9"":759,""10"":600}","{""1"":4,""2"":4,""3"":3,""4"":3}","{""1"":200,""2"":171,""3"":186,""4"":201,""5"":184,""6"":177,""7"":153,""8"":173,""9"":190,""10"":184}",571
104027501,104027,5,1,"{""1"":759,""2"":461,""3"":634,""4"":766,""5"":850,""6"":612,""7"":374,""8"":294,""9"":828,""10"":654}","{""1"":4,""2"":4,""3"":4,""4"":3}","{""1"":220,""2"":171,""3"":206,""4"":201,""5"":204,""6"":177,""7"":173,""8"":173,""9"":210,""10"":184}",623
104027502,104027,5,2,"{""1"":886,""2"":538,""3"":739,""4"":894,""5"":992,""6"":714,""7"":437,""8"":343,""9"":966,""10"":763}","{""1"":4,""2"":4,""3"":4,""4"":4}","{""1"":220,""2"":191,""3"":206,""4"":221,""5"":204,""6"":197,""7"":173,""8"":193,""9"":210,""10"":204}",727
104027503,104027,5,3,"{""1"":1012,""2"":614,""3"":845,""4"":1021,""5"":1134,""6"":816,""7"":499,""8"":392,""9"":1104,""10"":872}","{""1"":5,""2"":4,""3"":4,""4"":4}","{""1"":240,""2"":211,""3"":206,""4"":221,""5"":224,""6"":217,""7"":173,""8"":193,""9"":210,""10"":224}",831
104027504,104027,5,4,"{""1"":1139,""2"":691,""3"":950,""4"":1149,""5"":1275,""6"":918,""7"":562,""8"":441,""9"":1242,""10"":981}","{""1"":5,""2"":5,""3"":4,""4"":4}","{""1"":240,""2"":211,""3"":226,""4"":241,""5"":224,""6"":217,""7"":193,""8"":213,""9"":230,""10"":224}",935
104027505,104027,5,5,"{""1"":1265,""2"":768,""3"":1056,""4"":1277,""5"":1417,""6"":1020,""7"":624,""8"":490,""9"":1380,""10"":1090}","{""1"":5,""2"":5,""3"":5,""4"":4}","{""1"":240,""2"":211,""3"":226,""4"":261,""5"":244,""6"":237,""7"":193,""8"":233,""9"":250,""10"":224}",1039
104027506,104027,5,6,"{""1"":1392,""2"":845,""3"":1162,""4"":1404,""5"":1559,""6"":1122,""7"":686,""8"":539,""9"":1518,""10"":1199}","{""1"":5,""2"":5,""3"":5,""4"":5}","{""1"":260,""2"":231,""3"":246,""4"":261,""5"":244,""6"":237,""7"":213,""8"":233,""9"":250,""10"":244}",1143
104027507,104027,5,7,"{""1"":1518,""2"":922,""3"":1267,""4"":1532,""5"":1700,""6"":1224,""7"":749,""8"":588,""9"":1656,""10"":1308}","{""1"":6,""2"":5,""3"":5,""4"":5}","{""1"":280,""2"":231,""3"":266,""4"":261,""5"":264,""6"":237,""7"":233,""8"":233,""9"":270,""10"":244}",1246
104027508,104027,5,8,"{""1"":1645,""2"":998,""3"":1373,""4"":1659,""5"":1842,""6"":1326,""7"":811,""8"":637,""9"":1794,""10"":1417}","{""1"":6,""2"":6,""3"":5,""4"":5}","{""1"":280,""2"":251,""3"":266,""4"":281,""5"":264,""6"":257,""7"":233,""8"":253,""9"":270,""10"":264}",1350
104027509,104027,5,9,"{""1"":1771,""2"":1075,""3"":1478,""4"":1787,""5"":1984,""6"":1428,""7"":874,""8"":686,""9"":1932,""10"":1526}","{""1"":6,""2"":6,""3"":6,""4"":5}","{""1"":300,""2"":271,""3"":266,""4"":281,""5"":284,""6"":277,""7"":233,""8"":253,""9"":270,""10"":284}",1454
104027510,104027,5,10,"{""1"":1898,""2"":1152,""3"":1584,""4"":1915,""5"":2126,""6"":1530,""7"":936,""8"":735,""9"":2070,""10"":1635}","{""1"":6,""2"":6,""3"":6,""4"":6}","{""1"":300,""2"":271,""3"":286,""4"":301,""5"":284,""6"":277,""7"":253,""8"":273,""9"":290,""10"":284}",1558
104028401,104028,4,1,"{""1"":58,""2"":49,""3"":44,""4"":53,""5"":51,""6"":49,""7"":40,""8"":44,""9"":55,""10"":55}","{""1"":1,""2"":1,""3"":1,""4"":1}","{""1"":130,""2"":98,""3"":102,""4"":106,""5"":117,""6"":98,""7"":95,""8"":88,""9"":124,""10"":110}",50
104028402,104028,4,2,"{""1"":115,""2"":98,""3"":87,""4"":106,""5"":102,""6"":98,""7"":80,""8"":88,""9"":109,""10"":110}","{""1"":2,""2"":1,""3"":1,""4"":1}","{""1"":130,""2"":113,""3"":102,""4"":121,""5"":117,""6"":113,""7"":95,""8"":103,""9"":124,""10"":125}",99
104028403,104028,4,3,"{""1"":173,""2"":147,""3"":131,""4"":159,""5"":153,""6"":147,""7"":120,""8"":132,""9"":164,""10"":165}","{""1"":2,""2"":2,""3"":1,""4"":1}","{""1"":145,""2"":128,""3"":102,""4"":121,""5"":132,""6"":128,""7"":95,""8"":103,""9"":124,""10"":140}",149
104028404,104028,4,4,"{""1"":230,""2"":196,""3"":174,""4"":212,""5"":204,""6"":196,""7"":160,""8"":176,""9"":218,""10"":220}","{""1"":2,""2"":2,""3"":2,""4"":1}","{""1"":145,""2"":128,""3"":117,""4"":136,""5"":132,""6"":128,""7"":110,""8"":118,""9"":139,""10"":140}",199
104028405,104028,4,5,"{""1"":288,""2"":245,""3"":218,""4"":265,""5"":255,""6"":245,""7"":200,""8"":220,""9"":273,""10"":275}","{""1"":2,""2"":2,""3"":2,""4"":2}","{""1"":145,""2"":128,""3"":117,""4"":151,""5"":147,""6"":143,""7"":110,""8"":133,""9"":154,""10"":140}",248
104028406,104028,4,6,"{""1"":345,""2"":294,""3"":261,""4"":318,""5"":306,""6"":294,""7"":240,""8"":264,""9"":327,""10"":330}","{""1"":3,""2"":2,""3"":2,""4"":2}","{""1"":160,""2"":143,""3"":132,""4"":151,""5"":147,""6"":143,""7"":125,""8"":133,""9"":154,""10"":155}",298
104028407,104028,4,7,"{""1"":403,""2"":343,""3"":305,""4"":371,""5"":357,""6"":343,""7"":280,""8"":308,""9"":382,""10"":385}","{""1"":3,""2"":3,""3"":2,""4"":2}","{""1"":175,""2"":143,""3"":147,""4"":151,""5"":162,""6"":143,""7"":140,""8"":133,""9"":169,""10"":155}",348
104028408,104028,4,8,"{""1"":460,""2"":392,""3"":348,""4"":424,""5"":408,""6"":392,""7"":320,""8"":352,""9"":436,""10"":440}","{""1"":3,""2"":3,""3"":3,""4"":2}","{""1"":175,""2"":158,""3"":147,""4"":166,""5"":162,""6"":158,""7"":140,""8"":148,""9"":169,""10"":170}",397
104028409,104028,4,9,"{""1"":518,""2"":441,""3"":392,""4"":477,""5"":459,""6"":441,""7"":360,""8"":396,""9"":491,""10"":495}","{""1"":3,""2"":3,""3"":3,""4"":3}","{""1"":190,""2"":173,""3"":147,""4"":166,""5"":177,""6"":173,""7"":140,""8"":148,""9"":169,""10"":185}",447
104028410,104028,4,10,"{""1"":575,""2"":490,""3"":435,""4"":530,""5"":510,""6"":490,""7"":400,""8"":440,""9"":545,""10"":550}","{""1"":4,""2"":3,""3"":3,""4"":3}","{""1"":190,""2"":173,""3"":162,""4"":181,""5"":177,""6"":173,""7"":155,""8"":163,""9"":184,""10"":185}",497
104028500,104028,5,0,"{""1"":633,""2"":539,""3"":479,""4"":583,""5"":561,""6"":539,""7"":440,""8"":484,""9"":600,""10"":605}","{""1"":4,""2"":4,""3"":3,""4"":3}","{""1"":205,""2"":173,""3"":162,""4"":181,""5"":192,""6"":173,""7"":155,""8"":163,""9"":184,""10"":200}",546
104028501,104028,5,1,"{""1"":690,""2"":588,""3"":522,""4"":636,""5"":612,""6"":588,""7"":480,""8"":528,""9"":654,""10"":660}","{""1"":4,""2"":4,""3"":4,""4"":3}","{""1"":225,""2"":173,""3"":182,""4"":181,""5"":212,""6"":173,""7"":175,""8"":163,""9"":204,""10"":200}",596
104028502,104028,5,2,"{""1"":805,""2"":686,""3"":609,""4"":742,""5"":714,""6"":686,""7"":560,""8"":616,""9"":763,""10"":770}","{""1"":4,""2"":4,""3"":4,""4"":4}","{""1"":225,""2"":193,""3"":182,""4"":201,""5"":212,""6"":193,""7"":175,""8"":183,""9"":204,""10"":220}",695
104028503,104028,5,3,"{""1"":920,""2"":784,""3"":696,""4"":848,""5"":816,""6"":784,""7"":640,""8"":704,""9"":872,""10"":880}","{""1"":5,""2"":4,""3"":4,""4"":4}","{""1"":245,""2"":213,""3"":182,""4"":201,""5"":232,""6"":213,""7"":175,""8"":183,""9"":204,""10"":240}",794
104028504,104028,5,4,"{""1"":1035,""2"":882,""3"":783,""4"":954,""5"":918,""6"":882,""7"":720,""8"":792,""9"":981,""10"":990}","{""1"":5,""2"":5,""3"":4,""4"":4}","{""1"":245,""2"":213,""3"":202,""4"":221,""5"":232,""6"":213,""7"":195,""8"":203,""9"":224,""10"":240}",894
104028505,104028,5,5,"{""1"":1150,""2"":980,""3"":870,""4"":1060,""5"":1020,""6"":980,""7"":800,""8"":880,""9"":1090,""10"":1100}","{""1"":5,""2"":5,""3"":5,""4"":4}","{""1"":245,""2"":213,""3"":202,""4"":241,""5"":252,""6"":233,""7"":195,""8"":223,""9"":244,""10"":240}",993
104028506,104028,5,6,"{""1"":1265,""2"":1078,""3"":957,""4"":1166,""5"":1122,""6"":1078,""7"":880,""8"":968,""9"":1199,""10"":1210}","{""1"":5,""2"":5,""3"":5,""4"":5}","{""1"":265,""2"":233,""3"":222,""4"":241,""5"":252,""6"":233,""7"":215,""8"":223,""9"":244,""10"":260}",1092
104028507,104028,5,7,"{""1"":1380,""2"":1176,""3"":1044,""4"":1272,""5"":1224,""6"":1176,""7"":960,""8"":1056,""9"":1308,""10"":1320}","{""1"":6,""2"":5,""3"":5,""4"":5}","{""1"":285,""2"":233,""3"":242,""4"":241,""5"":272,""6"":233,""7"":235,""8"":223,""9"":264,""10"":260}",1192
104028508,104028,5,8,"{""1"":1495,""2"":1274,""3"":1131,""4"":1378,""5"":1326,""6"":1274,""7"":1040,""8"":1144,""9"":1417,""10"":1430}","{""1"":6,""2"":6,""3"":5,""4"":5}","{""1"":285,""2"":253,""3"":242,""4"":261,""5"":272,""6"":253,""7"":235,""8"":243,""9"":264,""10"":280}",1291
104028509,104028,5,9,"{""1"":1610,""2"":1372,""3"":1218,""4"":1484,""5"":1428,""6"":1372,""7"":1120,""8"":1232,""9"":1526,""10"":1540}","{""1"":6,""2"":6,""3"":6,""4"":5}","{""1"":305,""2"":273,""3"":242,""4"":261,""5"":292,""6"":273,""7"":235,""8"":243,""9"":264,""10"":300}",1390
104028510,104028,5,10,"{""1"":1725,""2"":1470,""3"":1305,""4"":1590,""5"":1530,""6"":1470,""7"":1200,""8"":1320,""9"":1635,""10"":1650}","{""1"":6,""2"":6,""3"":6,""4"":6}","{""1"":305,""2"":273,""3"":262,""4"":281,""5"":292,""6"":273,""7"":255,""8"":263,""9"":284,""10"":300}",1490
104029401,104029,4,1,"{""1"":57,""2"":45,""3"":44,""4"":53,""5"":48,""6"":47,""7"":42,""8"":51,""9"":54,""10"":53}","{""1"":1,""2"":1,""3"":1,""4"":1}","{""1"":128,""2"":89,""3"":102,""4"":106,""5"":111,""6"":93,""7"":99,""8"":101,""9"":122,""10"":105}",49
104029402,104029,4,2,"{""1"":113,""2"":89,""3"":87,""4"":106,""5"":96,""6"":93,""7"":84,""8"":101,""9"":107,""10"":105}","{""1"":2,""2"":1,""3"":1,""4"":1}","{""1"":128,""2"":104,""3"":102,""4"":121,""5"":111,""6"":108,""7"":99,""8"":116,""9"":122,""10"":120}",98
104029403,104029,4,3,"{""1"":170,""2"":134,""3"":131,""4"":159,""5"":144,""6"":140,""7"":126,""8"":152,""9"":161,""10"":158}","{""1"":2,""2"":2,""3"":1,""4"":1}","{""1"":143,""2"":119,""3"":102,""4"":121,""5"":126,""6"":123,""7"":99,""8"":116,""9"":122,""10"":135}",148
104029404,104029,4,4,"{""1"":226,""2"":178,""3"":174,""4"":212,""5"":192,""6"":186,""7"":168,""8"":202,""9"":214,""10"":210}","{""1"":2,""2"":2,""3"":2,""4"":1}","{""1"":143,""2"":119,""3"":117,""4"":136,""5"":126,""6"":123,""7"":114,""8"":131,""9"":137,""10"":135}",196
104029405,104029,4,5,"{""1"":283,""2"":223,""3"":218,""4"":265,""5"":240,""6"":233,""7"":210,""8"":253,""9"":268,""10"":263}","{""1"":2,""2"":2,""3"":2,""4"":2}","{""1"":143,""2"":119,""3"":117,""4"":151,""5"":141,""6"":138,""7"":114,""8"":146,""9"":152,""10"":135}",246
104029406,104029,4,6,"{""1"":339,""2"":267,""3"":261,""4"":318,""5"":288,""6"":279,""7"":252,""8"":303,""9"":321,""10"":315}","{""1"":3,""2"":2,""3"":2,""4"":2}","{""1"":158,""2"":134,""3"":132,""4"":151,""5"":141,""6"":138,""7"":129,""8"":146,""9"":152,""10"":150}",294
104029407,104029,4,7,"{""1"":396,""2"":312,""3"":305,""4"":371,""5"":336,""6"":326,""7"":294,""8"":354,""9"":375,""10"":368}","{""1"":3,""2"":3,""3"":2,""4"":2}","{""1"":173,""2"":134,""3"":147,""4"":151,""5"":156,""6"":138,""7"":144,""8"":146,""9"":167,""10"":150}",344
104029408,104029,4,8,"{""1"":452,""2"":356,""3"":348,""4"":424,""5"":384,""6"":372,""7"":336,""8"":404,""9"":428,""10"":420}","{""1"":3,""2"":3,""3"":3,""4"":2}","{""1"":173,""2"":149,""3"":147,""4"":166,""5"":156,""6"":153,""7"":144,""8"":161,""9"":167,""10"":165}",392
104029409,104029,4,9,"{""1"":509,""2"":401,""3"":392,""4"":477,""5"":432,""6"":419,""7"":378,""8"":455,""9"":482,""10"":473}","{""1"":3,""2"":3,""3"":3,""4"":3}","{""1"":188,""2"":164,""3"":147,""4"":166,""5"":171,""6"":168,""7"":144,""8"":161,""9"":167,""10"":180}",442
104029410,104029,4,10,"{""1"":565,""2"":445,""3"":435,""4"":530,""5"":480,""6"":465,""7"":420,""8"":505,""9"":535,""10"":525}","{""1"":4,""2"":3,""3"":3,""4"":3}","{""1"":188,""2"":164,""3"":162,""4"":181,""5"":171,""6"":168,""7"":159,""8"":176,""9"":182,""10"":180}",491
104029500,104029,5,0,"{""1"":622,""2"":490,""3"":479,""4"":583,""5"":528,""6"":512,""7"":462,""8"":556,""9"":589,""10"":578}","{""1"":4,""2"":4,""3"":3,""4"":3}","{""1"":203,""2"":164,""3"":162,""4"":181,""5"":186,""6"":168,""7"":159,""8"":176,""9"":182,""10"":195}",540
104029501,104029,5,1,"{""1"":678,""2"":534,""3"":522,""4"":636,""5"":576,""6"":558,""7"":504,""8"":606,""9"":642,""10"":630}","{""1"":4,""2"":4,""3"":4,""4"":3}","{""1"":223,""2"":164,""3"":182,""4"":181,""5"":206,""6"":168,""7"":179,""8"":176,""9"":202,""10"":195}",589
104029502,104029,5,2,"{""1"":791,""2"":623,""3"":609,""4"":742,""5"":672,""6"":651,""7"":588,""8"":707,""9"":749,""10"":735}","{""1"":4,""2"":4,""3"":4,""4"":4}","{""1"":223,""2"":184,""3"":182,""4"":201,""5"":206,""6"":188,""7"":179,""8"":196,""9"":202,""10"":215}",687
104029503,104029,5,3,"{""1"":904,""2"":712,""3"":696,""4"":848,""5"":768,""6"":744,""7"":672,""8"":808,""9"":856,""10"":840}","{""1"":5,""2"":4,""3"":4,""4"":4}","{""1"":243,""2"":204,""3"":182,""4"":201,""5"":226,""6"":208,""7"":179,""8"":196,""9"":202,""10"":235}",785
104029504,104029,5,4,"{""1"":1017,""2"":801,""3"":783,""4"":954,""5"":864,""6"":837,""7"":756,""8"":909,""9"":963,""10"":945}","{""1"":5,""2"":5,""3"":4,""4"":4}","{""1"":243,""2"":204,""3"":202,""4"":221,""5"":226,""6"":208,""7"":199,""8"":216,""9"":222,""10"":235}",883
104029505,104029,5,5,"{""1"":1130,""2"":890,""3"":870,""4"":1060,""5"":960,""6"":930,""7"":840,""8"":1010,""9"":1070,""10"":1050}","{""1"":5,""2"":5,""3"":5,""4"":4}","{""1"":243,""2"":204,""3"":202,""4"":241,""5"":246,""6"":228,""7"":199,""8"":236,""9"":242,""10"":235}",981
104029506,104029,5,6,"{""1"":1243,""2"":979,""3"":957,""4"":1166,""5"":1056,""6"":1023,""7"":924,""8"":1111,""9"":1177,""10"":1155}","{""1"":5,""2"":5,""3"":5,""4"":5}","{""1"":263,""2"":224,""3"":222,""4"":241,""5"":246,""6"":228,""7"":219,""8"":236,""9"":242,""10"":255}",1079
104029507,104029,5,7,"{""1"":1356,""2"":1068,""3"":1044,""4"":1272,""5"":1152,""6"":1116,""7"":1008,""8"":1212,""9"":1284,""10"":1260}","{""1"":6,""2"":5,""3"":5,""4"":5}","{""1"":283,""2"":224,""3"":242,""4"":241,""5"":266,""6"":228,""7"":239,""8"":236,""9"":262,""10"":255}",1177
104029508,104029,5,8,"{""1"":1469,""2"":1157,""3"":1131,""4"":1378,""5"":1248,""6"":1209,""7"":1092,""8"":1313,""9"":1391,""10"":1365}","{""1"":6,""2"":6,""3"":5,""4"":5}","{""1"":283,""2"":244,""3"":242,""4"":261,""5"":266,""6"":248,""7"":239,""8"":256,""9"":262,""10"":275}",1275
104029509,104029,5,9,"{""1"":1582,""2"":1246,""3"":1218,""4"":1484,""5"":1344,""6"":1302,""7"":1176,""8"":1414,""9"":1498,""10"":1470}","{""1"":6,""2"":6,""3"":6,""4"":5}","{""1"":303,""2"":264,""3"":242,""4"":261,""5"":286,""6"":268,""7"":239,""8"":256,""9"":262,""10"":295}",1373
104029510,104029,5,10,"{""1"":1695,""2"":1335,""3"":1305,""4"":1590,""5"":1440,""6"":1395,""7"":1260,""8"":1515,""9"":1605,""10"":1575}","{""1"":6,""2"":6,""3"":6,""4"":6}","{""1"":303,""2"":264,""3"":262,""4"":281,""5"":286,""6"":268,""7"":259,""8"":276,""9"":282,""10"":295}",1472
104030401,104030,4,1,"{""1"":56,""2"":47,""3"":46,""4"":54,""5"":48,""6"":48,""7"":44,""8"":47,""9"":56,""10"":57}","{""1"":1,""2"":1,""3"":1,""4"":1}","{""1"":126,""2"":94,""3"":106,""4"":107,""5"":111,""6"":96,""7"":103,""8"":93,""9"":126,""10"":114}",50
104030402,104030,4,2,"{""1"":111,""2"":94,""3"":91,""4"":107,""5"":96,""6"":96,""7"":88,""8"":93,""9"":111,""10"":114}","{""1"":2,""2"":1,""3"":1,""4"":1}","{""1"":126,""2"":109,""3"":106,""4"":122,""5"":111,""6"":111,""7"":103,""8"":108,""9"":126,""10"":129}",100
104030403,104030,4,3,"{""1"":167,""2"":141,""3"":137,""4"":161,""5"":144,""6"":144,""7"":132,""8"":140,""9"":167,""10"":171}","{""1"":2,""2"":2,""3"":1,""4"":1}","{""1"":141,""2"":124,""3"":106,""4"":122,""5"":126,""6"":126,""7"":103,""8"":108,""9"":126,""10"":144}",150
104030404,104030,4,4,"{""1"":222,""2"":188,""3"":182,""4"":214,""5"":192,""6"":192,""7"":176,""8"":186,""9"":222,""10"":228}","{""1"":2,""2"":2,""3"":2,""4"":1}","{""1"":141,""2"":124,""3"":121,""4"":137,""5"":126,""6"":126,""7"":118,""8"":123,""9"":141,""10"":144}",200
104030405,104030,4,5,"{""1"":278,""2"":235,""3"":228,""4"":268,""5"":240,""6"":240,""7"":220,""8"":233,""9"":278,""10"":285}","{""1"":2,""2"":2,""3"":2,""4"":2}","{""1"":141,""2"":124,""3"":121,""4"":152,""5"":141,""6"":141,""7"":118,""8"":138,""9"":156,""10"":144}",251
104030406,104030,4,6,"{""1"":333,""2"":282,""3"":273,""4"":321,""5"":288,""6"":288,""7"":264,""8"":279,""9"":333,""10"":342}","{""1"":3,""2"":2,""3"":2,""4"":2}","{""1"":156,""2"":139,""3"":136,""4"":152,""5"":141,""6"":141,""7"":133,""8"":138,""9"":156,""10"":159}",300
104030407,104030,4,7,"{""1"":389,""2"":329,""3"":319,""4"":375,""5"":336,""6"":336,""7"":308,""8"":326,""9"":389,""10"":399}","{""1"":3,""2"":3,""3"":2,""4"":2}","{""1"":171,""2"":139,""3"":151,""4"":152,""5"":156,""6"":141,""7"":148,""8"":138,""9"":171,""10"":159}",351
104030408,104030,4,8,"{""1"":444,""2"":376,""3"":364,""4"":428,""5"":384,""6"":384,""7"":352,""8"":372,""9"":444,""10"":456}","{""1"":3,""2"":3,""3"":3,""4"":2}","{""1"":171,""2"":154,""3"":151,""4"":167,""5"":156,""6"":156,""7"":148,""8"":153,""9"":171,""10"":174}",400
104030409,104030,4,9,"{""1"":500,""2"":423,""3"":410,""4"":482,""5"":432,""6"":432,""7"":396,""8"":419,""9"":500,""10"":513}","{""1"":3,""2"":3,""3"":3,""4"":3}","{""1"":186,""2"":169,""3"":151,""4"":167,""5"":171,""6"":171,""7"":148,""8"":153,""9"":171,""10"":189}",451
104030410,104030,4,10,"{""1"":555,""2"":470,""3"":455,""4"":535,""5"":480,""6"":480,""7"":440,""8"":465,""9"":555,""10"":570}","{""1"":4,""2"":3,""3"":3,""4"":3}","{""1"":186,""2"":169,""3"":166,""4"":182,""5"":171,""6"":171,""7"":163,""8"":168,""9"":186,""10"":189}",501
104030500,104030,5,0,"{""1"":611,""2"":517,""3"":501,""4"":589,""5"":528,""6"":528,""7"":484,""8"":512,""9"":611,""10"":627}","{""1"":4,""2"":4,""3"":3,""4"":3}","{""1"":201,""2"":169,""3"":166,""4"":182,""5"":186,""6"":171,""7"":163,""8"":168,""9"":186,""10"":204}",551
104030501,104030,5,1,"{""1"":666,""2"":564,""3"":546,""4"":642,""5"":576,""6"":576,""7"":528,""8"":558,""9"":666,""10"":684}","{""1"":4,""2"":4,""3"":4,""4"":3}","{""1"":221,""2"":169,""3"":186,""4"":182,""5"":206,""6"":171,""7"":183,""8"":168,""9"":206,""10"":204}",601
104030502,104030,5,2,"{""1"":777,""2"":658,""3"":637,""4"":749,""5"":672,""6"":672,""7"":616,""8"":651,""9"":777,""10"":798}","{""1"":4,""2"":4,""3"":4,""4"":4}","{""1"":221,""2"":189,""3"":186,""4"":202,""5"":206,""6"":191,""7"":183,""8"":188,""9"":206,""10"":224}",701
104030503,104030,5,3,"{""1"":888,""2"":752,""3"":728,""4"":856,""5"":768,""6"":768,""7"":704,""8"":744,""9"":888,""10"":912}","{""1"":5,""2"":4,""3"":4,""4"":4}","{""1"":241,""2"":209,""3"":186,""4"":202,""5"":226,""6"":211,""7"":183,""8"":188,""9"":206,""10"":244}",801
104030504,104030,5,4,"{""1"":999,""2"":846,""3"":819,""4"":963,""5"":864,""6"":864,""7"":792,""8"":837,""9"":999,""10"":1026}","{""1"":5,""2"":5,""3"":4,""4"":4}","{""1"":241,""2"":209,""3"":206,""4"":222,""5"":226,""6"":211,""7"":203,""8"":208,""9"":226,""10"":244}",901
104030505,104030,5,5,"{""1"":1110,""2"":940,""3"":910,""4"":1070,""5"":960,""6"":960,""7"":880,""8"":930,""9"":1110,""10"":1140}","{""1"":5,""2"":5,""3"":5,""4"":4}","{""1"":241,""2"":209,""3"":206,""4"":242,""5"":246,""6"":231,""7"":203,""8"":228,""9"":246,""10"":244}",1001
104030506,104030,5,6,"{""1"":1221,""2"":1034,""3"":1001,""4"":1177,""5"":1056,""6"":1056,""7"":968,""8"":1023,""9"":1221,""10"":1254}","{""1"":5,""2"":5,""3"":5,""4"":5}","{""1"":261,""2"":229,""3"":226,""4"":242,""5"":246,""6"":231,""7"":223,""8"":228,""9"":246,""10"":264}",1101
104030507,104030,5,7,"{""1"":1332,""2"":1128,""3"":1092,""4"":1284,""5"":1152,""6"":1152,""7"":1056,""8"":1116,""9"":1332,""10"":1368}","{""1"":6,""2"":5,""3"":5,""4"":5}","{""1"":281,""2"":229,""3"":246,""4"":242,""5"":266,""6"":231,""7"":243,""8"":228,""9"":266,""10"":264}",1201
104030508,104030,5,8,"{""1"":1443,""2"":1222,""3"":1183,""4"":1391,""5"":1248,""6"":1248,""7"":1144,""8"":1209,""9"":1443,""10"":1482}","{""1"":6,""2"":6,""3"":5,""4"":5}","{""1"":281,""2"":249,""3"":246,""4"":262,""5"":266,""6"":251,""7"":243,""8"":248,""9"":266,""10"":284}",1301
104030509,104030,5,9,"{""1"":1554,""2"":1316,""3"":1274,""4"":1498,""5"":1344,""6"":1344,""7"":1232,""8"":1302,""9"":1554,""10"":1596}","{""1"":6,""2"":6,""3"":6,""4"":5}","{""1"":301,""2"":269,""3"":246,""4"":262,""5"":286,""6"":271,""7"":243,""8"":248,""9"":266,""10"":304}",1401
104030510,104030,5,10,"{""1"":1665,""2"":1410,""3"":1365,""4"":1605,""5"":1440,""6"":1440,""7"":1320,""8"":1395,""9"":1665,""10"":1710}","{""1"":6,""2"":6,""3"":6,""4"":6}","{""1"":301,""2"":269,""3"":266,""4"":282,""5"":286,""6"":271,""7"":263,""8"":268,""9"":286,""10"":304}",1502
104031401,104031,4,1,"{""1"":55,""2"":48,""3"":48,""4"":56,""5"":55,""6"":51,""7"":39,""8"":49,""9"":58,""10"":55}","{""1"":1,""2"":1,""3"":1,""4"":1}","{""1"":125,""2"":96,""3"":111,""4"":111,""5"":124,""6"":102,""7"":93,""8"":98,""9"":130,""10"":109}",51
104031402,104031,4,2,"{""1"":110,""2"":96,""3"":96,""4"":111,""5"":109,""6"":102,""7"":78,""8"":98,""9"":115,""10"":109}","{""1"":2,""2"":1,""3"":1,""4"":1}","{""1"":125,""2"":111,""3"":111,""4"":126,""5"":124,""6"":117,""7"":93,""8"":113,""9"":130,""10"":124}",102
104031403,104031,4,3,"{""1"":165,""2"":144,""3"":144,""4"":167,""5"":164,""6"":153,""7"":117,""8"":147,""9"":173,""10"":164}","{""1"":2,""2"":2,""3"":1,""4"":1}","{""1"":140,""2"":126,""3"":111,""4"":126,""5"":139,""6"":132,""7"":93,""8"":113,""9"":130,""10"":139}",154
104031404,104031,4,4,"{""1"":220,""2"":192,""3"":192,""4"":222,""5"":218,""6"":204,""7"":156,""8"":196,""9"":230,""10"":218}","{""1"":2,""2"":2,""3"":2,""4"":1}","{""1"":140,""2"":126,""3"":126,""4"":141,""5"":139,""6"":132,""7"":108,""8"":128,""9"":145,""10"":139}",205
104031405,104031,4,5,"{""1"":275,""2"":240,""3"":240,""4"":278,""5"":273,""6"":255,""7"":195,""8"":245,""9"":288,""10"":273}","{""1"":2,""2"":2,""3"":2,""4"":2}","{""1"":140,""2"":126,""3"":126,""4"":156,""5"":154,""6"":147,""7"":108,""8"":143,""9"":160,""10"":139}",256
104031406,104031,4,6,"{""1"":330,""2"":288,""3"":288,""4"":333,""5"":327,""6"":306,""7"":234,""8"":294,""9"":345,""10"":327}","{""1"":3,""2"":2,""3"":2,""4"":2}","{""1"":155,""2"":141,""3"":141,""4"":156,""5"":154,""6"":147,""7"":123,""8"":143,""9"":160,""10"":154}",307
104031407,104031,4,7,"{""1"":385,""2"":336,""3"":336,""4"":389,""5"":382,""6"":357,""7"":273,""8"":343,""9"":403,""10"":382}","{""1"":3,""2"":3,""3"":2,""4"":2}","{""1"":170,""2"":141,""3"":156,""4"":156,""5"":169,""6"":147,""7"":138,""8"":143,""9"":175,""10"":154}",359
104031408,104031,4,8,"{""1"":440,""2"":384,""3"":384,""4"":444,""5"":436,""6"":408,""7"":312,""8"":392,""9"":460,""10"":436}","{""1"":3,""2"":3,""3"":3,""4"":2}","{""1"":170,""2"":156,""3"":156,""4"":171,""5"":169,""6"":162,""7"":138,""8"":158,""9"":175,""10"":169}",410
104031409,104031,4,9,"{""1"":495,""2"":432,""3"":432,""4"":500,""5"":491,""6"":459,""7"":351,""8"":441,""9"":518,""10"":491}","{""1"":3,""2"":3,""3"":3,""4"":3}","{""1"":185,""2"":171,""3"":156,""4"":171,""5"":184,""6"":177,""7"":138,""8"":158,""9"":175,""10"":184}",461
104031410,104031,4,10,"{""1"":550,""2"":480,""3"":480,""4"":555,""5"":545,""6"":510,""7"":390,""8"":490,""9"":575,""10"":545}","{""1"":4,""2"":3,""3"":3,""4"":3}","{""1"":185,""2"":171,""3"":171,""4"":186,""5"":184,""6"":177,""7"":153,""8"":173,""9"":190,""10"":184}",512
104031500,104031,5,0,"{""1"":605,""2"":528,""3"":528,""4"":611,""5"":600,""6"":561,""7"":429,""8"":539,""9"":633,""10"":600}","{""1"":4,""2"":4,""3"":3,""4"":3}","{""1"":200,""2"":171,""3"":171,""4"":186,""5"":199,""6"":177,""7"":153,""8"":173,""9"":190,""10"":199}",563
104031501,104031,5,1,"{""1"":660,""2"":576,""3"":576,""4"":666,""5"":654,""6"":612,""7"":468,""8"":588,""9"":690,""10"":654}","{""1"":4,""2"":4,""3"":4,""4"":3}","{""1"":220,""2"":171,""3"":191,""4"":186,""5"":219,""6"":177,""7"":173,""8"":173,""9"":210,""10"":199}",614
104031502,104031,5,2,"{""1"":770,""2"":672,""3"":672,""4"":777,""5"":763,""6"":714,""7"":546,""8"":686,""9"":805,""10"":763}","{""1"":4,""2"":4,""3"":4,""4"":4}","{""1"":220,""2"":191,""3"":191,""4"":206,""5"":219,""6"":197,""7"":173,""8"":193,""9"":210,""10"":219}",717
104031503,104031,5,3,"{""1"":880,""2"":768,""3"":768,""4"":888,""5"":872,""6"":816,""7"":624,""8"":784,""9"":920,""10"":872}","{""1"":5,""2"":4,""3"":4,""4"":4}","{""1"":240,""2"":211,""3"":191,""4"":206,""5"":239,""6"":217,""7"":173,""8"":193,""9"":210,""10"":239}",819
104031504,104031,5,4,"{""1"":990,""2"":864,""3"":864,""4"":999,""5"":981,""6"":918,""7"":702,""8"":882,""9"":1035,""10"":981}","{""1"":5,""2"":5,""3"":4,""4"":4}","{""1"":240,""2"":211,""3"":211,""4"":226,""5"":239,""6"":217,""7"":193,""8"":213,""9"":230,""10"":239}",922
104031505,104031,5,5,"{""1"":1100,""2"":960,""3"":960,""4"":1110,""5"":1090,""6"":1020,""7"":780,""8"":980,""9"":1150,""10"":1090}","{""1"":5,""2"":5,""3"":5,""4"":4}","{""1"":240,""2"":211,""3"":211,""4"":246,""5"":259,""6"":237,""7"":193,""8"":233,""9"":250,""10"":239}",1024
104031506,104031,5,6,"{""1"":1210,""2"":1056,""3"":1056,""4"":1221,""5"":1199,""6"":1122,""7"":858,""8"":1078,""9"":1265,""10"":1199}","{""1"":5,""2"":5,""3"":5,""4"":5}","{""1"":260,""2"":231,""3"":231,""4"":246,""5"":259,""6"":237,""7"":213,""8"":233,""9"":250,""10"":259}",1126
104031507,104031,5,7,"{""1"":1320,""2"":1152,""3"":1152,""4"":1332,""5"":1308,""6"":1224,""7"":936,""8"":1176,""9"":1380,""10"":1308}","{""1"":6,""2"":5,""3"":5,""4"":5}","{""1"":280,""2"":231,""3"":251,""4"":246,""5"":279,""6"":237,""7"":233,""8"":233,""9"":270,""10"":259}",1229
104031508,104031,5,8,"{""1"":1430,""2"":1248,""3"":1248,""4"":1443,""5"":1417,""6"":1326,""7"":1014,""8"":1274,""9"":1495,""10"":1417}","{""1"":6,""2"":6,""3"":5,""4"":5}","{""1"":280,""2"":251,""3"":251,""4"":266,""5"":279,""6"":257,""7"":233,""8"":253,""9"":270,""10"":279}",1331
104031509,104031,5,9,"{""1"":1540,""2"":1344,""3"":1344,""4"":1554,""5"":1526,""6"":1428,""7"":1092,""8"":1372,""9"":1610,""10"":1526}","{""1"":6,""2"":6,""3"":6,""4"":5}","{""1"":300,""2"":271,""3"":251,""4"":266,""5"":299,""6"":277,""7"":233,""8"":253,""9"":270,""10"":299}",1434
104031510,104031,5,10,"{""1"":1650,""2"":1440,""3"":1440,""4"":1665,""5"":1635,""6"":1530,""7"":1170,""8"":1470,""9"":1725,""10"":1635}","{""1"":6,""2"":6,""3"":6,""4"":6}","{""1"":300,""2"":271,""3"":271,""4"":286,""5"":299,""6"":277,""7"":253,""8"":273,""9"":290,""10"":299}",1536
104032401,104032,4,1,"{""1"":58,""2"":49,""3"":44,""4"":53,""5"":51,""6"":49,""7"":40,""8"":44,""9"":55,""10"":55}","{""1"":1,""2"":1,""3"":1,""4"":1}","{""1"":130,""2"":98,""3"":102,""4"":106,""5"":117,""6"":98,""7"":95,""8"":88,""9"":124,""10"":110}",50
104032402,104032,4,2,"{""1"":115,""2"":98,""3"":87,""4"":106,""5"":102,""6"":98,""7"":80,""8"":88,""9"":109,""10"":110}","{""1"":2,""2"":1,""3"":1,""4"":1}","{""1"":130,""2"":113,""3"":102,""4"":121,""5"":117,""6"":113,""7"":95,""8"":103,""9"":124,""10"":125}",99
104032403,104032,4,3,"{""1"":173,""2"":147,""3"":131,""4"":159,""5"":153,""6"":147,""7"":120,""8"":132,""9"":164,""10"":165}","{""1"":2,""2"":2,""3"":1,""4"":1}","{""1"":145,""2"":128,""3"":102,""4"":121,""5"":132,""6"":128,""7"":95,""8"":103,""9"":124,""10"":140}",149
104032404,104032,4,4,"{""1"":230,""2"":196,""3"":174,""4"":212,""5"":204,""6"":196,""7"":160,""8"":176,""9"":218,""10"":220}","{""1"":2,""2"":2,""3"":2,""4"":1}","{""1"":145,""2"":128,""3"":117,""4"":136,""5"":132,""6"":128,""7"":110,""8"":118,""9"":139,""10"":140}",199
104032405,104032,4,5,"{""1"":288,""2"":245,""3"":218,""4"":265,""5"":255,""6"":245,""7"":200,""8"":220,""9"":273,""10"":275}","{""1"":2,""2"":2,""3"":2,""4"":2}","{""1"":145,""2"":128,""3"":117,""4"":151,""5"":147,""6"":143,""7"":110,""8"":133,""9"":154,""10"":140}",248
104032406,104032,4,6,"{""1"":345,""2"":294,""3"":261,""4"":318,""5"":306,""6"":294,""7"":240,""8"":264,""9"":327,""10"":330}","{""1"":3,""2"":2,""3"":2,""4"":2}","{""1"":160,""2"":143,""3"":132,""4"":151,""5"":147,""6"":143,""7"":125,""8"":133,""9"":154,""10"":155}",298
104032407,104032,4,7,"{""1"":403,""2"":343,""3"":305,""4"":371,""5"":357,""6"":343,""7"":280,""8"":308,""9"":382,""10"":385}","{""1"":3,""2"":3,""3"":2,""4"":2}","{""1"":175,""2"":143,""3"":147,""4"":151,""5"":162,""6"":143,""7"":140,""8"":133,""9"":169,""10"":155}",348
104032408,104032,4,8,"{""1"":460,""2"":392,""3"":348,""4"":424,""5"":408,""6"":392,""7"":320,""8"":352,""9"":436,""10"":440}","{""1"":3,""2"":3,""3"":3,""4"":2}","{""1"":175,""2"":158,""3"":147,""4"":166,""5"":162,""6"":158,""7"":140,""8"":148,""9"":169,""10"":170}",397
104032409,104032,4,9,"{""1"":518,""2"":441,""3"":392,""4"":477,""5"":459,""6"":441,""7"":360,""8"":396,""9"":491,""10"":495}","{""1"":3,""2"":3,""3"":3,""4"":3}","{""1"":190,""2"":173,""3"":147,""4"":166,""5"":177,""6"":173,""7"":140,""8"":148,""9"":169,""10"":185}",447
104032410,104032,4,10,"{""1"":575,""2"":490,""3"":435,""4"":530,""5"":510,""6"":490,""7"":400,""8"":440,""9"":545,""10"":550}","{""1"":4,""2"":3,""3"":3,""4"":3}","{""1"":190,""2"":173,""3"":162,""4"":181,""5"":177,""6"":173,""7"":155,""8"":163,""9"":184,""10"":185}",497
104032500,104032,5,0,"{""1"":633,""2"":539,""3"":479,""4"":583,""5"":561,""6"":539,""7"":440,""8"":484,""9"":600,""10"":605}","{""1"":4,""2"":4,""3"":3,""4"":3}","{""1"":205,""2"":173,""3"":162,""4"":181,""5"":192,""6"":173,""7"":155,""8"":163,""9"":184,""10"":200}",546
104032501,104032,5,1,"{""1"":690,""2"":588,""3"":522,""4"":636,""5"":612,""6"":588,""7"":480,""8"":528,""9"":654,""10"":660}","{""1"":4,""2"":4,""3"":4,""4"":3}","{""1"":225,""2"":173,""3"":182,""4"":181,""5"":212,""6"":173,""7"":175,""8"":163,""9"":204,""10"":200}",596
104032502,104032,5,2,"{""1"":805,""2"":686,""3"":609,""4"":742,""5"":714,""6"":686,""7"":560,""8"":616,""9"":763,""10"":770}","{""1"":4,""2"":4,""3"":4,""4"":4}","{""1"":225,""2"":193,""3"":182,""4"":201,""5"":212,""6"":193,""7"":175,""8"":183,""9"":204,""10"":220}",695
104032503,104032,5,3,"{""1"":920,""2"":784,""3"":696,""4"":848,""5"":816,""6"":784,""7"":640,""8"":704,""9"":872,""10"":880}","{""1"":5,""2"":4,""3"":4,""4"":4}","{""1"":245,""2"":213,""3"":182,""4"":201,""5"":232,""6"":213,""7"":175,""8"":183,""9"":204,""10"":240}",794
104032504,104032,5,4,"{""1"":1035,""2"":882,""3"":783,""4"":954,""5"":918,""6"":882,""7"":720,""8"":792,""9"":981,""10"":990}","{""1"":5,""2"":5,""3"":4,""4"":4}","{""1"":245,""2"":213,""3"":202,""4"":221,""5"":232,""6"":213,""7"":195,""8"":203,""9"":224,""10"":240}",894
104032505,104032,5,5,"{""1"":1150,""2"":980,""3"":870,""4"":1060,""5"":1020,""6"":980,""7"":800,""8"":880,""9"":1090,""10"":1100}","{""1"":5,""2"":5,""3"":5,""4"":4}","{""1"":245,""2"":213,""3"":202,""4"":241,""5"":252,""6"":233,""7"":195,""8"":223,""9"":244,""10"":240}",993
104032506,104032,5,6,"{""1"":1265,""2"":1078,""3"":957,""4"":1166,""5"":1122,""6"":1078,""7"":880,""8"":968,""9"":1199,""10"":1210}","{""1"":5,""2"":5,""3"":5,""4"":5}","{""1"":265,""2"":233,""3"":222,""4"":241,""5"":252,""6"":233,""7"":215,""8"":223,""9"":244,""10"":260}",1092
104032507,104032,5,7,"{""1"":1380,""2"":1176,""3"":1044,""4"":1272,""5"":1224,""6"":1176,""7"":960,""8"":1056,""9"":1308,""10"":1320}","{""1"":6,""2"":5,""3"":5,""4"":5}","{""1"":285,""2"":233,""3"":242,""4"":241,""5"":272,""6"":233,""7"":235,""8"":223,""9"":264,""10"":260}",1192
104032508,104032,5,8,"{""1"":1495,""2"":1274,""3"":1131,""4"":1378,""5"":1326,""6"":1274,""7"":1040,""8"":1144,""9"":1417,""10"":1430}","{""1"":6,""2"":6,""3"":5,""4"":5}","{""1"":285,""2"":253,""3"":242,""4"":261,""5"":272,""6"":253,""7"":235,""8"":243,""9"":264,""10"":280}",1291
104032509,104032,5,9,"{""1"":1610,""2"":1372,""3"":1218,""4"":1484,""5"":1428,""6"":1372,""7"":1120,""8"":1232,""9"":1526,""10"":1540}","{""1"":6,""2"":6,""3"":6,""4"":5}","{""1"":305,""2"":273,""3"":242,""4"":261,""5"":292,""6"":273,""7"":235,""8"":243,""9"":264,""10"":300}",1390
104032510,104032,5,10,"{""1"":1725,""2"":1470,""3"":1305,""4"":1590,""5"":1530,""6"":1470,""7"":1200,""8"":1320,""9"":1635,""10"":1650}","{""1"":6,""2"":6,""3"":6,""4"":6}","{""1"":305,""2"":273,""3"":262,""4"":281,""5"":292,""6"":273,""7"":255,""8"":263,""9"":284,""10"":300}",1490
104033401,104033,4,1,"{""1"":65,""2"":35,""3"":53,""4"":64,""5"":71,""6"":54,""7"":37,""8"":26,""9"":61,""10"":54}","{""1"":1,""2"":1,""3"":1,""4"":1}","{""1"":128,""2"":87,""3"":111,""4"":111,""5"":124,""6"":107,""7"":107,""8"":102,""9"":116,""10"":107}",52
104033402,104033,4,2,"{""1"":130,""2"":70,""3"":106,""4"":128,""5"":142,""6"":107,""7"":74,""8"":51,""9"":121,""10"":107}","{""1"":2,""2"":1,""3"":1,""4"":1}","{""1"":128,""2"":102,""3"":111,""4"":126,""5"":124,""6"":122,""7"":107,""8"":117,""9"":116,""10"":122}",104
104033403,104033,4,3,"{""1"":195,""2"":104,""3"":158,""4"":191,""5"":213,""6"":161,""7"":110,""8"":77,""9"":182,""10"":161}","{""1"":2,""2"":2,""3"":1,""4"":1}","{""1"":143,""2"":117,""3"":111,""4"":126,""5"":139,""6"":137,""7"":107,""8"":117,""9"":116,""10"":137}",155
104033404,104033,4,4,"{""1"":260,""2"":139,""3"":211,""4"":255,""5"":283,""6"":214,""7"":147,""8"":102,""9"":242,""10"":214}","{""1"":2,""2"":2,""3"":2,""4"":1}","{""1"":143,""2"":117,""3"":126,""4"":141,""5"":139,""6"":137,""7"":122,""8"":132,""9"":131,""10"":137}",207
104033405,104033,4,5,"{""1"":325,""2"":174,""3"":264,""4"":319,""5"":354,""6"":268,""7"":184,""8"":128,""9"":303,""10"":268}","{""1"":2,""2"":2,""3"":2,""4"":2}","{""1"":143,""2"":117,""3"":126,""4"":156,""5"":154,""6"":152,""7"":122,""8"":147,""9"":146,""10"":137}",259
104033406,104033,4,6,"{""1"":390,""2"":209,""3"":317,""4"":383,""5"":425,""6"":321,""7"":221,""8"":153,""9"":364,""10"":321}","{""1"":3,""2"":2,""3"":2,""4"":2}","{""1"":158,""2"":132,""3"":141,""4"":156,""5"":154,""6"":152,""7"":137,""8"":147,""9"":146,""10"":152}",310
104033407,104033,4,7,"{""1"":455,""2"":244,""3"":370,""4"":447,""5"":496,""6"":375,""7"":258,""8"":179,""9"":424,""10"":375}","{""1"":3,""2"":3,""3"":2,""4"":2}","{""1"":173,""2"":132,""3"":156,""4"":156,""5"":169,""6"":152,""7"":152,""8"":147,""9"":161,""10"":152}",362
104033408,104033,4,8,"{""1"":520,""2"":278,""3"":422,""4"":511,""5"":567,""6"":428,""7"":294,""8"":204,""9"":485,""10"":428}","{""1"":3,""2"":3,""3"":3,""4"":2}","{""1"":173,""2"":147,""3"":156,""4"":171,""5"":169,""6"":167,""7"":152,""8"":162,""9"":161,""10"":167}",414
104033409,104033,4,9,"{""1"":585,""2"":313,""3"":475,""4"":574,""5"":638,""6"":482,""7"":331,""8"":230,""9"":545,""10"":482}","{""1"":3,""2"":3,""3"":3,""4"":3}","{""1"":188,""2"":162,""3"":156,""4"":171,""5"":184,""6"":182,""7"":152,""8"":162,""9"":161,""10"":182}",466
104033410,104033,4,10,"{""1"":650,""2"":348,""3"":528,""4"":638,""5"":709,""6"":535,""7"":368,""8"":255,""9"":606,""10"":535}","{""1"":4,""2"":3,""3"":3,""4"":3}","{""1"":188,""2"":162,""3"":171,""4"":186,""5"":184,""6"":182,""7"":167,""8"":177,""9"":176,""10"":182}",517
104033500,104033,5,0,"{""1"":715,""2"":383,""3"":581,""4"":702,""5"":779,""6"":589,""7"":405,""8"":281,""9"":667,""10"":589}","{""1"":4,""2"":4,""3"":3,""4"":3}","{""1"":203,""2"":162,""3"":186,""4"":201,""5"":184,""6"":182,""7"":167,""8"":177,""9"":176,""10"":182}",569
104033501,104033,5,1,"{""1"":780,""2"":418,""3"":634,""4"":766,""5"":850,""6"":642,""7"":442,""8"":306,""9"":727,""10"":642}","{""1"":4,""2"":4,""3"":4,""4"":3}","{""1"":223,""2"":162,""3"":206,""4"":201,""5"":204,""6"":182,""7"":187,""8"":177,""9"":196,""10"":182}",621
104033502,104033,5,2,"{""1"":910,""2"":487,""3"":739,""4"":894,""5"":992,""6"":749,""7"":515,""8"":357,""9"":848,""10"":749}","{""1"":4,""2"":4,""3"":4,""4"":4}","{""1"":223,""2"":182,""3"":206,""4"":221,""5"":204,""6"":202,""7"":187,""8"":197,""9"":196,""10"":202}",724
104033503,104033,5,3,"{""1"":1040,""2"":557,""3"":845,""4"":1021,""5"":1134,""6"":856,""7"":589,""8"":408,""9"":970,""10"":856}","{""1"":5,""2"":4,""3"":4,""4"":4}","{""1"":243,""2"":202,""3"":206,""4"":221,""5"":224,""6"":222,""7"":187,""8"":197,""9"":196,""10"":222}",828
104033504,104033,5,4,"{""1"":1170,""2"":626,""3"":950,""4"":1149,""5"":1275,""6"":963,""7"":662,""8"":459,""9"":1091,""10"":963}","{""1"":5,""2"":5,""3"":4,""4"":4}","{""1"":243,""2"":202,""3"":226,""4"":241,""5"":224,""6"":222,""7"":207,""8"":217,""9"":216,""10"":222}",931
104033505,104033,5,5,"{""1"":1300,""2"":696,""3"":1056,""4"":1277,""5"":1417,""6"":1070,""7"":736,""8"":510,""9"":1212,""10"":1070}","{""1"":5,""2"":5,""3"":5,""4"":4}","{""1"":243,""2"":202,""3"":226,""4"":261,""5"":244,""6"":242,""7"":207,""8"":237,""9"":236,""10"":222}",1034
104033506,104033,5,6,"{""1"":1429,""2"":766,""3"":1162,""4"":1404,""5"":1559,""6"":1177,""7"":810,""8"":561,""9"":1333,""10"":1177}","{""1"":5,""2"":5,""3"":5,""4"":5}","{""1"":263,""2"":222,""3"":246,""4"":261,""5"":244,""6"":242,""7"":227,""8"":237,""9"":236,""10"":242}",1138
104033507,104033,5,7,"{""1"":1559,""2"":835,""3"":1267,""4"":1532,""5"":1700,""6"":1284,""7"":883,""8"":612,""9"":1454,""10"":1284}","{""1"":6,""2"":5,""3"":5,""4"":5}","{""1"":283,""2"":222,""3"":266,""4"":261,""5"":264,""6"":242,""7"":247,""8"":237,""9"":256,""10"":242}",1241
104033508,104033,5,8,"{""1"":1689,""2"":905,""3"":1373,""4"":1659,""5"":1842,""6"":1391,""7"":957,""8"":663,""9"":1576,""10"":1391}","{""1"":6,""2"":6,""3"":5,""4"":5}","{""1"":283,""2"":242,""3"":266,""4"":281,""5"":264,""6"":262,""7"":247,""8"":257,""9"":256,""10"":262}",1345
104033509,104033,5,9,"{""1"":1819,""2"":974,""3"":1478,""4"":1787,""5"":1984,""6"":1498,""7"":1030,""8"":714,""9"":1697,""10"":1498}","{""1"":6,""2"":6,""3"":6,""4"":5}","{""1"":303,""2"":262,""3"":266,""4"":281,""5"":284,""6"":282,""7"":247,""8"":257,""9"":256,""10"":282}",1448
104033510,104033,5,10,"{""1"":1949,""2"":1044,""3"":1584,""4"":1915,""5"":2126,""6"":1605,""7"":1104,""8"":765,""9"":1818,""10"":1605}","{""1"":6,""2"":6,""3"":6,""4"":6}","{""1"":303,""2"":262,""3"":286,""4"":301,""5"":284,""6"":282,""7"":267,""8"":277,""9"":276,""10"":282}",1552
104034401,104034,4,1,"{""1"":66,""2"":37,""3"":63,""4"":63,""5"":65,""6"":48,""7"":32,""8"":20,""9"":67,""10"":51}","{""1"":1,""2"":1,""3"":1,""4"":1}","{""1"":129,""2"":93,""3"":129,""4"":110,""5"":115,""6"":96,""7"":95,""8"":79,""9"":126,""10"":101}",51
104034402,104034,4,2,"{""1"":131,""2"":74,""3"":125,""4"":127,""5"":130,""6"":96,""7"":64,""8"":40,""9"":133,""10"":101}","{""1"":2,""2"":1,""3"":1,""4"":1}","{""1"":129,""2"":108,""3"":129,""4"":125,""5"":115,""6"":111,""7"":95,""8"":94,""9"":126,""10"":116}",102
104034403,104034,4,3,"{""1"":197,""2"":112,""3"":188,""4"":190,""5"":195,""6"":144,""7"":96,""8"":59,""9"":200,""10"":152}","{""1"":2,""2"":2,""3"":1,""4"":1}","{""1"":144,""2"":123,""3"":129,""4"":125,""5"":130,""6"":126,""7"":95,""8"":94,""9"":126,""10"":131}",153
104034404,104034,4,4,"{""1"":262,""2"":149,""3"":251,""4"":253,""5"":260,""6"":192,""7"":128,""8"":79,""9"":266,""10"":202}","{""1"":2,""2"":2,""3"":2,""4"":1}","{""1"":144,""2"":123,""3"":144,""4"":140,""5"":130,""6"":126,""7"":110,""8"":109,""9"":141,""10"":131}",204
104034405,104034,4,5,"{""1"":328,""2"":186,""3"":314,""4"":316,""5"":325,""6"":240,""7"":160,""8"":99,""9"":333,""10"":253}","{""1"":2,""2"":2,""3"":2,""4"":2}","{""1"":144,""2"":123,""3"":144,""4"":155,""5"":145,""6"":141,""7"":110,""8"":124,""9"":156,""10"":131}",255
104034406,104034,4,6,"{""1"":393,""2"":223,""3"":376,""4"":380,""5"":390,""6"":288,""7"":192,""8"":119,""9"":400,""10"":303}","{""1"":3,""2"":2,""3"":2,""4"":2}","{""1"":159,""2"":138,""3"":159,""4"":155,""5"":145,""6"":141,""7"":125,""8"":124,""9"":156,""10"":146}",306
104034407,104034,4,7,"{""1"":459,""2"":260,""3"":439,""4"":443,""5"":455,""6"":336,""7"":224,""8"":138,""9"":466,""10"":354}","{""1"":3,""2"":3,""3"":2,""4"":2}","{""1"":174,""2"":138,""3"":174,""4"":155,""5"":160,""6"":141,""7"":140,""8"":124,""9"":171,""10"":146}",357
104034408,104034,4,8,"{""1"":524,""2"":298,""3"":502,""4"":506,""5"":520,""6"":384,""7"":256,""8"":158,""9"":533,""10"":404}","{""1"":3,""2"":3,""3"":3,""4"":2}","{""1"":174,""2"":153,""3"":174,""4"":170,""5"":160,""6"":156,""7"":140,""8"":139,""9"":171,""10"":161}",409
104034409,104034,4,9,"{""1"":590,""2"":335,""3"":564,""4"":569,""5"":585,""6"":432,""7"":288,""8"":178,""9"":599,""10"":455}","{""1"":3,""2"":3,""3"":3,""4"":3}","{""1"":189,""2"":168,""3"":174,""4"":170,""5"":175,""6"":171,""7"":140,""8"":139,""9"":171,""10"":176}",460
104034410,104034,4,10,"{""1"":656,""2"":372,""3"":627,""4"":633,""5"":650,""6"":480,""7"":320,""8"":198,""9"":666,""10"":505}","{""1"":4,""2"":3,""3"":3,""4"":3}","{""1"":189,""2"":168,""3"":189,""4"":185,""5"":175,""6"":171,""7"":155,""8"":154,""9"":186,""10"":176}",511
104034500,104034,5,0,"{""1"":721,""2"":409,""3"":690,""4"":696,""5"":715,""6"":528,""7"":352,""8"":217,""9"":733,""10"":556}","{""1"":4,""2"":4,""3"":3,""4"":3}","{""1"":204,""2"":168,""3"":204,""4"":200,""5"":175,""6"":171,""7"":155,""8"":154,""9"":186,""10"":176}",562
104034501,104034,5,1,"{""1"":787,""2"":446,""3"":752,""4"":759,""5"":780,""6"":576,""7"":384,""8"":237,""9"":799,""10"":606}","{""1"":4,""2"":4,""3"":4,""4"":3}","{""1"":224,""2"":168,""3"":224,""4"":200,""5"":195,""6"":171,""7"":175,""8"":154,""9"":206,""10"":176}",613
104034502,104034,5,2,"{""1"":918,""2"":521,""3"":878,""4"":886,""5"":910,""6"":672,""7"":448,""8"":277,""9"":932,""10"":707}","{""1"":4,""2"":4,""3"":4,""4"":4}","{""1"":224,""2"":188,""3"":224,""4"":220,""5"":195,""6"":191,""7"":175,""8"":174,""9"":206,""10"":196}",715
104034503,104034,5,3,"{""1"":1049,""2"":595,""3"":1003,""4"":1012,""5"":1040,""6"":768,""7"":512,""8"":316,""9"":1066,""10"":808}","{""1"":5,""2"":4,""3"":4,""4"":4}","{""1"":244,""2"":208,""3"":224,""4"":220,""5"":215,""6"":211,""7"":175,""8"":174,""9"":206,""10"":216}",817
104034504,104034,5,4,"{""1"":1180,""2"":670,""3"":1129,""4"":1139,""5"":1170,""6"":864,""7"":576,""8"":356,""9"":1199,""10"":909}","{""1"":5,""2"":5,""3"":4,""4"":4}","{""1"":244,""2"":208,""3"":244,""4"":240,""5"":215,""6"":211,""7"":195,""8"":194,""9"":226,""10"":216}",919
104034505,104034,5,5,"{""1"":1311,""2"":744,""3"":1254,""4"":1265,""5"":1300,""6"":960,""7"":640,""8"":395,""9"":1332,""10"":1010}","{""1"":5,""2"":5,""3"":5,""4"":4}","{""1"":244,""2"":208,""3"":244,""4"":260,""5"":235,""6"":231,""7"":195,""8"":214,""9"":246,""10"":216}",1021
104034506,104034,5,6,"{""1"":1442,""2"":818,""3"":1379,""4"":1392,""5"":1430,""6"":1056,""7"":704,""8"":435,""9"":1465,""10"":1111}","{""1"":5,""2"":5,""3"":5,""4"":5}","{""1"":264,""2"":228,""3"":264,""4"":260,""5"":235,""6"":231,""7"":215,""8"":214,""9"":246,""10"":236}",1123
104034507,104034,5,7,"{""1"":1573,""2"":893,""3"":1505,""4"":1518,""5"":1560,""6"":1152,""7"":768,""8"":474,""9"":1598,""10"":1212}","{""1"":6,""2"":5,""3"":5,""4"":5}","{""1"":284,""2"":228,""3"":284,""4"":260,""5"":255,""6"":231,""7"":235,""8"":214,""9"":266,""10"":236}",1225
104034508,104034,5,8,"{""1"":1704,""2"":967,""3"":1630,""4"":1645,""5"":1690,""6"":1248,""7"":832,""8"":514,""9"":1732,""10"":1313}","{""1"":6,""2"":6,""3"":5,""4"":5}","{""1"":284,""2"":248,""3"":284,""4"":280,""5"":255,""6"":251,""7"":235,""8"":234,""9"":266,""10"":256}",1328
104034509,104034,5,9,"{""1"":1835,""2"":1042,""3"":1756,""4"":1771,""5"":1820,""6"":1344,""7"":896,""8"":553,""9"":1865,""10"":1414}","{""1"":6,""2"":6,""3"":6,""4"":5}","{""1"":304,""2"":268,""3"":284,""4"":280,""5"":275,""6"":271,""7"":235,""8"":234,""9"":266,""10"":276}",1430
104034510,104034,5,10,"{""1"":1967,""2"":1116,""3"":1881,""4"":1898,""5"":1950,""6"":1440,""7"":960,""8"":593,""9"":1998,""10"":1515}","{""1"":6,""2"":6,""3"":6,""4"":6}","{""1"":304,""2"":268,""3"":304,""4"":300,""5"":275,""6"":271,""7"":255,""8"":254,""9"":286,""10"":276}",1532
104035401,104035,4,1,"{""1"":54,""2"":70,""3"":33,""4"":39,""5"":32,""6"":57,""7"":77,""8"":71,""9"":46,""10"":46}","{""1"":1,""2"":1,""3"":1,""4"":1}","{""1"":134,""2"":117,""3"":93,""4"":91,""5"":106,""6"":113,""7"":134,""8"":101,""9"":129,""10"":91}",53
104035402,104035,4,2,"{""1"":107,""2"":140,""3"":66,""4"":77,""5"":64,""6"":113,""7"":155,""8"":141,""9"":91,""10"":91}","{""1"":2,""2"":1,""3"":1,""4"":1}","{""1"":134,""2"":132,""3"":93,""4"":106,""5"":106,""6"":128,""7"":134,""8"":116,""9"":129,""10"":106}",105
104035403,104035,4,3,"{""1"":161,""2"":211,""3"":99,""4"":116,""5"":96,""6"":170,""7"":232,""8"":212,""9"":137,""10"":137}","{""1"":2,""2"":2,""3"":1,""4"":1}","{""1"":149,""2"":147,""3"":93,""4"":106,""5"":121,""6"":143,""7"":134,""8"":116,""9"":129,""10"":121}",157
104035404,104035,4,4,"{""1"":214,""2"":281,""3"":133,""4"":155,""5"":127,""6"":226,""7"":309,""8"":283,""9"":182,""10"":182}","{""1"":2,""2"":2,""3"":2,""4"":1}","{""1"":149,""2"":147,""3"":108,""4"":121,""5"":121,""6"":143,""7"":149,""8"":131,""9"":144,""10"":121}",209
104035405,104035,4,5,"{""1"":268,""2"":351,""3"":166,""4"":193,""5"":159,""6"":283,""7"":387,""8"":354,""9"":228,""10"":228}","{""1"":2,""2"":2,""3"":2,""4"":2}","{""1"":149,""2"":147,""3"":108,""4"":136,""5"":136,""6"":158,""7"":149,""8"":146,""9"":159,""10"":121}",262
104035406,104035,4,6,"{""1"":321,""2"":421,""3"":199,""4"":232,""5"":191,""6"":339,""7"":464,""8"":424,""9"":274,""10"":273}","{""1"":3,""2"":2,""3"":2,""4"":2}","{""1"":164,""2"":162,""3"":123,""4"":136,""5"":136,""6"":158,""7"":164,""8"":146,""9"":159,""10"":136}",314
104035407,104035,4,7,"{""1"":375,""2"":491,""3"":232,""4"":271,""5"":223,""6"":396,""7"":541,""8"":495,""9"":319,""10"":319}","{""1"":3,""2"":3,""3"":2,""4"":2}","{""1"":179,""2"":162,""3"":138,""4"":136,""5"":151,""6"":158,""7"":179,""8"":146,""9"":174,""10"":136}",366
104035408,104035,4,8,"{""1"":428,""2"":562,""3"":265,""4"":309,""5"":255,""6"":452,""7"":619,""8"":566,""9"":365,""10"":364}","{""1"":3,""2"":3,""3"":3,""4"":2}","{""1"":179,""2"":177,""3"":138,""4"":151,""5"":151,""6"":173,""7"":179,""8"":161,""9"":174,""10"":151}",419
104035409,104035,4,9,"{""1"":482,""2"":632,""3"":298,""4"":348,""5"":287,""6"":509,""7"":696,""8"":636,""9"":410,""10"":410}","{""1"":3,""2"":3,""3"":3,""4"":3}","{""1"":194,""2"":192,""3"":138,""4"":151,""5"":166,""6"":188,""7"":179,""8"":161,""9"":174,""10"":166}",471
104035410,104035,4,10,"{""1"":536,""2"":702,""3"":332,""4"":387,""5"":319,""6"":565,""7"":774,""8"":707,""9"":456,""10"":455}","{""1"":4,""2"":3,""3"":3,""4"":3}","{""1"":194,""2"":192,""3"":153,""4"":166,""5"":166,""6"":188,""7"":194,""8"":176,""9"":189,""10"":166}",523
104035500,104035,5,0,"{""1"":589,""2"":772,""3"":365,""4"":425,""5"":350,""6"":622,""7"":851,""8"":778,""9"":502,""10"":501}","{""1"":4,""2"":4,""3"":3,""4"":3}","{""1"":194,""2"":192,""3"":153,""4"":166,""5"":166,""6"":203,""7"":209,""8"":191,""9"":189,""10"":166}",576
104035501,104035,5,1,"{""1"":643,""2"":842,""3"":398,""4"":464,""5"":382,""6"":678,""7"":928,""8"":848,""9"":547,""10"":546}","{""1"":4,""2"":4,""3"":4,""4"":3}","{""1"":214,""2"":192,""3"":173,""4"":166,""5"":186,""6"":203,""7"":229,""8"":191,""9"":209,""10"":166}",628
104035502,104035,5,2,"{""1"":750,""2"":983,""3"":464,""4"":541,""5"":446,""6"":791,""7"":1083,""8"":990,""9"":638,""10"":637}","{""1"":4,""2"":4,""3"":4,""4"":4}","{""1"":214,""2"":212,""3"":173,""4"":186,""5"":186,""6"":223,""7"":229,""8"":211,""9"":209,""10"":186}",732
104035503,104035,5,3,"{""1"":857,""2"":1123,""3"":530,""4"":619,""5"":510,""6"":904,""7"":1238,""8"":1131,""9"":730,""10"":728}","{""1"":5,""2"":4,""3"":4,""4"":4}","{""1"":234,""2"":232,""3"":173,""4"":186,""5"":206,""6"":243,""7"":229,""8"":211,""9"":209,""10"":206}",837
104035504,104035,5,4,"{""1"":964,""2"":1264,""3"":597,""4"":696,""5"":573,""6"":1017,""7"":1392,""8"":1273,""9"":821,""10"":819}","{""1"":5,""2"":5,""3"":4,""4"":4}","{""1"":234,""2"":232,""3"":193,""4"":206,""5"":206,""6"":243,""7"":249,""8"":231,""9"":229,""10"":206}",942
104035505,104035,5,5,"{""1"":1071,""2"":1404,""3"":663,""4"":774,""5"":637,""6"":1130,""7"":1547,""8"":1414,""9"":912,""10"":910}","{""1"":5,""2"":5,""3"":5,""4"":4}","{""1"":234,""2"":232,""3"":193,""4"":226,""5"":226,""6"":263,""7"":249,""8"":251,""9"":249,""10"":206}",1046
104035506,104035,5,6,"{""1"":1178,""2"":1544,""3"":729,""4"":851,""5"":701,""6"":1243,""7"":1702,""8"":1555,""9"":1003,""10"":1001}","{""1"":5,""2"":5,""3"":5,""4"":5}","{""1"":254,""2"":252,""3"":213,""4"":226,""5"":226,""6"":263,""7"":269,""8"":251,""9"":249,""10"":226}",1151
104035507,104035,5,7,"{""1"":1285,""2"":1685,""3"":796,""4"":928,""5"":764,""6"":1356,""7"":1856,""8"":1697,""9"":1094,""10"":1092}","{""1"":6,""2"":5,""3"":5,""4"":5}","{""1"":274,""2"":252,""3"":233,""4"":226,""5"":246,""6"":263,""7"":289,""8"":251,""9"":269,""10"":226}",1255
104035508,104035,5,8,"{""1"":1392,""2"":1825,""3"":862,""4"":1006,""5"":828,""6"":1469,""7"":2011,""8"":1838,""9"":1186,""10"":1183}","{""1"":6,""2"":6,""3"":5,""4"":5}","{""1"":274,""2"":272,""3"":233,""4"":246,""5"":246,""6"":283,""7"":289,""8"":271,""9"":269,""10"":246}",1360
104035509,104035,5,9,"{""1"":1499,""2"":1966,""3"":928,""4"":1083,""5"":892,""6"":1582,""7"":2166,""8"":1980,""9"":1277,""10"":1274}","{""1"":6,""2"":6,""3"":6,""4"":5}","{""1"":294,""2"":292,""3"":233,""4"":246,""5"":266,""6"":303,""7"":289,""8"":271,""9"":269,""10"":266}",1465
104035510,104035,5,10,"{""1"":1607,""2"":2106,""3"":995,""4"":1160,""5"":956,""6"":1695,""7"":2321,""8"":2121,""9"":1368,""10"":1365}","{""1"":6,""2"":6,""3"":6,""4"":6}","{""1"":294,""2"":292,""3"":253,""4"":266,""5"":266,""6"":303,""7"":309,""8"":291,""9"":289,""10"":266}",1569
104036401,104036,4,1,"{""1"":51,""2"":67,""3"":36,""4"":41,""5"":29,""6"":47,""7"":61,""8"":68,""9"":44,""10"":57}","{""1"":1,""2"":1,""3"":1,""4"":1}","{""1"":129,""2"":111,""3"":96,""4"":96,""5"":103,""6"":94,""7"":109,""8"":97,""9"":125,""10"":113}",50
104036402,104036,4,2,"{""1"":103,""2"":133,""3"":73,""4"":82,""5"":57,""6"":94,""7"":122,""8"":136,""9"":88,""10"":113}","{""1"":2,""2"":1,""3"":1,""4"":1}","{""1"":129,""2"":126,""3"":96,""4"":111,""5"":103,""6"":109,""7"":109,""8"":112,""9"":125,""10"":128}",100
104036403,104036,4,3,"{""1"":154,""2"":200,""3"":109,""4"":122,""5"":86,""6"":141,""7"":183,""8"":204,""9"":132,""10"":170}","{""1"":2,""2"":2,""3"":1,""4"":1}","{""1"":144,""2"":141,""3"":96,""4"":111,""5"":118,""6"":124,""7"":109,""8"":112,""9"":125,""10"":143}",150
104036404,104036,4,4,"{""1"":205,""2"":266,""3"":146,""4"":163,""5"":114,""6"":188,""7"":244,""8"":272,""9"":176,""10"":226}","{""1"":2,""2"":2,""3"":2,""4"":1}","{""1"":144,""2"":141,""3"":111,""4"":126,""5"":118,""6"":124,""7"":124,""8"":127,""9"":140,""10"":143}",200
104036405,104036,4,5,"{""1"":257,""2"":333,""3"":182,""4"":204,""5"":143,""6"":235,""7"":306,""8"":340,""9"":220,""10"":283}","{""1"":2,""2"":2,""3"":2,""4"":2}","{""1"":144,""2"":141,""3"":111,""4"":141,""5"":133,""6"":139,""7"":124,""8"":142,""9"":155,""10"":143}",250
104036406,104036,4,6,"{""1"":308,""2"":400,""3"":219,""4"":245,""5"":172,""6"":282,""7"":367,""8"":407,""9"":264,""10"":339}","{""1"":3,""2"":2,""3"":2,""4"":2}","{""1"":159,""2"":156,""3"":126,""4"":141,""5"":133,""6"":139,""7"":139,""8"":142,""9"":155,""10"":158}",300
104036407,104036,4,7,"{""1"":359,""2"":466,""3"":255,""4"":286,""5"":200,""6"":329,""7"":428,""8"":475,""9"":308,""10"":396}","{""1"":3,""2"":3,""3"":2,""4"":2}","{""1"":174,""2"":156,""3"":141,""4"":141,""5"":148,""6"":139,""7"":154,""8"":142,""9"":170,""10"":158}",350
104036408,104036,4,8,"{""1"":410,""2"":533,""3"":292,""4"":326,""5"":229,""6"":376,""7"":489,""8"":543,""9"":352,""10"":452}","{""1"":3,""2"":3,""3"":3,""4"":2}","{""1"":174,""2"":171,""3"":141,""4"":156,""5"":148,""6"":154,""7"":154,""8"":157,""9"":170,""10"":173}",400
104036409,104036,4,9,"{""1"":462,""2"":599,""3"":328,""4"":367,""5"":257,""6"":423,""7"":550,""8"":611,""9"":396,""10"":509}","{""1"":3,""2"":3,""3"":3,""4"":3}","{""1"":189,""2"":186,""3"":141,""4"":156,""5"":163,""6"":169,""7"":154,""8"":157,""9"":170,""10"":188}",450
104036410,104036,4,10,"{""1"":513,""2"":666,""3"":365,""4"":408,""5"":286,""6"":470,""7"":611,""8"":679,""9"":440,""10"":565}","{""1"":4,""2"":3,""3"":3,""4"":3}","{""1"":189,""2"":186,""3"":156,""4"":171,""5"":163,""6"":169,""7"":169,""8"":172,""9"":185,""10"":188}",500
104036500,104036,5,0,"{""1"":564,""2"":733,""3"":401,""4"":449,""5"":315,""6"":517,""7"":672,""8"":747,""9"":484,""10"":622}","{""1"":4,""2"":4,""3"":3,""4"":3}","{""1"":189,""2"":201,""3"":156,""4"":171,""5"":163,""6"":184,""7"":169,""8"":187,""9"":185,""10"":188}",550
104036501,104036,5,1,"{""1"":616,""2"":799,""3"":437,""4"":490,""5"":343,""6"":564,""7"":733,""8"":815,""9"":528,""10"":678}","{""1"":4,""2"":4,""3"":4,""4"":3}","{""1"":209,""2"":201,""3"":176,""4"":171,""5"":183,""6"":184,""7"":189,""8"":187,""9"":205,""10"":188}",600
104036502,104036,5,2,"{""1"":718,""2"":932,""3"":510,""4"":571,""5"":400,""6"":658,""7"":855,""8"":951,""9"":616,""10"":791}","{""1"":4,""2"":4,""3"":4,""4"":4}","{""1"":209,""2"":221,""3"":176,""4"":191,""5"":183,""6"":204,""7"":189,""8"":207,""9"":205,""10"":208}",700
104036503,104036,5,3,"{""1"":821,""2"":1066,""3"":583,""4"":653,""5"":458,""6"":752,""7"":978,""8"":1086,""9"":704,""10"":904}","{""1"":5,""2"":4,""3"":4,""4"":4}","{""1"":229,""2"":241,""3"":176,""4"":191,""5"":203,""6"":224,""7"":189,""8"":207,""9"":205,""10"":228}",801
104036504,104036,5,4,"{""1"":923,""2"":1199,""3"":656,""4"":734,""5"":515,""6"":846,""7"":1100,""8"":1222,""9"":792,""10"":1017}","{""1"":5,""2"":5,""3"":4,""4"":4}","{""1"":229,""2"":241,""3"":196,""4"":211,""5"":203,""6"":224,""7"":209,""8"":227,""9"":225,""10"":228}",900
104036505,104036,5,5,"{""1"":1026,""2"":1332,""3"":729,""4"":816,""5"":572,""6"":940,""7"":1222,""8"":1358,""9"":880,""10"":1130}","{""1"":5,""2"":5,""3"":5,""4"":4}","{""1"":229,""2"":241,""3"":196,""4"":231,""5"":223,""6"":244,""7"":209,""8"":247,""9"":245,""10"":228}",1001
104036506,104036,5,6,"{""1"":1129,""2"":1465,""3"":802,""4"":898,""5"":629,""6"":1034,""7"":1344,""8"":1494,""9"":968,""10"":1243}","{""1"":5,""2"":5,""3"":5,""4"":5}","{""1"":249,""2"":261,""3"":216,""4"":231,""5"":223,""6"":244,""7"":229,""8"":247,""9"":245,""10"":248}",1101
104036507,104036,5,7,"{""1"":1231,""2"":1598,""3"":875,""4"":979,""5"":686,""6"":1128,""7"":1466,""8"":1630,""9"":1056,""10"":1356}","{""1"":6,""2"":5,""3"":5,""4"":5}","{""1"":269,""2"":261,""3"":236,""4"":231,""5"":243,""6"":244,""7"":249,""8"":247,""9"":265,""10"":248}",1201
104036508,104036,5,8,"{""1"":1334,""2"":1732,""3"":948,""4"":1061,""5"":744,""6"":1222,""7"":1589,""8"":1765,""9"":1144,""10"":1469}","{""1"":6,""2"":6,""3"":5,""4"":5}","{""1"":269,""2"":281,""3"":236,""4"":251,""5"":243,""6"":264,""7"":249,""8"":267,""9"":265,""10"":268}",1301
104036509,104036,5,9,"{""1"":1436,""2"":1865,""3"":1021,""4"":1142,""5"":801,""6"":1316,""7"":1711,""8"":1901,""9"":1232,""10"":1582}","{""1"":6,""2"":6,""3"":6,""4"":5}","{""1"":289,""2"":301,""3"":236,""4"":251,""5"":263,""6"":284,""7"":249,""8"":267,""9"":265,""10"":288}",1401
104036510,104036,5,10,"{""1"":1539,""2"":1998,""3"":1094,""4"":1224,""5"":858,""6"":1410,""7"":1833,""8"":2037,""9"":1320,""10"":1695}","{""1"":6,""2"":6,""3"":6,""4"":6}","{""1"":289,""2"":301,""3"":256,""4"":271,""5"":263,""6"":284,""7"":269,""8"":287,""9"":285,""10"":288}",1501
104037401,104037,4,1,"{""1"":58,""2"":49,""3"":44,""4"":52,""5"":49,""6"":49,""7"":46,""8"":57,""9"":54,""10"":54}","{""1"":1,""2"":1,""3"":1,""4"":1}","{""1"":130,""2"":98,""3"":103,""4"":104,""5"":112,""6"":98,""7"":106,""8"":113,""9"":122,""10"":107}",51
104037402,104037,4,2,"{""1"":115,""2"":98,""3"":88,""4"":104,""5"":97,""6"":98,""7"":91,""8"":113,""9"":107,""10"":107}","{""1"":2,""2"":1,""3"":1,""4"":1}","{""1"":130,""2"":113,""3"":103,""4"":119,""5"":112,""6"":113,""7"":106,""8"":128,""9"":122,""10"":122}",102
104037403,104037,4,3,"{""1"":173,""2"":147,""3"":132,""4"":156,""5"":146,""6"":147,""7"":137,""8"":170,""9"":161,""10"":161}","{""1"":2,""2"":2,""3"":1,""4"":1}","{""1"":145,""2"":128,""3"":103,""4"":119,""5"":127,""6"":128,""7"":106,""8"":128,""9"":122,""10"":137}",153
104037404,104037,4,4,"{""1"":230,""2"":196,""3"":176,""4"":208,""5"":194,""6"":196,""7"":182,""8"":226,""9"":214,""10"":214}","{""1"":2,""2"":2,""3"":2,""4"":1}","{""1"":145,""2"":128,""3"":118,""4"":134,""5"":127,""6"":128,""7"":121,""8"":143,""9"":137,""10"":137}",204
104037405,104037,4,5,"{""1"":288,""2"":245,""3"":220,""4"":260,""5"":243,""6"":245,""7"":228,""8"":283,""9"":268,""10"":268}","{""1"":2,""2"":2,""3"":2,""4"":2}","{""1"":145,""2"":128,""3"":118,""4"":149,""5"":142,""6"":143,""7"":121,""8"":158,""9"":152,""10"":137}",255
104037406,104037,4,6,"{""1"":345,""2"":294,""3"":264,""4"":312,""5"":291,""6"":294,""7"":273,""8"":339,""9"":321,""10"":321}","{""1"":3,""2"":2,""3"":2,""4"":2}","{""1"":160,""2"":143,""3"":133,""4"":149,""5"":142,""6"":143,""7"":136,""8"":158,""9"":152,""10"":152}",305
104037407,104037,4,7,"{""1"":403,""2"":343,""3"":308,""4"":364,""5"":340,""6"":343,""7"":319,""8"":396,""9"":375,""10"":375}","{""1"":3,""2"":3,""3"":2,""4"":2}","{""1"":175,""2"":143,""3"":148,""4"":149,""5"":157,""6"":143,""7"":151,""8"":158,""9"":167,""10"":152}",357
104037408,104037,4,8,"{""1"":460,""2"":392,""3"":352,""4"":416,""5"":388,""6"":392,""7"":364,""8"":452,""9"":428,""10"":428}","{""1"":3,""2"":3,""3"":3,""4"":2}","{""1"":175,""2"":158,""3"":148,""4"":164,""5"":157,""6"":158,""7"":151,""8"":173,""9"":167,""10"":167}",407
104037409,104037,4,9,"{""1"":518,""2"":441,""3"":396,""4"":468,""5"":437,""6"":441,""7"":410,""8"":509,""9"":482,""10"":482}","{""1"":3,""2"":3,""3"":3,""4"":3}","{""1"":190,""2"":173,""3"":148,""4"":164,""5"":172,""6"":173,""7"":151,""8"":173,""9"":167,""10"":182}",458
104037410,104037,4,10,"{""1"":575,""2"":490,""3"":440,""4"":520,""5"":485,""6"":490,""7"":455,""8"":565,""9"":535,""10"":535}","{""1"":4,""2"":3,""3"":3,""4"":3}","{""1"":190,""2"":173,""3"":163,""4"":179,""5"":172,""6"":173,""7"":166,""8"":188,""9"":182,""10"":182}",509
104037500,104037,5,0,"{""1"":633,""2"":539,""3"":484,""4"":572,""5"":534,""6"":539,""7"":501,""8"":622,""9"":589,""10"":589}","{""1"":4,""2"":4,""3"":3,""4"":3}","{""1"":205,""2"":173,""3"":163,""4"":179,""5"":187,""6"":173,""7"":166,""8"":188,""9"":182,""10"":197}",560
104037501,104037,5,1,"{""1"":690,""2"":588,""3"":528,""4"":624,""5"":582,""6"":588,""7"":546,""8"":678,""9"":642,""10"":642}","{""1"":4,""2"":4,""3"":4,""4"":3}","{""1"":225,""2"":173,""3"":183,""4"":179,""5"":207,""6"":173,""7"":186,""8"":188,""9"":202,""10"":197}",611
104037502,104037,5,2,"{""1"":805,""2"":686,""3"":616,""4"":728,""5"":679,""6"":686,""7"":637,""8"":791,""9"":749,""10"":749}","{""1"":4,""2"":4,""3"":4,""4"":4}","{""1"":225,""2"":193,""3"":183,""4"":199,""5"":207,""6"":193,""7"":186,""8"":208,""9"":202,""10"":217}",713
104037503,104037,5,3,"{""1"":920,""2"":784,""3"":704,""4"":832,""5"":776,""6"":784,""7"":728,""8"":904,""9"":856,""10"":856}","{""1"":5,""2"":4,""3"":4,""4"":4}","{""1"":245,""2"":213,""3"":183,""4"":199,""5"":227,""6"":213,""7"":186,""8"":208,""9"":202,""10"":237}",814
104037504,104037,5,4,"{""1"":1035,""2"":882,""3"":792,""4"":936,""5"":873,""6"":882,""7"":819,""8"":1017,""9"":963,""10"":963}","{""1"":5,""2"":5,""3"":4,""4"":4}","{""1"":245,""2"":213,""3"":203,""4"":219,""5"":227,""6"":213,""7"":206,""8"":228,""9"":222,""10"":237}",916
104037505,104037,5,5,"{""1"":1150,""2"":980,""3"":880,""4"":1040,""5"":970,""6"":980,""7"":910,""8"":1130,""9"":1070,""10"":1070}","{""1"":5,""2"":5,""3"":5,""4"":4}","{""1"":245,""2"":213,""3"":203,""4"":239,""5"":247,""6"":233,""7"":206,""8"":248,""9"":242,""10"":237}",1018
104037506,104037,5,6,"{""1"":1265,""2"":1078,""3"":968,""4"":1144,""5"":1067,""6"":1078,""7"":1001,""8"":1243,""9"":1177,""10"":1177}","{""1"":5,""2"":5,""3"":5,""4"":5}","{""1"":265,""2"":233,""3"":223,""4"":239,""5"":247,""6"":233,""7"":226,""8"":248,""9"":242,""10"":257}",1120
104037507,104037,5,7,"{""1"":1380,""2"":1176,""3"":1056,""4"":1248,""5"":1164,""6"":1176,""7"":1092,""8"":1356,""9"":1284,""10"":1284}","{""1"":6,""2"":5,""3"":5,""4"":5}","{""1"":285,""2"":233,""3"":243,""4"":239,""5"":267,""6"":233,""7"":246,""8"":248,""9"":262,""10"":257}",1222
104037508,104037,5,8,"{""1"":1495,""2"":1274,""3"":1144,""4"":1352,""5"":1261,""6"":1274,""7"":1183,""8"":1469,""9"":1391,""10"":1391}","{""1"":6,""2"":6,""3"":5,""4"":5}","{""1"":285,""2"":253,""3"":243,""4"":259,""5"":267,""6"":253,""7"":246,""8"":268,""9"":262,""10"":277}",1323
104037509,104037,5,9,"{""1"":1610,""2"":1372,""3"":1232,""4"":1456,""5"":1358,""6"":1372,""7"":1274,""8"":1582,""9"":1498,""10"":1498}","{""1"":6,""2"":6,""3"":6,""4"":5}","{""1"":305,""2"":273,""3"":243,""4"":259,""5"":287,""6"":273,""7"":246,""8"":268,""9"":262,""10"":297}",1425
104037510,104037,5,10,"{""1"":1725,""2"":1470,""3"":1320,""4"":1560,""5"":1455,""6"":1470,""7"":1365,""8"":1695,""9"":1605,""10"":1605}","{""1"":6,""2"":6,""3"":6,""4"":6}","{""1"":305,""2"":273,""3"":263,""4"":279,""5"":287,""6"":273,""7"":266,""8"":288,""9"":282,""10"":297}",1527
104038401,104038,4,1,"{""1"":53,""2"":68,""3"":33,""4"":38,""5"":31,""6"":55,""7"":78,""8"":70,""9"":44,""10"":47}","{""1"":1,""2"":1,""3"":1,""4"":1}","{""1"":132,""2"":114,""3"":93,""4"":89,""5"":103,""6"":110,""7"":135,""8"":100,""9"":125,""10"":94}",52
104038402,104038,4,2,"{""1"":105,""2"":137,""3"":66,""4"":76,""5"":62,""6"":110,""7"":156,""8"":140,""9"":88,""10"":94}","{""1"":2,""2"":1,""3"":1,""4"":1}","{""1"":132,""2"":129,""3"":93,""4"":104,""5"":103,""6"":125,""7"":135,""8"":115,""9"":125,""10"":109}",103
104038403,104038,4,3,"{""1"":158,""2"":205,""3"":99,""4"":113,""5"":92,""6"":165,""7"":234,""8"":210,""9"":132,""10"":141}","{""1"":2,""2"":2,""3"":1,""4"":1}","{""1"":147,""2"":144,""3"":93,""4"":104,""5"":118,""6"":140,""7"":135,""8"":115,""9"":125,""10"":124}",155
104038404,104038,4,4,"{""1"":211,""2"":274,""3"":133,""4"":151,""5"":123,""6"":220,""7"":312,""8"":280,""9"":176,""10"":188}","{""1"":2,""2"":2,""3"":2,""4"":1}","{""1"":147,""2"":144,""3"":108,""4"":119,""5"":118,""6"":140,""7"":150,""8"":130,""9"":140,""10"":124}",207
104038405,104038,4,5,"{""1"":263,""2"":342,""3"":166,""4"":189,""5"":154,""6"":275,""7"":390,""8"":350,""9"":220,""10"":235}","{""1"":2,""2"":2,""3"":2,""4"":2}","{""1"":147,""2"":144,""3"":108,""4"":134,""5"":133,""6"":155,""7"":150,""8"":145,""9"":155,""10"":124}",258
104038406,104038,4,6,"{""1"":316,""2"":410,""3"":199,""4"":227,""5"":185,""6"":330,""7"":468,""8"":420,""9"":264,""10"":282}","{""1"":3,""2"":2,""3"":2,""4"":2}","{""1"":162,""2"":159,""3"":123,""4"":134,""5"":133,""6"":155,""7"":165,""8"":145,""9"":155,""10"":139}",310
104038407,104038,4,7,"{""1"":369,""2"":479,""3"":232,""4"":265,""5"":216,""6"":385,""7"":546,""8"":490,""9"":308,""10"":329}","{""1"":3,""2"":3,""3"":2,""4"":2}","{""1"":177,""2"":159,""3"":138,""4"":134,""5"":148,""6"":155,""7"":180,""8"":145,""9"":170,""10"":139}",362
104038408,104038,4,8,"{""1"":421,""2"":547,""3"":265,""4"":303,""5"":246,""6"":440,""7"":624,""8"":560,""9"":352,""10"":376}","{""1"":3,""2"":3,""3"":3,""4"":2}","{""1"":177,""2"":174,""3"":138,""4"":149,""5"":148,""6"":170,""7"":180,""8"":160,""9"":170,""10"":154}",413
104038409,104038,4,9,"{""1"":474,""2"":616,""3"":298,""4"":340,""5"":277,""6"":495,""7"":702,""8"":630,""9"":396,""10"":423}","{""1"":3,""2"":3,""3"":3,""4"":3}","{""1"":192,""2"":189,""3"":138,""4"":149,""5"":163,""6"":185,""7"":180,""8"":160,""9"":170,""10"":169}",465
104038410,104038,4,10,"{""1"":527,""2"":684,""3"":332,""4"":378,""5"":308,""6"":550,""7"":780,""8"":700,""9"":440,""10"":470}","{""1"":4,""2"":3,""3"":3,""4"":3}","{""1"":192,""2"":189,""3"":153,""4"":164,""5"":163,""6"":185,""7"":195,""8"":175,""9"":185,""10"":169}",517
104038500,104038,5,0,"{""1"":579,""2"":752,""3"":365,""4"":416,""5"":339,""6"":605,""7"":858,""8"":770,""9"":484,""10"":517}","{""1"":4,""2"":4,""3"":3,""4"":3}","{""1"":192,""2"":189,""3"":153,""4"":164,""5"":163,""6"":200,""7"":210,""8"":190,""9"":185,""10"":169}",569
104038501,104038,5,1,"{""1"":632,""2"":821,""3"":398,""4"":454,""5"":370,""6"":660,""7"":936,""8"":840,""9"":528,""10"":564}","{""1"":4,""2"":4,""3"":4,""4"":3}","{""1"":212,""2"":189,""3"":173,""4"":164,""5"":183,""6"":200,""7"":230,""8"":190,""9"":205,""10"":169}",620
104038502,104038,5,2,"{""1"":737,""2"":958,""3"":464,""4"":530,""5"":431,""6"":770,""7"":1092,""8"":980,""9"":616,""10"":658}","{""1"":4,""2"":4,""3"":4,""4"":4}","{""1"":212,""2"":209,""3"":173,""4"":184,""5"":183,""6"":220,""7"":230,""8"":210,""9"":205,""10"":189}",724
104038503,104038,5,3,"{""1"":842,""2"":1094,""3"":530,""4"":605,""5"":493,""6"":880,""7"":1248,""8"":1120,""9"":704,""10"":752}","{""1"":5,""2"":4,""3"":4,""4"":4}","{""1"":232,""2"":229,""3"":173,""4"":184,""5"":203,""6"":240,""7"":230,""8"":210,""9"":205,""10"":209}",827
104038504,104038,5,4,"{""1"":948,""2"":1231,""3"":597,""4"":681,""5"":554,""6"":990,""7"":1404,""8"":1260,""9"":792,""10"":846}","{""1"":5,""2"":5,""3"":4,""4"":4}","{""1"":232,""2"":229,""3"":193,""4"":204,""5"":203,""6"":240,""7"":250,""8"":230,""9"":225,""10"":209}",930
104038505,104038,5,5,"{""1"":1053,""2"":1368,""3"":663,""4"":757,""5"":616,""6"":1100,""7"":1560,""8"":1400,""9"":880,""10"":940}","{""1"":5,""2"":5,""3"":5,""4"":4}","{""1"":232,""2"":229,""3"":193,""4"":224,""5"":223,""6"":260,""7"":250,""8"":250,""9"":245,""10"":209}",1034
104038506,104038,5,6,"{""1"":1158,""2"":1505,""3"":729,""4"":832,""5"":678,""6"":1210,""7"":1716,""8"":1540,""9"":968,""10"":1034}","{""1"":5,""2"":5,""3"":5,""4"":5}","{""1"":252,""2"":249,""3"":213,""4"":224,""5"":223,""6"":260,""7"":270,""8"":250,""9"":245,""10"":229}",1137
104038507,104038,5,7,"{""1"":1264,""2"":1642,""3"":796,""4"":908,""5"":739,""6"":1320,""7"":1872,""8"":1680,""9"":1056,""10"":1128}","{""1"":6,""2"":5,""3"":5,""4"":5}","{""1"":272,""2"":249,""3"":233,""4"":224,""5"":243,""6"":260,""7"":290,""8"":250,""9"":265,""10"":229}",1241
104038508,104038,5,8,"{""1"":1369,""2"":1778,""3"":862,""4"":983,""5"":801,""6"":1430,""7"":2028,""8"":1820,""9"":1144,""10"":1222}","{""1"":6,""2"":6,""3"":5,""4"":5}","{""1"":272,""2"":269,""3"":233,""4"":244,""5"":243,""6"":280,""7"":290,""8"":270,""9"":265,""10"":249}",1344
104038509,104038,5,9,"{""1"":1474,""2"":1915,""3"":928,""4"":1059,""5"":862,""6"":1540,""7"":2184,""8"":1960,""9"":1232,""10"":1316}","{""1"":6,""2"":6,""3"":6,""4"":5}","{""1"":292,""2"":289,""3"":233,""4"":244,""5"":263,""6"":300,""7"":290,""8"":270,""9"":265,""10"":269}",1447
104038510,104038,5,10,"{""1"":1580,""2"":2052,""3"":995,""4"":1135,""5"":924,""6"":1650,""7"":2340,""8"":2100,""9"":1320,""10"":1410}","{""1"":6,""2"":6,""3"":6,""4"":6}","{""1"":292,""2"":289,""3"":253,""4"":264,""5"":263,""6"":300,""7"":310,""8"":290,""9"":285,""10"":269}",1551
104039401,104039,4,1,"{""1"":54,""2"":76,""3"":37,""4"":44,""5"":39,""6"":52,""7"":83,""8"":80,""9"":47,""10"":57}","{""1"":1,""2"":1,""3"":1,""4"":1}","{""1"":128,""2"":120,""3"":108,""4"":105,""5"":115,""6"":135,""7"":143,""8"":118,""9"":133,""10"":111}",52
104039402,104039,4,2,"{""1"":108,""2"":152,""3"":74,""4"":88,""5"":77,""6"":104,""7"":165,""8"":160,""9"":94,""10"":114}","{""1"":2,""2"":1,""3"":1,""4"":1}","{""1"":128,""2"":135,""3"":108,""4"":120,""5"":115,""6"":150,""7"":143,""8"":133,""9"":133,""10"":126}",103
104039403,104039,4,3,"{""1"":162,""2"":229,""3"":111,""4"":133,""5"":116,""6"":156,""7"":248,""8"":239,""9"":140,""10"":171}","{""1"":2,""2"":2,""3"":1,""4"":1}","{""1"":143,""2"":150,""3"":108,""4"":120,""5"":130,""6"":165,""7"":143,""8"":133,""9"":133,""10"":141}",155
104039404,104039,4,4,"{""1"":216,""2"":305,""3"":148,""4"":177,""5"":154,""6"":208,""7"":330,""8"":319,""9"":187,""10"":228}","{""1"":2,""2"":2,""3"":2,""4"":1}","{""1"":143,""2"":150,""3"":123,""4"":135,""5"":130,""6"":165,""7"":158,""8"":148,""9"":148,""10"":141}",207
104039405,104039,4,5,"{""1"":270,""2"":381,""3"":185,""4"":221,""5"":193,""6"":260,""7"":413,""8"":399,""9"":234,""10"":285}","{""1"":2,""2"":2,""3"":2,""4"":2}","{""1"":143,""2"":150,""3"":123,""4"":150,""5"":145,""6"":180,""7"":158,""8"":163,""9"":163,""10"":141}",258
104039406,104039,4,6,"{""1"":324,""2"":457,""3"":222,""4"":265,""5"":231,""6"":312,""7"":495,""8"":479,""9"":281,""10"":342}","{""1"":3,""2"":2,""3"":2,""4"":2}","{""1"":158,""2"":165,""3"":138,""4"":150,""5"":145,""6"":180,""7"":173,""8"":163,""9"":163,""10"":156}",310
104039407,104039,4,7,"{""1"":378,""2"":533,""3"":259,""4"":309,""5"":270,""6"":364,""7"":578,""8"":559,""9"":328,""10"":399}","{""1"":3,""2"":3,""3"":2,""4"":2}","{""1"":173,""2"":165,""3"":153,""4"":150,""5"":160,""6"":180,""7"":188,""8"":163,""9"":178,""10"":156}",362
104039408,104039,4,8,"{""1"":432,""2"":610,""3"":296,""4"":354,""5"":308,""6"":416,""7"":660,""8"":638,""9"":374,""10"":456}","{""1"":3,""2"":3,""3"":3,""4"":2}","{""1"":173,""2"":180,""3"":153,""4"":165,""5"":160,""6"":195,""7"":188,""8"":178,""9"":178,""10"":171}",413
104039409,104039,4,9,"{""1"":486,""2"":686,""3"":333,""4"":398,""5"":347,""6"":468,""7"":743,""8"":718,""9"":421,""10"":513}","{""1"":3,""2"":3,""3"":3,""4"":3}","{""1"":188,""2"":195,""3"":153,""4"":165,""5"":175,""6"":210,""7"":188,""8"":178,""9"":178,""10"":186}",465
104039410,104039,4,10,"{""1"":540,""2"":762,""3"":370,""4"":442,""5"":385,""6"":520,""7"":826,""8"":798,""9"":468,""10"":570}","{""1"":4,""2"":3,""3"":3,""4"":3}","{""1"":188,""2"":195,""3"":168,""4"":180,""5"":175,""6"":210,""7"":203,""8"":193,""9"":193,""10"":186}",517
104039500,104039,5,0,"{""1"":594,""2"":838,""3"":407,""4"":486,""5"":424,""6"":572,""7"":908,""8"":878,""9"":515,""10"":627}","{""1"":4,""2"":4,""3"":3,""4"":3}","{""1"":188,""2"":210,""3"":168,""4"":180,""5"":175,""6"":225,""7"":203,""8"":208,""9"":193,""10"":186}",568
104039501,104039,5,1,"{""1"":648,""2"":914,""3"":444,""4"":530,""5"":462,""6"":624,""7"":991,""8"":958,""9"":562,""10"":684}","{""1"":4,""2"":4,""3"":4,""4"":3}","{""1"":208,""2"":210,""3"":188,""4"":180,""5"":195,""6"":225,""7"":223,""8"":208,""9"":213,""10"":186}",620
104039502,104039,5,2,"{""1"":756,""2"":1067,""3"":518,""4"":619,""5"":539,""6"":728,""7"":1156,""8"":1117,""9"":655,""10"":798}","{""1"":4,""2"":4,""3"":4,""4"":4}","{""1"":208,""2"":230,""3"":188,""4"":200,""5"":195,""6"":245,""7"":223,""8"":228,""9"":213,""10"":206}",723
104039503,104039,5,3,"{""1"":864,""2"":1219,""3"":592,""4"":707,""5"":616,""6"":832,""7"":1321,""8"":1277,""9"":749,""10"":912}","{""1"":5,""2"":4,""3"":4,""4"":4}","{""1"":228,""2"":250,""3"":188,""4"":200,""5"":215,""6"":265,""7"":223,""8"":228,""9"":213,""10"":226}",826
104039504,104039,5,4,"{""1"":972,""2"":1372,""3"":666,""4"":796,""5"":693,""6"":936,""7"":1486,""8"":1436,""9"":842,""10"":1026}","{""1"":5,""2"":5,""3"":4,""4"":4}","{""1"":228,""2"":250,""3"":208,""4"":220,""5"":215,""6"":265,""7"":243,""8"":248,""9"":233,""10"":226}",930
104039505,104039,5,5,"{""1"":1080,""2"":1524,""3"":740,""4"":884,""5"":770,""6"":1040,""7"":1651,""8"":1596,""9"":936,""10"":1140}","{""1"":5,""2"":5,""3"":5,""4"":4}","{""1"":228,""2"":250,""3"":208,""4"":240,""5"":235,""6"":285,""7"":243,""8"":268,""9"":253,""10"":226}",1033
104039506,104039,5,6,"{""1"":1188,""2"":1676,""3"":813,""4"":972,""5"":847,""6"":1144,""7"":1816,""8"":1756,""9"":1030,""10"":1254}","{""1"":5,""2"":5,""3"":5,""4"":5}","{""1"":248,""2"":270,""3"":228,""4"":240,""5"":235,""6"":285,""7"":263,""8"":268,""9"":253,""10"":246}",1136
104039507,104039,5,7,"{""1"":1296,""2"":1829,""3"":887,""4"":1061,""5"":924,""6"":1248,""7"":1981,""8"":1915,""9"":1123,""10"":1368}","{""1"":6,""2"":5,""3"":5,""4"":5}","{""1"":268,""2"":270,""3"":248,""4"":240,""5"":255,""6"":285,""7"":283,""8"":268,""9"":273,""10"":246}",1240
104039508,104039,5,8,"{""1"":1404,""2"":1981,""3"":961,""4"":1149,""5"":1001,""6"":1352,""7"":2146,""8"":2075,""9"":1217,""10"":1482}","{""1"":6,""2"":6,""3"":5,""4"":5}","{""1"":268,""2"":290,""3"":248,""4"":260,""5"":255,""6"":305,""7"":283,""8"":288,""9"":273,""10"":266}",1343
104039509,104039,5,9,"{""1"":1512,""2"":2134,""3"":1035,""4"":1238,""5"":1078,""6"":1456,""7"":2311,""8"":2234,""9"":1310,""10"":1596}","{""1"":6,""2"":6,""3"":6,""4"":5}","{""1"":288,""2"":310,""3"":248,""4"":260,""5"":275,""6"":325,""7"":283,""8"":288,""9"":273,""10"":286}",1446
104039510,104039,5,10,"{""1"":1620,""2"":2286,""3"":1109,""4"":1326,""5"":1155,""6"":1560,""7"":2477,""8"":2394,""9"":1404,""10"":1710}","{""1"":6,""2"":6,""3"":6,""4"":6}","{""1"":288,""2"":310,""3"":268,""4"":280,""5"":275,""6"":325,""7"":303,""8"":308,""9"":293,""10"":286}",1550
104040401,104040,4,1,"{""1"":67,""2"":39,""3"":62,""4"":86,""5"":82,""6"":63,""7"":26,""8"":35,""9"":69,""10"":58}","{""1"":1,""2"":1,""3"":1,""4"":1}","{""1"":125,""2"":78,""3"":130,""4"":88,""5"":103,""6"":85,""7"":81,""8"":76,""9"":103,""10"":88}",56
104040402,104040,4,2,"{""1"":133,""2"":78,""3"":123,""4"":173,""5"":163,""6"":125,""7"":53,""8"":70,""9"":138,""10"":115}","{""1"":2,""2"":1,""3"":1,""4"":1}","{""1"":125,""2"":93,""3"":130,""4"":103,""5"":103,""6"":100,""7"":81,""8"":91,""9"":103,""10"":103}",112
104040403,104040,4,3,"{""1"":200,""2"":118,""3"":185,""4"":259,""5"":245,""6"":188,""7"":79,""8"":105,""9"":207,""10"":173}","{""1"":2,""2"":2,""3"":1,""4"":1}","{""1"":140,""2"":108,""3"":130,""4"":103,""5"":118,""6"":115,""7"":81,""8"":91,""9"":103,""10"":118}",168
104040404,104040,4,4,"{""1"":267,""2"":157,""3"":246,""4"":345,""5"":327,""6"":250,""7"":106,""8"":140,""9"":276,""10"":230}","{""1"":2,""2"":2,""3"":2,""4"":1}","{""1"":140,""2"":108,""3"":145,""4"":118,""5"":118,""6"":115,""7"":96,""8"":106,""9"":118,""10"":118}",224
104040405,104040,4,5,"{""1"":333,""2"":196,""3"":308,""4"":431,""5"":408,""6"":313,""7"":132,""8"":175,""9"":345,""10"":288}","{""1"":2,""2"":2,""3"":2,""4"":2}","{""1"":140,""2"":108,""3"":145,""4"":133,""5"":133,""6"":130,""7"":96,""8"":121,""9"":133,""10"":118}",281
104040406,104040,4,6,"{""1"":400,""2"":235,""3"":369,""4"":518,""5"":490,""6"":375,""7"":158,""8"":210,""9"":414,""10"":345}","{""1"":3,""2"":2,""3"":2,""4"":2}","{""1"":155,""2"":123,""3"":160,""4"":133,""5"":133,""6"":130,""7"":111,""8"":121,""9"":133,""10"":133}",337
104040407,104040,4,7,"{""1"":467,""2"":274,""3"":431,""4"":604,""5"":572,""6"":438,""7"":185,""8"":245,""9"":483,""10"":403}","{""1"":3,""2"":3,""3"":2,""4"":2}","{""1"":170,""2"":123,""3"":175,""4"":133,""5"":148,""6"":130,""7"":126,""8"":121,""9"":148,""10"":133}",393
104040408,104040,4,8,"{""1"":533,""2"":314,""3"":492,""4"":690,""5"":653,""6"":500,""7"":211,""8"":280,""9"":552,""10"":460}","{""1"":3,""2"":3,""3"":3,""4"":2}","{""1"":170,""2"":138,""3"":175,""4"":148,""5"":148,""6"":145,""7"":126,""8"":136,""9"":148,""10"":148}",449
104040409,104040,4,9,"{""1"":600,""2"":353,""3"":554,""4"":776,""5"":735,""6"":563,""7"":238,""8"":315,""9"":621,""10"":518}","{""1"":3,""2"":3,""3"":3,""4"":3}","{""1"":185,""2"":153,""3"":175,""4"":148,""5"":163,""6"":160,""7"":126,""8"":136,""9"":148,""10"":163}",505
104040410,104040,4,10,"{""1"":667,""2"":392,""3"":615,""4"":863,""5"":817,""6"":625,""7"":264,""8"":350,""9"":690,""10"":575}","{""1"":4,""2"":3,""3"":3,""4"":3}","{""1"":185,""2"":153,""3"":190,""4"":163,""5"":163,""6"":160,""7"":141,""8"":151,""9"":163,""10"":163}",561
104040500,104040,5,0,"{""1"":733,""2"":431,""3"":677,""4"":949,""5"":898,""6"":688,""7"":290,""8"":385,""9"":759,""10"":633}","{""1"":4,""2"":4,""3"":3,""4"":3}","{""1"":185,""2"":153,""3"":205,""4"":178,""5"":178,""6"":160,""7"":141,""8"":151,""9"":163,""10"":163}",617
104040501,104040,5,1,"{""1"":800,""2"":470,""3"":738,""4"":1035,""5"":980,""6"":750,""7"":317,""8"":420,""9"":828,""10"":690}","{""1"":4,""2"":4,""3"":4,""4"":3}","{""1"":205,""2"":153,""3"":225,""4"":178,""5"":198,""6"":160,""7"":161,""8"":151,""9"":183,""10"":163}",673
104040502,104040,5,2,"{""1"":933,""2"":549,""3"":861,""4"":1208,""5"":1143,""6"":875,""7"":370,""8"":490,""9"":966,""10"":805}","{""1"":4,""2"":4,""3"":4,""4"":4}","{""1"":205,""2"":173,""3"":225,""4"":198,""5"":198,""6"":180,""7"":161,""8"":171,""9"":183,""10"":183}",785
104040503,104040,5,3,"{""1"":1067,""2"":627,""3"":984,""4"":1380,""5"":1307,""6"":1000,""7"":422,""8"":560,""9"":1104,""10"":920}","{""1"":5,""2"":4,""3"":4,""4"":4}","{""1"":225,""2"":193,""3"":225,""4"":198,""5"":218,""6"":200,""7"":161,""8"":171,""9"":183,""10"":203}",897
104040504,104040,5,4,"{""1"":1200,""2"":706,""3"":1107,""4"":1553,""5"":1470,""6"":1125,""7"":475,""8"":630,""9"":1242,""10"":1035}","{""1"":5,""2"":5,""3"":4,""4"":4}","{""1"":225,""2"":193,""3"":245,""4"":218,""5"":218,""6"":200,""7"":181,""8"":191,""9"":203,""10"":203}",1009
104040505,104040,5,5,"{""1"":1334,""2"":784,""3"":1231,""4"":1725,""5"":1634,""6"":1250,""7"":528,""8"":700,""9"":1380,""10"":1150}","{""1"":5,""2"":5,""3"":5,""4"":4}","{""1"":225,""2"":193,""3"":245,""4"":238,""5"":238,""6"":220,""7"":181,""8"":211,""9"":223,""10"":203}",1122
104040506,104040,5,6,"{""1"":1467,""2"":862,""3"":1354,""4"":1898,""5"":1797,""6"":1375,""7"":581,""8"":770,""9"":1518,""10"":1265}","{""1"":5,""2"":5,""3"":5,""4"":5}","{""1"":245,""2"":213,""3"":265,""4"":238,""5"":238,""6"":220,""7"":201,""8"":211,""9"":223,""10"":223}",1234
104040507,104040,5,7,"{""1"":1600,""2"":941,""3"":1477,""4"":2070,""5"":1960,""6"":1500,""7"":634,""8"":840,""9"":1656,""10"":1380}","{""1"":6,""2"":5,""3"":5,""4"":5}","{""1"":265,""2"":213,""3"":285,""4"":238,""5"":258,""6"":220,""7"":221,""8"":211,""9"":243,""10"":223}",1346
104040508,104040,5,8,"{""1"":1734,""2"":1019,""3"":1600,""4"":2243,""5"":2124,""6"":1625,""7"":686,""8"":910,""9"":1794,""10"":1495}","{""1"":6,""2"":6,""3"":5,""4"":5}","{""1"":265,""2"":233,""3"":285,""4"":258,""5"":258,""6"":240,""7"":221,""8"":231,""9"":243,""10"":243}",1458
104040509,104040,5,9,"{""1"":1867,""2"":1098,""3"":1723,""4"":2415,""5"":2287,""6"":1750,""7"":739,""8"":980,""9"":1932,""10"":1610}","{""1"":6,""2"":6,""3"":6,""4"":5}","{""1"":285,""2"":253,""3"":285,""4"":258,""5"":278,""6"":260,""7"":221,""8"":231,""9"":243,""10"":263}",1570
104040510,104040,5,10,"{""1"":2000,""2"":1176,""3"":1846,""4"":2588,""5"":2450,""6"":1875,""7"":792,""8"":1050,""9"":2070,""10"":1725}","{""1"":6,""2"":6,""3"":6,""4"":6}","{""1"":285,""2"":253,""3"":305,""4"":278,""5"":278,""6"":260,""7"":241,""8"":251,""9"":263,""10"":263}",1682
104041401,104041,4,1,"{""1"":86,""2"":39,""3"":69,""4"":73,""5"":79,""6"":54,""7"":37,""8"":24,""9"":69,""10"":58}","{""1"":1,""2"":1,""3"":1,""4"":1}","{""1"":130,""2"":69,""3"":125,""4"":88,""5"":83,""6"":85,""7"":103,""8"":83,""9"":103,""10"":88}",56
104041402,104041,4,2,"{""1"":173,""2"":78,""3"":138,""4"":146,""5"":157,""6"":107,""7"":74,""8"":48,""9"":138,""10"":115}","{""1"":2,""2"":1,""3"":1,""4"":1}","{""1"":130,""2"":84,""3"":125,""4"":103,""5"":83,""6"":100,""7"":103,""8"":98,""9"":103,""10"":103}",112
104041403,104041,4,3,"{""1"":259,""2"":118,""3"":206,""4"":219,""5"":236,""6"":161,""7"":112,""8"":71,""9"":207,""10"":173}","{""1"":2,""2"":2,""3"":1,""4"":1}","{""1"":145,""2"":99,""3"":125,""4"":103,""5"":98,""6"":115,""7"":103,""8"":98,""9"":103,""10"":118}",168
104041404,104041,4,4,"{""1"":345,""2"":157,""3"":275,""4"":292,""5"":315,""6"":214,""7"":149,""8"":95,""9"":276,""10"":230}","{""1"":2,""2"":2,""3"":2,""4"":1}","{""1"":145,""2"":99,""3"":140,""4"":118,""5"":98,""6"":115,""7"":118,""8"":113,""9"":118,""10"":118}",224
104041405,104041,4,5,"{""1"":431,""2"":196,""3"":344,""4"":365,""5"":393,""6"":268,""7"":186,""8"":119,""9"":345,""10"":288}","{""1"":2,""2"":2,""3"":2,""4"":2}","{""1"":145,""2"":99,""3"":140,""4"":133,""5"":113,""6"":130,""7"":118,""8"":128,""9"":133,""10"":118}",280
104041406,104041,4,6,"{""1"":518,""2"":235,""3"":413,""4"":438,""5"":472,""6"":321,""7"":223,""8"":143,""9"":414,""10"":345}","{""1"":3,""2"":2,""3"":2,""4"":2}","{""1"":160,""2"":114,""3"":155,""4"":133,""5"":113,""6"":130,""7"":133,""8"":128,""9"":133,""10"":133}",336
104041407,104041,4,7,"{""1"":604,""2"":274,""3"":481,""4"":511,""5"":551,""6"":375,""7"":260,""8"":166,""9"":483,""10"":403}","{""1"":3,""2"":3,""3"":2,""4"":2}","{""1"":175,""2"":114,""3"":170,""4"":133,""5"":128,""6"":130,""7"":148,""8"":128,""9"":148,""10"":133}",392
104041408,104041,4,8,"{""1"":690,""2"":314,""3"":550,""4"":584,""5"":629,""6"":428,""7"":298,""8"":190,""9"":552,""10"":460}","{""1"":3,""2"":3,""3"":3,""4"":2}","{""1"":175,""2"":129,""3"":170,""4"":148,""5"":128,""6"":145,""7"":148,""8"":143,""9"":148,""10"":148}",448
104041409,104041,4,9,"{""1"":776,""2"":353,""3"":619,""4"":657,""5"":708,""6"":482,""7"":335,""8"":214,""9"":621,""10"":518}","{""1"":3,""2"":3,""3"":3,""4"":3}","{""1"":190,""2"":144,""3"":170,""4"":148,""5"":143,""6"":160,""7"":148,""8"":143,""9"":148,""10"":163}",504
104041410,104041,4,10,"{""1"":863,""2"":392,""3"":688,""4"":730,""5"":787,""6"":535,""7"":372,""8"":238,""9"":690,""10"":575}","{""1"":4,""2"":3,""3"":3,""4"":3}","{""1"":190,""2"":144,""3"":185,""4"":163,""5"":143,""6"":160,""7"":163,""8"":158,""9"":163,""10"":163}",560
104041500,104041,5,0,"{""1"":949,""2"":431,""3"":756,""4"":803,""5"":865,""6"":589,""7"":409,""8"":261,""9"":759,""10"":633}","{""1"":4,""2"":4,""3"":3,""4"":3}","{""1"":205,""2"":144,""3"":200,""4"":178,""5"":143,""6"":160,""7"":163,""8"":158,""9"":163,""10"":163}",616
104041501,104041,5,1,"{""1"":1035,""2"":470,""3"":825,""4"":876,""5"":944,""6"":642,""7"":446,""8"":285,""9"":828,""10"":690}","{""1"":4,""2"":4,""3"":4,""4"":3}","{""1"":225,""2"":144,""3"":220,""4"":178,""5"":163,""6"":160,""7"":183,""8"":158,""9"":183,""10"":163}",672
104041502,104041,5,2,"{""1"":1208,""2"":549,""3"":963,""4"":1022,""5"":1101,""6"":749,""7"":521,""8"":333,""9"":966,""10"":805}","{""1"":4,""2"":4,""3"":4,""4"":4}","{""1"":225,""2"":164,""3"":220,""4"":198,""5"":163,""6"":180,""7"":183,""8"":178,""9"":183,""10"":183}",784
104041503,104041,5,3,"{""1"":1380,""2"":627,""3"":1100,""4"":1168,""5"":1258,""6"":856,""7"":595,""8"":380,""9"":1104,""10"":920}","{""1"":5,""2"":4,""3"":4,""4"":4}","{""1"":245,""2"":184,""3"":220,""4"":198,""5"":183,""6"":200,""7"":183,""8"":178,""9"":183,""10"":203}",896
104041504,104041,5,4,"{""1"":1553,""2"":706,""3"":1238,""4"":1314,""5"":1416,""6"":963,""7"":670,""8"":428,""9"":1242,""10"":1035}","{""1"":5,""2"":5,""3"":4,""4"":4}","{""1"":245,""2"":184,""3"":240,""4"":218,""5"":183,""6"":200,""7"":203,""8"":198,""9"":203,""10"":203}",1007
104041505,104041,5,5,"{""1"":1725,""2"":784,""3"":1375,""4"":1461,""5"":1573,""6"":1070,""7"":744,""8"":475,""9"":1380,""10"":1150}","{""1"":5,""2"":5,""3"":5,""4"":4}","{""1"":245,""2"":184,""3"":240,""4"":238,""5"":203,""6"":220,""7"":203,""8"":218,""9"":223,""10"":203}",1120
104041506,104041,5,6,"{""1"":1898,""2"":862,""3"":1513,""4"":1607,""5"":1730,""6"":1177,""7"":818,""8"":523,""9"":1518,""10"":1265}","{""1"":5,""2"":5,""3"":5,""4"":5}","{""1"":265,""2"":204,""3"":260,""4"":238,""5"":203,""6"":220,""7"":223,""8"":218,""9"":223,""10"":223}",1231
104041507,104041,5,7,"{""1"":2070,""2"":941,""3"":1650,""4"":1753,""5"":1888,""6"":1284,""7"":893,""8"":570,""9"":1656,""10"":1380}","{""1"":6,""2"":5,""3"":5,""4"":5}","{""1"":285,""2"":204,""3"":280,""4"":238,""5"":223,""6"":220,""7"":243,""8"":218,""9"":243,""10"":223}",1343
104041508,104041,5,8,"{""1"":2243,""2"":1019,""3"":1788,""4"":1899,""5"":2045,""6"":1391,""7"":967,""8"":618,""9"":1794,""10"":1495}","{""1"":6,""2"":6,""3"":5,""4"":5}","{""1"":285,""2"":224,""3"":280,""4"":258,""5"":223,""6"":240,""7"":243,""8"":238,""9"":243,""10"":243}",1455
104041509,104041,5,9,"{""1"":2415,""2"":1098,""3"":1925,""4"":2045,""5"":2202,""6"":1498,""7"":1042,""8"":665,""9"":1932,""10"":1610}","{""1"":6,""2"":6,""3"":6,""4"":5}","{""1"":305,""2"":244,""3"":280,""4"":258,""5"":243,""6"":260,""7"":243,""8"":238,""9"":243,""10"":263}",1567
104041510,104041,5,10,"{""1"":2588,""2"":1176,""3"":2063,""4"":2191,""5"":2360,""6"":1605,""7"":1116,""8"":713,""9"":2070,""10"":1725}","{""1"":6,""2"":6,""3"":6,""4"":6}","{""1"":305,""2"":244,""3"":300,""4"":278,""5"":243,""6"":260,""7"":263,""8"":258,""9"":263,""10"":263}",1679
104042401,104042,4,1,"{""1"":54,""2"":64,""3"":42,""4"":50,""5"":38,""6"":57,""7"":62,""8"":99,""9"":49,""10"":60}","{""1"":1,""2"":1,""3"":1,""4"":1}","{""1"":135,""2"":106,""3"":108,""4"":118,""5"":132,""6"":113,""7"":110,""8"":142,""9"":138,""10"":120}",56
104042402,104042,4,2,"{""1"":108,""2"":127,""3"":84,""4"":100,""5"":76,""6"":113,""7"":124,""8"":199,""9"":98,""10"":120}","{""1"":2,""2"":1,""3"":1,""4"":1}","{""1"":135,""2"":121,""3"":108,""4"":133,""5"":132,""6"":128,""7"":110,""8"":157,""9"":138,""10"":135}",112
104042403,104042,4,3,"{""1"":162,""2"":191,""3"":126,""4"":150,""5"":114,""6"":170,""7"":185,""8"":298,""9"":148,""10"":180}","{""1"":2,""2"":2,""3"":1,""4"":1}","{""1"":150,""2"":136,""3"":108,""4"":133,""5"":147,""6"":143,""7"":110,""8"":157,""9"":138,""10"":150}",168
104042404,104042,4,4,"{""1"":216,""2"":254,""3"":167,""4"":201,""5"":152,""6"":226,""7"":247,""8"":398,""9"":197,""10"":240}","{""1"":2,""2"":2,""3"":2,""4"":1}","{""1"":150,""2"":136,""3"":123,""4"":148,""5"":147,""6"":143,""7"":125,""8"":172,""9"":153,""10"":150}",224
104042405,104042,4,5,"{""1"":270,""2"":318,""3"":209,""4"":251,""5"":190,""6"":283,""7"":309,""8"":497,""9"":246,""10"":300}","{""1"":2,""2"":2,""3"":2,""4"":2}","{""1"":150,""2"":136,""3"":123,""4"":163,""5"":162,""6"":158,""7"":125,""8"":187,""9"":168,""10"":150}",281
104042406,104042,4,6,"{""1"":324,""2"":382,""3"":251,""4"":301,""5"":228,""6"":339,""7"":371,""8"":596,""9"":295,""10"":360}","{""1"":3,""2"":2,""3"":2,""4"":2}","{""1"":165,""2"":151,""3"":138,""4"":163,""5"":162,""6"":158,""7"":140,""8"":187,""9"":168,""10"":165}",337
104042407,104042,4,7,"{""1"":378,""2"":445,""3"":293,""4"":351,""5"":266,""6"":396,""7"":432,""8"":696,""9"":344,""10"":420}","{""1"":3,""2"":3,""3"":2,""4"":2}","{""1"":180,""2"":151,""3"":153,""4"":163,""5"":177,""6"":158,""7"":155,""8"":187,""9"":183,""10"":165}",393
104042408,104042,4,8,"{""1"":432,""2"":509,""3"":335,""4"":401,""5"":304,""6"":452,""7"":494,""8"":795,""9"":394,""10"":480}","{""1"":3,""2"":3,""3"":3,""4"":2}","{""1"":180,""2"":166,""3"":153,""4"":178,""5"":177,""6"":173,""7"":155,""8"":202,""9"":183,""10"":180}",449
104042409,104042,4,9,"{""1"":486,""2"":572,""3"":377,""4"":451,""5"":342,""6"":509,""7"":556,""8"":895,""9"":443,""10"":540}","{""1"":3,""2"":3,""3"":3,""4"":3}","{""1"":195,""2"":181,""3"":153,""4"":178,""5"":192,""6"":188,""7"":155,""8"":202,""9"":183,""10"":195}",505
104042410,104042,4,10,"{""1"":540,""2"":636,""3"":419,""4"":502,""5"":380,""6"":565,""7"":618,""8"":994,""9"":492,""10"":600}","{""1"":4,""2"":3,""3"":3,""4"":3}","{""1"":195,""2"":181,""3"":168,""4"":193,""5"":192,""6"":188,""7"":170,""8"":217,""9"":198,""10"":195}",561
104042500,104042,5,0,"{""1"":594,""2"":700,""3"":460,""4"":552,""5"":418,""6"":622,""7"":679,""8"":1093,""9"":541,""10"":660}","{""1"":4,""2"":4,""3"":3,""4"":3}","{""1"":195,""2"":196,""3"":168,""4"":193,""5"":192,""6"":203,""7"":170,""8"":232,""9"":198,""10"":195}",617
104042501,104042,5,1,"{""1"":648,""2"":763,""3"":502,""4"":602,""5"":456,""6"":678,""7"":741,""8"":1193,""9"":590,""10"":720}","{""1"":4,""2"":4,""3"":4,""4"":3}","{""1"":215,""2"":196,""3"":188,""4"":193,""5"":212,""6"":203,""7"":190,""8"":232,""9"":218,""10"":195}",673
104042502,104042,5,2,"{""1"":756,""2"":890,""3"":586,""4"":702,""5"":532,""6"":791,""7"":865,""8"":1392,""9"":689,""10"":840}","{""1"":4,""2"":4,""3"":4,""4"":4}","{""1"":215,""2"":216,""3"":188,""4"":213,""5"":212,""6"":223,""7"":190,""8"":252,""9"":218,""10"":215}",785
104042503,104042,5,3,"{""1"":864,""2"":1018,""3"":670,""4"":802,""5"":608,""6"":904,""7"":988,""8"":1590,""9"":787,""10"":960}","{""1"":5,""2"":4,""3"":4,""4"":4}","{""1"":235,""2"":236,""3"":188,""4"":213,""5"":232,""6"":243,""7"":190,""8"":252,""9"":218,""10"":235}",897
104042504,104042,5,4,"{""1"":972,""2"":1145,""3"":753,""4"":903,""5"":684,""6"":1017,""7"":1112,""8"":1789,""9"":886,""10"":1080}","{""1"":5,""2"":5,""3"":4,""4"":4}","{""1"":235,""2"":236,""3"":208,""4"":233,""5"":232,""6"":243,""7"":210,""8"":272,""9"":238,""10"":235}",1009
104042505,104042,5,5,"{""1"":1080,""2"":1272,""3"":837,""4"":1003,""5"":761,""6"":1130,""7"":1235,""8"":1988,""9"":984,""10"":1200}","{""1"":5,""2"":5,""3"":5,""4"":4}","{""1"":235,""2"":236,""3"":208,""4"":253,""5"":252,""6"":263,""7"":210,""8"":292,""9"":258,""10"":235}",1122
104042506,104042,5,6,"{""1"":1188,""2"":1399,""3"":921,""4"":1103,""5"":837,""6"":1243,""7"":1359,""8"":2187,""9"":1082,""10"":1320}","{""1"":5,""2"":5,""3"":5,""4"":5}","{""1"":255,""2"":256,""3"":228,""4"":253,""5"":252,""6"":263,""7"":230,""8"":292,""9"":258,""10"":255}",1234
104042507,104042,5,7,"{""1"":1296,""2"":1526,""3"":1004,""4"":1204,""5"":913,""6"":1356,""7"":1482,""8"":2386,""9"":1181,""10"":1440}","{""1"":6,""2"":5,""3"":5,""4"":5}","{""1"":275,""2"":256,""3"":248,""4"":253,""5"":272,""6"":263,""7"":250,""8"":292,""9"":278,""10"":255}",1346
104042508,104042,5,8,"{""1"":1404,""2"":1654,""3"":1088,""4"":1304,""5"":989,""6"":1469,""7"":1606,""8"":2584,""9"":1279,""10"":1560}","{""1"":6,""2"":6,""3"":5,""4"":5}","{""1"":275,""2"":276,""3"":248,""4"":273,""5"":272,""6"":283,""7"":250,""8"":312,""9"":278,""10"":275}",1458
104042509,104042,5,9,"{""1"":1512,""2"":1781,""3"":1172,""4"":1404,""5"":1065,""6"":1582,""7"":1729,""8"":2783,""9"":1378,""10"":1680}","{""1"":6,""2"":6,""3"":6,""4"":5}","{""1"":295,""2"":296,""3"":248,""4"":273,""5"":292,""6"":303,""7"":250,""8"":312,""9"":278,""10"":295}",1570
104042510,104042,5,10,"{""1"":1620,""2"":1908,""3"":1256,""4"":1505,""5"":1141,""6"":1695,""7"":1853,""8"":2982,""9"":1476,""10"":1800}","{""1"":6,""2"":6,""3"":6,""4"":6}","{""1"":295,""2"":296,""3"":268,""4"":293,""5"":292,""6"":303,""7"":270,""8"":332,""9"":298,""10"":295}",1682
104043401,104043,4,1,"{""1"":64,""2"":69,""3"":42,""4"":50,""5"":31,""6"":55,""7"":76,""8"":81,""9"":48,""10"":62}","{""1"":1,""2"":1,""3"":1,""4"":1}","{""1"":157,""2"":115,""3"":108,""4"":118,""5"":110,""6"":109,""7"":132,""8"":115,""9"":135,""10"":123}",56
104043402,104043,4,2,"{""1"":128,""2"":138,""3"":84,""4"":100,""5"":62,""6"":109,""7"":152,""8"":161,""9"":96,""10"":123}","{""1"":2,""2"":1,""3"":1,""4"":1}","{""1"":157,""2"":130,""3"":108,""4"":133,""5"":110,""6"":124,""7"":132,""8"":130,""9"":135,""10"":138}",112
104043403,104043,4,3,"{""1"":192,""2"":207,""3"":126,""4"":150,""5"":93,""6"":164,""7"":228,""8"":242,""9"":144,""10"":185}","{""1"":2,""2"":2,""3"":1,""4"":1}","{""1"":172,""2"":145,""3"":108,""4"":133,""5"":125,""6"":139,""7"":132,""8"":130,""9"":135,""10"":153}",168
104043404,104043,4,4,"{""1"":256,""2"":276,""3"":167,""4"":201,""5"":124,""6"":218,""7"":304,""8"":322,""9"":192,""10"":246}","{""1"":2,""2"":2,""3"":2,""4"":1}","{""1"":172,""2"":145,""3"":123,""4"":148,""5"":125,""6"":139,""7"":147,""8"":145,""9"":150,""10"":153}",224
104043405,104043,4,5,"{""1"":320,""2"":345,""3"":209,""4"":251,""5"":154,""6"":273,""7"":380,""8"":403,""9"":240,""10"":308}","{""1"":2,""2"":2,""3"":2,""4"":2}","{""1"":172,""2"":145,""3"":123,""4"":163,""5"":140,""6"":154,""7"":147,""8"":160,""9"":165,""10"":153}",280
104043406,104043,4,6,"{""1"":383,""2"":414,""3"":251,""4"":301,""5"":185,""6"":327,""7"":456,""8"":483,""9"":288,""10"":369}","{""1"":3,""2"":2,""3"":2,""4"":2}","{""1"":187,""2"":160,""3"":138,""4"":163,""5"":140,""6"":154,""7"":162,""8"":160,""9"":165,""10"":168}",336
104043407,104043,4,7,"{""1"":447,""2"":483,""3"":293,""4"":351,""5"":216,""6"":382,""7"":532,""8"":564,""9"":336,""10"":431}","{""1"":3,""2"":3,""3"":2,""4"":2}","{""1"":202,""2"":160,""3"":153,""4"":163,""5"":155,""6"":154,""7"":177,""8"":160,""9"":180,""10"":168}",392
104043408,104043,4,8,"{""1"":511,""2"":552,""3"":335,""4"":401,""5"":247,""6"":436,""7"":608,""8"":644,""9"":384,""10"":492}","{""1"":3,""2"":3,""3"":3,""4"":2}","{""1"":202,""2"":175,""3"":153,""4"":178,""5"":155,""6"":169,""7"":177,""8"":175,""9"":180,""10"":183}",448
104043409,104043,4,9,"{""1"":575,""2"":621,""3"":377,""4"":451,""5"":278,""6"":491,""7"":684,""8"":725,""9"":432,""10"":554}","{""1"":3,""2"":3,""3"":3,""4"":3}","{""1"":217,""2"":190,""3"":153,""4"":178,""5"":170,""6"":184,""7"":177,""8"":175,""9"":180,""10"":198}",504
104043410,104043,4,10,"{""1"":639,""2"":690,""3"":419,""4"":502,""5"":309,""6"":545,""7"":761,""8"":805,""9"":480,""10"":615}","{""1"":4,""2"":3,""3"":3,""4"":3}","{""1"":217,""2"":190,""3"":168,""4"":193,""5"":170,""6"":184,""7"":192,""8"":190,""9"":195,""10"":198}",560
104043500,104043,5,0,"{""1"":703,""2"":759,""3"":460,""4"":552,""5"":340,""6"":600,""7"":837,""8"":886,""9"":528,""10"":677}","{""1"":4,""2"":4,""3"":3,""4"":3}","{""1"":217,""2"":205,""3"":168,""4"":193,""5"":170,""6"":199,""7"":192,""8"":205,""9"":195,""10"":198}",616
104043501,104043,5,1,"{""1"":767,""2"":828,""3"":502,""4"":602,""5"":371,""6"":654,""7"":913,""8"":966,""9"":576,""10"":738}","{""1"":4,""2"":4,""3"":4,""4"":3}","{""1"":237,""2"":205,""3"":188,""4"":193,""5"":190,""6"":199,""7"":212,""8"":205,""9"":215,""10"":198}",672
104043502,104043,5,2,"{""1"":895,""2"":966,""3"":586,""4"":702,""5"":432,""6"":763,""7"":1065,""8"":1127,""9"":672,""10"":861}","{""1"":4,""2"":4,""3"":4,""4"":4}","{""1"":237,""2"":225,""3"":188,""4"":213,""5"":190,""6"":219,""7"":212,""8"":225,""9"":215,""10"":218}",784
104043503,104043,5,3,"{""1"":1022,""2"":1104,""3"":670,""4"":802,""5"":494,""6"":872,""7"":1217,""8"":1288,""9"":768,""10"":984}","{""1"":5,""2"":4,""3"":4,""4"":4}","{""1"":257,""2"":245,""3"":188,""4"":213,""5"":210,""6"":239,""7"":212,""8"":225,""9"":215,""10"":238}",896
104043504,104043,5,4,"{""1"":1150,""2"":1242,""3"":753,""4"":903,""5"":556,""6"":981,""7"":1369,""8"":1449,""9"":864,""10"":1107}","{""1"":5,""2"":5,""3"":4,""4"":4}","{""1"":257,""2"":245,""3"":208,""4"":233,""5"":210,""6"":239,""7"":232,""8"":245,""9"":235,""10"":238}",1007
104043505,104043,5,5,"{""1"":1278,""2"":1380,""3"":837,""4"":1003,""5"":618,""6"":1090,""7"":1521,""8"":1610,""9"":960,""10"":1230}","{""1"":5,""2"":5,""3"":5,""4"":4}","{""1"":257,""2"":245,""3"":208,""4"":253,""5"":230,""6"":259,""7"":232,""8"":265,""9"":255,""10"":238}",1120
104043506,104043,5,6,"{""1"":1406,""2"":1518,""3"":921,""4"":1103,""5"":679,""6"":1199,""7"":1673,""8"":1771,""9"":1056,""10"":1353}","{""1"":5,""2"":5,""3"":5,""4"":5}","{""1"":277,""2"":265,""3"":228,""4"":253,""5"":230,""6"":259,""7"":252,""8"":265,""9"":255,""10"":258}",1231
104043507,104043,5,7,"{""1"":1534,""2"":1656,""3"":1004,""4"":1204,""5"":741,""6"":1308,""7"":1825,""8"":1932,""9"":1152,""10"":1476}","{""1"":6,""2"":5,""3"":5,""4"":5}","{""1"":297,""2"":265,""3"":248,""4"":253,""5"":250,""6"":259,""7"":272,""8"":265,""9"":275,""10"":258}",1343
104043508,104043,5,8,"{""1"":1661,""2"":1794,""3"":1088,""4"":1304,""5"":803,""6"":1417,""7"":1977,""8"":2093,""9"":1248,""10"":1599}","{""1"":6,""2"":6,""3"":5,""4"":5}","{""1"":297,""2"":285,""3"":248,""4"":273,""5"":250,""6"":279,""7"":272,""8"":285,""9"":275,""10"":278}",1455
104043509,104043,5,9,"{""1"":1789,""2"":1932,""3"":1172,""4"":1404,""5"":865,""6"":1526,""7"":2129,""8"":2254,""9"":1344,""10"":1722}","{""1"":6,""2"":6,""3"":6,""4"":5}","{""1"":317,""2"":305,""3"":248,""4"":273,""5"":270,""6"":299,""7"":272,""8"":285,""9"":275,""10"":298}",1567
104043510,104043,5,10,"{""1"":1917,""2"":2070,""3"":1256,""4"":1505,""5"":926,""6"":1635,""7"":2282,""8"":2415,""9"":1440,""10"":1845}","{""1"":6,""2"":6,""3"":6,""4"":6}","{""1"":317,""2"":305,""3"":268,""4"":293,""5"":270,""6"":299,""7"":292,""8"":305,""9"":295,""10"":298}",1679
104044401,104044,4,1,"{""1"":54,""2"":72,""3"":52,""4"":49,""5"":31,""6"":54,""7"":66,""8"":84,""9"":48,""10"":67}","{""1"":1,""2"":1,""3"":1,""4"":1}","{""1"":117,""2"":130,""3"":145,""4"":108,""5"":113,""6"":111,""7"":117,""8"":111,""9"":135,""10"":135}",1153
104044402,104044,4,2,"{""1"":108,""2"":144,""3"":104,""4"":98,""5"":61,""6"":108,""7"":133,""8"":168,""9"":96,""10"":133}","{""1"":2,""2"":1,""3"":1,""4"":1}","{""1"":117,""2"":145,""3"":145,""4"":123,""5"":113,""6"":126,""7"":117,""8"":126,""9"":135,""10"":150}",1268
104044403,104044,4,3,"{""1"":138,""2"":216,""3"":155,""4"":147,""5"":92,""6"":162,""7"":199,""8"":252,""9"":144,""10"":200}","{""1"":2,""2"":2,""3"":1,""4"":1}","{""1"":132,""2"":160,""3"":145,""4"":123,""5"":128,""6"":141,""7"":117,""8"":126,""9"":135,""10"":165}",1383
104044404,104044,4,4,"{""1"":184,""2"":288,""3"":207,""4"":196,""5"":122,""6"":216,""7"":265,""8"":336,""9"":192,""10"":266}","{""1"":2,""2"":2,""3"":2,""4"":1}","{""1"":132,""2"":160,""3"":160,""4"":138,""5"":128,""6"":141,""7"":132,""8"":141,""9"":150,""10"":165}",1498
104044405,104044,4,5,"{""1"":230,""2"":360,""3"":259,""4"":244,""5"":153,""6"":270,""7"":332,""8"":420,""9"":240,""10"":333}","{""1"":2,""2"":2,""3"":2,""4"":2}","{""1"":132,""2"":160,""3"":160,""4"":153,""5"":143,""6"":156,""7"":132,""8"":156,""9"":165,""10"":165}",1614
104044406,104044,4,6,"{""1"":275,""2"":432,""3"":311,""4"":293,""5"":183,""6"":324,""7"":398,""8"":504,""9"":288,""10"":399}","{""1"":3,""2"":2,""3"":2,""4"":2}","{""1"":147,""2"":175,""3"":175,""4"":153,""5"":143,""6"":156,""7"":147,""8"":156,""9"":165,""10"":180}",1729
104044407,104044,4,7,"{""1"":321,""2"":504,""3"":362,""4"":342,""5"":214,""6"":378,""7"":464,""8"":588,""9"":336,""10"":466}","{""1"":3,""2"":3,""3"":2,""4"":2}","{""1"":162,""2"":175,""3"":190,""4"":153,""5"":158,""6"":156,""7"":162,""8"":156,""9"":180,""10"":180}",1153
104044408,104044,4,8,"{""1"":367,""2"":576,""3"":414,""4"":391,""5"":244,""6"":432,""7"":530,""8"":672,""9"":384,""10"":532}","{""1"":3,""2"":3,""3"":3,""4"":2}","{""1"":162,""2"":190,""3"":190,""4"":168,""5"":158,""6"":171,""7"":162,""8"":171,""9"":180,""10"":195}",1268
104044409,104044,4,9,"{""1"":413,""2"":648,""3"":466,""4"":440,""5"":275,""6"":486,""7"":597,""8"":756,""9"":432,""10"":599}","{""1"":3,""2"":3,""3"":3,""4"":3}","{""1"":177,""2"":205,""3"":190,""4"":168,""5"":173,""6"":186,""7"":162,""8"":171,""9"":180,""10"":210}",1383
104044410,104044,4,10,"{""1"":459,""2"":720,""3"":518,""4"":489,""5"":306,""6"":540,""7"":663,""8"":840,""9"":480,""10"":665}","{""1"":4,""2"":3,""3"":3,""4"":3}","{""1"":177,""2"":205,""3"":205,""4"":183,""5"":173,""6"":186,""7"":177,""8"":186,""9"":195,""10"":210}",1498
104044500,104044,5,0,"{""1"":505,""2"":792,""3"":569,""4"":538,""5"":336,""6"":594,""7"":729,""8"":924,""9"":528,""10"":732}","{""1"":4,""2"":4,""3"":3,""4"":3}","{""1"":177,""2"":220,""3"":205,""4"":183,""5"":173,""6"":201,""7"":177,""8"":201,""9"":195,""10"":210}",1614
104044501,104044,5,1,"{""1"":551,""2"":864,""3"":621,""4"":587,""5"":367,""6"":648,""7"":796,""8"":1008,""9"":576,""10"":798}","{""1"":4,""2"":4,""3"":4,""4"":3}","{""1"":197,""2"":220,""3"":225,""4"":183,""5"":193,""6"":201,""7"":197,""8"":201,""9"":215,""10"":210}",1729
104044502,104044,5,2,"{""1"":643,""2"":1008,""3"":725,""4"":684,""5"":428,""6"":756,""7"":928,""8"":1176,""9"":672,""10"":931}","{""1"":4,""2"":4,""3"":4,""4"":4}","{""1"":197,""2"":240,""3"":225,""4"":203,""5"":193,""6"":221,""7"":197,""8"":221,""9"":215,""10"":230}",1153
104044503,104044,5,3,"{""1"":734,""2"":1152,""3"":828,""4"":782,""5"":489,""6"":864,""7"":1061,""8"":1344,""9"":768,""10"":1064}","{""1"":5,""2"":4,""3"":4,""4"":4}","{""1"":217,""2"":260,""3"":225,""4"":203,""5"":213,""6"":241,""7"":197,""8"":221,""9"":215,""10"":250}",1268
104044504,104044,5,4,"{""1"":826,""2"":1296,""3"":932,""4"":880,""5"":550,""6"":972,""7"":1193,""8"":1512,""9"":864,""10"":1197}","{""1"":5,""2"":5,""3"":4,""4"":4}","{""1"":217,""2"":260,""3"":245,""4"":223,""5"":213,""6"":241,""7"":217,""8"":241,""9"":235,""10"":250}",1383
104044505,104044,5,5,"{""1"":918,""2"":1440,""3"":1035,""4"":978,""5"":611,""6"":1080,""7"":1326,""8"":1680,""9"":960,""10"":1330}","{""1"":5,""2"":5,""3"":5,""4"":4}","{""1"":217,""2"":260,""3"":245,""4"":243,""5"":233,""6"":261,""7"":217,""8"":261,""9"":255,""10"":250}",1498
104044506,104044,5,6,"{""1"":1010,""2"":1584,""3"":1139,""4"":1075,""5"":672,""6"":1188,""7"":1459,""8"":1848,""9"":1056,""10"":1463}","{""1"":5,""2"":5,""3"":5,""4"":5}","{""1"":237,""2"":280,""3"":265,""4"":243,""5"":233,""6"":261,""7"":237,""8"":261,""9"":255,""10"":270}",1614
104044507,104044,5,7,"{""1"":1102,""2"":1728,""3"":1242,""4"":1173,""5"":733,""6"":1296,""7"":1591,""8"":2016,""9"":1152,""10"":1596}","{""1"":6,""2"":5,""3"":5,""4"":5}","{""1"":257,""2"":280,""3"":285,""4"":243,""5"":253,""6"":261,""7"":257,""8"":261,""9"":275,""10"":270}",1729
104044508,104044,5,8,"{""1"":1193,""2"":1872,""3"":1346,""4"":1271,""5"":794,""6"":1404,""7"":1724,""8"":2184,""9"":1248,""10"":1729}","{""1"":6,""2"":6,""3"":5,""4"":5}","{""1"":257,""2"":300,""3"":285,""4"":263,""5"":253,""6"":281,""7"":257,""8"":281,""9"":275,""10"":290}",1153
104044509,104044,5,9,"{""1"":1285,""2"":2016,""3"":1449,""4"":1369,""5"":855,""6"":1512,""7"":1856,""8"":2352,""9"":1344,""10"":1862}","{""1"":6,""2"":6,""3"":6,""4"":5}","{""1"":277,""2"":320,""3"":285,""4"":263,""5"":273,""6"":301,""7"":257,""8"":281,""9"":275,""10"":310}",1268
104044510,104044,5,10,"{""1"":1377,""2"":2160,""3"":1553,""4"":1466,""5"":917,""6"":1620,""7"":1989,""8"":2520,""9"":1440,""10"":1995}","{""1"":6,""2"":6,""3"":6,""4"":6}","{""1"":277,""2"":320,""3"":305,""4"":283,""5"":273,""6"":301,""7"":277,""8"":301,""9"":295,""10"":310}",1383
104045401,104045,4,1,"{""1"":59,""2"":78,""3"":46,""4"":47,""5"":34,""6"":51,""7"":72,""8"":71,""9"":47,""10"":63}","{""1"":1,""2"":1,""3"":1,""4"":1}","{""1"":145,""2"":130,""3"":117,""4"":111,""5"":121,""6"":102,""7"":126,""8"":102,""9"":133,""10"":135}",1498
104045402,104045,4,2,"{""1"":117,""2"":156,""3"":92,""4"":94,""5"":69,""6"":102,""7"":144,""8"":143,""9"":94,""10"":125}","{""1"":2,""2"":1,""3"":1,""4"":1}","{""1"":145,""2"":145,""3"":117,""4"":126,""5"":121,""6"":117,""7"":126,""8"":117,""9"":133,""10"":150}",1614
104045403,104045,4,3,"{""1"":176,""2"":234,""3"":138,""4"":142,""5"":103,""6"":153,""7"":216,""8"":214,""9"":142,""10"":188}","{""1"":2,""2"":2,""3"":1,""4"":1}","{""1"":160,""2"":160,""3"":117,""4"":126,""5"":136,""6"":132,""7"":126,""8"":117,""9"":133,""10"":165}",1729
104045404,104045,4,4,"{""1"":234,""2"":312,""3"":184,""4"":189,""5"":138,""6"":204,""7"":289,""8"":286,""9"":189,""10"":250}","{""1"":2,""2"":2,""3"":2,""4"":1}","{""1"":160,""2"":160,""3"":132,""4"":141,""5"":136,""6"":132,""7"":141,""8"":132,""9"":148,""10"":165}",1153
104045405,104045,4,5,"{""1"":293,""2"":390,""3"":230,""4"":236,""5"":172,""6"":255,""7"":361,""8"":357,""9"":236,""10"":313}","{""1"":2,""2"":2,""3"":2,""4"":2}","{""1"":160,""2"":160,""3"":132,""4"":156,""5"":151,""6"":147,""7"":141,""8"":147,""9"":163,""10"":165}",1268
104045406,104045,4,6,"{""1"":351,""2"":468,""3"":275,""4"":283,""5"":207,""6"":306,""7"":433,""8"":428,""9"":283,""10"":375}","{""1"":3,""2"":2,""3"":2,""4"":2}","{""1"":175,""2"":175,""3"":147,""4"":156,""5"":151,""6"":147,""7"":156,""8"":147,""9"":163,""10"":180}",1383
104045407,104045,4,7,"{""1"":410,""2"":546,""3"":321,""4"":330,""5"":241,""6"":357,""7"":505,""8"":500,""9"":330,""10"":438}","{""1"":3,""2"":3,""3"":2,""4"":2}","{""1"":190,""2"":175,""3"":162,""4"":156,""5"":166,""6"":147,""7"":171,""8"":147,""9"":178,""10"":180}",1498
104045408,104045,4,8,"{""1"":468,""2"":624,""3"":367,""4"":377,""5"":276,""6"":408,""7"":577,""8"":571,""9"":378,""10"":500}","{""1"":3,""2"":3,""3"":3,""4"":2}","{""1"":190,""2"":190,""3"":162,""4"":171,""5"":166,""6"":162,""7"":171,""8"":162,""9"":178,""10"":195}",1614
104045409,104045,4,9,"{""1"":527,""2"":702,""3"":413,""4"":425,""5"":310,""6"":459,""7"":649,""8"":643,""9"":425,""10"":563}","{""1"":3,""2"":3,""3"":3,""4"":3}","{""1"":205,""2"":205,""3"":162,""4"":171,""5"":181,""6"":177,""7"":171,""8"":162,""9"":178,""10"":210}",1729
104045410,104045,4,10,"{""1"":585,""2"":780,""3"":459,""4"":472,""5"":345,""6"":510,""7"":722,""8"":714,""9"":472,""10"":625}","{""1"":4,""2"":3,""3"":3,""4"":3}","{""1"":205,""2"":205,""3"":177,""4"":186,""5"":181,""6"":177,""7"":186,""8"":177,""9"":193,""10"":210}",1153
104045500,104045,5,0,"{""1"":644,""2"":858,""3"":505,""4"":519,""5"":379,""6"":561,""7"":794,""8"":785,""9"":519,""10"":688}","{""1"":4,""2"":4,""3"":3,""4"":3}","{""1"":205,""2"":220,""3"":177,""4"":186,""5"":181,""6"":192,""7"":186,""8"":192,""9"":193,""10"":210}",1268
104045501,104045,5,1,"{""1"":702,""2"":936,""3"":551,""4"":566,""5"":413,""6"":612,""7"":866,""8"":857,""9"":566,""10"":750}","{""1"":4,""2"":4,""3"":4,""4"":3}","{""1"":225,""2"":220,""3"":197,""4"":186,""5"":201,""6"":192,""7"":206,""8"":192,""9"":213,""10"":210}",1383
104045502,104045,5,2,"{""1"":819,""2"":1092,""3"":643,""4"":660,""5"":482,""6"":714,""7"":1010,""8"":1000,""9"":661,""10"":875}","{""1"":4,""2"":4,""3"":4,""4"":4}","{""1"":225,""2"":240,""3"":197,""4"":206,""5"":201,""6"":212,""7"":206,""8"":212,""9"":213,""10"":230}",1498
104045503,104045,5,3,"{""1"":936,""2"":1248,""3"":734,""4"":755,""5"":551,""6"":816,""7"":1154,""8"":1142,""9"":755,""10"":1000}","{""1"":5,""2"":4,""3"":4,""4"":4}","{""1"":245,""2"":260,""3"":197,""4"":206,""5"":221,""6"":232,""7"":206,""8"":212,""9"":213,""10"":250}",1614
104045504,104045,5,4,"{""1"":1053,""2"":1404,""3"":826,""4"":849,""5"":620,""6"":918,""7"":1299,""8"":1285,""9"":850,""10"":1125}","{""1"":5,""2"":5,""3"":4,""4"":4}","{""1"":245,""2"":260,""3"":217,""4"":226,""5"":221,""6"":232,""7"":226,""8"":232,""9"":233,""10"":250}",1729
104045505,104045,5,5,"{""1"":1170,""2"":1560,""3"":918,""4"":944,""5"":689,""6"":1020,""7"":1443,""8"":1428,""9"":944,""10"":1250}","{""1"":5,""2"":5,""3"":5,""4"":4}","{""1"":245,""2"":260,""3"":217,""4"":246,""5"":241,""6"":252,""7"":226,""8"":252,""9"":253,""10"":250}",1153
104045506,104045,5,6,"{""1"":1287,""2"":1716,""3"":1010,""4"":1038,""5"":758,""6"":1122,""7"":1587,""8"":1571,""9"":1038,""10"":1375}","{""1"":5,""2"":5,""3"":5,""4"":5}","{""1"":265,""2"":280,""3"":237,""4"":246,""5"":241,""6"":252,""7"":246,""8"":252,""9"":253,""10"":270}",1268
104045507,104045,5,7,"{""1"":1404,""2"":1872,""3"":1102,""4"":1132,""5"":827,""6"":1224,""7"":1732,""8"":1714,""9"":1133,""10"":1500}","{""1"":6,""2"":5,""3"":5,""4"":5}","{""1"":285,""2"":280,""3"":257,""4"":246,""5"":261,""6"":252,""7"":266,""8"":252,""9"":273,""10"":270}",1383
104045508,104045,5,8,"{""1"":1521,""2"":2028,""3"":1193,""4"":1227,""5"":896,""6"":1326,""7"":1876,""8"":1856,""9"":1227,""10"":1625}","{""1"":6,""2"":6,""3"":5,""4"":5}","{""1"":285,""2"":300,""3"":257,""4"":266,""5"":261,""6"":272,""7"":266,""8"":272,""9"":273,""10"":290}",1498
104045509,104045,5,9,"{""1"":1638,""2"":2184,""3"":1285,""4"":1321,""5"":965,""6"":1428,""7"":2020,""8"":1999,""9"":1322,""10"":1750}","{""1"":6,""2"":6,""3"":6,""4"":5}","{""1"":305,""2"":320,""3"":257,""4"":266,""5"":281,""6"":292,""7"":266,""8"":272,""9"":273,""10"":310}",1614
104045510,104045,5,10,"{""1"":1755,""2"":2340,""3"":1377,""4"":1415,""5"":1034,""6"":1530,""7"":2165,""8"":2142,""9"":1416,""10"":1875}","{""1"":6,""2"":6,""3"":6,""4"":6}","{""1"":305,""2"":320,""3"":277,""4"":286,""5"":281,""6"":292,""7"":286,""8"":292,""9"":293,""10"":310}",1729
104046401,104046,4,1,"{""1"":58,""2"":46,""3"":71,""4"":70,""5"":84,""6"":58,""7"":36,""8"":36,""9"":64,""10"":54}","{""1"":1,""2"":1,""3"":1,""4"":1}","{""1"":123,""2"":126,""3"":136,""4"":115,""5"":134,""6"":111,""7"":127,""8"":119,""9"":123,""10"":108}",1153
104046402,104046,4,2,"{""1"":117,""2"":92,""3"":141,""4"":140,""5"":167,""6"":115,""7"":73,""8"":71,""9"":128,""10"":107}","{""1"":2,""2"":1,""3"":1,""4"":1}","{""1"":123,""2"":141,""3"":136,""4"":130,""5"":134,""6"":126,""7"":127,""8"":134,""9"":123,""10"":123}",1268
104046403,104046,4,3,"{""1"":175,""2"":138,""3"":212,""4"":210,""5"":251,""6"":173,""7"":109,""8"":107,""9"":193,""10"":161}","{""1"":2,""2"":2,""3"":1,""4"":1}","{""1"":138,""2"":156,""3"":136,""4"":130,""5"":149,""6"":141,""7"":127,""8"":134,""9"":123,""10"":138}",1383
104046404,104046,4,4,"{""1"":233,""2"":184,""3"":283,""4"":281,""5"":335,""6"":230,""7"":145,""8"":143,""9"":257,""10"":214}","{""1"":2,""2"":2,""3"":2,""4"":1}","{""1"":138,""2"":156,""3"":151,""4"":145,""5"":149,""6"":141,""7"":142,""8"":149,""9"":138,""10"":138}",1498
104046405,104046,4,5,"{""1"":291,""2"":230,""3"":354,""4"":351,""5"":419,""6"":288,""7"":182,""8"":179,""9"":321,""10"":268}","{""1"":2,""2"":2,""3"":2,""4"":2}","{""1"":138,""2"":156,""3"":151,""4"":160,""5"":164,""6"":156,""7"":142,""8"":164,""9"":153,""10"":138}",1614
104046406,104046,4,6,"{""1"":350,""2"":276,""3"":424,""4"":421,""5"":502,""6"":345,""7"":218,""8"":214,""9"":385,""10"":321}","{""1"":3,""2"":2,""3"":2,""4"":2}","{""1"":153,""2"":171,""3"":166,""4"":160,""5"":164,""6"":156,""7"":157,""8"":164,""9"":153,""10"":153}",1729
104046407,104046,4,7,"{""1"":408,""2"":322,""3"":495,""4"":491,""5"":586,""6"":403,""7"":254,""8"":250,""9"":449,""10"":375}","{""1"":3,""2"":3,""3"":2,""4"":2}","{""1"":168,""2"":171,""3"":181,""4"":160,""5"":179,""6"":156,""7"":172,""8"":164,""9"":168,""10"":153}",1153
104046408,104046,4,8,"{""1"":466,""2"":368,""3"":566,""4"":561,""5"":670,""6"":460,""7"":290,""8"":286,""9"":514,""10"":428}","{""1"":3,""2"":3,""3"":3,""4"":2}","{""1"":168,""2"":186,""3"":181,""4"":175,""5"":179,""6"":171,""7"":172,""8"":179,""9"":168,""10"":168}",1268
104046409,104046,4,9,"{""1"":524,""2"":414,""3"":637,""4"":631,""5"":753,""6"":518,""7"":327,""8"":321,""9"":578,""10"":482}","{""1"":3,""2"":3,""3"":3,""4"":3}","{""1"":183,""2"":201,""3"":181,""4"":175,""5"":194,""6"":186,""7"":172,""8"":179,""9"":168,""10"":183}",1383
104046410,104046,4,10,"{""1"":583,""2"":460,""3"":707,""4"":702,""5"":837,""6"":575,""7"":363,""8"":357,""9"":642,""10"":535}","{""1"":4,""2"":3,""3"":3,""4"":3}","{""1"":183,""2"":201,""3"":196,""4"":190,""5"":194,""6"":186,""7"":187,""8"":194,""9"":183,""10"":183}",1498
104046500,104046,5,0,"{""1"":641,""2"":506,""3"":778,""4"":772,""5"":921,""6"":633,""7"":399,""8"":393,""9"":706,""10"":589}","{""1"":4,""2"":4,""3"":3,""4"":3}","{""1"":183,""2"":201,""3"":211,""4"":205,""5"":209,""6"":186,""7"":187,""8"":194,""9"":183,""10"":183}",1614
104046501,104046,5,1,"{""1"":699,""2"":552,""3"":849,""4"":842,""5"":1004,""6"":690,""7"":436,""8"":428,""9"":770,""10"":642}","{""1"":4,""2"":4,""3"":4,""4"":3}","{""1"":203,""2"":201,""3"":231,""4"":205,""5"":229,""6"":186,""7"":207,""8"":194,""9"":203,""10"":183}",1729
104046502,104046,5,2,"{""1"":816,""2"":644,""3"":990,""4"":982,""5"":1172,""6"":805,""7"":508,""8"":500,""9"":899,""10"":749}","{""1"":4,""2"":4,""3"":4,""4"":4}","{""1"":203,""2"":221,""3"":231,""4"":225,""5"":229,""6"":206,""7"":207,""8"":214,""9"":203,""10"":203}",1153
104046503,104046,5,3,"{""1"":932,""2"":736,""3"":1132,""4"":1122,""5"":1339,""6"":920,""7"":581,""8"":571,""9"":1027,""10"":856}","{""1"":5,""2"":4,""3"":4,""4"":4}","{""1"":223,""2"":241,""3"":231,""4"":225,""5"":249,""6"":226,""7"":207,""8"":214,""9"":203,""10"":223}",1268
104046504,104046,5,4,"{""1"":1049,""2"":828,""3"":1273,""4"":1263,""5"":1507,""6"":1035,""7"":653,""8"":643,""9"":1156,""10"":963}","{""1"":5,""2"":5,""3"":4,""4"":4}","{""1"":223,""2"":241,""3"":251,""4"":245,""5"":249,""6"":226,""7"":227,""8"":234,""9"":223,""10"":223}",1383
104046505,104046,5,5,"{""1"":1166,""2"":920,""3"":1415,""4"":1403,""5"":1674,""6"":1150,""7"":726,""8"":714,""9"":1284,""10"":1070}","{""1"":5,""2"":5,""3"":5,""4"":4}","{""1"":223,""2"":241,""3"":251,""4"":265,""5"":269,""6"":246,""7"":227,""8"":254,""9"":243,""10"":223}",1498
104046506,104046,5,6,"{""1"":1282,""2"":1012,""3"":1556,""4"":1543,""5"":1841,""6"":1265,""7"":799,""8"":785,""9"":1412,""10"":1177}","{""1"":5,""2"":5,""3"":5,""4"":5}","{""1"":243,""2"":261,""3"":271,""4"":265,""5"":269,""6"":246,""7"":247,""8"":254,""9"":243,""10"":243}",1614
104046507,104046,5,7,"{""1"":1399,""2"":1104,""3"":1697,""4"":1684,""5"":2009,""6"":1380,""7"":871,""8"":857,""9"":1541,""10"":1284}","{""1"":6,""2"":5,""3"":5,""4"":5}","{""1"":263,""2"":261,""3"":291,""4"":265,""5"":289,""6"":246,""7"":267,""8"":254,""9"":263,""10"":243}",1729
104046508,104046,5,8,"{""1"":1515,""2"":1196,""3"":1839,""4"":1824,""5"":2176,""6"":1495,""7"":944,""8"":928,""9"":1669,""10"":1391}","{""1"":6,""2"":6,""3"":5,""4"":5}","{""1"":263,""2"":281,""3"":291,""4"":285,""5"":289,""6"":266,""7"":267,""8"":274,""9"":263,""10"":263}",1153
104046509,104046,5,9,"{""1"":1632,""2"":1288,""3"":1980,""4"":1964,""5"":2344,""6"":1610,""7"":1016,""8"":1000,""9"":1798,""10"":1498}","{""1"":6,""2"":6,""3"":6,""4"":5}","{""1"":283,""2"":301,""3"":291,""4"":285,""5"":309,""6"":286,""7"":267,""8"":274,""9"":263,""10"":283}",1268
104046510,104046,5,10,"{""1"":1748,""2"":1380,""3"":2122,""4"":2105,""5"":2511,""6"":1725,""7"":1089,""8"":1071,""9"":1926,""10"":1605}","{""1"":6,""2"":6,""3"":6,""4"":6}","{""1"":283,""2"":301,""3"":311,""4"":305,""5"":309,""6"":286,""7"":287,""8"":294,""9"":283,""10"":283}",1383
104047401,104047,4,1,"{""1"":60,""2"":48,""3"":72,""4"":69,""5"":79,""6"":57,""7"":33,""8"":40,""9"":63,""10"":53}","{""1"":1,""2"":1,""3"":1,""4"":1}","{""1"":129,""2"":125,""3"":139,""4"":114,""5"":129,""6"":110,""7"":133,""8"":115,""9"":122,""10"":106}",1498
104047402,104047,4,2,"{""1"":121,""2"":96,""3"":145,""4"":138,""5"":158,""6"":113,""7"":67,""8"":80,""9"":126,""10"":106}","{""1"":2,""2"":1,""3"":1,""4"":1}","{""1"":129,""2"":140,""3"":139,""4"":129,""5"":129,""6"":125,""7"":133,""8"":130,""9"":122,""10"":121}",1614
104047403,104047,4,3,"{""1"":181,""2"":144,""3"":217,""4"":207,""5"":237,""6"":170,""7"":100,""8"":120,""9"":189,""10"":159}","{""1"":2,""2"":2,""3"":1,""4"":1}","{""1"":144,""2"":155,""3"":139,""4"":129,""5"":144,""6"":140,""7"":133,""8"":130,""9"":122,""10"":136}",1729
104047404,104047,4,4,"{""1"":242,""2"":192,""3"":290,""4"":276,""5"":316,""6"":226,""7"":133,""8"":160,""9"":252,""10"":212}","{""1"":2,""2"":2,""3"":2,""4"":1}","{""1"":144,""2"":155,""3"":154,""4"":144,""5"":144,""6"":140,""7"":148,""8"":145,""9"":137,""10"":136}",1153
104047405,104047,4,5,"{""1"":302,""2"":240,""3"":362,""4"":345,""5"":395,""6"":283,""7"":167,""8"":200,""9"":315,""10"":265}","{""1"":2,""2"":2,""3"":2,""4"":2}","{""1"":144,""2"":155,""3"":154,""4"":159,""5"":159,""6"":155,""7"":148,""8"":160,""9"":152,""10"":136}",1268
104047406,104047,4,6,"{""1"":362,""2"":288,""3"":435,""4"":414,""5"":474,""6"":339,""7"":200,""8"":239,""9"":378,""10"":318}","{""1"":3,""2"":2,""3"":2,""4"":2}","{""1"":159,""2"":170,""3"":169,""4"":159,""5"":159,""6"":155,""7"":163,""8"":160,""9"":152,""10"":151}",1383
104047407,104047,4,7,"{""1"":423,""2"":336,""3"":507,""4"":483,""5"":553,""6"":396,""7"":233,""8"":279,""9"":441,""10"":371}","{""1"":3,""2"":3,""3"":2,""4"":2}","{""1"":174,""2"":170,""3"":184,""4"":159,""5"":174,""6"":155,""7"":178,""8"":160,""9"":167,""10"":151}",1498
104047408,104047,4,8,"{""1"":483,""2"":384,""3"":580,""4"":552,""5"":632,""6"":452,""7"":266,""8"":319,""9"":504,""10"":424}","{""1"":3,""2"":3,""3"":3,""4"":2}","{""1"":174,""2"":185,""3"":184,""4"":174,""5"":174,""6"":170,""7"":178,""8"":175,""9"":167,""10"":166}",1614
104047409,104047,4,9,"{""1"":543,""2"":432,""3"":652,""4"":621,""5"":711,""6"":509,""7"":300,""8"":359,""9"":567,""10"":477}","{""1"":3,""2"":3,""3"":3,""4"":3}","{""1"":189,""2"":200,""3"":184,""4"":174,""5"":189,""6"":185,""7"":178,""8"":175,""9"":167,""10"":181}",1729
104047410,104047,4,10,"{""1"":604,""2"":480,""3"":725,""4"":690,""5"":790,""6"":565,""7"":333,""8"":399,""9"":630,""10"":530}","{""1"":4,""2"":3,""3"":3,""4"":3}","{""1"":189,""2"":200,""3"":199,""4"":189,""5"":189,""6"":185,""7"":193,""8"":190,""9"":182,""10"":181}",1153
104047500,104047,5,0,"{""1"":664,""2"":528,""3"":797,""4"":759,""5"":869,""6"":622,""7"":366,""8"":439,""9"":693,""10"":583}","{""1"":4,""2"":4,""3"":3,""4"":3}","{""1"":189,""2"":200,""3"":214,""4"":204,""5"":204,""6"":185,""7"":193,""8"":190,""9"":182,""10"":181}",1268
104047501,104047,5,1,"{""1"":725,""2"":576,""3"":869,""4"":828,""5"":948,""6"":678,""7"":400,""8"":479,""9"":756,""10"":636}","{""1"":4,""2"":4,""3"":4,""4"":3}","{""1"":209,""2"":200,""3"":234,""4"":204,""5"":224,""6"":185,""7"":213,""8"":190,""9"":202,""10"":181}",1383
104047502,104047,5,2,"{""1"":845,""2"":672,""3"":1014,""4"":966,""5"":1106,""6"":791,""7"":466,""8"":559,""9"":882,""10"":742}","{""1"":4,""2"":4,""3"":4,""4"":4}","{""1"":209,""2"":220,""3"":234,""4"":224,""5"":224,""6"":205,""7"":213,""8"":210,""9"":202,""10"":201}",1498
104047503,104047,5,3,"{""1"":966,""2"":768,""3"":1159,""4"":1104,""5"":1264,""6"":904,""7"":533,""8"":638,""9"":1008,""10"":848}","{""1"":5,""2"":4,""3"":4,""4"":4}","{""1"":229,""2"":240,""3"":234,""4"":224,""5"":244,""6"":225,""7"":213,""8"":210,""9"":202,""10"":221}",1614
104047504,104047,5,4,"{""1"":1087,""2"":864,""3"":1304,""4"":1242,""5"":1422,""6"":1017,""7"":599,""8"":718,""9"":1134,""10"":954}","{""1"":5,""2"":5,""3"":4,""4"":4}","{""1"":229,""2"":240,""3"":254,""4"":244,""5"":244,""6"":225,""7"":233,""8"":230,""9"":222,""10"":221}",1729
104047505,104047,5,5,"{""1"":1208,""2"":960,""3"":1449,""4"":1380,""5"":1580,""6"":1130,""7"":666,""8"":798,""9"":1260,""10"":1060}","{""1"":5,""2"":5,""3"":5,""4"":4}","{""1"":229,""2"":240,""3"":254,""4"":264,""5"":264,""6"":245,""7"":233,""8"":250,""9"":242,""10"":221}",1153
104047506,104047,5,6,"{""1"":1328,""2"":1056,""3"":1594,""4"":1518,""5"":1737,""6"":1243,""7"":733,""8"":878,""9"":1386,""10"":1166}","{""1"":5,""2"":5,""3"":5,""4"":5}","{""1"":249,""2"":260,""3"":274,""4"":264,""5"":264,""6"":245,""7"":253,""8"":250,""9"":242,""10"":241}",1268
104047507,104047,5,7,"{""1"":1449,""2"":1152,""3"":1739,""4"":1656,""5"":1895,""6"":1356,""7"":799,""8"":958,""9"":1512,""10"":1272}","{""1"":6,""2"":5,""3"":5,""4"":5}","{""1"":269,""2"":260,""3"":294,""4"":264,""5"":284,""6"":245,""7"":273,""8"":250,""9"":262,""10"":241}",1383
104047508,104047,5,8,"{""1"":1570,""2"":1248,""3"":1884,""4"":1794,""5"":2053,""6"":1469,""7"":866,""8"":1037,""9"":1638,""10"":1378}","{""1"":6,""2"":6,""3"":5,""4"":5}","{""1"":269,""2"":280,""3"":294,""4"":284,""5"":284,""6"":265,""7"":273,""8"":270,""9"":262,""10"":261}",1498
104047509,104047,5,9,"{""1"":1691,""2"":1344,""3"":2029,""4"":1932,""5"":2211,""6"":1582,""7"":932,""8"":1117,""9"":1764,""10"":1484}","{""1"":6,""2"":6,""3"":6,""4"":5}","{""1"":289,""2"":300,""3"":294,""4"":284,""5"":304,""6"":285,""7"":273,""8"":270,""9"":262,""10"":281}",1614
104047510,104047,5,10,"{""1"":1811,""2"":1440,""3"":2174,""4"":2070,""5"":2369,""6"":1695,""7"":999,""8"":1197,""9"":1890,""10"":1590}","{""1"":6,""2"":6,""3"":6,""4"":6}","{""1"":289,""2"":300,""3"":314,""4"":304,""5"":304,""6"":285,""7"":293,""8"":290,""9"":282,""10"":281}",1729
103001301,103001,3,1,"{""1"":32,""2"":47,""3"":22,""4"":28,""5"":21,""6"":38,""7"":50,""8"":53,""9"":31,""10"":39}","{""1"":1,""2"":1,""3"":1,""4"":1}","{""1"":98,""2"":97,""3"":76,""4"":82,""5"":85,""6"":94,""7"":107,""8"":94,""9"":106,""10"":97}",36
103001302,103001,3,2,"{""1"":63,""2"":93,""3"":45,""4"":56,""5"":42,""6"":75,""7"":101,""8"":105,""9"":61,""10"":78}","{""1"":2,""2"":1,""3"":1,""4"":1}","{""1"":98,""2"":107,""3"":76,""4"":92,""5"":85,""6"":104,""7"":107,""8"":104,""9"":106,""10"":107}",72
103001303,103001,3,3,"{""1"":95,""2"":140,""3"":67,""4"":84,""5"":63,""6"":113,""7"":151,""8"":158,""9"":92,""10"":116}","{""1"":2,""2"":2,""3"":1,""4"":1}","{""1"":108,""2"":117,""3"":76,""4"":92,""5"":95,""6"":114,""7"":107,""8"":104,""9"":106,""10"":117}",108
103001304,103001,3,4,"{""1"":127,""2"":186,""3"":90,""4"":112,""5"":84,""6"":150,""7"":202,""8"":211,""9"":123,""10"":155}","{""1"":2,""2"":2,""3"":2,""4"":1}","{""1"":108,""2"":117,""3"":86,""4"":102,""5"":95,""6"":114,""7"":117,""8"":114,""9"":116,""10"":117}",144
103001305,103001,3,5,"{""1"":158,""2"":233,""3"":112,""4"":139,""5"":105,""6"":188,""7"":252,""8"":263,""9"":154,""10"":194}","{""1"":2,""2"":2,""3"":2,""4"":2}","{""1"":108,""2"":117,""3"":86,""4"":112,""5"":105,""6"":124,""7"":117,""8"":124,""9"":126,""10"":117}",180
103001400,103001,4,0,"{""1"":190,""2"":279,""3"":135,""4"":167,""5"":126,""6"":226,""7"":303,""8"":316,""9"":184,""10"":233}","{""1"":2,""2"":2,""3"":2,""4"":2}","{""1"":118,""2"":127,""3"":96,""4"":112,""5"":105,""6"":124,""7"":127,""8"":124,""9"":126,""10"":127}",216
103002301,103002,3,1,"{""1"":28,""2"":41,""3"":30,""4"":29,""5"":25,""6"":39,""7"":44,""8"":41,""9"":33,""10"":36}","{""1"":1,""2"":1,""3"":1,""4"":1}","{""1"":88,""2"":86,""3"":94,""4"":85,""5"":106,""6"":97,""7"":94,""8"":74,""9"":113,""10"":90}",35
103002302,103002,3,2,"{""1"":56,""2"":83,""3"":60,""4"":58,""5"":50,""6"":78,""7"":87,""8"":83,""9"":66,""10"":72}","{""1"":2,""2"":1,""3"":1,""4"":1}","{""1"":88,""2"":96,""3"":94,""4"":95,""5"":106,""6"":107,""7"":94,""8"":84,""9"":113,""10"":100}",69
103002303,103002,3,3,"{""1"":84,""2"":124,""3"":91,""4"":87,""5"":75,""6"":116,""7"":131,""8"":124,""9"":99,""10"":108}","{""1"":2,""2"":2,""3"":1,""4"":1}","{""1"":98,""2"":106,""3"":94,""4"":95,""5"":116,""6"":117,""7"":94,""8"":84,""9"":113,""10"":110}",104
103002304,103002,3,4,"{""1"":112,""2"":165,""3"":121,""4"":116,""5"":100,""6"":155,""7"":175,""8"":166,""9"":132,""10"":144}","{""1"":2,""2"":2,""3"":2,""4"":1}","{""1"":98,""2"":106,""3"":104,""4"":105,""5"":116,""6"":117,""7"":104,""8"":94,""9"":123,""10"":110}",139
103002305,103002,3,5,"{""1"":140,""2"":206,""3"":151,""4"":145,""5"":125,""6"":194,""7"":218,""8"":207,""9"":165,""10"":180}","{""1"":2,""2"":2,""3"":2,""4"":2}","{""1"":98,""2"":106,""3"":104,""4"":115,""5"":126,""6"":127,""7"":104,""8"":104,""9"":133,""10"":110}",173
103002400,103002,4,0,"{""1"":168,""2"":248,""3"":181,""4"":173,""5"":150,""6"":233,""7"":262,""8"":249,""9"":198,""10"":216}","{""1"":2,""2"":2,""3"":2,""4"":2}","{""1"":108,""2"":116,""3"":114,""4"":115,""5"":126,""6"":127,""7"":114,""8"":104,""9"":133,""10"":120}",208
103003301,103003,3,1,"{""1"":30,""2"":45,""3"":24,""4"":28,""5"":23,""6"":37,""7"":48,""8"":51,""9"":29,""10"":37}","{""1"":1,""2"":1,""3"":1,""4"":1}","{""1"":93,""2"":94,""3"":81,""4"":82,""5"":92,""6"":93,""7"":102,""8"":91,""9"":102,""10"":93}",35
103003302,103003,3,2,"{""1"":60,""2"":90,""3"":48,""4"":56,""5"":46,""6"":74,""7"":96,""8"":102,""9"":59,""10"":74}","{""1"":2,""2"":1,""3"":1,""4"":1}","{""1"":93,""2"":104,""3"":81,""4"":92,""5"":92,""6"":103,""7"":102,""8"":101,""9"":102,""10"":103}",71
103003303,103003,3,3,"{""1"":90,""2"":135,""3"":72,""4"":84,""5"":69,""6"":112,""7"":144,""8"":153,""9"":88,""10"":112}","{""1"":2,""2"":2,""3"":1,""4"":1}","{""1"":103,""2"":114,""3"":81,""4"":92,""5"":102,""6"":113,""7"":102,""8"":101,""9"":102,""10"":113}",106
103003304,103003,3,4,"{""1"":120,""2"":180,""3"":97,""4"":112,""5"":92,""6"":149,""7"":191,""8"":204,""9"":118,""10"":149}","{""1"":2,""2"":2,""3"":2,""4"":1}","{""1"":103,""2"":114,""3"":91,""4"":102,""5"":102,""6"":113,""7"":112,""8"":111,""9"":112,""10"":113}",141
103003305,103003,3,5,"{""1"":149,""2"":226,""3"":121,""4"":139,""5"":115,""6"":186,""7"":239,""8"":255,""9"":147,""10"":186}","{""1"":2,""2"":2,""3"":2,""4"":2}","{""1"":103,""2"":114,""3"":91,""4"":112,""5"":112,""6"":123,""7"":112,""8"":121,""9"":122,""10"":113}",176
103003400,103003,4,0,"{""1"":179,""2"":271,""3"":145,""4"":167,""5"":138,""6"":223,""7"":287,""8"":306,""9"":177,""10"":223}","{""1"":2,""2"":2,""3"":2,""4"":2}","{""1"":113,""2"":124,""3"":101,""4"":112,""5"":112,""6"":123,""7"":122,""8"":121,""9"":122,""10"":123}",212
103004301,103004,3,1,"{""1"":35,""2"":23,""3"":45,""4"":46,""5"":44,""6"":31,""7"":16,""8"":21,""9"":46,""10"":37}","{""1"":1,""2"":1,""3"":1,""4"":1}","{""1"":94,""2"":72,""3"":107,""4"":99,""5"":92,""6"":78,""7"":76,""8"":75,""9"":106,""10"":93}",34
103004302,103004,3,2,"{""1"":71,""2"":46,""3"":89,""4"":91,""5"":89,""6"":62,""7"":32,""8"":42,""9"":92,""10"":74}","{""1"":2,""2"":1,""3"":1,""4"":1}","{""1"":94,""2"":82,""3"":107,""4"":109,""5"":92,""6"":88,""7"":76,""8"":85,""9"":106,""10"":103}",69
103004303,103004,3,3,"{""1"":106,""2"":69,""3"":134,""4"":137,""5"":133,""6"":94,""7"":48,""8"":63,""9"":138,""10"":112}","{""1"":2,""2"":2,""3"":1,""4"":1}","{""1"":104,""2"":92,""3"":107,""4"":109,""5"":102,""6"":98,""7"":76,""8"":85,""9"":106,""10"":113}",103
103004304,103004,3,4,"{""1"":141,""2"":92,""3"":178,""4"":182,""5"":177,""6"":125,""7"":63,""8"":84,""9"":184,""10"":149}","{""1"":2,""2"":2,""3"":2,""4"":1}","{""1"":104,""2"":92,""3"":117,""4"":119,""5"":102,""6"":98,""7"":86,""8"":95,""9"":116,""10"":113}",138
103004305,103004,3,5,"{""1"":176,""2"":115,""3"":223,""4"":228,""5"":221,""6"":156,""7"":79,""8"":105,""9"":230,""10"":186}","{""1"":2,""2"":2,""3"":2,""4"":2}","{""1"":104,""2"":92,""3"":117,""4"":129,""5"":112,""6"":108,""7"":86,""8"":105,""9"":126,""10"":113}",172
103004400,103004,4,0,"{""1"":212,""2"":138,""3"":268,""4"":273,""5"":266,""6"":187,""7"":95,""8"":126,""9"":276,""10"":223}","{""1"":2,""2"":2,""3"":2,""4"":2}","{""1"":114,""2"":102,""3"":127,""4"":129,""5"":112,""6"":108,""7"":96,""8"":105,""9"":126,""10"":123}",206
103005301,103005,3,1,"{""1"":33,""2"":26,""3"":47,""4"":44,""5"":52,""6"":37,""7"":16,""8"":21,""9"":45,""10"":34}","{""1"":1,""2"":1,""3"":1,""4"":1}","{""1"":89,""2"":82,""3"":112,""4"":95,""5"":107,""6"":92,""7"":76,""8"":74,""9"":104,""10"":84}",36
103005302,103005,3,2,"{""1"":66,""2"":52,""3"":94,""4"":87,""5"":105,""6"":74,""7"":32,""8"":41,""9"":90,""10"":67}","{""1"":2,""2"":1,""3"":1,""4"":1}","{""1"":89,""2"":92,""3"":112,""4"":105,""5"":107,""6"":102,""7"":76,""8"":84,""9"":104,""10"":94}",71
103005303,103005,3,3,"{""1"":100,""2"":79,""3"":141,""4"":131,""5"":157,""6"":110,""7"":48,""8"":62,""9"":135,""10"":101}","{""1"":2,""2"":2,""3"":1,""4"":1}","{""1"":99,""2"":102,""3"":112,""4"":105,""5"":117,""6"":112,""7"":76,""8"":84,""9"":104,""10"":104}",106
103005304,103005,3,4,"{""1"":133,""2"":105,""3"":188,""4"":175,""5"":210,""6"":147,""7"":63,""8"":83,""9"":180,""10"":134}","{""1"":2,""2"":2,""3"":2,""4"":1}","{""1"":99,""2"":102,""3"":122,""4"":115,""5"":117,""6"":112,""7"":86,""8"":94,""9"":114,""10"":104}",142
103005305,103005,3,5,"{""1"":166,""2"":131,""3"":235,""4"":219,""5"":262,""6"":184,""7"":79,""8"":104,""9"":226,""10"":168}","{""1"":2,""2"":2,""3"":2,""4"":2}","{""1"":99,""2"":102,""3"":122,""4"":125,""5"":127,""6"":122,""7"":86,""8"":104,""9"":124,""10"":104}",177
103005400,103005,4,0,"{""1"":199,""2"":157,""3"":282,""4"":262,""5"":314,""6"":221,""7"":95,""8"":124,""9"":271,""10"":202}","{""1"":2,""2"":2,""3"":2,""4"":2}","{""1"":109,""2"":112,""3"":132,""4"":125,""5"":127,""6"":122,""7"":96,""8"":104,""9"":124,""10"":114}",213
103006301,103006,3,1,"{""1"":28,""2"":24,""3"":47,""4"":46,""5"":56,""6"":38,""7"":16,""8"":19,""9"":43,""10"":34}","{""1"":1,""2"":1,""3"":1,""4"":1}","{""1"":77,""2"":74,""3"":113,""4"":100,""5"":113,""6"":95,""7"":76,""8"":69,""9"":100,""10"":85}",35
103006302,103006,3,2,"{""1"":56,""2"":47,""3"":95,""4"":92,""5"":111,""6"":76,""7"":32,""8"":39,""9"":86,""10"":68}","{""1"":2,""2"":1,""3"":1,""4"":1}","{""1"":77,""2"":84,""3"":113,""4"":110,""5"":113,""6"":105,""7"":76,""8"":79,""9"":100,""10"":95}",70
103006303,103006,3,3,"{""1"":84,""2"":71,""3"":142,""4"":138,""5"":167,""6"":114,""7"":48,""8"":58,""9"":130,""10"":102}","{""1"":2,""2"":2,""3"":1,""4"":1}","{""1"":87,""2"":94,""3"":113,""4"":110,""5"":123,""6"":115,""7"":76,""8"":79,""9"":100,""10"":105}",105
103006304,103006,3,4,"{""1"":113,""2"":95,""3"":190,""4"":184,""5"":222,""6"":152,""7"":63,""8"":77,""9"":173,""10"":136}","{""1"":2,""2"":2,""3"":2,""4"":1}","{""1"":87,""2"":94,""3"":123,""4"":120,""5"":123,""6"":115,""7"":86,""8"":89,""9"":110,""10"":105}",141
103006305,103006,3,5,"{""1"":141,""2"":118,""3"":237,""4"":230,""5"":278,""6"":190,""7"":79,""8"":97,""9"":216,""10"":170}","{""1"":2,""2"":2,""3"":2,""4"":2}","{""1"":87,""2"":94,""3"":123,""4"":130,""5"":133,""6"":125,""7"":86,""8"":99,""9"":120,""10"":105}",176
103006400,103006,4,0,"{""1"":169,""2"":142,""3"":284,""4"":276,""5"":334,""6"":228,""7"":95,""8"":116,""9"":259,""10"":204}","{""1"":2,""2"":2,""3"":2,""4"":2}","{""1"":97,""2"":104,""3"":133,""4"":130,""5"":133,""6"":125,""7"":96,""8"":99,""9"":120,""10"":115}",211
103007301,103007,3,1,"{""1"":33,""2"":25,""3"":46,""4"":43,""5"":50,""6"":35,""7"":16,""8"":20,""9"":45,""10"":34}","{""1"":1,""2"":1,""3"":1,""4"":1}","{""1"":88,""2"":79,""3"":110,""4"":94,""5"":103,""6"":88,""7"":76,""8"":70,""9"":103,""10"":86}",35
103007302,103007,3,2,"{""1"":66,""2"":51,""3"":92,""4"":86,""5"":100,""6"":70,""7"":32,""8"":39,""9"":89,""10"":69}","{""1"":2,""2"":1,""3"":1,""4"":1}","{""1"":88,""2"":89,""3"":110,""4"":104,""5"":103,""6"":98,""7"":76,""8"":80,""9"":103,""10"":96}",69
103007303,103007,3,3,"{""1"":98,""2"":76,""3"":138,""4"":130,""5"":151,""6"":106,""7"":48,""8"":59,""9"":134,""10"":103}","{""1"":2,""2"":2,""3"":1,""4"":1}","{""1"":98,""2"":99,""3"":110,""4"":104,""5"":113,""6"":108,""7"":76,""8"":80,""9"":103,""10"":106}",104
103007304,103007,3,4,"{""1"":131,""2"":101,""3"":184,""4"":173,""5"":201,""6"":141,""7"":63,""8"":78,""9"":179,""10"":138}","{""1"":2,""2"":2,""3"":2,""4"":1}","{""1"":98,""2"":99,""3"":120,""4"":114,""5"":113,""6"":108,""7"":86,""8"":90,""9"":113,""10"":106}",139
103007305,103007,3,5,"{""1"":164,""2"":126,""3"":230,""4"":216,""5"":251,""6"":176,""7"":79,""8"":98,""9"":223,""10"":172}","{""1"":2,""2"":2,""3"":2,""4"":2}","{""1"":98,""2"":99,""3"":120,""4"":124,""5"":123,""6"":118,""7"":86,""8"":100,""9"":123,""10"":106}",174
103007400,103007,4,0,"{""1"":197,""2"":152,""3"":276,""4"":259,""5"":301,""6"":211,""7"":95,""8"":118,""9"":268,""10"":206}","{""1"":2,""2"":2,""3"":2,""4"":2}","{""1"":108,""2"":109,""3"":130,""4"":124,""5"":123,""6"":118,""7"":96,""8"":100,""9"":123,""10"":116}",208
103008301,103008,3,1,"{""1"":28,""2"":24,""3"":44,""4"":46,""5"":56,""6"":39,""7"":16,""8"":19,""9"":42,""10"":33}","{""1"":1,""2"":1,""3"":1,""4"":1}","{""1"":77,""2"":75,""3"":106,""4"":99,""5"":114,""6"":97,""7"":78,""8"":68,""9"":98,""10"":83}",35
103008302,103008,3,2,"{""1"":56,""2"":48,""3"":88,""4"":91,""5"":112,""6"":78,""7"":33,""8"":38,""9"":84,""10"":66}","{""1"":2,""2"":1,""3"":1,""4"":1}","{""1"":77,""2"":85,""3"":106,""4"":109,""5"":114,""6"":107,""7"":78,""8"":78,""9"":98,""10"":93}",69
103008303,103008,3,3,"{""1"":84,""2"":72,""3"":132,""4"":137,""5"":168,""6"":116,""7"":49,""8"":57,""9"":127,""10"":100}","{""1"":2,""2"":2,""3"":1,""4"":1}","{""1"":87,""2"":95,""3"":106,""4"":109,""5"":124,""6"":117,""7"":78,""8"":78,""9"":98,""10"":103}",104
103008304,103008,3,4,"{""1"":113,""2"":96,""3"":177,""4"":182,""5"":225,""6"":155,""7"":65,""8"":76,""9"":169,""10"":133}","{""1"":2,""2"":2,""3"":2,""4"":1}","{""1"":87,""2"":95,""3"":116,""4"":119,""5"":124,""6"":117,""7"":88,""8"":88,""9"":108,""10"":103}",139
103008305,103008,3,5,"{""1"":141,""2"":120,""3"":221,""4"":228,""5"":281,""6"":194,""7"":82,""8"":95,""9"":211,""10"":166}","{""1"":2,""2"":2,""3"":2,""4"":2}","{""1"":87,""2"":95,""3"":116,""4"":129,""5"":134,""6"":127,""7"":88,""8"":98,""9"":118,""10"":103}",174
103008400,103008,4,0,"{""1"":169,""2"":144,""3"":265,""4"":273,""5"":337,""6"":233,""7"":98,""8"":114,""9"":253,""10"":199}","{""1"":2,""2"":2,""3"":2,""4"":2}","{""1"":97,""2"":105,""3"":126,""4"":129,""5"":134,""6"":127,""7"":98,""8"":98,""9"":118,""10"":113}",209
103009301,103009,3,1,"{""1"":28,""2"":44,""3"":24,""4"":28,""5"":23,""6"":38,""7"":48,""8"":41,""9"":33,""10"":38}","{""1"":1,""2"":1,""3"":1,""4"":1}","{""1"":88,""2"":91,""3"":82,""4"":82,""5"":93,""6"":94,""7"":102,""8"":74,""9"":113,""10"":94}",35
103009302,103009,3,2,"{""1"":56,""2"":87,""3"":49,""4"":56,""5"":46,""6"":75,""7"":96,""8"":83,""9"":66,""10"":75}","{""1"":2,""2"":1,""3"":1,""4"":1}","{""1"":88,""2"":101,""3"":82,""4"":92,""5"":93,""6"":104,""7"":102,""8"":84,""9"":113,""10"":104}",69
103009303,103009,3,3,"{""1"":84,""2"":131,""3"":73,""4"":84,""5"":70,""6"":113,""7"":144,""8"":124,""9"":99,""10"":113}","{""1"":2,""2"":2,""3"":1,""4"":1}","{""1"":98,""2"":111,""3"":82,""4"":92,""5"":103,""6"":114,""7"":102,""8"":84,""9"":113,""10"":114}",104
103009304,103009,3,4,"{""1"":112,""2"":175,""3"":98,""4"":112,""5"":93,""6"":150,""7"":191,""8"":166,""9"":132,""10"":150}","{""1"":2,""2"":2,""3"":2,""4"":1}","{""1"":98,""2"":111,""3"":92,""4"":102,""5"":103,""6"":114,""7"":112,""8"":94,""9"":123,""10"":114}",138
103009305,103009,3,5,"{""1"":140,""2"":218,""3"":122,""4"":139,""5"":116,""6"":188,""7"":239,""8"":207,""9"":165,""10"":188}","{""1"":2,""2"":2,""3"":2,""4"":2}","{""1"":98,""2"":111,""3"":92,""4"":112,""5"":113,""6"":124,""7"":112,""8"":104,""9"":133,""10"":114}",172
103009400,103009,4,0,"{""1"":168,""2"":262,""3"":147,""4"":167,""5"":139,""6"":226,""7"":287,""8"":249,""9"":198,""10"":226}","{""1"":2,""2"":2,""3"":2,""4"":2}","{""1"":108,""2"":121,""3"":102,""4"":112,""5"":113,""6"":124,""7"":122,""8"":104,""9"":133,""10"":124}",207
103010301,103010,3,1,"{""1"":37,""2"":23,""3"":40,""4"":47,""5"":44,""6"":31,""7"":16,""8"":19,""9"":41,""10"":36}","{""1"":1,""2"":1,""3"":1,""4"":1}","{""1"":98,""2"":71,""3"":98,""4"":102,""5"":92,""6"":78,""7"":76,""8"":69,""9"":95,""10"":91}",33
103010302,103010,3,2,"{""1"":74,""2"":45,""3"":81,""4"":94,""5"":89,""6"":62,""7"":32,""8"":39,""9"":82,""10"":73}","{""1"":2,""2"":1,""3"":1,""4"":1}","{""1"":98,""2"":81,""3"":98,""4"":112,""5"":92,""6"":88,""7"":76,""8"":79,""9"":95,""10"":101}",67
103010303,103010,3,3,"{""1"":111,""2"":68,""3"":121,""4"":141,""5"":133,""6"":94,""7"":48,""8"":58,""9"":122,""10"":109}","{""1"":2,""2"":2,""3"":1,""4"":1}","{""1"":108,""2"":91,""3"":98,""4"":112,""5"":102,""6"":98,""7"":76,""8"":79,""9"":95,""10"":111}",101
103010304,103010,3,4,"{""1"":148,""2"":91,""3"":162,""4"":188,""5"":177,""6"":125,""7"":63,""8"":77,""9"":163,""10"":146}","{""1"":2,""2"":2,""3"":2,""4"":1}","{""1"":108,""2"":91,""3"":108,""4"":122,""5"":102,""6"":98,""7"":86,""8"":89,""9"":105,""10"":111}",134
103010305,103010,3,5,"{""1"":185,""2"":114,""3"":202,""4"":235,""5"":221,""6"":156,""7"":79,""8"":97,""9"":204,""10"":182}","{""1"":2,""2"":2,""3"":2,""4"":2}","{""1"":108,""2"":91,""3"":108,""4"":132,""5"":112,""6"":108,""7"":86,""8"":99,""9"":115,""10"":111}",168
103010400,103010,4,0,"{""1"":222,""2"":136,""3"":243,""4"":282,""5"":266,""6"":187,""7"":95,""8"":116,""9"":245,""10"":218}","{""1"":2,""2"":2,""3"":2,""4"":2}","{""1"":118,""2"":101,""3"":118,""4"":132,""5"":112,""6"":108,""7"":96,""8"":99,""9"":115,""10"":121}",201
103011301,103011,3,1,"{""1"":36,""2"":30,""3"":27,""4"":37,""5"":31,""6"":31,""7"":29,""8"":34,""9"":40,""10"":36}","{""1"":1,""2"":1,""3"":1,""4"":1}","{""1"":99,""2"":74,""3"":78,""4"":92,""5"":87,""6"":77,""7"":82,""8"":86,""9"":109,""10"":91}",33
103011302,103011,3,2,"{""1"":71,""2"":59,""3"":54,""4"":74,""5"":62,""6"":62,""7"":58,""8"":69,""9"":79,""10"":73}","{""1"":2,""2"":1,""3"":1,""4"":1}","{""1"":99,""2"":84,""3"":78,""4"":102,""5"":87,""6"":87,""7"":82,""8"":96,""9"":109,""10"":101}",66
103011303,103011,3,3,"{""1"":107,""2"":89,""3"":82,""4"":110,""5"":92,""6"":92,""7"":86,""8"":103,""9"":119,""10"":109}","{""1"":2,""2"":2,""3"":1,""4"":1}","{""1"":109,""2"":94,""3"":78,""4"":102,""5"":97,""6"":97,""7"":82,""8"":96,""9"":109,""10"":111}",99
103011304,103011,3,4,"{""1"":142,""2"":118,""3"":109,""4"":147,""5"":123,""6"":123,""7"":115,""8"":138,""9"":158,""10"":146}","{""1"":2,""2"":2,""3"":2,""4"":1}","{""1"":109,""2"":94,""3"":88,""4"":112,""5"":97,""6"":97,""7"":92,""8"":106,""9"":119,""10"":111}",132
103011305,103011,3,5,"{""1"":178,""2"":148,""3"":136,""4"":184,""5"":154,""6"":154,""7"":144,""8"":172,""9"":198,""10"":182}","{""1"":2,""2"":2,""3"":2,""4"":2}","{""1"":109,""2"":94,""3"":88,""4"":122,""5"":107,""6"":107,""7"":92,""8"":116,""9"":129,""10"":111}",165
103011400,103011,4,0,"{""1"":214,""2"":178,""3"":163,""4"":221,""5"":185,""6"":185,""7"":173,""8"":206,""9"":238,""10"":218}","{""1"":2,""2"":2,""3"":2,""4"":2}","{""1"":119,""2"":104,""3"":98,""4"":122,""5"":107,""6"":107,""7"":102,""8"":116,""9"":129,""10"":121}",198
103012301,103012,3,1,"{""1"":30,""2"":42,""3"":23,""4"":28,""5"":20,""6"":33,""7"":45,""8"":55,""9"":30,""10"":40}","{""1"":1,""2"":1,""3"":1,""4"":1}","{""1"":94,""2"":88,""3"":77,""4"":82,""5"":83,""6"":83,""7"":96,""8"":99,""9"":104,""10"":100}",35
103012302,103012,3,2,"{""1"":60,""2"":84,""3"":46,""4"":56,""5"":41,""6"":66,""7"":89,""8"":111,""9"":60,""10"":80}","{""1"":2,""2"":1,""3"":1,""4"":1}","{""1"":94,""2"":98,""3"":77,""4"":92,""5"":83,""6"":93,""7"":96,""8"":109,""9"":104,""10"":110}",69
103012303,103012,3,3,"{""1"":91,""2"":127,""3"":68,""4"":84,""5"":61,""6"":100,""7"":134,""8"":166,""9"":90,""10"":120}","{""1"":2,""2"":2,""3"":1,""4"":1}","{""1"":104,""2"":108,""3"":77,""4"":92,""5"":93,""6"":103,""7"":96,""8"":109,""9"":104,""10"":120}",104
103012304,103012,3,4,"{""1"":121,""2"":169,""3"":91,""4"":112,""5"":82,""6"":133,""7"":179,""8"":222,""9"":120,""10"":160}","{""1"":2,""2"":2,""3"":2,""4"":1}","{""1"":104,""2"":108,""3"":87,""4"":102,""5"":93,""6"":103,""7"":106,""8"":119,""9"":114,""10"":120}",139
103012305,103012,3,5,"{""1"":151,""2"":211,""3"":114,""4"":139,""5"":102,""6"":166,""7"":224,""8"":277,""9"":150,""10"":200}","{""1"":2,""2"":2,""3"":2,""4"":2}","{""1"":104,""2"":108,""3"":87,""4"":112,""5"":103,""6"":113,""7"":106,""8"":129,""9"":124,""10"":120}",173
103012400,103012,4,0,"{""1"":181,""2"":253,""3"":137,""4"":167,""5"":123,""6"":199,""7"":268,""8"":333,""9"":180,""10"":240}","{""1"":2,""2"":2,""3"":2,""4"":2}","{""1"":114,""2"":118,""3"":97,""4"":112,""5"":103,""6"":113,""7"":116,""8"":129,""9"":124,""10"":130}",208
103013301,103013,3,1,"{""1"":32,""2"":42,""3"":30,""4"":29,""5"":21,""6"":34,""7"":44,""8"":43,""9"":29,""10"":38}","{""1"":1,""2"":1,""3"":1,""4"":1}","{""1"":98,""2"":88,""3"":92,""4"":85,""5"":89,""6"":85,""7"":95,""8"":77,""9"":100,""10"":95}",34
103013302,103013,3,2,"{""1"":63,""2"":84,""3"":59,""4"":58,""5"":41,""6"":68,""7"":88,""8"":86,""9"":58,""10"":76}","{""1"":2,""2"":1,""3"":1,""4"":1}","{""1"":98,""2"":98,""3"":92,""4"":95,""5"":89,""6"":95,""7"":95,""8"":87,""9"":100,""10"":105}",68
103013303,103013,3,3,"{""1"":95,""2"":127,""3"":89,""4"":87,""5"":62,""6"":102,""7"":133,""8"":129,""9"":86,""10"":114}","{""1"":2,""2"":2,""3"":1,""4"":1}","{""1"":108,""2"":108,""3"":92,""4"":95,""5"":99,""6"":105,""7"":95,""8"":87,""9"":100,""10"":115}",102
103013304,103013,3,4,"{""1"":127,""2"":169,""3"":118,""4"":116,""5"":82,""6"":136,""7"":177,""8"":172,""9"":115,""10"":152}","{""1"":2,""2"":2,""3"":2,""4"":1}","{""1"":108,""2"":108,""3"":102,""4"":105,""5"":99,""6"":105,""7"":105,""8"":97,""9"":110,""10"":115}",136
103013305,103013,3,5,"{""1"":158,""2"":211,""3"":148,""4"":145,""5"":103,""6"":170,""7"":221,""8"":216,""9"":144,""10"":190}","{""1"":2,""2"":2,""3"":2,""4"":2}","{""1"":108,""2"":108,""3"":102,""4"":115,""5"":109,""6"":115,""7"":105,""8"":107,""9"":120,""10"":115}",171
103013400,103013,4,0,"{""1"":190,""2"":253,""3"":177,""4"":173,""5"":123,""6"":204,""7"":265,""8"":259,""9"":173,""10"":228}","{""1"":2,""2"":2,""3"":2,""4"":2}","{""1"":118,""2"":118,""3"":112,""4"":115,""5"":109,""6"":115,""7"":115,""8"":107,""9"":120,""10"":125}",205
103014301,103014,3,1,"{""1"":32,""2"":41,""3"":25,""4"":29,""5"":20,""6"":36,""7"":48,""8"":48,""9"":28,""10"":37}","{""1"":1,""2"":1,""3"":1,""4"":1}","{""1"":98,""2"":86,""3"":80,""4"":85,""5"":85,""6"":89,""7"":102,""8"":86,""9"":98,""10"":92}",34
103014302,103014,3,2,"{""1"":63,""2"":83,""3"":50,""4"":58,""5"":39,""6"":71,""7"":96,""8"":96,""9"":56,""10"":74}","{""1"":2,""2"":1,""3"":1,""4"":1}","{""1"":98,""2"":96,""3"":80,""4"":95,""5"":85,""6"":99,""7"":102,""8"":96,""9"":98,""10"":102}",69
103014303,103014,3,3,"{""1"":95,""2"":124,""3"":76,""4"":87,""5"":59,""6"":107,""7"":144,""8"":144,""9"":84,""10"":110}","{""1"":2,""2"":2,""3"":1,""4"":1}","{""1"":108,""2"":106,""3"":80,""4"":95,""5"":95,""6"":109,""7"":102,""8"":96,""9"":98,""10"":112}",103
103014304,103014,3,4,"{""1"":127,""2"":165,""3"":101,""4"":116,""5"":78,""6"":142,""7"":191,""8"":193,""9"":113,""10"":147}","{""1"":2,""2"":2,""3"":2,""4"":1}","{""1"":108,""2"":106,""3"":90,""4"":105,""5"":95,""6"":109,""7"":112,""8"":106,""9"":108,""10"":112}",137
103014305,103014,3,5,"{""1"":158,""2"":206,""3"":126,""4"":145,""5"":98,""6"":178,""7"":239,""8"":241,""9"":141,""10"":184}","{""1"":2,""2"":2,""3"":2,""4"":2}","{""1"":108,""2"":106,""3"":90,""4"":115,""5"":105,""6"":119,""7"":112,""8"":116,""9"":118,""10"":112}",172
103014400,103014,4,0,"{""1"":190,""2"":248,""3"":151,""4"":173,""5"":117,""6"":214,""7"":287,""8"":289,""9"":169,""10"":221}","{""1"":2,""2"":2,""3"":2,""4"":2}","{""1"":118,""2"":116,""3"":100,""4"":115,""5"":105,""6"":119,""7"":122,""8"":116,""9"":118,""10"":122}",206
103015301,103015,3,1,"{""1"":33,""2"":40,""3"":25,""4"":29,""5"":23,""6"":36,""7"":41,""8"":50,""9"":29,""10"":36}","{""1"":1,""2"":1,""3"":1,""4"":1}","{""1"":101,""2"":84,""3"":80,""4"":85,""5"":98,""6"":89,""7"":89,""8"":90,""9"":101,""10"":90}",34
103015302,103015,3,2,"{""1"":66,""2"":81,""3"":50,""4"":58,""5"":46,""6"":71,""7"":82,""8"":101,""9"":58,""10"":72}","{""1"":2,""2"":1,""3"":1,""4"":1}","{""1"":101,""2"":94,""3"":80,""4"":95,""5"":98,""6"":99,""7"":89,""8"":100,""9"":101,""10"":100}",69
103015303,103015,3,3,"{""1"":98,""2"":121,""3"":76,""4"":87,""5"":69,""6"":107,""7"":123,""8"":151,""9"":87,""10"":108}","{""1"":2,""2"":2,""3"":1,""4"":1}","{""1"":111,""2"":104,""3"":80,""4"":95,""5"":108,""6"":109,""7"":89,""8"":100,""9"":101,""10"":110}",103
103015304,103015,3,4,"{""1"":131,""2"":161,""3"":101,""4"":116,""5"":92,""6"":142,""7"":164,""8"":202,""9"":116,""10"":144}","{""1"":2,""2"":2,""3"":2,""4"":1}","{""1"":111,""2"":104,""3"":90,""4"":105,""5"":108,""6"":109,""7"":99,""8"":110,""9"":111,""10"":110}",137
103015305,103015,3,5,"{""1"":164,""2"":202,""3"":126,""4"":145,""5"":114,""6"":178,""7"":205,""8"":252,""9"":146,""10"":180}","{""1"":2,""2"":2,""3"":2,""4"":2}","{""1"":111,""2"":104,""3"":90,""4"":115,""5"":118,""6"":119,""7"":99,""8"":120,""9"":121,""10"":110}",171
103015400,103015,4,0,"{""1"":197,""2"":242,""3"":151,""4"":173,""5"":137,""6"":214,""7"":246,""8"":302,""9"":175,""10"":216}","{""1"":2,""2"":2,""3"":2,""4"":2}","{""1"":121,""2"":114,""3"":100,""4"":115,""5"":118,""6"":119,""7"":109,""8"":120,""9"":121,""10"":120}",205
103016301,103016,3,1,"{""1"":37,""2"":25,""3"":40,""4"":46,""5"":46,""6"":35,""7"":19,""8"":23,""9"":43,""10"":36}","{""1"":1,""2"":1,""3"":1,""4"":1}","{""1"":98,""2"":79,""3"":98,""4"":99,""5"":95,""6"":88,""7"":91,""8"":83,""9"":100,""10"":91}",35
103016302,103016,3,2,"{""1"":74,""2"":51,""3"":81,""4"":91,""5"":92,""6"":70,""7"":39,""8"":46,""9"":86,""10"":73}","{""1"":2,""2"":1,""3"":1,""4"":1}","{""1"":98,""2"":89,""3"":98,""4"":109,""5"":95,""6"":98,""7"":91,""8"":93,""9"":100,""10"":101}",70
103016303,103016,3,3,"{""1"":111,""2"":76,""3"":121,""4"":137,""5"":138,""6"":106,""7"":58,""8"":70,""9"":130,""10"":109}","{""1"":2,""2"":2,""3"":1,""4"":1}","{""1"":108,""2"":99,""3"":98,""4"":109,""5"":105,""6"":108,""7"":91,""8"":93,""9"":100,""10"":111}",106
103016304,103016,3,4,"{""1"":148,""2"":101,""3"":162,""4"":182,""5"":184,""6"":141,""7"":78,""8"":93,""9"":173,""10"":146}","{""1"":2,""2"":2,""3"":2,""4"":1}","{""1"":108,""2"":99,""3"":108,""4"":119,""5"":105,""6"":108,""7"":101,""8"":103,""9"":110,""10"":111}",141
103016305,103016,3,5,"{""1"":185,""2"":126,""3"":202,""4"":228,""5"":230,""6"":176,""7"":97,""8"":116,""9"":216,""10"":182}","{""1"":2,""2"":2,""3"":2,""4"":2}","{""1"":108,""2"":99,""3"":108,""4"":129,""5"":115,""6"":118,""7"":101,""8"":113,""9"":120,""10"":111}",176
103016400,103016,4,0,"{""1"":222,""2"":152,""3"":243,""4"":273,""5"":275,""6"":211,""7"":117,""8"":139,""9"":259,""10"":218}","{""1"":2,""2"":2,""3"":2,""4"":2}","{""1"":118,""2"":109,""3"":118,""4"":129,""5"":115,""6"":118,""7"":111,""8"":113,""9"":120,""10"":121}",211
103017301,103017,3,1,"{""1"":28,""2"":42,""3"":22,""4"":28,""5"":20,""6"":36,""7"":49,""8"":48,""9"":33,""10"":40}","{""1"":1,""2"":1,""3"":1,""4"":1}","{""1"":88,""2"":88,""3"":76,""4"":82,""5"":82,""6"":90,""7"":104,""8"":85,""9"":114,""10"":100}",35
103017302,103017,3,2,"{""1"":56,""2"":84,""3"":45,""4"":56,""5"":40,""6"":72,""7"":98,""8"":95,""9"":67,""10"":80}","{""1"":2,""2"":1,""3"":1,""4"":1}","{""1"":88,""2"":98,""3"":76,""4"":92,""5"":82,""6"":100,""7"":104,""8"":95,""9"":114,""10"":110}",69
103017303,103017,3,3,"{""1"":84,""2"":127,""3"":67,""4"":84,""5"":60,""6"":108,""7"":147,""8"":143,""9"":100,""10"":120}","{""1"":2,""2"":2,""3"":1,""4"":1}","{""1"":98,""2"":108,""3"":76,""4"":92,""5"":92,""6"":110,""7"":104,""8"":95,""9"":114,""10"":120}",104
103017304,103017,3,4,"{""1"":112,""2"":169,""3"":90,""4"":112,""5"":81,""6"":144,""7"":196,""8"":190,""9"":133,""10"":160}","{""1"":2,""2"":2,""3"":2,""4"":1}","{""1"":98,""2"":108,""3"":86,""4"":102,""5"":92,""6"":110,""7"":114,""8"":105,""9"":124,""10"":120}",139
103017305,103017,3,5,"{""1"":140,""2"":211,""3"":112,""4"":139,""5"":101,""6"":180,""7"":244,""8"":238,""9"":166,""10"":200}","{""1"":2,""2"":2,""3"":2,""4"":2}","{""1"":98,""2"":108,""3"":86,""4"":112,""5"":102,""6"":120,""7"":114,""8"":115,""9"":134,""10"":120}",173
103017400,103017,4,0,"{""1"":168,""2"":253,""3"":135,""4"":167,""5"":121,""6"":216,""7"":293,""8"":286,""9"":200,""10"":240}","{""1"":2,""2"":2,""3"":2,""4"":2}","{""1"":108,""2"":118,""3"":96,""4"":112,""5"":102,""6"":120,""7"":124,""8"":115,""9"":134,""10"":130}",208
103018301,103018,3,1,"{""1"":30,""2"":41,""3"":23,""4"":28,""5"":23,""6"":36,""7"":45,""8"":50,""9"":31,""10"":38}","{""1"":1,""2"":1,""3"":1,""4"":1}","{""1"":93,""2"":86,""3"":77,""4"":82,""5"":91,""6"":89,""7"":96,""8"":90,""9"":107,""10"":95}",35
103018302,103018,3,2,"{""1"":60,""2"":83,""3"":46,""4"":56,""5"":45,""6"":71,""7"":89,""8"":101,""9"":62,""10"":76}","{""1"":2,""2"":1,""3"":1,""4"":1}","{""1"":93,""2"":96,""3"":77,""4"":92,""5"":91,""6"":99,""7"":96,""8"":100,""9"":107,""10"":105}",69
103018303,103018,3,3,"{""1"":90,""2"":124,""3"":68,""4"":84,""5"":68,""6"":107,""7"":134,""8"":151,""9"":93,""10"":114}","{""1"":2,""2"":2,""3"":1,""4"":1}","{""1"":103,""2"":106,""3"":77,""4"":92,""5"":101,""6"":109,""7"":96,""8"":100,""9"":107,""10"":115}",103
103018304,103018,3,4,"{""1"":120,""2"":165,""3"":91,""4"":112,""5"":91,""6"":142,""7"":179,""8"":202,""9"":124,""10"":152}","{""1"":2,""2"":2,""3"":2,""4"":1}","{""1"":103,""2"":106,""3"":87,""4"":102,""5"":101,""6"":109,""7"":106,""8"":110,""9"":117,""10"":115}",138
103018305,103018,3,5,"{""1"":149,""2"":206,""3"":114,""4"":139,""5"":113,""6"":178,""7"":224,""8"":252,""9"":155,""10"":190}","{""1"":2,""2"":2,""3"":2,""4"":2}","{""1"":103,""2"":106,""3"":87,""4"":112,""5"":111,""6"":119,""7"":106,""8"":120,""9"":127,""10"":115}",172
103018400,103018,4,0,"{""1"":179,""2"":248,""3"":137,""4"":167,""5"":136,""6"":214,""7"":268,""8"":302,""9"":186,""10"":228}","{""1"":2,""2"":2,""3"":2,""4"":2}","{""1"":113,""2"":116,""3"":97,""4"":112,""5"":111,""6"":119,""7"":116,""8"":120,""9"":127,""10"":125}",207
103019301,103019,3,1,"{""1"":44,""2"":23,""3"":36,""4"":43,""5"":41,""6"":30,""7"":21,""8"":15,""9"":43,""10"":36}","{""1"":1,""2"":1,""3"":1,""4"":1}","{""1"":106,""2"":72,""3"":92,""4"":93,""5"":88,""6"":74,""7"":76,""8"":75,""9"":99,""10"":91}",33
103019302,103019,3,2,"{""1"":88,""2"":46,""3"":72,""4"":86,""5"":81,""6"":59,""7"":42,""8"":30,""9"":85,""10"":73}","{""1"":2,""2"":1,""3"":1,""4"":1}","{""1"":106,""2"":82,""3"":92,""4"":103,""5"":88,""6"":84,""7"":76,""8"":85,""9"":99,""10"":101}",66
103019303,103019,3,3,"{""1"":132,""2"":69,""3"":108,""4"":128,""5"":122,""6"":89,""7"":63,""8"":45,""9"":128,""10"":109}","{""1"":2,""2"":2,""3"":1,""4"":1}","{""1"":116,""2"":92,""3"":92,""4"":103,""5"":98,""6"":94,""7"":76,""8"":85,""9"":99,""10"":111}",99
103019304,103019,3,4,"{""1"":177,""2"":92,""3"":144,""4"":171,""5"":162,""6"":118,""7"":84,""8"":60,""9"":171,""10"":146}","{""1"":2,""2"":2,""3"":2,""4"":1}","{""1"":116,""2"":92,""3"":102,""4"":113,""5"":98,""6"":94,""7"":86,""8"":95,""9"":109,""10"":111}",133
103019305,103019,3,5,"{""1"":221,""2"":115,""3"":180,""4"":214,""5"":203,""6"":148,""7"":106,""8"":75,""9"":214,""10"":182}","{""1"":2,""2"":2,""3"":2,""4"":2}","{""1"":116,""2"":92,""3"":102,""4"":123,""5"":108,""6"":104,""7"":86,""8"":105,""9"":119,""10"":111}",166
103019400,103019,4,0,"{""1"":265,""2"":138,""3"":216,""4"":257,""5"":243,""6"":178,""7"":127,""8"":90,""9"":256,""10"":218}","{""1"":2,""2"":2,""3"":2,""4"":2}","{""1"":126,""2"":102,""3"":112,""4"":123,""5"":108,""6"":104,""7"":96,""8"":105,""9"":119,""10"":121}",199
103020301,103020,3,1,"{""1"":31,""2"":41,""3"":24,""4"":30,""5"":21,""6"":34,""7"":43,""8"":46,""9"":30,""10"":36}","{""1"":1,""2"":1,""3"":1,""4"":1}","{""1"":96,""2"":85,""3"":77,""4"":88,""5"":89,""6"":84,""7"":93,""8"":83,""9"":105,""10"":89}",34
103020302,103020,3,2,"{""1"":62,""2"":82,""3"":48,""4"":60,""5"":41,""6"":67,""7"":86,""8"":93,""9"":61,""10"":71}","{""1"":2,""2"":1,""3"":1,""4"":1}","{""1"":96,""2"":95,""3"":77,""4"":98,""5"":89,""6"":94,""7"":93,""8"":93,""9"":105,""10"":99}",67
103020303,103020,3,3,"{""1"":93,""2"":122,""3"":72,""4"":90,""5"":62,""6"":101,""7"":129,""8"":139,""9"":91,""10"":107}","{""1"":2,""2"":2,""3"":1,""4"":1}","{""1"":106,""2"":105,""3"":77,""4"":98,""5"":99,""6"":104,""7"":93,""8"":93,""9"":105,""10"":109}",101
103020304,103020,3,4,"{""1"":124,""2"":163,""3"":96,""4"":120,""5"":82,""6"":134,""7"":173,""8"":186,""9"":122,""10"":142}","{""1"":2,""2"":2,""3"":2,""4"":1}","{""1"":106,""2"":105,""3"":87,""4"":108,""5"":99,""6"":104,""7"":103,""8"":103,""9"":115,""10"":109}",134
103020305,103020,3,5,"{""1"":155,""2"":204,""3"":121,""4"":150,""5"":103,""6"":168,""7"":216,""8"":232,""9"":152,""10"":178}","{""1"":2,""2"":2,""3"":2,""4"":2}","{""1"":106,""2"":105,""3"":87,""4"":118,""5"":109,""6"":114,""7"":103,""8"":113,""9"":125,""10"":109}",168
103020400,103020,4,0,"{""1"":186,""2"":245,""3"":145,""4"":180,""5"":123,""6"":202,""7"":259,""8"":279,""9"":182,""10"":214}","{""1"":2,""2"":2,""3"":2,""4"":2}","{""1"":116,""2"":115,""3"":97,""4"":118,""5"":109,""6"":114,""7"":113,""8"":113,""9"":125,""10"":119}",202
103021301,103021,3,1,"{""1"":37,""2"":25,""3"":41,""4"":46,""5"":46,""6"":32,""7"":16,""8"":19,""9"":44,""10"":36}","{""1"":1,""2"":1,""3"":1,""4"":1}","{""1"":98,""2"":79,""3"":99,""4"":99,""5"":95,""6"":81,""7"":76,""8"":69,""9"":101,""10"":90}",34
103021302,103021,3,2,"{""1"":74,""2"":51,""3"":82,""4"":91,""5"":92,""6"":65,""7"":32,""8"":39,""9"":87,""10"":72}","{""1"":2,""2"":1,""3"":1,""4"":1}","{""1"":98,""2"":89,""3"":99,""4"":109,""5"":95,""6"":91,""7"":76,""8"":79,""9"":101,""10"":100}",69
103021303,103021,3,3,"{""1"":111,""2"":76,""3"":123,""4"":137,""5"":138,""6"":97,""7"":48,""8"":58,""9"":131,""10"":108}","{""1"":2,""2"":2,""3"":1,""4"":1}","{""1"":108,""2"":99,""3"":99,""4"":109,""5"":105,""6"":101,""7"":76,""8"":79,""9"":101,""10"":110}",103
103021304,103021,3,4,"{""1"":148,""2"":101,""3"":164,""4"":182,""5"":184,""6"":130,""7"":63,""8"":77,""9"":175,""10"":144}","{""1"":2,""2"":2,""3"":2,""4"":1}","{""1"":108,""2"":99,""3"":109,""4"":119,""5"":105,""6"":101,""7"":86,""8"":89,""9"":111,""10"":110}",137
103021305,103021,3,5,"{""1"":185,""2"":126,""3"":205,""4"":228,""5"":230,""6"":162,""7"":79,""8"":97,""9"":218,""10"":180}","{""1"":2,""2"":2,""3"":2,""4"":2}","{""1"":108,""2"":99,""3"":109,""4"":129,""5"":115,""6"":111,""7"":86,""8"":99,""9"":121,""10"":110}",171
103021400,103021,4,0,"{""1"":222,""2"":152,""3"":246,""4"":273,""5"":275,""6"":194,""7"":95,""8"":116,""9"":262,""10"":216}","{""1"":2,""2"":2,""3"":2,""4"":2}","{""1"":118,""2"":109,""3"":119,""4"":129,""5"":115,""6"":111,""7"":96,""8"":99,""9"":121,""10"":120}",205
103022301,103022,3,1,"{""1"":27,""2"":42,""3"":24,""4"":29,""5"":20,""6"":36,""7"":48,""8"":55,""9"":30,""10"":38}","{""1"":1,""2"":1,""3"":1,""4"":1}","{""1"":85,""2"":88,""3"":78,""4"":85,""5"":87,""6"":90,""7"":102,""8"":99,""9"":104,""10"":94}",35
103022302,103022,3,2,"{""1"":54,""2"":84,""3"":49,""4"":58,""5"":40,""6"":72,""7"":96,""8"":111,""9"":60,""10"":75}","{""1"":2,""2"":1,""3"":1,""4"":1}","{""1"":85,""2"":98,""3"":78,""4"":95,""5"":87,""6"":100,""7"":102,""8"":109,""9"":104,""10"":104}",70
103022303,103022,3,3,"{""1"":81,""2"":127,""3"":73,""4"":87,""5"":60,""6"":108,""7"":144,""8"":166,""9"":90,""10"":113}","{""1"":2,""2"":2,""3"":1,""4"":1}","{""1"":95,""2"":108,""3"":78,""4"":95,""5"":97,""6"":110,""7"":102,""8"":109,""9"":104,""10"":114}",105
103022304,103022,3,4,"{""1"":108,""2"":169,""3"":98,""4"":116,""5"":80,""6"":144,""7"":191,""8"":222,""9"":120,""10"":150}","{""1"":2,""2"":2,""3"":2,""4"":1}","{""1"":95,""2"":108,""3"":88,""4"":105,""5"":97,""6"":110,""7"":112,""8"":119,""9"":114,""10"":114}",140
103022305,103022,3,5,"{""1"":135,""2"":211,""3"":122,""4"":145,""5"":100,""6"":180,""7"":239,""8"":277,""9"":150,""10"":188}","{""1"":2,""2"":2,""3"":2,""4"":2}","{""1"":95,""2"":108,""3"":88,""4"":115,""5"":107,""6"":120,""7"":112,""8"":129,""9"":124,""10"":114}",175
103022400,103022,4,0,"{""1"":162,""2"":253,""3"":147,""4"":173,""5"":120,""6"":216,""7"":287,""8"":333,""9"":180,""10"":226}","{""1"":2,""2"":2,""3"":2,""4"":2}","{""1"":105,""2"":118,""3"":98,""4"":115,""5"":107,""6"":120,""7"":122,""8"":129,""9"":124,""10"":124}",210
103023301,103023,3,1,"{""1"":26,""2"":43,""3"":22,""4"":28,""5"":22,""6"":36,""7"":48,""8"":53,""9"":30,""10"":38}","{""1"":1,""2"":1,""3"":1,""4"":1}","{""1"":82,""2"":90,""3"":76,""4"":82,""5"":87,""6"":90,""7"":102,""8"":95,""9"":105,""10"":95}",35
103023302,103023,3,2,"{""1"":52,""2"":86,""3"":45,""4"":56,""5"":43,""6"":72,""7"":96,""8"":106,""9"":61,""10"":76}","{""1"":2,""2"":1,""3"":1,""4"":1}","{""1"":82,""2"":100,""3"":76,""4"":92,""5"":87,""6"":100,""7"":102,""8"":105,""9"":105,""10"":105}",69
103023303,103023,3,3,"{""1"":78,""2"":130,""3"":67,""4"":84,""5"":65,""6"":108,""7"":144,""8"":160,""9"":91,""10"":114}","{""1"":2,""2"":2,""3"":1,""4"":1}","{""1"":92,""2"":110,""3"":76,""4"":92,""5"":97,""6"":110,""7"":102,""8"":105,""9"":105,""10"":115}",104
103023304,103023,3,4,"{""1"":104,""2"":173,""3"":90,""4"":112,""5"":86,""6"":144,""7"":191,""8"":213,""9"":122,""10"":152}","{""1"":2,""2"":2,""3"":2,""4"":1}","{""1"":92,""2"":110,""3"":86,""4"":102,""5"":97,""6"":110,""7"":112,""8"":115,""9"":115,""10"":115}",139
103023305,103023,3,5,"{""1"":130,""2"":216,""3"":112,""4"":139,""5"":108,""6"":180,""7"":239,""8"":266,""9"":152,""10"":190}","{""1"":2,""2"":2,""3"":2,""4"":2}","{""1"":92,""2"":110,""3"":86,""4"":112,""5"":107,""6"":120,""7"":112,""8"":125,""9"":125,""10"":115}",173
103023400,103023,4,0,"{""1"":156,""2"":259,""3"":135,""4"":167,""5"":129,""6"":216,""7"":287,""8"":319,""9"":182,""10"":228}","{""1"":2,""2"":2,""3"":2,""4"":2}","{""1"":102,""2"":120,""3"":96,""4"":112,""5"":107,""6"":120,""7"":122,""8"":125,""9"":125,""10"":125}",208
103024301,103024,3,1,"{""1"":33,""2"":23,""3"":36,""4"":44,""5"":55,""6"":39,""7"":18,""8"":20,""9"":43,""10"":34}","{""1"":1,""2"":1,""3"":1,""4"":1}","{""1"":89,""2"":73,""3"":89,""4"":96,""5"":111,""6"":97,""7"":84,""8"":70,""9"":99,""10"":85}",35
103024302,103024,3,2,"{""1"":66,""2"":47,""3"":73,""4"":88,""5"":109,""6"":78,""7"":36,""8"":39,""9"":85,""10"":68}","{""1"":2,""2"":1,""3"":1,""4"":1}","{""1"":89,""2"":83,""3"":89,""4"":106,""5"":111,""6"":107,""7"":84,""8"":80,""9"":99,""10"":95}",69
103024303,103024,3,3,"{""1"":100,""2"":70,""3"":109,""4"":132,""5"":164,""6"":116,""7"":53,""8"":59,""9"":128,""10"":102}","{""1"":2,""2"":2,""3"":1,""4"":1}","{""1"":99,""2"":93,""3"":89,""4"":106,""5"":121,""6"":117,""7"":84,""8"":80,""9"":99,""10"":105}",103
103024304,103024,3,4,"{""1"":133,""2"":93,""3"":145,""4"":177,""5"":218,""6"":155,""7"":71,""8"":78,""9"":171,""10"":136}","{""1"":2,""2"":2,""3"":2,""4"":1}","{""1"":99,""2"":93,""3"":99,""4"":116,""5"":121,""6"":117,""7"":94,""8"":90,""9"":109,""10"":105}",138
103024305,103024,3,5,"{""1"":166,""2"":117,""3"":182,""4"":221,""5"":273,""6"":194,""7"":89,""8"":98,""9"":214,""10"":170}","{""1"":2,""2"":2,""3"":2,""4"":2}","{""1"":99,""2"":93,""3"":99,""4"":126,""5"":131,""6"":127,""7"":94,""8"":100,""9"":119,""10"":105}",172
103024400,103024,4,0,"{""1"":199,""2"":140,""3"":218,""4"":265,""5"":327,""6"":233,""7"":107,""8"":118,""9"":256,""10"":204}","{""1"":2,""2"":2,""3"":2,""4"":2}","{""1"":109,""2"":103,""3"":109,""4"":126,""5"":131,""6"":127,""7"":104,""8"":100,""9"":119,""10"":115}",207
103025301,103025,3,1,"{""1"":34,""2"":36,""3"":31,""4"":36,""5"":31,""6"":32,""7"":32,""8"":33,""9"":38,""10"":36}","{""1"":1,""2"":1,""3"":1,""4"":1}","{""1"":95,""2"":90,""3"":88,""4"":89,""5"":88,""6"":81,""7"":89,""8"":83,""9"":106,""10"":91}",34
103025302,103025,3,2,"{""1"":68,""2"":72,""3"":62,""4"":71,""5"":62,""6"":65,""7"":63,""8"":66,""9"":77,""10"":73}","{""1"":2,""2"":1,""3"":1,""4"":1}","{""1"":95,""2"":100,""3"":88,""4"":99,""5"":88,""6"":91,""7"":89,""8"":93,""9"":106,""10"":101}",68
103025303,103025,3,3,"{""1"":102,""2"":108,""3"":94,""4"":107,""5"":94,""6"":97,""7"":95,""8"":100,""9"":115,""10"":109}","{""1"":2,""2"":2,""3"":1,""4"":1}","{""1"":105,""2"":110,""3"":88,""4"":99,""5"":98,""6"":101,""7"":89,""8"":93,""9"":106,""10"":111}",102
103025304,103025,3,4,"{""1"":136,""2"":144,""3"":125,""4"":142,""5"":125,""6"":130,""7"":126,""8"":133,""9"":154,""10"":146}","{""1"":2,""2"":2,""3"":2,""4"":1}","{""1"":105,""2"":110,""3"":98,""4"":109,""5"":98,""6"":101,""7"":99,""8"":103,""9"":116,""10"":111}",136
103025305,103025,3,5,"{""1"":170,""2"":180,""3"":156,""4"":178,""5"":156,""6"":162,""7"":158,""8"":166,""9"":192,""10"":182}","{""1"":2,""2"":2,""3"":2,""4"":2}","{""1"":105,""2"":110,""3"":98,""4"":119,""5"":108,""6"":111,""7"":99,""8"":113,""9"":126,""10"":111}",170
103025400,103025,4,0,"{""1"":204,""2"":216,""3"":187,""4"":214,""5"":187,""6"":194,""7"":190,""8"":199,""9"":230,""10"":218}","{""1"":2,""2"":2,""3"":2,""4"":2}","{""1"":115,""2"":120,""3"":108,""4"":119,""5"":108,""6"":111,""7"":109,""8"":113,""9"":126,""10"":121}",204
103026301,103026,3,1,"{""1"":38,""2"":23,""3"":42,""4"":45,""5"":43,""6"":30,""7"":16,""8"":20,""9"":43,""10"":36}","{""1"":1,""2"":1,""3"":1,""4"":1}","{""1"":101,""2"":73,""3"":101,""4"":97,""5"":89,""6"":74,""7"":76,""8"":70,""9"":99,""10"":89}",34
103026302,103026,3,2,"{""1"":76,""2"":47,""3"":84,""4"":89,""5"":85,""6"":59,""7"":32,""8"":39,""9"":85,""10"":71}","{""1"":2,""2"":1,""3"":1,""4"":1}","{""1"":101,""2"":83,""3"":101,""4"":107,""5"":89,""6"":84,""7"":76,""8"":80,""9"":99,""10"":99}",67
103026303,103026,3,3,"{""1"":115,""2"":70,""3"":126,""4"":134,""5"":128,""6"":89,""7"":48,""8"":59,""9"":128,""10"":107}","{""1"":2,""2"":2,""3"":1,""4"":1}","{""1"":111,""2"":93,""3"":101,""4"":107,""5"":99,""6"":94,""7"":76,""8"":80,""9"":99,""10"":109}",100
103026304,103026,3,4,"{""1"":153,""2"":93,""3"":167,""4"":178,""5"":171,""6"":118,""7"":63,""8"":78,""9"":171,""10"":142}","{""1"":2,""2"":2,""3"":2,""4"":1}","{""1"":111,""2"":93,""3"":111,""4"":117,""5"":99,""6"":94,""7"":86,""8"":90,""9"":109,""10"":109}",133
103026305,103026,3,5,"{""1"":191,""2"":117,""3"":209,""4"":223,""5"":213,""6"":148,""7"":79,""8"":98,""9"":214,""10"":178}","{""1"":2,""2"":2,""3"":2,""4"":2}","{""1"":111,""2"":93,""3"":111,""4"":127,""5"":109,""6"":104,""7"":86,""8"":100,""9"":119,""10"":109}",167
103026400,103026,4,0,"{""1"":229,""2"":140,""3"":251,""4"":268,""5"":256,""6"":178,""7"":95,""8"":118,""9"":256,""10"":214}","{""1"":2,""2"":2,""3"":2,""4"":2}","{""1"":121,""2"":103,""3"":121,""4"":127,""5"":109,""6"":104,""7"":96,""8"":100,""9"":119,""10"":119}",201
103027301,103027,3,1,"{""1"":36,""2"":31,""3"":27,""4"":37,""5"":36,""6"":34,""7"":28,""8"":30,""9"":37,""10"":36}","{""1"":1,""2"":1,""3"":1,""4"":1}","{""1"":99,""2"":77,""3"":78,""4"":92,""5"":99,""6"":86,""7"":80,""8"":75,""9"":103,""10"":90}",33
103027302,103027,3,2,"{""1"":71,""2"":62,""3"":54,""4"":74,""5"":71,""6"":69,""7"":56,""8"":60,""9"":74,""10"":72}","{""1"":2,""2"":1,""3"":1,""4"":1}","{""1"":99,""2"":87,""3"":78,""4"":102,""5"":99,""6"":96,""7"":80,""8"":85,""9"":103,""10"":100}",66
103027303,103027,3,3,"{""1"":107,""2"":92,""3"":82,""4"":110,""5"":107,""6"":103,""7"":84,""8"":90,""9"":112,""10"":108}","{""1"":2,""2"":2,""3"":1,""4"":1}","{""1"":109,""2"":97,""3"":78,""4"":102,""5"":109,""6"":106,""7"":80,""8"":85,""9"":103,""10"":110}",100
103027304,103027,3,4,"{""1"":142,""2"":123,""3"":109,""4"":147,""5"":142,""6"":138,""7"":112,""8"":120,""9"":149,""10"":144}","{""1"":2,""2"":2,""3"":2,""4"":1}","{""1"":109,""2"":97,""3"":88,""4"":112,""5"":109,""6"":106,""7"":90,""8"":95,""9"":113,""10"":110}",133
103027305,103027,3,5,"{""1"":178,""2"":154,""3"":136,""4"":184,""5"":178,""6"":172,""7"":140,""8"":150,""9"":186,""10"":180}","{""1"":2,""2"":2,""3"":2,""4"":2}","{""1"":109,""2"":97,""3"":88,""4"":122,""5"":119,""6"":116,""7"":90,""8"":105,""9"":123,""10"":110}",166
103027400,103027,4,0,"{""1"":214,""2"":185,""3"":163,""4"":221,""5"":214,""6"":206,""7"":168,""8"":180,""9"":223,""10"":216}","{""1"":2,""2"":2,""3"":2,""4"":2}","{""1"":119,""2"":107,""3"":98,""4"":122,""5"":119,""6"":116,""7"":100,""8"":105,""9"":123,""10"":120}",199
103028301,103028,3,1,"{""1"":34,""2"":24,""3"":42,""4"":46,""5"":45,""6"":32,""7"":16,""8"":20,""9"":45,""10"":34}","{""1"":1,""2"":1,""3"":1,""4"":1}","{""1"":91,""2"":74,""3"":101,""4"":100,""5"":93,""6"":80,""7"":76,""8"":73,""9"":103,""10"":86}",34
103028302,103028,3,2,"{""1"":68,""2"":47,""3"":84,""4"":92,""5"":90,""6"":64,""7"":32,""8"":41,""9"":89,""10"":69}","{""1"":2,""2"":1,""3"":1,""4"":1}","{""1"":91,""2"":84,""3"":101,""4"":110,""5"":93,""6"":90,""7"":76,""8"":83,""9"":103,""10"":96}",68
103028303,103028,3,3,"{""1"":102,""2"":71,""3"":126,""4"":138,""5"":134,""6"":96,""7"":48,""8"":61,""9"":134,""10"":103}","{""1"":2,""2"":2,""3"":1,""4"":1}","{""1"":101,""2"":94,""3"":101,""4"":110,""5"":103,""6"":100,""7"":76,""8"":83,""9"":103,""10"":106}",101
103028304,103028,3,4,"{""1"":136,""2"":95,""3"":167,""4"":184,""5"":179,""6"":128,""7"":63,""8"":82,""9"":179,""10"":138}","{""1"":2,""2"":2,""3"":2,""4"":1}","{""1"":101,""2"":94,""3"":111,""4"":120,""5"":103,""6"":100,""7"":86,""8"":93,""9"":113,""10"":106}",135
103028305,103028,3,5,"{""1"":170,""2"":118,""3"":209,""4"":230,""5"":224,""6"":160,""7"":79,""8"":102,""9"":223,""10"":172}","{""1"":2,""2"":2,""3"":2,""4"":2}","{""1"":101,""2"":94,""3"":111,""4"":130,""5"":113,""6"":110,""7"":86,""8"":103,""9"":123,""10"":106}",169
103028400,103028,4,0,"{""1"":204,""2"":142,""3"":251,""4"":276,""5"":269,""6"":192,""7"":95,""8"":123,""9"":268,""10"":206}","{""1"":2,""2"":2,""3"":2,""4"":2}","{""1"":111,""2"":104,""3"":121,""4"":130,""5"":113,""6"":110,""7"":96,""8"":103,""9"":123,""10"":116}",203
103029301,103029,3,1,"{""1"":32,""2"":40,""3"":24,""4"":29,""5"":19,""6"":31,""7"":41,""8"":49,""9"":31,""10"":38}","{""1"":1,""2"":1,""3"":1,""4"":1}","{""1"":99,""2"":84,""3"":77,""4"":85,""5"":82,""6"":77,""7"":88,""8"":88,""9"":106,""10"":95}",33
103029302,103029,3,2,"{""1"":64,""2"":81,""3"":48,""4"":58,""5"":37,""6"":62,""7"":81,""8"":99,""9"":61,""10"":76}","{""1"":2,""2"":1,""3"":1,""4"":1}","{""1"":99,""2"":94,""3"":77,""4"":95,""5"":82,""6"":87,""7"":88,""8"":98,""9"":106,""10"":105}",67
103029303,103029,3,3,"{""1"":96,""2"":121,""3"":72,""4"":87,""5"":56,""6"":92,""7"":122,""8"":148,""9"":92,""10"":114}","{""1"":2,""2"":2,""3"":1,""4"":1}","{""1"":109,""2"":104,""3"":77,""4"":95,""5"":92,""6"":97,""7"":88,""8"":98,""9"":106,""10"":115}",100
103029304,103029,3,4,"{""1"":128,""2"":161,""3"":96,""4"":116,""5"":75,""6"":123,""7"":162,""8"":197,""9"":123,""10"":152}","{""1"":2,""2"":2,""3"":2,""4"":1}","{""1"":109,""2"":104,""3"":87,""4"":105,""5"":92,""6"":97,""7"":98,""8"":108,""9"":116,""10"":115}",133
103029305,103029,3,5,"{""1"":160,""2"":202,""3"":121,""4"":145,""5"":94,""6"":154,""7"":203,""8"":246,""9"":154,""10"":190}","{""1"":2,""2"":2,""3"":2,""4"":2}","{""1"":109,""2"":104,""3"":87,""4"":115,""5"":102,""6"":107,""7"":98,""8"":118,""9"":126,""10"":115}",167
103029400,103029,4,0,"{""1"":192,""2"":242,""3"":145,""4"":173,""5"":112,""6"":185,""7"":243,""8"":296,""9"":184,""10"":228}","{""1"":2,""2"":2,""3"":2,""4"":2}","{""1"":119,""2"":114,""3"":97,""4"":115,""5"":102,""6"":107,""7"":108,""8"":118,""9"":126,""10"":125}",200
103030301,103030,3,1,"{""1"":39,""2"":25,""3"":35,""4"":43,""5"":50,""6"":37,""7"":25,""8"":13,""9"":43,""10"":37}","{""1"":1,""2"":1,""3"":1,""4"":1}","{""1"":95,""2"":78,""3"":90,""4"":94,""5"":106,""6"":93,""7"":87,""8"":66,""9"":99,""10"":92}",35
103030302,103030,3,2,"{""1"":78,""2"":50,""3"":70,""4"":86,""5"":100,""6"":74,""7"":49,""8"":26,""9"":85,""10"":74}","{""1"":2,""2"":1,""3"":1,""4"":1}","{""1"":95,""2"":88,""3"":90,""4"":104,""5"":106,""6"":103,""7"":87,""8"":76,""9"":99,""10"":102}",69
103030303,103030,3,3,"{""1"":117,""2"":75,""3"":106,""4"":130,""5"":150,""6"":112,""7"":74,""8"":40,""9"":128,""10"":110}","{""1"":2,""2"":2,""3"":1,""4"":1}","{""1"":105,""2"":98,""3"":90,""4"":104,""5"":116,""6"":113,""7"":87,""8"":76,""9"":99,""10"":112}",104
103030304,103030,3,4,"{""1"":156,""2"":100,""3"":141,""4"":173,""5"":200,""6"":149,""7"":99,""8"":53,""9"":171,""10"":147}","{""1"":2,""2"":2,""3"":2,""4"":1}","{""1"":105,""2"":98,""3"":100,""4"":114,""5"":116,""6"":113,""7"":97,""8"":86,""9"":109,""10"":112}",139
103030305,103030,3,5,"{""1"":196,""2"":125,""3"":176,""4"":216,""5"":250,""6"":186,""7"":123,""8"":66,""9"":214,""10"":184}","{""1"":2,""2"":2,""3"":2,""4"":2}","{""1"":105,""2"":98,""3"":100,""4"":124,""5"":126,""6"":123,""7"":97,""8"":96,""9"":119,""10"":112}",174
103030400,103030,4,0,"{""1"":235,""2"":150,""3"":211,""4"":259,""5"":300,""6"":223,""7"":148,""8"":79,""9"":256,""10"":221}","{""1"":2,""2"":2,""3"":2,""4"":2}","{""1"":115,""2"":108,""3"":110,""4"":124,""5"":126,""6"":123,""7"":107,""8"":96,""9"":119,""10"":122}",208
103031301,103031,3,1,"{""1"":36,""2"":29,""3"":30,""4"":36,""5"":30,""6"":32,""7"":32,""8"":37,""9"":36,""10"":36}","{""1"":1,""2"":1,""3"":1,""4"":1}","{""1"":101,""2"":73,""3"":84,""4"":89,""5"":84,""6"":79,""7"":89,""8"":92,""9"":100,""10"":90}",33
103031302,103031,3,2,"{""1"":73,""2"":58,""3"":59,""4"":71,""5"":59,""6"":63,""7"":63,""8"":74,""9"":72,""10"":72}","{""1"":2,""2"":1,""3"":1,""4"":1}","{""1"":101,""2"":83,""3"":84,""4"":99,""5"":84,""6"":89,""7"":89,""8"":102,""9"":100,""10"":100}",66
103031303,103031,3,3,"{""1"":109,""2"":88,""3"":89,""4"":107,""5"":89,""6"":95,""7"":95,""8"":110,""9"":108,""10"":108}","{""1"":2,""2"":2,""3"":1,""4"":1}","{""1"":111,""2"":93,""3"":84,""4"":99,""5"":94,""6"":99,""7"":89,""8"":102,""9"":100,""10"":110}",100
103031304,103031,3,4,"{""1"":146,""2"":117,""3"":118,""4"":142,""5"":118,""6"":126,""7"":126,""8"":147,""9"":144,""10"":144}","{""1"":2,""2"":2,""3"":2,""4"":1}","{""1"":111,""2"":93,""3"":94,""4"":109,""5"":94,""6"":99,""7"":99,""8"":112,""9"":110,""10"":110}",133
103031305,103031,3,5,"{""1"":182,""2"":146,""3"":148,""4"":178,""5"":148,""6"":158,""7"":158,""8"":184,""9"":180,""10"":180}","{""1"":2,""2"":2,""3"":2,""4"":2}","{""1"":111,""2"":93,""3"":94,""4"":119,""5"":104,""6"":109,""7"":99,""8"":122,""9"":120,""10"":110}",166
103031400,103031,4,0,"{""1"":218,""2"":175,""3"":178,""4"":214,""5"":178,""6"":190,""7"":190,""8"":221,""9"":216,""10"":216}","{""1"":2,""2"":2,""3"":2,""4"":2}","{""1"":121,""2"":103,""3"":104,""4"":119,""5"":104,""6"":109,""7"":109,""8"":122,""9"":120,""10"":120}",200
103032301,103032,3,1,"{""1"":40,""2"":25,""3"":35,""4"":43,""5"":43,""6"":33,""7"":24,""8"":14,""9"":45,""10"":36}","{""1"":1,""2"":1,""3"":1,""4"":1}","{""1"":98,""2"":79,""3"":89,""4"":94,""5"":93,""6"":83,""7"":85,""8"":72,""9"":104,""10"":91}",34
103032302,103032,3,2,"{""1"":81,""2"":51,""3"":70,""4"":86,""5"":86,""6"":66,""7"":48,""8"":29,""9"":90,""10"":73}","{""1"":2,""2"":1,""3"":1,""4"":1}","{""1"":98,""2"":89,""3"":89,""4"":104,""5"":93,""6"":93,""7"":85,""8"":82,""9"":104,""10"":101}",68
103032303,103032,3,3,"{""1"":121,""2"":76,""3"":104,""4"":130,""5"":129,""6"":100,""7"":72,""8"":43,""9"":135,""10"":109}","{""1"":2,""2"":2,""3"":1,""4"":1}","{""1"":108,""2"":99,""3"":89,""4"":104,""5"":103,""6"":103,""7"":85,""8"":82,""9"":104,""10"":111}",102
103032304,103032,3,4,"{""1"":162,""2"":101,""3"":139,""4"":173,""5"":173,""6"":133,""7"":96,""8"":58,""9"":180,""10"":146}","{""1"":2,""2"":2,""3"":2,""4"":1}","{""1"":108,""2"":99,""3"":99,""4"":114,""5"":103,""6"":103,""7"":95,""8"":92,""9"":114,""10"":111}",136
103032305,103032,3,5,"{""1"":202,""2"":126,""3"":174,""4"":216,""5"":216,""6"":166,""7"":120,""8"":72,""9"":226,""10"":182}","{""1"":2,""2"":2,""3"":2,""4"":2}","{""1"":108,""2"":99,""3"":99,""4"":124,""5"":113,""6"":113,""7"":95,""8"":102,""9"":124,""10"":111}",170
103032400,103032,4,0,"{""1"":243,""2"":152,""3"":209,""4"":259,""5"":259,""6"":199,""7"":144,""8"":86,""9"":271,""10"":218}","{""1"":2,""2"":2,""3"":2,""4"":2}","{""1"":118,""2"":109,""3"":109,""4"":124,""5"":113,""6"":113,""7"":105,""8"":102,""9"":124,""10"":121}",204
103033301,103033,3,1,"{""1"":28,""2"":43,""3"":25,""4"":29,""5"":20,""6"":34,""7"":45,""8"":48,""9"":29,""10"":37}","{""1"":1,""2"":1,""3"":1,""4"":1}","{""1"":89,""2"":89,""3"":79,""4"":85,""5"":87,""6"":85,""7"":96,""8"":86,""9"":101,""10"":93}",34
103033302,103033,3,2,"{""1"":57,""2"":85,""3"":50,""4"":58,""5"":40,""6"":68,""7"":89,""8"":96,""9"":58,""10"":74}","{""1"":2,""2"":1,""3"":1,""4"":1}","{""1"":89,""2"":99,""3"":79,""4"":95,""5"":87,""6"":95,""7"":96,""8"":96,""9"":101,""10"":103}",68
103033303,103033,3,3,"{""1"":85,""2"":128,""3"":75,""4"":87,""5"":60,""6"":102,""7"":134,""8"":144,""9"":87,""10"":112}","{""1"":2,""2"":2,""3"":1,""4"":1}","{""1"":99,""2"":109,""3"":79,""4"":95,""5"":97,""6"":105,""7"":96,""8"":96,""9"":101,""10"":113}",101
103033304,103033,3,4,"{""1"":114,""2"":171,""3"":99,""4"":116,""5"":80,""6"":136,""7"":179,""8"":193,""9"":116,""10"":149}","{""1"":2,""2"":2,""3"":2,""4"":1}","{""1"":99,""2"":109,""3"":89,""4"":105,""5"":97,""6"":105,""7"":106,""8"":106,""9"":111,""10"":113}",135
103033305,103033,3,5,"{""1"":142,""2"":214,""3"":124,""4"":145,""5"":100,""6"":170,""7"":224,""8"":241,""9"":146,""10"":186}","{""1"":2,""2"":2,""3"":2,""4"":2}","{""1"":99,""2"":109,""3"":89,""4"":115,""5"":107,""6"":115,""7"":106,""8"":116,""9"":121,""10"":113}",169
103033400,103033,4,0,"{""1"":171,""2"":256,""3"":149,""4"":173,""5"":120,""6"":204,""7"":268,""8"":289,""9"":175,""10"":223}","{""1"":2,""2"":2,""3"":2,""4"":2}","{""1"":109,""2"":119,""3"":99,""4"":115,""5"":107,""6"":115,""7"":116,""8"":116,""9"":121,""10"":123}",203
103034301,103034,3,1,"{""1"":26,""2"":43,""3"":26,""4"":30,""5"":24,""6"":36,""7"":39,""8"":51,""9"":29,""10"":37}","{""1"":1,""2"":1,""3"":1,""4"":1}","{""1"":83,""2"":90,""3"":81,""4"":89,""5"":101,""6"":89,""7"":85,""8"":91,""9"":102,""10"":93}",34
103034302,103034,3,2,"{""1"":53,""2"":86,""3"":51,""4"":61,""5"":47,""6"":71,""7"":78,""8"":102,""9"":59,""10"":74}","{""1"":2,""2"":1,""3"":1,""4"":1}","{""1"":83,""2"":100,""3"":81,""4"":99,""5"":101,""6"":99,""7"":85,""8"":101,""9"":102,""10"":103}",68
103034303,103034,3,3,"{""1"":79,""2"":130,""3"":77,""4"":91,""5"":71,""6"":107,""7"":117,""8"":153,""9"":88,""10"":112}","{""1"":2,""2"":2,""3"":1,""4"":1}","{""1"":93,""2"":110,""3"":81,""4"":99,""5"":111,""6"":109,""7"":85,""8"":101,""9"":102,""10"":113}",103
103034304,103034,3,4,"{""1"":105,""2"":173,""3"":102,""4"":121,""5"":95,""6"":142,""7"":156,""8"":204,""9"":118,""10"":149}","{""1"":2,""2"":2,""3"":2,""4"":1}","{""1"":93,""2"":110,""3"":91,""4"":109,""5"":111,""6"":109,""7"":95,""8"":111,""9"":112,""10"":113}",137
103034305,103034,3,5,"{""1"":131,""2"":216,""3"":128,""4"":151,""5"":118,""6"":178,""7"":195,""8"":255,""9"":147,""10"":186}","{""1"":2,""2"":2,""3"":2,""4"":2}","{""1"":93,""2"":110,""3"":91,""4"":119,""5"":121,""6"":119,""7"":95,""8"":121,""9"":122,""10"":113}",171
103034400,103034,4,0,"{""1"":158,""2"":259,""3"":153,""4"":182,""5"":142,""6"":214,""7"":234,""8"":306,""9"":177,""10"":223}","{""1"":2,""2"":2,""3"":2,""4"":2}","{""1"":103,""2"":120,""3"":101,""4"":119,""5"":121,""6"":119,""7"":105,""8"":121,""9"":122,""10"":123}",205
103035301,103035,3,1,"{""1"":27,""2"":40,""3"":25,""4"":30,""5"":20,""6"":34,""7"":46,""8"":50,""9"":29,""10"":35}","{""1"":1,""2"":1,""3"":1,""4"":1}","{""1"":84,""2"":84,""3"":79,""4"":89,""5"":88,""6"":86,""7"":98,""8"":89,""9"":102,""10"":88}",34
103035302,103035,3,2,"{""1"":53,""2"":81,""3"":50,""4"":61,""5"":41,""6"":69,""7"":92,""8"":100,""9"":59,""10"":70}","{""1"":2,""2"":1,""3"":1,""4"":1}","{""1"":84,""2"":94,""3"":79,""4"":99,""5"":88,""6"":96,""7"":98,""8"":99,""9"":102,""10"":98}",68
103035303,103035,3,3,"{""1"":80,""2"":121,""3"":75,""4"":91,""5"":61,""6"":103,""7"":137,""8"":150,""9"":88,""10"":106}","{""1"":2,""2"":2,""3"":1,""4"":1}","{""1"":94,""2"":104,""3"":79,""4"":99,""5"":98,""6"":106,""7"":98,""8"":99,""9"":102,""10"":108}",101
103035304,103035,3,4,"{""1"":107,""2"":161,""3"":99,""4"":121,""5"":81,""6"":138,""7"":183,""8"":199,""9"":118,""10"":141}","{""1"":2,""2"":2,""3"":2,""4"":1}","{""1"":94,""2"":104,""3"":89,""4"":109,""5"":98,""6"":106,""7"":108,""8"":109,""9"":112,""10"":108}",135
103035305,103035,3,5,"{""1"":133,""2"":202,""3"":124,""4"":151,""5"":101,""6"":172,""7"":229,""8"":249,""9"":147,""10"":176}","{""1"":2,""2"":2,""3"":2,""4"":2}","{""1"":94,""2"":104,""3"":89,""4"":119,""5"":108,""6"":116,""7"":108,""8"":119,""9"":122,""10"":108}",168
103035400,103035,4,0,"{""1"":160,""2"":242,""3"":149,""4"":182,""5"":122,""6"":206,""7"":275,""8"":299,""9"":177,""10"":211}","{""1"":2,""2"":2,""3"":2,""4"":2}","{""1"":104,""2"":114,""3"":99,""4"":119,""5"":108,""6"":116,""7"":118,""8"":119,""9"":122,""10"":118}",202
103036301,103036,3,1,"{""1"":30,""2"":44,""3"":26,""4"":29,""5"":19,""6"":30,""7"":39,""8"":45,""9"":30,""10"":37}","{""1"":1,""2"":1,""3"":1,""4"":1}","{""1"":93,""2"":92,""3"":82,""4"":85,""5"":83,""6"":75,""7"":85,""8"":81,""9"":105,""10"":93}",33
103036302,103036,3,2,"{""1"":60,""2"":88,""3"":52,""4"":58,""5"":38,""6"":60,""7"":78,""8"":91,""9"":61,""10"":74}","{""1"":2,""2"":1,""3"":1,""4"":1}","{""1"":93,""2"":102,""3"":82,""4"":95,""5"":83,""6"":85,""7"":85,""8"":91,""9"":105,""10"":103}",66
103036303,103036,3,3,"{""1"":90,""2"":132,""3"":78,""4"":87,""5"":57,""6"":90,""7"":117,""8"":136,""9"":91,""10"":112}","{""1"":2,""2"":2,""3"":1,""4"":1}","{""1"":103,""2"":112,""3"":82,""4"":95,""5"":93,""6"":95,""7"":85,""8"":91,""9"":105,""10"":113}",99
103036304,103036,3,4,"{""1"":120,""2"":177,""3"":104,""4"":116,""5"":76,""6"":120,""7"":156,""8"":181,""9"":122,""10"":149}","{""1"":2,""2"":2,""3"":2,""4"":1}","{""1"":103,""2"":112,""3"":92,""4"":105,""5"":93,""6"":95,""7"":95,""8"":101,""9"":115,""10"":113}",132
103036305,103036,3,5,"{""1"":149,""2"":221,""3"":130,""4"":145,""5"":95,""6"":150,""7"":195,""8"":227,""9"":152,""10"":186}","{""1"":2,""2"":2,""3"":2,""4"":2}","{""1"":103,""2"":112,""3"":92,""4"":115,""5"":103,""6"":105,""7"":95,""8"":111,""9"":125,""10"":113}",165
103036400,103036,4,0,"{""1"":179,""2"":265,""3"":156,""4"":173,""5"":114,""6"":180,""7"":234,""8"":272,""9"":182,""10"":223}","{""1"":2,""2"":2,""3"":2,""4"":2}","{""1"":113,""2"":122,""3"":102,""4"":115,""5"":103,""6"":105,""7"":105,""8"":111,""9"":125,""10"":123}",198
103037301,103037,3,1,"{""1"":33,""2"":33,""3"":27,""4"":37,""5"":32,""6"":34,""7"":34,""8"":35,""9"":36,""10"":38}","{""1"":1,""2"":1,""3"":1,""4"":1}","{""1"":93,""2"":82,""3"":78,""4"":92,""5"":89,""6"":85,""7"":95,""8"":88,""9"":100,""10"":94}",34
103037302,103037,3,2,"{""1"":66,""2"":66,""3"":54,""4"":74,""5"":63,""6"":68,""7"":68,""8"":70,""9"":72,""10"":75}","{""1"":2,""2"":1,""3"":1,""4"":1}","{""1"":93,""2"":92,""3"":78,""4"":102,""5"":89,""6"":95,""7"":95,""8"":98,""9"":100,""10"":104}",68
103037303,103037,3,3,"{""1"":100,""2"":98,""3"":82,""4"":110,""5"":95,""6"":102,""7"":102,""8"":106,""9"":108,""10"":113}","{""1"":2,""2"":2,""3"":1,""4"":1}","{""1"":103,""2"":102,""3"":78,""4"":102,""5"":99,""6"":105,""7"":95,""8"":98,""9"":100,""10"":114}",102
103037304,103037,3,4,"{""1"":133,""2"":131,""3"":109,""4"":147,""5"":126,""6"":136,""7"":136,""8"":141,""9"":144,""10"":150}","{""1"":2,""2"":2,""3"":2,""4"":1}","{""1"":103,""2"":102,""3"":88,""4"":112,""5"":99,""6"":105,""7"":105,""8"":108,""9"":110,""10"":114}",135
103037305,103037,3,5,"{""1"":166,""2"":164,""3"":136,""4"":184,""5"":158,""6"":170,""7"":170,""8"":176,""9"":180,""10"":188}","{""1"":2,""2"":2,""3"":2,""4"":2}","{""1"":103,""2"":102,""3"":88,""4"":122,""5"":109,""6"":115,""7"":105,""8"":118,""9"":120,""10"":114}",169
103037400,103037,4,0,"{""1"":199,""2"":197,""3"":163,""4"":221,""5"":190,""6"":204,""7"":204,""8"":211,""9"":216,""10"":226}","{""1"":2,""2"":2,""3"":2,""4"":2}","{""1"":113,""2"":112,""3"":98,""4"":122,""5"":109,""6"":115,""7"":115,""8"":118,""9"":120,""10"":124}",203
103038301,103038,3,1,"{""1"":38,""2"":24,""3"":37,""4"":43,""5"":44,""6"":34,""7"":25,""8"":14,""9"":43,""10"":36}","{""1"":1,""2"":1,""3"":1,""4"":1}","{""1"":92,""2"":75,""3"":95,""4"":94,""5"":94,""6"":84,""7"":87,""8"":71,""9"":99,""10"":90}",34
103038302,103038,3,2,"{""1"":75,""2"":48,""3"":75,""4"":86,""5"":87,""6"":67,""7"":49,""8"":28,""9"":85,""10"":72}","{""1"":2,""2"":1,""3"":1,""4"":1}","{""1"":92,""2"":85,""3"":95,""4"":104,""5"":94,""6"":94,""7"":87,""8"":81,""9"":99,""10"":100}",67
103038303,103038,3,3,"{""1"":113,""2"":72,""3"":112,""4"":130,""5"":131,""6"":101,""7"":74,""8"":43,""9"":128,""10"":108}","{""1"":2,""2"":2,""3"":1,""4"":1}","{""1"":102,""2"":95,""3"":95,""4"":104,""5"":104,""6"":104,""7"":87,""8"":81,""9"":99,""10"":110}",101
103038304,103038,3,4,"{""1"":151,""2"":96,""3"":150,""4"":173,""5"":175,""6"":134,""7"":99,""8"":57,""9"":171,""10"":144}","{""1"":2,""2"":2,""3"":2,""4"":1}","{""1"":102,""2"":95,""3"":105,""4"":114,""5"":104,""6"":104,""7"":97,""8"":91,""9"":109,""10"":110}",135
103038305,103038,3,5,"{""1"":189,""2"":120,""3"":187,""4"":216,""5"":218,""6"":168,""7"":123,""8"":71,""9"":214,""10"":180}","{""1"":2,""2"":2,""3"":2,""4"":2}","{""1"":102,""2"":95,""3"":105,""4"":124,""5"":114,""6"":114,""7"":97,""8"":101,""9"":119,""10"":110}",169
103038400,103038,4,0,"{""1"":226,""2"":144,""3"":224,""4"":259,""5"":262,""6"":202,""7"":148,""8"":85,""9"":256,""10"":216}","{""1"":2,""2"":2,""3"":2,""4"":2}","{""1"":112,""2"":105,""3"":115,""4"":124,""5"":114,""6"":114,""7"":107,""8"":101,""9"":119,""10"":120}",202
103039301,103039,3,1,"{""1"":31,""2"":40,""3"":26,""4"":29,""5"":20,""6"":32,""7"":41,""8"":43,""9"":29,""10"":37}","{""1"":1,""2"":1,""3"":1,""4"":1}","{""1"":96,""2"":83,""3"":82,""4"":85,""5"":88,""6"":80,""7"":88,""8"":77,""9"":102,""10"":93}",33
103039302,103039,3,2,"{""1"":62,""2"":80,""3"":52,""4"":58,""5"":41,""6"":64,""7"":81,""8"":86,""9"":59,""10"":74}","{""1"":2,""2"":1,""3"":1,""4"":1}","{""1"":96,""2"":93,""3"":82,""4"":95,""5"":88,""6"":90,""7"":88,""8"":87,""9"":102,""10"":103}",66
103039303,103039,3,3,"{""1"":93,""2"":120,""3"":78,""4"":87,""5"":61,""6"":96,""7"":122,""8"":129,""9"":88,""10"":112}","{""1"":2,""2"":2,""3"":1,""4"":1}","{""1"":106,""2"":103,""3"":82,""4"":95,""5"":98,""6"":100,""7"":88,""8"":87,""9"":102,""10"":113}",99
103039304,103039,3,4,"{""1"":124,""2"":159,""3"":104,""4"":116,""5"":81,""6"":128,""7"":162,""8"":172,""9"":118,""10"":149}","{""1"":2,""2"":2,""3"":2,""4"":1}","{""1"":106,""2"":103,""3"":92,""4"":105,""5"":98,""6"":100,""7"":98,""8"":97,""9"":112,""10"":113}",131
103039305,103039,3,5,"{""1"":155,""2"":199,""3"":130,""4"":145,""5"":101,""6"":160,""7"":203,""8"":216,""9"":147,""10"":186}","{""1"":2,""2"":2,""3"":2,""4"":2}","{""1"":106,""2"":103,""3"":92,""4"":115,""5"":108,""6"":110,""7"":98,""8"":107,""9"":122,""10"":113}",164
103039400,103039,4,0,"{""1"":186,""2"":239,""3"":156,""4"":173,""5"":122,""6"":192,""7"":243,""8"":259,""9"":177,""10"":223}","{""1"":2,""2"":2,""3"":2,""4"":2}","{""1"":116,""2"":113,""3"":102,""4"":115,""5"":108,""6"":110,""7"":108,""8"":107,""9"":122,""10"":123}",197
103040301,103040,3,1,"{""1"":38,""2"":24,""3"":37,""4"":47,""5"":44,""6"":31,""7"":16,""8"":20,""9"":44,""10"":37}","{""1"":1,""2"":1,""3"":1,""4"":1}","{""1"":100,""2"":74,""3"":90,""4"":102,""5"":91,""6"":78,""7"":76,""8"":72,""9"":101,""10"":93}",34
103040302,103040,3,2,"{""1"":76,""2"":47,""3"":74,""4"":94,""5"":87,""6"":62,""7"":32,""8"":40,""9"":87,""10"":74}","{""1"":2,""2"":1,""3"":1,""4"":1}","{""1"":100,""2"":84,""3"":90,""4"":112,""5"":91,""6"":88,""7"":76,""8"":82,""9"":101,""10"":103}",67
103040303,103040,3,3,"{""1"":113,""2"":71,""3"":110,""4"":141,""5"":131,""6"":94,""7"":48,""8"":60,""9"":131,""10"":112}","{""1"":2,""2"":2,""3"":1,""4"":1}","{""1"":110,""2"":94,""3"":90,""4"":112,""5"":101,""6"":98,""7"":76,""8"":82,""9"":101,""10"":113}",101
103040304,103040,3,4,"{""1"":151,""2"":95,""3"":147,""4"":188,""5"":175,""6"":125,""7"":63,""8"":81,""9"":175,""10"":149}","{""1"":2,""2"":2,""3"":2,""4"":1}","{""1"":110,""2"":94,""3"":100,""4"":122,""5"":101,""6"":98,""7"":86,""8"":92,""9"":111,""10"":113}",135
103040305,103040,3,5,"{""1"":189,""2"":118,""3"":184,""4"":235,""5"":219,""6"":156,""7"":79,""8"":101,""9"":218,""10"":186}","{""1"":2,""2"":2,""3"":2,""4"":2}","{""1"":110,""2"":94,""3"":100,""4"":132,""5"":111,""6"":108,""7"":86,""8"":102,""9"":121,""10"":113}",169
103040400,103040,4,0,"{""1"":227,""2"":142,""3"":221,""4"":282,""5"":262,""6"":187,""7"":95,""8"":121,""9"":262,""10"":223}","{""1"":2,""2"":2,""3"":2,""4"":2}","{""1"":120,""2"":104,""3"":110,""4"":132,""5"":111,""6"":108,""7"":96,""8"":102,""9"":121,""10"":123}",202
103041301,103041,3,1,"{""1"":37,""2"":25,""3"":40,""4"":46,""5"":46,""6"":35,""7"":19,""8"":23,""9"":43,""10"":36}","{""1"":1,""2"":1,""3"":1,""4"":1}","{""1"":98,""2"":79,""3"":98,""4"":99,""5"":95,""6"":88,""7"":91,""8"":83,""9"":100,""10"":91}",35
103041302,103041,3,2,"{""1"":74,""2"":51,""3"":81,""4"":91,""5"":92,""6"":70,""7"":39,""8"":46,""9"":86,""10"":73}","{""1"":2,""2"":1,""3"":1,""4"":1}","{""1"":98,""2"":89,""3"":98,""4"":109,""5"":95,""6"":98,""7"":91,""8"":93,""9"":100,""10"":101}",70
103041303,103041,3,3,"{""1"":111,""2"":76,""3"":121,""4"":137,""5"":138,""6"":106,""7"":58,""8"":70,""9"":130,""10"":109}","{""1"":2,""2"":2,""3"":1,""4"":1}","{""1"":108,""2"":99,""3"":98,""4"":109,""5"":105,""6"":108,""7"":91,""8"":93,""9"":100,""10"":111}",106
103041304,103041,3,4,"{""1"":148,""2"":101,""3"":162,""4"":182,""5"":184,""6"":141,""7"":78,""8"":93,""9"":173,""10"":146}","{""1"":2,""2"":2,""3"":2,""4"":1}","{""1"":108,""2"":99,""3"":108,""4"":119,""5"":105,""6"":108,""7"":101,""8"":103,""9"":110,""10"":111}",141
103041305,103041,3,5,"{""1"":185,""2"":126,""3"":202,""4"":228,""5"":230,""6"":176,""7"":97,""8"":116,""9"":216,""10"":182}","{""1"":2,""2"":2,""3"":2,""4"":2}","{""1"":108,""2"":99,""3"":108,""4"":129,""5"":115,""6"":118,""7"":101,""8"":113,""9"":120,""10"":111}",176
103041400,103041,4,0,"{""1"":222,""2"":152,""3"":243,""4"":273,""5"":275,""6"":211,""7"":117,""8"":139,""9"":259,""10"":218}","{""1"":2,""2"":2,""3"":2,""4"":2}","{""1"":118,""2"":109,""3"":118,""4"":129,""5"":115,""6"":118,""7"":111,""8"":113,""9"":120,""10"":121}",211
103042301,103042,3,1,"{""1"":39,""2"":25,""3"":35,""4"":43,""5"":50,""6"":37,""7"":25,""8"":13,""9"":43,""10"":37}","{""1"":1,""2"":1,""3"":1,""4"":1}","{""1"":95,""2"":78,""3"":90,""4"":94,""5"":106,""6"":93,""7"":87,""8"":66,""9"":99,""10"":92}",35
103042302,103042,3,2,"{""1"":78,""2"":50,""3"":70,""4"":86,""5"":100,""6"":74,""7"":49,""8"":26,""9"":85,""10"":74}","{""1"":2,""2"":1,""3"":1,""4"":1}","{""1"":95,""2"":88,""3"":90,""4"":104,""5"":106,""6"":103,""7"":87,""8"":76,""9"":99,""10"":102}",69
103042303,103042,3,3,"{""1"":117,""2"":75,""3"":106,""4"":130,""5"":150,""6"":112,""7"":74,""8"":40,""9"":128,""10"":110}","{""1"":2,""2"":2,""3"":1,""4"":1}","{""1"":105,""2"":98,""3"":90,""4"":104,""5"":116,""6"":113,""7"":87,""8"":76,""9"":99,""10"":112}",104
103042304,103042,3,4,"{""1"":156,""2"":100,""3"":141,""4"":173,""5"":200,""6"":149,""7"":99,""8"":53,""9"":171,""10"":147}","{""1"":2,""2"":2,""3"":2,""4"":1}","{""1"":105,""2"":98,""3"":100,""4"":114,""5"":116,""6"":113,""7"":97,""8"":86,""9"":109,""10"":112}",139
103042305,103042,3,5,"{""1"":196,""2"":125,""3"":176,""4"":216,""5"":250,""6"":186,""7"":123,""8"":66,""9"":214,""10"":184}","{""1"":2,""2"":2,""3"":2,""4"":2}","{""1"":105,""2"":98,""3"":100,""4"":124,""5"":126,""6"":123,""7"":97,""8"":96,""9"":119,""10"":112}",174
103042400,103042,4,0,"{""1"":235,""2"":150,""3"":211,""4"":259,""5"":300,""6"":223,""7"":148,""8"":79,""9"":256,""10"":221}","{""1"":2,""2"":2,""3"":2,""4"":2}","{""1"":115,""2"":108,""3"":110,""4"":124,""5"":126,""6"":123,""7"":107,""8"":96,""9"":119,""10"":122}",208
102001201,102001,2,1,"{""1"":25,""2"":26,""3"":20,""4"":22,""5"":15,""6"":23,""7"":27,""8"":36,""9"":22,""10"":29}","{""1"":1,""2"":1,""3"":1,""4"":1}","{""1"":85,""2"":62,""3"":69,""4"":74,""5"":72,""6"":66,""7"":65,""8"":74,""9"":85,""10"":82}",25
102001202,102001,2,2,"{""1"":50,""2"":52,""3"":40,""4"":44,""5"":30,""6"":46,""7"":55,""8"":73,""9"":45,""10"":57}","{""1"":2,""2"":1,""3"":1,""4"":1}","{""1"":85,""2"":67,""3"":69,""4"":79,""5"":72,""6"":71,""7"":65,""8"":79,""9"":85,""10"":87}",49
102001203,102001,2,3,"{""1"":76,""2"":78,""3"":60,""4"":66,""5"":46,""6"":69,""7"":82,""8"":109,""9"":67,""10"":86}","{""1"":2,""2"":2,""3"":1,""4"":1}","{""1"":90,""2"":72,""3"":69,""4"":79,""5"":77,""6"":76,""7"":65,""8"":79,""9"":85,""10"":92}",74
102001204,102001,2,4,"{""1"":101,""2"":104,""3"":81,""4"":88,""5"":61,""6"":92,""7"":109,""8"":145,""9"":90,""10"":115}","{""1"":2,""2"":2,""3"":2,""4"":1}","{""1"":90,""2"":72,""3"":74,""4"":84,""5"":77,""6"":76,""7"":70,""8"":84,""9"":90,""10"":92}",99
102001205,102001,2,5,"{""1"":126,""2"":130,""3"":101,""4"":110,""5"":76,""6"":116,""7"":137,""8"":181,""9"":112,""10"":144}","{""1"":2,""2"":2,""3"":2,""4"":2}","{""1"":90,""2"":72,""3"":74,""4"":89,""5"":82,""6"":81,""7"":70,""8"":89,""9"":95,""10"":92}",123
102001300,102001,3,0,"{""1"":151,""2"":156,""3"":121,""4"":132,""5"":91,""6"":139,""7"":164,""8"":218,""9"":134,""10"":172}","{""1"":2,""2"":2,""3"":2,""4"":2}","{""1"":95,""2"":77,""3"":79,""4"":89,""5"":82,""6"":81,""7"":75,""8"":89,""9"":95,""10"":97}",148
102002201,102002,2,1,"{""1"":27,""2"":17,""3"":32,""4"":34,""5"":29,""6"":20,""7"":12,""8"":14,""9"":32,""10"":26}","{""1"":1,""2"":1,""3"":1,""4"":1}","{""1"":79,""2"":60,""3"":85,""4"":84,""5"":66,""6"":57,""7"":62,""8"":57,""9"":82,""10"":75}",24
102002202,102002,2,2,"{""1"":54,""2"":34,""3"":64,""4"":68,""5"":58,""6"":40,""7"":24,""8"":28,""9"":65,""10"":53}","{""1"":2,""2"":1,""3"":1,""4"":1}","{""1"":79,""2"":65,""3"":85,""4"":89,""5"":66,""6"":62,""7"":62,""8"":62,""9"":82,""10"":80}",49
102002203,102002,2,3,"{""1"":82,""2"":50,""3"":97,""4"":101,""5"":86,""6"":60,""7"":36,""8"":42,""9"":97,""10"":79}","{""1"":2,""2"":2,""3"":1,""4"":1}","{""1"":84,""2"":70,""3"":85,""4"":89,""5"":71,""6"":67,""7"":62,""8"":62,""9"":82,""10"":85}",73
102002204,102002,2,4,"{""1"":109,""2"":67,""3"":129,""4"":135,""5"":115,""6"":80,""7"":48,""8"":56,""9"":129,""10"":105}","{""1"":2,""2"":2,""3"":2,""4"":1}","{""1"":84,""2"":70,""3"":90,""4"":94,""5"":71,""6"":67,""7"":67,""8"":67,""9"":87,""10"":85}",97
102002205,102002,2,5,"{""1"":136,""2"":84,""3"":161,""4"":169,""5"":144,""6"":100,""7"":60,""8"":70,""9"":162,""10"":131}","{""1"":2,""2"":2,""3"":2,""4"":2}","{""1"":84,""2"":70,""3"":90,""4"":99,""5"":76,""6"":72,""7"":67,""8"":72,""9"":92,""10"":85}",122
102002300,102002,3,0,"{""1"":163,""2"":101,""3"":193,""4"":203,""5"":173,""6"":120,""7"":72,""8"":84,""9"":194,""10"":158}","{""1"":2,""2"":2,""3"":2,""4"":2}","{""1"":89,""2"":75,""3"":95,""4"":99,""5"":76,""6"":72,""7"":72,""8"":72,""9"":92,""10"":90}",146
102003201,102003,2,1,"{""1"":22,""2"":31,""3"":18,""4"":22,""5"":17,""6"":26,""7"":26,""8"":35,""9"":22,""10"":27}","{""1"":1,""2"":1,""3"":1,""4"":1}","{""1"":76,""2"":73,""3"":62,""4"":74,""5"":81,""6"":73,""7"":62,""8"":72,""9"":83,""10"":77}",25
102003202,102003,2,2,"{""1"":45,""2"":61,""3"":36,""4"":44,""5"":35,""6"":51,""7"":52,""8"":71,""9"":44,""10"":54}","{""1"":2,""2"":1,""3"":1,""4"":1}","{""1"":76,""2"":78,""3"":62,""4"":79,""5"":81,""6"":78,""7"":62,""8"":77,""9"":83,""10"":82}",49
102003203,102003,2,3,"{""1"":67,""2"":92,""3"":54,""4"":66,""5"":52,""6"":77,""7"":78,""8"":106,""9"":66,""10"":81}","{""1"":2,""2"":2,""3"":1,""4"":1}","{""1"":81,""2"":83,""3"":62,""4"":79,""5"":86,""6"":83,""7"":62,""8"":77,""9"":83,""10"":87}",74
102003204,102003,2,4,"{""1"":89,""2"":123,""3"":72,""4"":88,""5"":69,""6"":102,""7"":104,""8"":141,""9"":87,""10"":108}","{""1"":2,""2"":2,""3"":2,""4"":1}","{""1"":81,""2"":83,""3"":67,""4"":84,""5"":86,""6"":83,""7"":67,""8"":82,""9"":88,""10"":87}",98
102003205,102003,2,5,"{""1"":112,""2"":153,""3"":90,""4"":110,""5"":86,""6"":128,""7"":130,""8"":176,""9"":109,""10"":135}","{""1"":2,""2"":2,""3"":2,""4"":2}","{""1"":81,""2"":83,""3"":67,""4"":89,""5"":91,""6"":88,""7"":67,""8"":87,""9"":93,""10"":87}",123
102003300,102003,3,0,"{""1"":134,""2"":184,""3"":108,""4"":132,""5"":104,""6"":153,""7"":156,""8"":212,""9"":131,""10"":162}","{""1"":2,""2"":2,""3"":2,""4"":2}","{""1"":86,""2"":88,""3"":72,""4"":89,""5"":91,""6"":88,""7"":72,""8"":87,""9"":93,""10"":92}",148
102004301,102004,3,1,"{""1"":30,""2"":26,""3"":23,""4"":32,""5"":26,""6"":26,""7"":25,""8"":30,""9"":34,""10"":31}","{""1"":1,""2"":1,""3"":1,""4"":1}","{""1"":86,""2"":64,""3"":68,""4"":79,""5"":76,""6"":66,""7"":72,""8"":75,""9"":95,""10"":78}",28
102004302,102004,3,2,"{""1"":61,""2"":51,""3"":46,""4"":63,""5"":53,""6"":53,""7"":50,""8"":60,""9"":68,""10"":62}","{""1"":2,""2"":1,""3"":1,""4"":1}","{""1"":86,""2"":74,""3"":68,""4"":89,""5"":76,""6"":76,""7"":72,""8"":85,""9"":95,""10"":88}",57
102004303,102004,3,3,"{""1"":91,""2"":77,""3"":70,""4"":95,""5"":79,""6"":79,""7"":74,""8"":90,""9"":102,""10"":94}","{""1"":2,""2"":2,""3"":1,""4"":1}","{""1"":96,""2"":84,""3"":68,""4"":89,""5"":86,""6"":86,""7"":72,""8"":85,""9"":95,""10"":98}",85
102004304,102004,3,4,"{""1"":122,""2"":102,""3"":93,""4"":126,""5"":106,""6"":106,""7"":99,""8"":120,""9"":136,""10"":125}","{""1"":2,""2"":2,""3"":2,""4"":1}","{""1"":96,""2"":84,""3"":78,""4"":99,""5"":86,""6"":86,""7"":82,""8"":95,""9"":105,""10"":98}",114
102004305,102004,3,5,"{""1"":152,""2"":128,""3"":116,""4"":158,""5"":132,""6"":132,""7"":124,""8"":150,""9"":170,""10"":156}","{""1"":2,""2"":2,""3"":2,""4"":2}","{""1"":96,""2"":84,""3"":78,""4"":109,""5"":96,""6"":96,""7"":82,""8"":105,""9"":115,""10"":98}",142
102004400,102004,4,0,"{""1"":182,""2"":154,""3"":139,""4"":190,""5"":158,""6"":158,""7"":149,""8"":180,""9"":204,""10"":187}","{""1"":2,""2"":2,""3"":2,""4"":2}","{""1"":106,""2"":94,""3"":88,""4"":109,""5"":96,""6"":96,""7"":92,""8"":105,""9"":115,""10"":108}",170
102005301,102005,3,1,"{""1"":35,""2"":22,""3"":30,""4"":37,""5"":37,""6"":29,""7"":21,""8"":12,""9"":39,""10"":31}","{""1"":1,""2"":1,""3"":1,""4"":1}","{""1"":86,""2"":68,""3"":78,""4"":81,""5"":82,""6"":72,""7"":75,""8"":62,""9"":91,""10"":78}",29
102005302,102005,3,2,"{""1"":70,""2"":44,""3"":60,""4"":75,""5"":75,""6"":58,""7"":42,""8"":25,""9"":78,""10"":62}","{""1"":2,""2"":1,""3"":1,""4"":1}","{""1"":86,""2"":78,""3"":78,""4"":91,""5"":82,""6"":82,""7"":75,""8"":72,""9"":91,""10"":88}",59
102005303,102005,3,3,"{""1"":105,""2"":65,""3"":90,""4"":112,""5"":112,""6"":86,""7"":62,""8"":37,""9"":117,""10"":94}","{""1"":2,""2"":2,""3"":1,""4"":1}","{""1"":96,""2"":88,""3"":78,""4"":91,""5"":92,""6"":92,""7"":75,""8"":72,""9"":91,""10"":98}",88
102005304,102005,3,4,"{""1"":140,""2"":87,""3"":120,""4"":149,""5"":150,""6"":115,""7"":83,""8"":50,""9"":156,""10"":125}","{""1"":2,""2"":2,""3"":2,""4"":1}","{""1"":96,""2"":88,""3"":88,""4"":101,""5"":92,""6"":92,""7"":85,""8"":82,""9"":101,""10"":98}",118
102005305,102005,3,5,"{""1"":175,""2"":109,""3"":150,""4"":186,""5"":187,""6"":144,""7"":104,""8"":62,""9"":194,""10"":156}","{""1"":2,""2"":2,""3"":2,""4"":2}","{""1"":96,""2"":88,""3"":88,""4"":111,""5"":102,""6"":102,""7"":85,""8"":92,""9"":111,""10"":98}",147
102005400,102005,4,0,"{""1"":210,""2"":131,""3"":180,""4"":224,""5"":225,""6"":173,""7"":125,""8"":74,""9"":233,""10"":187}","{""1"":2,""2"":2,""3"":2,""4"":2}","{""1"":106,""2"":98,""3"":98,""4"":111,""5"":102,""6"":102,""7"":95,""8"":92,""9"":111,""10"":108}",176
102006201,102006,2,1,"{""1"":29,""2"":17,""3"":27,""4"":33,""5"":34,""6"":24,""7"":16,""8"":11,""9"":34,""10"":27}","{""1"":1,""2"":1,""3"":1,""4"":1}","{""1"":78,""2"":59,""3"":76,""4"":81,""5"":79,""6"":69,""7"":62,""8"":61,""9"":85,""10"":77}",25
102006202,102006,2,2,"{""1"":59,""2"":33,""3"":55,""4"":65,""5"":67,""6"":48,""7"":32,""8"":21,""9"":67,""10"":54}","{""1"":2,""2"":1,""3"":1,""4"":1}","{""1"":78,""2"":64,""3"":76,""4"":86,""5"":79,""6"":74,""7"":62,""8"":66,""9"":85,""10"":82}",50
102006203,102006,2,3,"{""1"":88,""2"":50,""3"":82,""4"":98,""5"":101,""6"":72,""7"":48,""8"":32,""9"":101,""10"":81}","{""1"":2,""2"":2,""3"":1,""4"":1}","{""1"":83,""2"":69,""3"":76,""4"":86,""5"":84,""6"":79,""7"":62,""8"":66,""9"":85,""10"":87}",75
102006204,102006,2,4,"{""1"":118,""2"":66,""3"":109,""4"":130,""5"":135,""6"":97,""7"":64,""8"":43,""9"":134,""10"":108}","{""1"":2,""2"":2,""3"":2,""4"":1}","{""1"":83,""2"":69,""3"":81,""4"":91,""5"":84,""6"":79,""7"":67,""8"":71,""9"":90,""10"":87}",100
102006205,102006,2,5,"{""1"":147,""2"":83,""3"":137,""4"":163,""5"":168,""6"":121,""7"":80,""8"":53,""9"":168,""10"":135}","{""1"":2,""2"":2,""3"":2,""4"":2}","{""1"":83,""2"":69,""3"":81,""4"":96,""5"":89,""6"":84,""7"":67,""8"":76,""9"":95,""10"":87}",126
102006300,102006,3,0,"{""1"":176,""2"":99,""3"":164,""4"":196,""5"":202,""6"":145,""7"":96,""8"":64,""9"":202,""10"":162}","{""1"":2,""2"":2,""3"":2,""4"":2}","{""1"":88,""2"":74,""3"":86,""4"":96,""5"":89,""6"":84,""7"":72,""8"":76,""9"":95,""10"":92}",151
102007201,102007,2,1,"{""1"":23,""2"":31,""3"":18,""4"":22,""5"":15,""6"":23,""7"":27,""8"":37,""9"":24,""10"":27}","{""1"":1,""2"":1,""3"":1,""4"":1}","{""1"":77,""2"":73,""3"":62,""4"":75,""5"":73,""6"":66,""7"":64,""8"":76,""9"":89,""10"":77}",25
102007202,102007,2,2,"{""1"":45,""2"":61,""3"":36,""4"":45,""5"":31,""6"":46,""7"":54,""8"":74,""9"":47,""10"":54}","{""1"":2,""2"":1,""3"":1,""4"":1}","{""1"":77,""2"":78,""3"":62,""4"":80,""5"":73,""6"":71,""7"":64,""8"":81,""9"":89,""10"":82}",49
102007203,102007,2,3,"{""1"":68,""2"":92,""3"":54,""4"":67,""5"":46,""6"":69,""7"":81,""8"":112,""9"":71,""10"":81}","{""1"":2,""2"":2,""3"":1,""4"":1}","{""1"":82,""2"":83,""3"":62,""4"":80,""5"":78,""6"":76,""7"":64,""8"":81,""9"":89,""10"":87}",74
102007204,102007,2,4,"{""1"":91,""2"":123,""3"":72,""4"":89,""5"":62,""6"":92,""7"":107,""8"":149,""9"":94,""10"":108}","{""1"":2,""2"":2,""3"":2,""4"":1}","{""1"":82,""2"":83,""3"":67,""4"":85,""5"":78,""6"":76,""7"":69,""8"":86,""9"":94,""10"":87}",99
102007205,102007,2,5,"{""1"":113,""2"":153,""3"":90,""4"":112,""5"":77,""6"":116,""7"":134,""8"":186,""9"":118,""10"":135}","{""1"":2,""2"":2,""3"":2,""4"":2}","{""1"":82,""2"":83,""3"":67,""4"":90,""5"":83,""6"":81,""7"":69,""8"":91,""9"":99,""10"":87}",123
102007300,102007,3,0,"{""1"":136,""2"":184,""3"":108,""4"":134,""5"":93,""6"":139,""7"":161,""8"":223,""9"":141,""10"":162}","{""1"":2,""2"":2,""3"":2,""4"":2}","{""1"":87,""2"":88,""3"":72,""4"":90,""5"":83,""6"":81,""7"":74,""8"":91,""9"":99,""10"":92}",148
102008201,102008,2,1,"{""1"":31,""2"":20,""3"":22,""4"":33,""5"":33,""6"":24,""7"":16,""8"":12,""9"":34,""10"":27}","{""1"":1,""2"":1,""3"":1,""4"":1}","{""1"":81,""2"":70,""3"":62,""4"":81,""5"":77,""6"":69,""7"":62,""8"":67,""9"":85,""10"":78}",25
102008202,102008,2,2,"{""1"":61,""2"":39,""3"":44,""4"":65,""5"":66,""6"":48,""7"":32,""8"":23,""9"":67,""10"":55}","{""1"":2,""2"":1,""3"":1,""4"":1}","{""1"":81,""2"":75,""3"":62,""4"":86,""5"":77,""6"":74,""7"":62,""8"":72,""9"":85,""10"":83}",50
102008203,102008,2,3,"{""1"":92,""2"":59,""3"":66,""4"":98,""5"":98,""6"":72,""7"":48,""8"":35,""9"":101,""10"":82}","{""1"":2,""2"":2,""3"":1,""4"":1}","{""1"":86,""2"":80,""3"":62,""4"":86,""5"":82,""6"":79,""7"":62,""8"":72,""9"":85,""10"":88}",75
102008204,102008,2,4,"{""1"":122,""2"":78,""3"":88,""4"":130,""5"":131,""6"":97,""7"":64,""8"":47,""9"":134,""10"":109}","{""1"":2,""2"":2,""3"":2,""4"":1}","{""1"":86,""2"":80,""3"":67,""4"":91,""5"":82,""6"":79,""7"":67,""8"":77,""9"":90,""10"":88}",100
102008205,102008,2,5,"{""1"":153,""2"":98,""3"":110,""4"":163,""5"":164,""6"":121,""7"":80,""8"":59,""9"":168,""10"":137}","{""1"":2,""2"":2,""3"":2,""4"":2}","{""1"":86,""2"":80,""3"":67,""4"":96,""5"":87,""6"":84,""7"":67,""8"":82,""9"":95,""10"":88}",125
102008300,102008,3,0,"{""1"":184,""2"":118,""3"":132,""4"":196,""5"":197,""6"":145,""7"":96,""8"":70,""9"":202,""10"":164}","{""1"":2,""2"":2,""3"":2,""4"":2}","{""1"":91,""2"":85,""3"":72,""4"":96,""5"":87,""6"":84,""7"":72,""8"":82,""9"":95,""10"":93}",150
102009201,102009,2,1,"{""1"":21,""2"":32,""3"":18,""4"":22,""5"":14,""6"":24,""7"":31,""8"":39,""9"":23,""10"":29}","{""1"":1,""2"":1,""3"":1,""4"":1}","{""1"":71,""2"":75,""3"":62,""4"":74,""5"":68,""6"":68,""7"":74,""8"":80,""9"":86,""10"":84}",25
102009202,102009,2,2,"{""1"":42,""2"":63,""3"":36,""4"":44,""5"":29,""6"":48,""7"":63,""8"":78,""9"":45,""10"":59}","{""1"":2,""2"":1,""3"":1,""4"":1}","{""1"":71,""2"":80,""3"":62,""4"":79,""5"":68,""6"":73,""7"":74,""8"":85,""9"":86,""10"":89}",51
102009203,102009,2,3,"{""1"":62,""2"":95,""3"":54,""4"":66,""5"":43,""6"":71,""7"":94,""8"":118,""9"":68,""10"":88}","{""1"":2,""2"":2,""3"":1,""4"":1}","{""1"":76,""2"":85,""3"":62,""4"":79,""5"":73,""6"":78,""7"":74,""8"":85,""9"":86,""10"":94}",76
102009204,102009,2,4,"{""1"":83,""2"":126,""3"":72,""4"":88,""5"":57,""6"":95,""7"":126,""8"":157,""9"":91,""10"":118}","{""1"":2,""2"":2,""3"":2,""4"":1}","{""1"":76,""2"":85,""3"":67,""4"":84,""5"":73,""6"":78,""7"":79,""8"":90,""9"":91,""10"":94}",101
102009205,102009,2,5,"{""1"":104,""2"":158,""3"":90,""4"":110,""5"":72,""6"":119,""7"":157,""8"":196,""9"":113,""10"":147}","{""1"":2,""2"":2,""3"":2,""4"":2}","{""1"":76,""2"":85,""3"":67,""4"":89,""5"":78,""6"":83,""7"":79,""8"":95,""9"":96,""10"":94}",127
102009300,102009,3,0,"{""1"":125,""2"":189,""3"":108,""4"":132,""5"":86,""6"":143,""7"":188,""8"":235,""9"":136,""10"":176}","{""1"":2,""2"":2,""3"":2,""4"":2}","{""1"":81,""2"":90,""3"":72,""4"":89,""5"":78,""6"":83,""7"":84,""8"":95,""9"":96,""10"":99}",152
102010201,102010,2,1,"{""1"":27,""2"":17,""3"":31,""4"":33,""5"":32,""6"":23,""7"":12,""8"":14,""9"":34,""10"":27}","{""1"":1,""2"":1,""3"":1,""4"":1}","{""1"":79,""2"":61,""3"":81,""4"":83,""5"":72,""6"":65,""7"":62,""8"":57,""9"":87,""10"":76}",25
102010202,102010,2,2,"{""1"":54,""2"":34,""3"":61,""4"":67,""5"":63,""6"":46,""7"":24,""8"":28,""9"":69,""10"":53}","{""1"":2,""2"":1,""3"":1,""4"":1}","{""1"":79,""2"":66,""3"":81,""4"":88,""5"":72,""6"":70,""7"":62,""8"":62,""9"":87,""10"":81}",50
102010203,102010,2,3,"{""1"":82,""2"":51,""3"":92,""4"":100,""5"":95,""6"":68,""7"":36,""8"":42,""9"":103,""10"":80}","{""1"":2,""2"":2,""3"":1,""4"":1}","{""1"":84,""2"":71,""3"":81,""4"":88,""5"":77,""6"":75,""7"":62,""8"":62,""9"":87,""10"":86}",75
102010204,102010,2,4,"{""1"":109,""2"":68,""3"":122,""4"":134,""5"":127,""6"":91,""7"":48,""8"":56,""9"":138,""10"":106}","{""1"":2,""2"":2,""3"":2,""4"":1}","{""1"":84,""2"":71,""3"":86,""4"":93,""5"":77,""6"":75,""7"":67,""8"":67,""9"":92,""10"":86}",100
102010205,102010,2,5,"{""1"":136,""2"":85,""3"":153,""4"":167,""5"":158,""6"":114,""7"":60,""8"":70,""9"":172,""10"":133}","{""1"":2,""2"":2,""3"":2,""4"":2}","{""1"":84,""2"":71,""3"":86,""4"":98,""5"":82,""6"":80,""7"":67,""8"":72,""9"":97,""10"":86}",125
102010300,102010,3,0,"{""1"":163,""2"":102,""3"":184,""4"":200,""5"":190,""6"":137,""7"":72,""8"":84,""9"":207,""10"":160}","{""1"":2,""2"":2,""3"":2,""4"":2}","{""1"":89,""2"":76,""3"":91,""4"":98,""5"":82,""6"":80,""7"":72,""8"":72,""9"":97,""10"":91}",150
102011201,102011,2,1,"{""1"":27,""2"":23,""3"":21,""4"":27,""5"":21,""6"":21,""7"":21,""8"":25,""9"":28,""10"":26}","{""1"":1,""2"":1,""3"":1,""4"":1}","{""1"":81,""2"":65,""3"":66,""4"":76,""5"":64,""6"":60,""7"":64,""8"":70,""9"":85,""10"":75}",24
102011202,102011,2,2,"{""1"":53,""2"":46,""3"":43,""4"":53,""5"":41,""6"":42,""7"":41,""8"":49,""9"":56,""10"":53}","{""1"":2,""2"":1,""3"":1,""4"":1}","{""1"":81,""2"":70,""3"":66,""4"":81,""5"":64,""6"":65,""7"":64,""8"":75,""9"":85,""10"":80}",48
102011203,102011,2,3,"{""1"":80,""2"":68,""3"":64,""4"":80,""5"":62,""6"":63,""7"":62,""8"":74,""9"":84,""10"":79}","{""1"":2,""2"":2,""3"":1,""4"":1}","{""1"":86,""2"":75,""3"":66,""4"":81,""5"":69,""6"":70,""7"":64,""8"":75,""9"":85,""10"":85}",72
102011204,102011,2,4,"{""1"":106,""2"":91,""3"":85,""4"":106,""5"":83,""6"":84,""7"":83,""8"":98,""9"":112,""10"":105}","{""1"":2,""2"":2,""3"":2,""4"":1}","{""1"":86,""2"":75,""3"":71,""4"":86,""5"":69,""6"":70,""7"":69,""8"":80,""9"":90,""10"":85}",95
102011205,102011,2,5,"{""1"":133,""2"":114,""3"":107,""4"":133,""5"":103,""6"":105,""7"":103,""8"":123,""9"":140,""10"":131}","{""1"":2,""2"":2,""3"":2,""4"":2}","{""1"":86,""2"":75,""3"":71,""4"":91,""5"":74,""6"":75,""7"":69,""8"":85,""9"":95,""10"":85}",119
102011300,102011,3,0,"{""1"":160,""2"":137,""3"":128,""4"":160,""5"":124,""6"":126,""7"":124,""8"":147,""9"":168,""10"":158}","{""1"":2,""2"":2,""3"":2,""4"":2}","{""1"":91,""2"":80,""3"":76,""4"":91,""5"":74,""6"":75,""7"":74,""8"":85,""9"":95,""10"":90}",143
102012201,102012,2,1,"{""1"":24,""2"":31,""3"":19,""4"":22,""5"":14,""6"":21,""7"":27,""8"":31,""9"":23,""10"":28}","{""1"":1,""2"":1,""3"":1,""4"":1}","{""1"":80,""2"":74,""3"":65,""4"":74,""5"":65,""6"":60,""7"":64,""8"":63,""9"":87,""10"":81}",24
102012202,102012,2,2,"{""1"":47,""2"":62,""3"":38,""4"":44,""5"":27,""6"":42,""7"":54,""8"":62,""9"":46,""10"":57}","{""1"":2,""2"":1,""3"":1,""4"":1}","{""1"":80,""2"":79,""3"":65,""4"":79,""5"":65,""6"":65,""7"":64,""8"":68,""9"":87,""10"":86}",48
102012203,102012,2,3,"{""1"":71,""2"":93,""3"":57,""4"":66,""5"":41,""6"":63,""7"":81,""8"":93,""9"":69,""10"":85}","{""1"":2,""2"":2,""3"":1,""4"":1}","{""1"":85,""2"":84,""3"":65,""4"":79,""5"":70,""6"":70,""7"":64,""8"":68,""9"":87,""10"":91}",72
102012204,102012,2,4,"{""1"":95,""2"":124,""3"":76,""4"":88,""5"":55,""6"":84,""7"":107,""8"":123,""9"":92,""10"":113}","{""1"":2,""2"":2,""3"":2,""4"":1}","{""1"":85,""2"":84,""3"":70,""4"":84,""5"":70,""6"":70,""7"":69,""8"":73,""9"":92,""10"":91}",96
102012205,102012,2,5,"{""1"":118,""2"":155,""3"":95,""4"":110,""5"":68,""6"":105,""7"":134,""8"":154,""9"":115,""10"":142}","{""1"":2,""2"":2,""3"":2,""4"":2}","{""1"":85,""2"":84,""3"":70,""4"":89,""5"":75,""6"":75,""7"":69,""8"":78,""9"":97,""10"":91}",120
102012300,102012,3,0,"{""1"":142,""2"":186,""3"":113,""4"":132,""5"":82,""6"":126,""7"":161,""8"":185,""9"":138,""10"":170}","{""1"":2,""2"":2,""3"":2,""4"":2}","{""1"":90,""2"":89,""3"":75,""4"":89,""5"":75,""6"":75,""7"":74,""8"":78,""9"":97,""10"":96}",144
102013201,102013,2,1,"{""1"":21,""2"":32,""3"":18,""4"":22,""5"":13,""6"":21,""7"":30,""8"":37,""9"":22,""10"":27}","{""1"":1,""2"":1,""3"":1,""4"":1}","{""1"":71,""2"":76,""3"":63,""4"":75,""5"":62,""6"":61,""7"":72,""8"":76,""9"":85,""10"":76}",24
102013202,102013,2,2,"{""1"":42,""2"":64,""3"":37,""4"":45,""5"":26,""6"":43,""7"":61,""8"":74,""9"":45,""10"":53}","{""1"":2,""2"":1,""3"":1,""4"":1}","{""1"":71,""2"":81,""3"":63,""4"":80,""5"":62,""6"":66,""7"":72,""8"":81,""9"":85,""10"":81}",49
102013203,102013,2,3,"{""1"":62,""2"":96,""3"":55,""4"":67,""5"":39,""6"":64,""7"":91,""8"":112,""9"":67,""10"":80}","{""1"":2,""2"":2,""3"":1,""4"":1}","{""1"":76,""2"":86,""3"":63,""4"":80,""5"":67,""6"":71,""7"":72,""8"":81,""9"":85,""10"":86}",73
102013204,102013,2,4,"{""1"":83,""2"":128,""3"":73,""4"":89,""5"":52,""6"":85,""7"":122,""8"":149,""9"":90,""10"":106}","{""1"":2,""2"":2,""3"":2,""4"":1}","{""1"":76,""2"":86,""3"":68,""4"":85,""5"":67,""6"":71,""7"":77,""8"":86,""9"":90,""10"":86}",98
102013205,102013,2,5,"{""1"":104,""2"":160,""3"":91,""4"":112,""5"":65,""6"":107,""7"":152,""8"":186,""9"":112,""10"":133}","{""1"":2,""2"":2,""3"":2,""4"":2}","{""1"":76,""2"":86,""3"":68,""4"":90,""5"":72,""6"":76,""7"":77,""8"":91,""9"":95,""10"":86}",122
102013300,102013,3,0,"{""1"":125,""2"":192,""3"":110,""4"":134,""5"":78,""6"":128,""7"":183,""8"":223,""9"":134,""10"":160}","{""1"":2,""2"":2,""3"":2,""4"":2}","{""1"":81,""2"":91,""3"":73,""4"":90,""5"":72,""6"":76,""7"":82,""8"":91,""9"":95,""10"":91}",147
102014201,102014,2,1,"{""1"":26,""2"":16,""3"":29,""4"":36,""5"":33,""6"":23,""7"":12,""8"":14,""9"":33,""10"":27}","{""1"":1,""2"":1,""3"":1,""4"":1}","{""1"":75,""2"":58,""3"":76,""4"":90,""5"":75,""6"":66,""7"":62,""8"":59,""9"":84,""10"":78}",25
102014202,102014,2,2,"{""1"":51,""2"":32,""3"":57,""4"":72,""5"":66,""6"":46,""7"":24,""8"":29,""9"":66,""10"":55}","{""1"":2,""2"":1,""3"":1,""4"":1}","{""1"":75,""2"":63,""3"":76,""4"":95,""5"":75,""6"":71,""7"":62,""8"":64,""9"":84,""10"":83}",50
102014203,102014,2,3,"{""1"":77,""2"":49,""3"":86,""4"":109,""5"":99,""6"":69,""7"":36,""8"":43,""9"":100,""10"":82}","{""1"":2,""2"":2,""3"":1,""4"":1}","{""1"":80,""2"":68,""3"":76,""4"":95,""5"":80,""6"":76,""7"":62,""8"":64,""9"":84,""10"":88}",75
102014204,102014,2,4,"{""1"":103,""2"":65,""3"":114,""4"":145,""5"":132,""6"":92,""7"":48,""8"":58,""9"":133,""10"":109}","{""1"":2,""2"":2,""3"":2,""4"":1}","{""1"":80,""2"":68,""3"":81,""4"":100,""5"":80,""6"":76,""7"":67,""8"":69,""9"":89,""10"":88}",100
102014205,102014,2,5,"{""1"":129,""2"":81,""3"":143,""4"":181,""5"":165,""6"":116,""7"":60,""8"":72,""9"":166,""10"":137}","{""1"":2,""2"":2,""3"":2,""4"":2}","{""1"":80,""2"":68,""3"":81,""4"":105,""5"":85,""6"":81,""7"":67,""8"":74,""9"":94,""10"":88}",125
102014300,102014,3,0,"{""1"":154,""2"":97,""3"":171,""4"":217,""5"":198,""6"":139,""7"":72,""8"":87,""9"":199,""10"":164}","{""1"":2,""2"":2,""3"":2,""4"":2}","{""1"":85,""2"":73,""3"":86,""4"":105,""5"":85,""6"":81,""7"":72,""8"":74,""9"":94,""10"":93}",150
102015201,102015,2,1,"{""1"":25,""2"":23,""3"":22,""4"":27,""5"":25,""6"":24,""7"":21,""8"":26,""9"":27,""10"":27}","{""1"":1,""2"":1,""3"":1,""4"":1}","{""1"":76,""2"":67,""3"":67,""4"":77,""5"":75,""6"":68,""7"":65,""8"":75,""9"":83,""10"":78}",25
102015202,102015,2,2,"{""1"":50,""2"":47,""3"":43,""4"":54,""5"":49,""6"":48,""7"":42,""8"":53,""9"":55,""10"":55}","{""1"":2,""2"":1,""3"":1,""4"":1}","{""1"":76,""2"":72,""3"":67,""4"":82,""5"":75,""6"":73,""7"":65,""8"":80,""9"":83,""10"":83}",50
102015203,102015,2,3,"{""1"":75,""2"":70,""3"":65,""4"":81,""5"":74,""6"":71,""7"":63,""8"":79,""9"":82,""10"":82}","{""1"":2,""2"":2,""3"":1,""4"":1}","{""1"":81,""2"":77,""3"":67,""4"":82,""5"":80,""6"":78,""7"":65,""8"":80,""9"":83,""10"":88}",74
102015204,102015,2,4,"{""1"":99,""2"":94,""3"":87,""4"":108,""5"":98,""6"":95,""7"":84,""8"":105,""9"":109,""10"":109}","{""1"":2,""2"":2,""3"":2,""4"":1}","{""1"":81,""2"":77,""3"":72,""4"":87,""5"":80,""6"":78,""7"":70,""8"":85,""9"":88,""10"":88}",99
102015205,102015,2,5,"{""1"":124,""2"":117,""3"":109,""4"":135,""5"":123,""6"":119,""7"":105,""8"":131,""9"":137,""10"":137}","{""1"":2,""2"":2,""3"":2,""4"":2}","{""1"":81,""2"":77,""3"":72,""4"":92,""5"":85,""6"":83,""7"":70,""8"":90,""9"":93,""10"":88}",124
102015300,102015,3,0,"{""1"":149,""2"":141,""3"":130,""4"":162,""5"":147,""6"":143,""7"":126,""8"":158,""9"":164,""10"":164}","{""1"":2,""2"":2,""3"":2,""4"":2}","{""1"":86,""2"":82,""3"":77,""4"":92,""5"":85,""6"":83,""7"":75,""8"":90,""9"":93,""10"":93}",148
102016201,102016,2,1,"{""1"":24,""2"":31,""3"":18,""4"":22,""5"":15,""6"":22,""7"":27,""8"":31,""9"":23,""10"":28}","{""1"":1,""2"":1,""3"":1,""4"":1}","{""1"":81,""2"":74,""3"":65,""4"":74,""5"":65,""6"":64,""7"":64,""8"":63,""9"":87,""10"":81}",24
102016202,102016,2,2,"{""1"":48,""2"":62,""3"":36,""4"":44,""5"":29,""6"":45,""7"":54,""8"":62,""9"":46,""10"":57}","{""1"":2,""2"":1,""3"":1,""4"":1}","{""1"":81,""2"":79,""3"":65,""4"":79,""5"":65,""6"":69,""7"":64,""8"":68,""9"":87,""10"":86}",48
102016203,102016,2,3,"{""1"":72,""2"":93,""3"":54,""4"":66,""5"":44,""6"":67,""7"":81,""8"":93,""9"":69,""10"":85}","{""1"":2,""2"":2,""3"":1,""4"":1}","{""1"":86,""2"":84,""3"":65,""4"":79,""5"":70,""6"":74,""7"":64,""8"":68,""9"":87,""10"":91}",72
102016204,102016,2,4,"{""1"":96,""2"":124,""3"":71,""4"":88,""5"":59,""6"":90,""7"":107,""8"":123,""9"":92,""10"":113}","{""1"":2,""2"":2,""3"":2,""4"":1}","{""1"":86,""2"":84,""3"":70,""4"":84,""5"":70,""6"":74,""7"":69,""8"":73,""9"":92,""10"":91}",96
102016205,102016,2,5,"{""1"":120,""2"":155,""3"":89,""4"":110,""5"":74,""6"":112,""7"":134,""8"":154,""9"":115,""10"":142}","{""1"":2,""2"":2,""3"":2,""4"":2}","{""1"":86,""2"":84,""3"":70,""4"":89,""5"":75,""6"":79,""7"":69,""8"":78,""9"":97,""10"":91}",121
102016300,102016,3,0,"{""1"":144,""2"":186,""3"":107,""4"":132,""5"":88,""6"":134,""7"":161,""8"":185,""9"":138,""10"":170}","{""1"":2,""2"":2,""3"":2,""4"":2}","{""1"":91,""2"":89,""3"":75,""4"":89,""5"":75,""6"":79,""7"":74,""8"":78,""9"":97,""10"":96}",145
102017201,102017,2,1,"{""1"":22,""2"":32,""3"":17,""4"":22,""5"":16,""6"":21,""7"":30,""8"":37,""9"":22,""10"":27}","{""1"":1,""2"":1,""3"":1,""4"":1}","{""1"":76,""2"":76,""3"":63,""4"":75,""5"":69,""6"":61,""7"":72,""8"":76,""9"":85,""10"":76}",25
102017202,102017,2,2,"{""1"":45,""2"":64,""3"":35,""4"":45,""5"":31,""6"":43,""7"":61,""8"":74,""9"":45,""10"":53}","{""1"":2,""2"":1,""3"":1,""4"":1}","{""1"":76,""2"":81,""3"":63,""4"":80,""5"":69,""6"":66,""7"":72,""8"":81,""9"":85,""10"":81}",50
102017203,102017,2,3,"{""1"":67,""2"":96,""3"":52,""4"":67,""5"":47,""6"":64,""7"":91,""8"":112,""9"":67,""10"":80}","{""1"":2,""2"":2,""3"":1,""4"":1}","{""1"":81,""2"":86,""3"":63,""4"":80,""5"":74,""6"":71,""7"":72,""8"":81,""9"":85,""10"":86}",74
102017204,102017,2,4,"{""1"":89,""2"":128,""3"":69,""4"":89,""5"":63,""6"":85,""7"":122,""8"":149,""9"":90,""10"":106}","{""1"":2,""2"":2,""3"":2,""4"":1}","{""1"":81,""2"":86,""3"":68,""4"":85,""5"":74,""6"":71,""7"":77,""8"":86,""9"":90,""10"":86}",99
102017205,102017,2,5,"{""1"":112,""2"":160,""3"":86,""4"":112,""5"":78,""6"":107,""7"":152,""8"":186,""9"":112,""10"":133}","{""1"":2,""2"":2,""3"":2,""4"":2}","{""1"":81,""2"":86,""3"":68,""4"":90,""5"":79,""6"":76,""7"":77,""8"":91,""9"":95,""10"":86}",124
102017300,102017,3,0,"{""1"":134,""2"":192,""3"":104,""4"":134,""5"":94,""6"":128,""7"":183,""8"":223,""9"":134,""10"":160}","{""1"":2,""2"":2,""3"":2,""4"":2}","{""1"":86,""2"":91,""3"":73,""4"":90,""5"":79,""6"":76,""7"":82,""8"":91,""9"":95,""10"":91}",149
101001101,101001,1,1,"{""1"":18,""2"":25,""3"":16,""4"":18,""5"":12,""6"":20,""7"":26,""8"":33,""9"":18,""10"":24}","{""1"":1,""2"":1,""3"":1,""4"":1}","{""1"":62,""2"":60,""3"":55,""4"":62,""5"":58,""6"":56,""7"":62,""8"":67,""9"":69,""10"":68}",21
101001102,101001,1,2,"{""1"":36,""2"":50,""3"":32,""4"":37,""5"":24,""6"":39,""7"":52,""8"":66,""9"":36,""10"":48}","{""1"":2,""2"":1,""3"":1,""4"":1}","{""1"":62,""2"":65,""3"":55,""4"":67,""5"":58,""6"":61,""7"":62,""8"":72,""9"":69,""10"":73}",42
101001103,101001,1,3,"{""1"":54,""2"":76,""3"":47,""4"":55,""5"":36,""6"":59,""7"":78,""8"":98,""9"":54,""10"":71}","{""1"":2,""2"":2,""3"":1,""4"":1}","{""1"":67,""2"":70,""3"":55,""4"":67,""5"":63,""6"":66,""7"":62,""8"":72,""9"":69,""10"":78}",63
101001104,101001,1,4,"{""1"":72,""2"":101,""3"":63,""4"":74,""5"":48,""6"":78,""7"":104,""8"":131,""9"":72,""10"":95}","{""1"":2,""2"":2,""3"":2,""4"":1}","{""1"":67,""2"":70,""3"":60,""4"":72,""5"":63,""6"":66,""7"":67,""8"":77,""9"":74,""10"":78}",84
101001105,101001,1,5,"{""1"":90,""2"":126,""3"":79,""4"":92,""5"":60,""6"":98,""7"":130,""8"":164,""9"":90,""10"":119}","{""1"":2,""2"":2,""3"":2,""4"":2}","{""1"":67,""2"":70,""3"":60,""4"":77,""5"":68,""6"":71,""7"":67,""8"":82,""9"":79,""10"":78}",105
101001200,101001,2,0,"{""1"":108,""2"":151,""3"":95,""4"":111,""5"":72,""6"":118,""7"":156,""8"":197,""9"":108,""10"":143}","{""1"":2,""2"":2,""3"":2,""4"":2}","{""1"":72,""2"":75,""3"":65,""4"":77,""5"":68,""6"":71,""7"":72,""8"":82,""9"":79,""10"":83}",126
101002101,101002,1,1,"{""1"":20,""2"":20,""3"":18,""4"":23,""5"":20,""6"":22,""7"":22,""8"":20,""9"":25,""10"":22}","{""1"":1,""2"":1,""3"":1,""4"":1}","{""1"":62,""2"":56,""3"":56,""4"":66,""5"":61,""6"":63,""7"":69,""8"":57,""9"":75,""10"":63}",21
101002102,101002,1,2,"{""1"":40,""2"":39,""3"":36,""4"":46,""5"":39,""6"":44,""7"":45,""8"":40,""9"":49,""10"":44}","{""1"":2,""2"":1,""3"":1,""4"":1}","{""1"":62,""2"":61,""3"":56,""4"":71,""5"":61,""6"":68,""7"":69,""8"":62,""9"":75,""10"":68}",42
101002103,101002,1,3,"{""1"":60,""2"":59,""3"":54,""4"":69,""5"":59,""6"":66,""7"":67,""8"":60,""9"":74,""10"":66}","{""1"":2,""2"":2,""3"":1,""4"":1}","{""1"":67,""2"":66,""3"":56,""4"":71,""5"":66,""6"":73,""7"":69,""8"":62,""9"":75,""10"":73}",63
101002104,101002,1,4,"{""1"":80,""2"":78,""3"":71,""4"":92,""5"":78,""6"":88,""7"":90,""8"":80,""9"":98,""10"":88}","{""1"":2,""2"":2,""3"":2,""4"":1}","{""1"":67,""2"":66,""3"":61,""4"":76,""5"":66,""6"":73,""7"":74,""8"":67,""9"":80,""10"":73}",84
101002105,101002,1,5,"{""1"":100,""2"":98,""3"":89,""4"":116,""5"":98,""6"":110,""7"":112,""8"":100,""9"":123,""10"":110}","{""1"":2,""2"":2,""3"":2,""4"":2}","{""1"":67,""2"":66,""3"":61,""4"":81,""5"":71,""6"":78,""7"":74,""8"":72,""9"":85,""10"":73}",106
101002200,101002,2,0,"{""1"":120,""2"":118,""3"":107,""4"":139,""5"":118,""6"":132,""7"":134,""8"":120,""9"":147,""10"":132}","{""1"":2,""2"":2,""3"":2,""4"":2}","{""1"":72,""2"":71,""3"":66,""4"":81,""5"":71,""6"":78,""7"":79,""8"":72,""9"":85,""10"":78}",127
101003101,101003,1,1,"{""1"":18,""2"":22,""3"":15,""4"":19,""5"":13,""6"":20,""7"":25,""8"":30,""9"":20,""10"":24}","{""1"":1,""2"":1,""3"":1,""4"":1}","{""1"":61,""2"":52,""3"":54,""4"":64,""5"":61,""6"":58,""7"":61,""8"":62,""9"":75,""10"":68}",21
101003102,101003,1,2,"{""1"":35,""2"":44,""3"":31,""4"":38,""5"":25,""6"":41,""7"":51,""8"":61,""9"":39,""10"":48}","{""1"":2,""2"":1,""3"":1,""4"":1}","{""1"":61,""2"":57,""3"":54,""4"":69,""5"":61,""6"":63,""7"":61,""8"":67,""9"":75,""10"":73}",41
101003103,101003,1,3,"{""1"":53,""2"":66,""3"":46,""4"":57,""5"":38,""6"":61,""7"":76,""8"":91,""9"":59,""10"":71}","{""1"":2,""2"":2,""3"":1,""4"":1}","{""1"":66,""2"":62,""3"":54,""4"":69,""5"":66,""6"":68,""7"":61,""8"":67,""9"":75,""10"":78}",62
101003104,101003,1,4,"{""1"":71,""2"":87,""3"":62,""4"":76,""5"":51,""6"":81,""7"":102,""8"":122,""9"":78,""10"":95}","{""1"":2,""2"":2,""3"":2,""4"":1}","{""1"":66,""2"":62,""3"":59,""4"":74,""5"":66,""6"":68,""7"":66,""8"":72,""9"":80,""10"":78}",83
101003105,101003,1,5,"{""1"":88,""2"":109,""3"":77,""4"":95,""5"":64,""6"":102,""7"":127,""8"":152,""9"":98,""10"":119}","{""1"":2,""2"":2,""3"":2,""4"":2}","{""1"":66,""2"":62,""3"":59,""4"":79,""5"":71,""6"":73,""7"":66,""8"":77,""9"":85,""10"":78}",103
101003200,101003,2,0,"{""1"":106,""2"":131,""3"":93,""4"":114,""5"":76,""6"":122,""7"":153,""8"":182,""9"":118,""10"":143}","{""1"":2,""2"":2,""3"":2,""4"":2}","{""1"":71,""2"":67,""3"":64,""4"":79,""5"":71,""6"":73,""7"":71,""8"":77,""9"":85,""10"":83}",124
101004101,101004,1,1,"{""1"":19,""2"":14,""3"":23,""4"":30,""5"":30,""6"":21,""7"":10,""8"":14,""9"":28,""10"":22}","{""1"":1,""2"":1,""3"":1,""4"":1}","{""1"":56,""2"":50,""3"":61,""4"":74,""5"":69,""6"":60,""7"":54,""8"":59,""9"":71,""10"":64}",21
101004102,101004,1,2,"{""1"":37,""2"":28,""3"":45,""4"":60,""5"":60,""6"":42,""7"":21,""8"":29,""9"":55,""10"":45}","{""1"":2,""2"":1,""3"":1,""4"":1}","{""1"":56,""2"":55,""3"":61,""4"":79,""5"":69,""6"":65,""7"":54,""8"":64,""9"":71,""10"":69}",42
101004103,101004,1,3,"{""1"":56,""2"":42,""3"":68,""4"":89,""5"":91,""6"":63,""7"":31,""8"":43,""9"":83,""10"":67}","{""1"":2,""2"":2,""3"":1,""4"":1}","{""1"":61,""2"":60,""3"":61,""4"":79,""5"":74,""6"":70,""7"":54,""8"":64,""9"":71,""10"":74}",63
101004104,101004,1,4,"{""1"":75,""2"":56,""3"":90,""4"":119,""5"":121,""6"":84,""7"":41,""8"":58,""9"":111,""10"":90}","{""1"":2,""2"":2,""3"":2,""4"":1}","{""1"":61,""2"":60,""3"":66,""4"":84,""5"":74,""6"":70,""7"":59,""8"":69,""9"":76,""10"":74}",85
101004105,101004,1,5,"{""1"":94,""2"":70,""3"":113,""4"":149,""5"":151,""6"":105,""7"":51,""8"":72,""9"":139,""10"":112}","{""1"":2,""2"":2,""3"":2,""4"":2}","{""1"":61,""2"":60,""3"":66,""4"":89,""5"":79,""6"":75,""7"":59,""8"":74,""9"":81,""10"":74}",106
101004200,101004,2,0,"{""1"":112,""2"":84,""3"":135,""4"":179,""5"":181,""6"":126,""7"":62,""8"":87,""9"":166,""10"":134}","{""1"":2,""2"":2,""3"":2,""4"":2}","{""1"":66,""2"":65,""3"":71,""4"":89,""5"":79,""6"":75,""7"":64,""8"":74,""9"":81,""10"":79}",127
101005101,101005,1,1,"{""1"":19,""2"":21,""3"":19,""4"":23,""5"":22,""6"":21,""7"":17,""8"":22,""9"":22,""10"":24}","{""1"":1,""2"":1,""3"":1,""4"":1}","{""1"":58,""2"":60,""3"":60,""4"":65,""5"":69,""6"":61,""7"":53,""8"":64,""9"":69,""10"":68}",21
101005102,101005,1,2,"{""1"":37,""2"":42,""3"":39,""4"":46,""5"":45,""6"":43,""7"":34,""8"":45,""9"":45,""10"":48}","{""1"":2,""2"":1,""3"":1,""4"":1}","{""1"":58,""2"":65,""3"":60,""4"":70,""5"":69,""6"":66,""7"":53,""8"":69,""9"":69,""10"":73}",42
101005103,101005,1,3,"{""1"":56,""2"":63,""3"":58,""4"":68,""5"":67,""6"":64,""7"":50,""8"":67,""9"":67,""10"":71}","{""1"":2,""2"":2,""3"":1,""4"":1}","{""1"":63,""2"":70,""3"":60,""4"":70,""5"":74,""6"":71,""7"":53,""8"":69,""9"":69,""10"":78}",63
101005104,101005,1,4,"{""1"":74,""2"":84,""3"":77,""4"":91,""5"":90,""6"":85,""7"":67,""8"":90,""9"":90,""10"":95}","{""1"":2,""2"":2,""3"":2,""4"":1}","{""1"":63,""2"":70,""3"":65,""4"":75,""5"":74,""6"":71,""7"":58,""8"":74,""9"":74,""10"":78}",84
101005105,101005,1,5,"{""1"":93,""2"":105,""3"":96,""4"":114,""5"":112,""6"":107,""7"":84,""8"":112,""9"":112,""10"":119}","{""1"":2,""2"":2,""3"":2,""4"":2}","{""1"":63,""2"":70,""3"":65,""4"":80,""5"":79,""6"":76,""7"":58,""8"":79,""9"":79,""10"":78}",105
101005200,101005,2,0,"{""1"":111,""2"":126,""3"":116,""4"":137,""5"":134,""6"":128,""7"":101,""8"":134,""9"":134,""10"":143}","{""1"":2,""2"":2,""3"":2,""4"":2}","{""1"":68,""2"":75,""3"":70,""4"":80,""5"":79,""6"":76,""7"":63,""8"":79,""9"":79,""10"":83}",126
101006101,101006,1,1,"{""1"":17,""2"":24,""3"":16,""4"":19,""5"":11,""6"":18,""7"":24,""8"":31,""9"":18,""10"":24}","{""1"":1,""2"":1,""3"":1,""4"":1}","{""1"":60,""2"":57,""3"":56,""4"":63,""5"":55,""6"":52,""7"":57,""8"":63,""9"":70,""10"":69}",20
101006102,101006,1,2,"{""1"":35,""2"":48,""3"":32,""4"":37,""5"":23,""6"":36,""7"":47,""8"":62,""9"":36,""10"":48}","{""1"":2,""2"":1,""3"":1,""4"":1}","{""1"":60,""2"":62,""3"":56,""4"":68,""5"":55,""6"":57,""7"":57,""8"":68,""9"":70,""10"":74}",40
101006103,101006,1,3,"{""1"":52,""2"":72,""3"":48,""4"":56,""5"":34,""6"":55,""7"":71,""8"":93,""9"":55,""10"":72}","{""1"":2,""2"":2,""3"":1,""4"":1}","{""1"":65,""2"":67,""3"":56,""4"":68,""5"":60,""6"":62,""7"":57,""8"":68,""9"":70,""10"":79}",61
101006104,101006,1,4,"{""1"":69,""2"":96,""3"":64,""4"":75,""5"":46,""6"":73,""7"":95,""8"":123,""9"":73,""10"":97}","{""1"":2,""2"":2,""3"":2,""4"":1}","{""1"":65,""2"":67,""3"":61,""4"":73,""5"":60,""6"":62,""7"":62,""8"":73,""9"":75,""10"":79}",81
101006105,101006,1,5,"{""1"":87,""2"":120,""3"":80,""4"":94,""5"":57,""6"":91,""7"":118,""8"":154,""9"":91,""10"":121}","{""1"":2,""2"":2,""3"":2,""4"":2}","{""1"":65,""2"":67,""3"":61,""4"":78,""5"":65,""6"":67,""7"":62,""8"":78,""9"":80,""10"":79}",101
101006200,101006,2,0,"{""1"":104,""2"":144,""3"":96,""4"":112,""5"":68,""6"":109,""7"":142,""8"":185,""9"":109,""10"":145}","{""1"":2,""2"":2,""3"":2,""4"":2}","{""1"":70,""2"":72,""3"":66,""4"":78,""5"":65,""6"":67,""7"":67,""8"":78,""9"":80,""10"":84}",121
101007101,101007,1,1,"{""1"":19,""2"":19,""3"":19,""4"":23,""5"":18,""6"":18,""7"":17,""8"":21,""9"":24,""10"":23}","{""1"":1,""2"":1,""3"":1,""4"":1}","{""1"":59,""2"":54,""3"":58,""4"":65,""5"":57,""6"":52,""7"":53,""8"":59,""9"":74,""10"":67}",20
101007102,101007,1,2,"{""1"":38,""2"":38,""3"":37,""4"":46,""5"":36,""6"":36,""7"":34,""8"":41,""9"":48,""10"":47}","{""1"":2,""2"":1,""3"":1,""4"":1}","{""1"":59,""2"":59,""3"":58,""4"":70,""5"":57,""6"":57,""7"":53,""8"":64,""9"":74,""10"":72}",40
101007103,101007,1,3,"{""1"":57,""2"":57,""3"":56,""4"":68,""5"":55,""6"":55,""7"":50,""8"":62,""9"":72,""10"":70}","{""1"":2,""2"":2,""3"":1,""4"":1}","{""1"":64,""2"":64,""3"":58,""4"":70,""5"":62,""6"":62,""7"":53,""8"":64,""9"":74,""10"":77}",60
101007104,101007,1,4,"{""1"":76,""2"":76,""3"":74,""4"":91,""5"":73,""6"":73,""7"":67,""8"":83,""9"":97,""10"":94}","{""1"":2,""2"":2,""3"":2,""4"":1}","{""1"":64,""2"":64,""3"":63,""4"":75,""5"":62,""6"":62,""7"":58,""8"":69,""9"":79,""10"":77}",80
101007105,101007,1,5,"{""1"":95,""2"":95,""3"":93,""4"":114,""5"":91,""6"":91,""7"":84,""8"":103,""9"":121,""10"":117}","{""1"":2,""2"":2,""3"":2,""4"":2}","{""1"":64,""2"":64,""3"":63,""4"":80,""5"":67,""6"":67,""7"":58,""8"":74,""9"":84,""10"":77}",100
101007200,101007,2,0,"{""1"":113,""2"":113,""3"":111,""4"":137,""5"":109,""6"":109,""7"":101,""8"":124,""9"":145,""10"":141}","{""1"":2,""2"":2,""3"":2,""4"":2}","{""1"":69,""2"":69,""3"":68,""4"":80,""5"":67,""6"":67,""7"":63,""8"":74,""9"":84,""10"":82}",120
101008101,101008,1,1,"{""1"":16,""2"":26,""3"":15,""4"":18,""5"":11,""6"":17,""7"":23,""8"":31,""9"":18,""10"":23}","{""1"":1,""2"":1,""3"":1,""4"":1}","{""1"":57,""2"":62,""3"":53,""4"":62,""5"":53,""6"":48,""7"":55,""8"":63,""9"":70,""10"":67}",20
101008102,101008,1,2,"{""1"":33,""2"":52,""3"":30,""4"":37,""5"":22,""6"":34,""7"":46,""8"":62,""9"":36,""10"":47}","{""1"":2,""2"":1,""3"":1,""4"":1}","{""1"":57,""2"":67,""3"":53,""4"":67,""5"":53,""6"":53,""7"":55,""8"":68,""9"":70,""10"":72}",40
101008103,101008,1,3,"{""1"":49,""2"":78,""3"":45,""4"":55,""5"":33,""6"":50,""7"":68,""8"":93,""9"":55,""10"":70}","{""1"":2,""2"":2,""3"":1,""4"":1}","{""1"":62,""2"":72,""3"":53,""4"":67,""5"":58,""6"":58,""7"":55,""8"":68,""9"":70,""10"":77}",60
101008104,101008,1,4,"{""1"":66,""2"":104,""3"":60,""4"":74,""5"":44,""6"":67,""7"":91,""8"":123,""9"":73,""10"":94}","{""1"":2,""2"":2,""3"":2,""4"":1}","{""1"":62,""2"":72,""3"":58,""4"":72,""5"":58,""6"":58,""7"":60,""8"":73,""9"":75,""10"":77}",80
101008105,101008,1,5,"{""1"":82,""2"":130,""3"":76,""4"":92,""5"":55,""6"":84,""7"":114,""8"":154,""9"":91,""10"":117}","{""1"":2,""2"":2,""3"":2,""4"":2}","{""1"":62,""2"":72,""3"":58,""4"":77,""5"":63,""6"":63,""7"":60,""8"":78,""9"":80,""10"":77}",100
101008200,101008,2,0,"{""1"":98,""2"":156,""3"":91,""4"":111,""5"":66,""6"":101,""7"":137,""8"":185,""9"":109,""10"":141}","{""1"":2,""2"":2,""3"":2,""4"":2}","{""1"":67,""2"":77,""3"":63,""4"":77,""5"":63,""6"":63,""7"":65,""8"":78,""9"":80,""10"":82}",120
101009101,101009,1,1,"{""1"":22,""2"":15,""3"":20,""4"":27,""5"":26,""6"":19,""7"":13,""8"":10,""9"":27,""10"":22}","{""1"":1,""2"":1,""3"":1,""4"":1}","{""1"":60,""2"":53,""3"":57,""4"":68,""5"":62,""6"":55,""7"":53,""8"":55,""9"":69,""10"":64}",20
101009102,101009,1,2,"{""1"":44,""2"":30,""3"":40,""4"":55,""5"":52,""6"":39,""7"":27,""8"":19,""9"":54,""10"":45}","{""1"":2,""2"":1,""3"":1,""4"":1}","{""1"":60,""2"":58,""3"":57,""4"":73,""5"":62,""6"":60,""7"":53,""8"":60,""9"":69,""10"":69}",41
101009103,101009,1,3,"{""1"":66,""2"":45,""3"":60,""4"":82,""5"":78,""6"":58,""7"":40,""8"":29,""9"":81,""10"":67}","{""1"":2,""2"":2,""3"":1,""4"":1}","{""1"":65,""2"":63,""3"":57,""4"":73,""5"":67,""6"":65,""7"":53,""8"":60,""9"":69,""10"":74}",61
101009104,101009,1,4,"{""1"":89,""2"":59,""3"":80,""4"":109,""5"":104,""6"":77,""7"":54,""8"":39,""9"":108,""10"":90}","{""1"":2,""2"":2,""3"":2,""4"":1}","{""1"":65,""2"":63,""3"":62,""4"":78,""5"":67,""6"":65,""7"":58,""8"":65,""9"":74,""10"":74}",81
101009105,101009,1,5,"{""1"":111,""2"":74,""3"":100,""4"":137,""5"":130,""6"":96,""7"":67,""8"":48,""9"":134,""10"":112}","{""1"":2,""2"":2,""3"":2,""4"":2}","{""1"":65,""2"":63,""3"":62,""4"":83,""5"":72,""6"":70,""7"":58,""8"":70,""9"":79,""10"":74}",101
101009200,101009,2,0,"{""1"":133,""2"":89,""3"":120,""4"":164,""5"":156,""6"":116,""7"":81,""8"":58,""9"":161,""10"":134}","{""1"":2,""2"":2,""3"":2,""4"":2}","{""1"":70,""2"":68,""3"":67,""4"":83,""5"":72,""6"":70,""7"":63,""8"":70,""9"":79,""10"":79}",121
101010101,101010,1,1,"{""1"":20,""2"":15,""3"":24,""4"":29,""5"":24,""6"":17,""7"":10,""8"":13,""9"":27,""10"":21}","{""1"":1,""2"":1,""3"":1,""4"":1}","{""1"":60,""2"":52,""3"":64,""4"":72,""5"":56,""6"":49,""7"":53,""8"":53,""9"":69,""10"":61}",20
101010102,101010,1,2,"{""1"":40,""2"":29,""3"":47,""4"":58,""5"":48,""6"":34,""7"":20,""8"":26,""9"":54,""10"":43}","{""1"":2,""2"":1,""3"":1,""4"":1}","{""1"":60,""2"":57,""3"":64,""4"":77,""5"":56,""6"":54,""7"":53,""8"":58,""9"":69,""10"":66}",40
101010103,101010,1,3,"{""1"":61,""2"":44,""3"":71,""4"":87,""5"":72,""6"":51,""7"":30,""8"":39,""9"":81,""10"":64}","{""1"":2,""2"":2,""3"":1,""4"":1}","{""1"":65,""2"":62,""3"":64,""4"":77,""5"":61,""6"":59,""7"":53,""8"":58,""9"":69,""10"":71}",60
101010104,101010,1,4,"{""1"":81,""2"":58,""3"":95,""4"":116,""5"":96,""6"":69,""7"":40,""8"":52,""9"":108,""10"":85}","{""1"":2,""2"":2,""3"":2,""4"":1}","{""1"":65,""2"":62,""3"":69,""4"":82,""5"":61,""6"":59,""7"":58,""8"":63,""9"":74,""10"":71}",80
101010105,101010,1,5,"{""1"":101,""2"":73,""3"":119,""4"":145,""5"":120,""6"":86,""7"":50,""8"":65,""9"":134,""10"":107}","{""1"":2,""2"":2,""3"":2,""4"":2}","{""1"":65,""2"":62,""3"":69,""4"":87,""5"":66,""6"":64,""7"":58,""8"":68,""9"":79,""10"":71}",100
101010200,101010,2,0,"{""1"":121,""2"":87,""3"":142,""4"":174,""5"":145,""6"":103,""7"":60,""8"":78,""9"":161,""10"":128}","{""1"":2,""2"":2,""3"":2,""4"":2}","{""1"":70,""2"":67,""3"":74,""4"":87,""5"":66,""6"":64,""7"":63,""8"":68,""9"":79,""10"":76}",120
101011101,101011,1,1,"{""1"":21,""2"":13,""3"":21,""4"":27,""5"":25,""6"":18,""7"":13,""8"":8,""9"":29,""10"":22}","{""1"":1,""2"":1,""3"":1,""4"":1}","{""1"":57,""2"":48,""3"":60,""4"":68,""5"":60,""6"":52,""7"":53,""8"":48,""9"":73,""10"":63}",20
101011102,101011,1,2,"{""1"":42,""2"":27,""3"":42,""4"":55,""5"":50,""6"":36,""7"":27,""8"":17,""9"":57,""10"":44}","{""1"":2,""2"":1,""3"":1,""4"":1}","{""1"":57,""2"":53,""3"":60,""4"":73,""5"":60,""6"":57,""7"":53,""8"":53,""9"":73,""10"":68}",40
101011103,101011,1,3,"{""1"":63,""2"":40,""3"":64,""4"":82,""5"":75,""6"":55,""7"":40,""8"":25,""9"":86,""10"":66}","{""1"":2,""2"":2,""3"":1,""4"":1}","{""1"":62,""2"":58,""3"":60,""4"":73,""5"":65,""6"":62,""7"":53,""8"":53,""9"":73,""10"":73}",60
101011104,101011,1,4,"{""1"":84,""2"":54,""3"":85,""4"":109,""5"":100,""6"":73,""7"":54,""8"":34,""9"":114,""10"":88}","{""1"":2,""2"":2,""3"":2,""4"":1}","{""1"":62,""2"":58,""3"":65,""4"":78,""5"":65,""6"":62,""7"":58,""8"":58,""9"":78,""10"":73}",80
101011105,101011,1,5,"{""1"":105,""2"":67,""3"":106,""4"":137,""5"":125,""6"":91,""7"":67,""8"":42,""9"":143,""10"":110}","{""1"":2,""2"":2,""3"":2,""4"":2}","{""1"":62,""2"":58,""3"":65,""4"":83,""5"":70,""6"":67,""7"":58,""8"":63,""9"":83,""10"":73}",99
101011200,101011,2,0,"{""1"":126,""2"":81,""3"":127,""4"":164,""5"":150,""6"":109,""7"":81,""8"":50,""9"":171,""10"":132}","{""1"":2,""2"":2,""3"":2,""4"":2}","{""1"":67,""2"":63,""3"":70,""4"":83,""5"":70,""6"":67,""7"":63,""8"":63,""9"":83,""10"":78}",119
101012101,101012,1,1,"{""1"":18,""2"":20,""3"":18,""4"":23,""5"":21,""6"":20,""7"":18,""8"":21,""9"":23,""10"":22}","{""1"":1,""2"":1,""3"":1,""4"":1}","{""1"":55,""2"":56,""3"":56,""4"":66,""5"":64,""6"":58,""7"":56,""8"":60,""9"":70,""10"":64}",20
101012102,101012,1,2,"{""1"":35,""2"":39,""3"":36,""4"":46,""5"":41,""6"":41,""7"":36,""8"":42,""9"":46,""10"":45}","{""1"":2,""2"":1,""3"":1,""4"":1}","{""1"":55,""2"":61,""3"":56,""4"":71,""5"":64,""6"":63,""7"":56,""8"":65,""9"":70,""10"":69}",41
101012103,101012,1,3,"{""1"":53,""2"":59,""3"":54,""4"":69,""5"":62,""6"":61,""7"":54,""8"":63,""9"":68,""10"":67}","{""1"":2,""2"":2,""3"":1,""4"":1}","{""1"":60,""2"":66,""3"":56,""4"":71,""5"":69,""6"":68,""7"":56,""8"":65,""9"":70,""10"":74}",61
101012104,101012,1,4,"{""1"":70,""2"":78,""3"":71,""4"":92,""5"":83,""6"":81,""7"":71,""8"":84,""9"":91,""10"":90}","{""1"":2,""2"":2,""3"":2,""4"":1}","{""1"":60,""2"":66,""3"":61,""4"":76,""5"":69,""6"":68,""7"":61,""8"":70,""9"":75,""10"":74}",81
101012105,101012,1,5,"{""1"":88,""2"":98,""3"":89,""4"":116,""5"":103,""6"":102,""7"":89,""8"":105,""9"":114,""10"":112}","{""1"":2,""2"":2,""3"":2,""4"":2}","{""1"":60,""2"":66,""3"":61,""4"":81,""5"":74,""6"":73,""7"":61,""8"":75,""9"":80,""10"":74}",102
101012200,101012,2,0,"{""1"":105,""2"":118,""3"":107,""4"":139,""5"":124,""6"":122,""7"":107,""8"":126,""9"":137,""10"":134}","{""1"":2,""2"":2,""3"":2,""4"":2}","{""1"":65,""2"":71,""3"":66,""4"":81,""5"":74,""6"":73,""7"":66,""8"":75,""9"":80,""10"":79}",122
101013101,101013,1,1,"{""1"":15,""2"":22,""3"":15,""4"":18,""5"":11,""6"":17,""7"":22,""8"":29,""9"":19,""10"":25}","{""1"":1,""2"":1,""3"":1,""4"":1}","{""1"":53,""2"":52,""3"":53,""4"":62,""5"":53,""6"":48,""7"":53,""8"":59,""9"":74,""10"":72}",19
101013102,101013,1,2,"{""1"":30,""2"":44,""3"":30,""4"":37,""5"":22,""6"":34,""7"":44,""8"":58,""9"":39,""10"":50}","{""1"":2,""2"":1,""3"":1,""4"":1}","{""1"":53,""2"":57,""3"":53,""4"":67,""5"":53,""6"":53,""7"":53,""8"":64,""9"":74,""10"":77}",39
101013103,101013,1,3,"{""1"":45,""2"":66,""3"":45,""4"":55,""5"":33,""6"":50,""7"":66,""8"":87,""9"":58,""10"":76}","{""1"":2,""2"":2,""3"":1,""4"":1}","{""1"":58,""2"":62,""3"":53,""4"":67,""5"":58,""6"":58,""7"":53,""8"":64,""9"":74,""10"":82}",58
101013104,101013,1,4,"{""1"":60,""2"":87,""3"":60,""4"":74,""5"":44,""6"":67,""7"":87,""8"":116,""9"":77,""10"":101}","{""1"":2,""2"":2,""3"":2,""4"":1}","{""1"":58,""2"":62,""3"":58,""4"":72,""5"":58,""6"":58,""7"":58,""8"":69,""9"":79,""10"":82}",77
101013105,101013,1,5,"{""1"":76,""2"":109,""3"":76,""4"":92,""5"":55,""6"":84,""7"":109,""8"":145,""9"":97,""10"":126}","{""1"":2,""2"":2,""3"":2,""4"":2}","{""1"":58,""2"":62,""3"":58,""4"":77,""5"":63,""6"":63,""7"":58,""8"":74,""9"":84,""10"":82}",97
101013200,101013,2,0,"{""1"":91,""2"":131,""3"":91,""4"":111,""5"":66,""6"":101,""7"":131,""8"":173,""9"":116,""10"":151}","{""1"":2,""2"":2,""3"":2,""4"":2}","{""1"":63,""2"":67,""3"":63,""4"":77,""5"":63,""6"":63,""7"":63,""8"":74,""9"":84,""10"":87}",116
101014101,101014,1,1,"{""1"":19,""2"":14,""3"":20,""4"":27,""5"":24,""6"":18,""7"":13,""8"":10,""9"":28,""10"":21}","{""1"":1,""2"":1,""3"":1,""4"":1}","{""1"":53,""2"":51,""3"":58,""4"":68,""5"":58,""6"":50,""7"":53,""8"":57,""9"":72,""10"":60}",19
101014102,101014,1,2,"{""1"":39,""2"":29,""3"":41,""4"":55,""5"":48,""6"":35,""7"":27,""8"":20,""9"":56,""10"":42}","{""1"":2,""2"":1,""3"":1,""4"":1}","{""1"":53,""2"":56,""3"":58,""4"":73,""5"":58,""6"":55,""7"":53,""8"":62,""9"":72,""10"":65}",39
101014103,101014,1,3,"{""1"":58,""2"":43,""3"":61,""4"":82,""5"":72,""6"":53,""7"":40,""8"":30,""9"":84,""10"":63}","{""1"":2,""2"":2,""3"":1,""4"":1}","{""1"":58,""2"":61,""3"":58,""4"":73,""5"":63,""6"":60,""7"":53,""8"":62,""9"":72,""10"":70}",59
101014104,101014,1,4,"{""1"":77,""2"":57,""3"":82,""4"":109,""5"":96,""6"":70,""7"":54,""8"":40,""9"":113,""10"":84}","{""1"":2,""2"":2,""3"":2,""4"":1}","{""1"":58,""2"":61,""3"":63,""4"":78,""5"":63,""6"":60,""7"":58,""8"":67,""9"":77,""10"":70}",78
101014105,101014,1,5,"{""1"":97,""2"":71,""3"":102,""4"":137,""5"":121,""6"":88,""7"":67,""8"":50,""9"":141,""10"":105}","{""1"":2,""2"":2,""3"":2,""4"":2}","{""1"":58,""2"":61,""3"":63,""4"":83,""5"":68,""6"":65,""7"":58,""8"":72,""9"":82,""10"":70}",98
101014200,101014,2,0,"{""1"":116,""2"":86,""3"":122,""4"":164,""5"":145,""6"":105,""7"":81,""8"":60,""9"":169,""10"":126}","{""1"":2,""2"":2,""3"":2,""4"":2}","{""1"":63,""2"":66,""3"":68,""4"":83,""5"":68,""6"":65,""7"":63,""8"":72,""9"":82,""10"":75}",117
101015101,101015,1,1,"{""1"":17,""2"":18,""3"":22,""4"":23,""5"":17,""6"":17,""7"":17,""8"":21,""9"":23,""10"":21}","{""1"":1,""2"":1,""3"":1,""4"":1}","{""1"":53,""2"":52,""3"":67,""4"":65,""5"":53,""6"":48,""7"":54,""8"":60,""9"":70,""10"":60}",20
101015102,101015,1,2,"{""1"":34,""2"":36,""3"":43,""4"":46,""5"":34,""6"":34,""7"":34,""8"":42,""9"":46,""10"":42}","{""1"":2,""2"":1,""3"":1,""4"":1}","{""1"":53,""2"":57,""3"":67,""4"":70,""5"":53,""6"":53,""7"":54,""8"":65,""9"":70,""10"":65}",39
101015103,101015,1,3,"{""1"":50,""2"":55,""3"":65,""4"":68,""5"":50,""6"":50,""7"":51,""8"":63,""9"":68,""10"":63}","{""1"":2,""2"":2,""3"":1,""4"":1}","{""1"":58,""2"":62,""3"":67,""4"":70,""5"":58,""6"":58,""7"":54,""8"":65,""9"":70,""10"":70}",58
101015104,101015,1,4,"{""1"":67,""2"":73,""3"":87,""4"":91,""5"":67,""6"":67,""7"":69,""8"":84,""9"":91,""10"":84}","{""1"":2,""2"":2,""3"":2,""4"":1}","{""1"":58,""2"":62,""3"":72,""4"":75,""5"":58,""6"":58,""7"":59,""8"":70,""9"":75,""10"":70}",78
101015105,101015,1,5,"{""1"":84,""2"":91,""3"":109,""4"":114,""5"":84,""6"":84,""7"":86,""8"":105,""9"":114,""10"":105}","{""1"":2,""2"":2,""3"":2,""4"":2}","{""1"":58,""2"":62,""3"":72,""4"":80,""5"":63,""6"":63,""7"":59,""8"":75,""9"":80,""10"":70}",98
101015200,101015,2,0,"{""1"":101,""2"":109,""3"":130,""4"":137,""5"":101,""6"":101,""7"":103,""8"":126,""9"":137,""10"":126}","{""1"":2,""2"":2,""3"":2,""4"":2}","{""1"":63,""2"":67,""3"":77,""4"":80,""5"":63,""6"":63,""7"":64,""8"":75,""9"":80,""10"":75}",117
101016101,101016,1,1,"{""1"":16,""2"":21,""3"":16,""4"":20,""5"":13,""6"":18,""7"":22,""8"":29,""9"":19,""10"":21}","{""1"":1,""2"":1,""3"":1,""4"":1}","{""1"":56,""2"":51,""3"":58,""4"":68,""5"":58,""6"":50,""7"":53,""8"":60,""9"":72,""10"":60}",20
101016102,101016,1,2,"{""1"":32,""2"":43,""3"":32,""4"":40,""5"":26,""6"":35,""7"":44,""8"":59,""9"":38,""10"":42}","{""1"":2,""2"":1,""3"":1,""4"":1}","{""1"":56,""2"":56,""3"":58,""4"":73,""5"":58,""6"":55,""7"":53,""8"":65,""9"":72,""10"":65}",39
101016103,101016,1,3,"{""1"":48,""2"":64,""3"":47,""4"":61,""5"":39,""6"":53,""7"":66,""8"":88,""9"":56,""10"":63}","{""1"":2,""2"":2,""3"":1,""4"":1}","{""1"":61,""2"":61,""3"":58,""4"":73,""5"":63,""6"":60,""7"":53,""8"":65,""9"":72,""10"":70}",59
101016104,101016,1,4,"{""1"":64,""2"":86,""3"":63,""4"":81,""5"":52,""6"":70,""7"":87,""8"":118,""9"":75,""10"":84}","{""1"":2,""2"":2,""3"":2,""4"":1}","{""1"":61,""2"":61,""3"":63,""4"":78,""5"":63,""6"":60,""7"":58,""8"":70,""9"":77,""10"":70}",78
101016105,101016,1,5,"{""1"":80,""2"":107,""3"":79,""4"":101,""5"":65,""6"":88,""7"":109,""8"":147,""9"":94,""10"":105}","{""1"":2,""2"":2,""3"":2,""4"":2}","{""1"":61,""2"":61,""3"":63,""4"":83,""5"":68,""6"":65,""7"":58,""8"":75,""9"":82,""10"":70}",98
101016200,101016,2,0,"{""1"":96,""2"":129,""3"":95,""4"":121,""5"":78,""6"":105,""7"":131,""8"":176,""9"":113,""10"":126}","{""1"":2,""2"":2,""3"":2,""4"":2}","{""1"":66,""2"":66,""3"":68,""4"":83,""5"":68,""6"":65,""7"":63,""8"":75,""9"":82,""10"":75}",117
101017101,101017,1,1,"{""1"":15,""2"":20,""3"":19,""4"":19,""5"":12,""6"":17,""7"":22,""8"":29,""9"":18,""10"":21}","{""1"":1,""2"":1,""3"":1,""4"":1}","{""1"":53,""2"":48,""3"":70,""4"":65,""5"":53,""6"":48,""7"":54,""8"":60,""9"":70,""10"":60}",19
101017102,101017,1,2,"{""1"":30,""2"":40,""3"":39,""4"":39,""5"":24,""6"":34,""7"":45,""8"":59,""9"":36,""10"":42}","{""1"":2,""2"":1,""3"":1,""4"":1}","{""1"":53,""2"":53,""3"":70,""4"":70,""5"":53,""6"":53,""7"":54,""8"":65,""9"":70,""10"":65}",39
101017103,101017,1,3,"{""1"":45,""2"":60,""3"":58,""4"":58,""5"":35,""6"":50,""7"":67,""8"":88,""9"":55,""10"":63}","{""1"":2,""2"":2,""3"":1,""4"":1}","{""1"":58,""2"":58,""3"":70,""4"":70,""5"":58,""6"":58,""7"":54,""8"":65,""9"":70,""10"":70}",58
101017104,101017,1,4,"{""1"":60,""2"":81,""3"":77,""4"":77,""5"":47,""6"":67,""7"":89,""8"":118,""9"":73,""10"":84}","{""1"":2,""2"":2,""3"":2,""4"":1}","{""1"":58,""2"":58,""3"":75,""4"":75,""5"":58,""6"":58,""7"":59,""8"":70,""9"":75,""10"":70}",77
101017105,101017,1,5,"{""1"":76,""2"":101,""3"":97,""4"":97,""5"":59,""6"":84,""7"":111,""8"":147,""9"":91,""10"":105}","{""1"":2,""2"":2,""3"":2,""4"":2}","{""1"":58,""2"":58,""3"":75,""4"":80,""5"":63,""6"":63,""7"":59,""8"":75,""9"":80,""10"":70}",97
101017200,101017,2,0,"{""1"":91,""2"":121,""3"":116,""4"":116,""5"":71,""6"":101,""7"":134,""8"":176,""9"":109,""10"":126}","{""1"":2,""2"":2,""3"":2,""4"":2}","{""1"":63,""2"":63,""3"":80,""4"":80,""5"":63,""6"":63,""7"":64,""8"":75,""9"":80,""10"":75}",116
