Id,Name,Icon,Chapter,Tactics,TacticsLevels,Reward,Star3,OnBattle
4101001,[0星]张祖铭第1关,900101,1041010,"[101,201]","[1,1]",1:4:100,"[1001,1002]","[5,531]"
4101002,[0星]张祖铭第2关,900102,1041010,"[101,201]","[1,1]",1:4:100,"[1001,1002]","[5,531]"
4101003,[0星]张祖铭第3关,900103,1041010,"[101,201]","[1,1]",1:4:100,"[1001,1002]","[5,531]"
4101004,[0星]张祖铭第4关,900104,1041010,"[101,201]","[1,1]",1:4:100,"[1001,1002]","[5,531]"
4101005,[0星]张祖铭第5关,900105,1041010,"[101,201]","[1,1]",1:4:100,"[1001,1002]","[5,531]"
4102001,[0星]马振翔第1关,900106,1041020,"[101,201]","[1,1]",1:4:100,"[1001,1002]","[5,532]"
4102002,[0星]马振翔第2关,900107,1041020,"[101,201]","[1,1]",1:4:100,"[1001,1002]","[5,532]"
4102003,[0星]马振翔第3关,900108,1041020,"[101,201]","[1,1]",1:4:100,"[1001,1002]","[5,532]"
4102004,[0星]马振翔第4关,900109,1041020,"[101,201]","[1,1]",1:4:100,"[1001,1002]","[5,532]"
4102005,[0星]马振翔第5关,900110,1041020,"[101,201]","[1,1]",1:4:100,"[1001,1002]","[5,532]"
4103001,[0星]朱彦西第1关,900111,1041030,"[101,201]","[1,1]",1:4:100,"[1001,1002]","[5,533]"
4103002,[0星]朱彦西第2关,900112,1041030,"[101,201]","[1,1]",1:4:100,"[1001,1002]","[5,533]"
4103003,[0星]朱彦西第3关,900113,1041030,"[101,201]","[1,1]",1:4:100,"[1001,1002]","[5,533]"
4103004,[0星]朱彦西第4关,900114,1041030,"[101,201]","[1,1]",1:4:100,"[1001,1002]","[5,533]"
4103005,[0星]朱彦西第5关,900115,1041030,"[101,201]","[1,1]",1:4:100,"[1001,1002]","[5,533]"
4001001,[0星]易建联第1关,900116,1040010,"[101,201]","[1,1]",1:4:100,"[1001,1002]","[5,501]"
4001002,[0星]易建联第2关,900117,1040010,"[101,201]","[1,1]",1:4:100,"[1001,1002]","[5,501]"
4001003,[0星]易建联第3关,900118,1040010,"[101,201]","[1,1]",1:4:100,"[1001,1002]","[5,501]"
4001004,[0星]易建联第4关,900119,1040010,"[101,201]","[1,1]",1:4:100,"[1001,1002]","[5,501]"
4001005,[0星]易建联第5关,900120,1040010,"[101,201]","[1,1]",1:4:100,"[1001,1002]","[5,501]"
4001101,[1星]易建联第1关,900101,1040011,"[101,201]","[1,1]",1:4:100,"[1001,1002]","[5,501]"
4001102,[1星]易建联第2关,900102,1040011,"[101,201]","[1,1]",1:4:100,"[1001,1002]","[5,501]"
4001103,[1星]易建联第3关,900103,1040011,"[101,201]","[1,1]",1:4:100,"[1001,1002]","[5,501]"
4001104,[1星]易建联第4关,900104,1040011,"[101,201]","[1,1]",1:4:100,"[1001,1002]","[5,501]"
4001105,[1星]易建联第5关,900105,1040011,"[101,201]","[1,1]",1:4:100,"[1001,1002]","[5,501]"
4001106,[1星]易建联第6关,900106,1040011,"[101,201]","[1,1]",1:4:100,"[1001,1002]","[5,501]"
4001107,[1星]易建联第7关,900107,1040011,"[101,201]","[1,1]",1:4:100,"[1001,1002]","[5,501]"
4001108,[1星]易建联第8关,900108,1040011,"[101,201]","[1,1]",1:4:100,"[1001,1002]","[5,501]"
4001109,[1星]易建联第9关,900109,1040011,"[101,201]","[1,1]",1:4:100,"[1001,1002]","[5,501]"
4001110,[1星]易建联第10关,900110,1040011,"[101,201]","[1,1]",1:4:100,"[1001,1002]","[5,501]"
4001301,[3星]易建联第1关,900111,1040013,"[101,201]","[1,1]",1:4:100,"[1001,1002]","[5,501]"
4001302,[3星]易建联第2关,900112,1040013,"[101,201]","[1,1]",1:4:100,"[1001,1002]","[5,501]"
4001303,[3星]易建联第3关,900113,1040013,"[101,201]","[1,1]",1:4:100,"[1001,1002]","[5,501]"
4001304,[3星]易建联第4关,900114,1040013,"[101,201]","[1,1]",1:4:100,"[1001,1002]","[5,501]"
4001305,[3星]易建联第5关,900115,1040013,"[101,201]","[1,1]",1:4:100,"[1001,1002]","[5,501]"
4001306,[3星]易建联第6关,900116,1040013,"[101,201]","[1,1]",1:4:100,"[1001,1002]","[5,501]"
4001307,[3星]易建联第7关,900117,1040013,"[101,201]","[1,1]",1:4:100,"[1001,1002]","[5,501]"
4001308,[3星]易建联第8关,900118,1040013,"[101,201]","[1,1]",1:4:100,"[1001,1002]","[5,501]"
4001309,[3星]易建联第9关,900119,1040013,"[101,201]","[1,1]",1:4:100,"[1001,1002]","[5,501]"
4001310,[3星]易建联第10关,900120,1040013,"[101,201]","[1,1]",1:4:100,"[1001,1002]","[5,501]"
4001501,[5星]易建联第1关,900101,1040015,"[101,201]","[1,1]",1:4:100,"[1001,1002]","[5,501]"
4001502,[5星]易建联第2关,900102,1040015,"[101,201]","[1,1]",1:4:100,"[1001,1002]","[5,501]"
4001503,[5星]易建联第3关,900103,1040015,"[101,201]","[1,1]",1:4:100,"[1001,1002]","[5,501]"
4001504,[5星]易建联第4关,900104,1040015,"[101,201]","[1,1]",1:4:100,"[1001,1002]","[5,501]"
4001505,[5星]易建联第5关,900105,1040015,"[101,201]","[1,1]",1:4:100,"[1001,1002]","[5,501]"
4001506,[5星]易建联第6关,900106,1040015,"[101,201]","[1,1]",1:4:100,"[1001,1002]","[5,501]"
4001507,[5星]易建联第7关,900107,1040015,"[101,201]","[1,1]",1:4:100,"[1001,1002]","[5,501]"
4001508,[5星]易建联第8关,900108,1040015,"[101,201]","[1,1]",1:4:100,"[1001,1002]","[5,501]"
4001509,[5星]易建联第9关,900109,1040015,"[101,201]","[1,1]",1:4:100,"[1001,1002]","[5,501]"
4001510,[5星]易建联第10关,900110,1040015,"[101,201]","[1,1]",1:4:100,"[1001,1002]","[5,501]"
4002001,[0星]郭艾伦第1关,900111,1040020,"[101,201]","[1,1]",1:4:100,"[1001,1002]","[5,502]"
4002002,[0星]郭艾伦第2关,900112,1040020,"[101,201]","[1,1]",1:4:100,"[1001,1002]","[5,502]"
4002003,[0星]郭艾伦第3关,900113,1040020,"[101,201]","[1,1]",1:4:100,"[1001,1002]","[5,502]"
4002004,[0星]郭艾伦第4关,900114,1040020,"[101,201]","[1,1]",1:4:100,"[1001,1002]","[5,502]"
4002005,[0星]郭艾伦第5关,900115,1040020,"[101,201]","[1,1]",1:4:100,"[1001,1002]","[5,502]"
4002101,[1星]郭艾伦第1关,900116,1040021,"[101,201]","[1,1]",1:4:100,"[1001,1002]","[5,502]"
4002102,[1星]郭艾伦第2关,900117,1040021,"[101,201]","[1,1]",1:4:100,"[1001,1002]","[5,502]"
4002103,[1星]郭艾伦第3关,900118,1040021,"[101,201]","[1,1]",1:4:100,"[1001,1002]","[5,502]"
4002104,[1星]郭艾伦第4关,900119,1040021,"[101,201]","[1,1]",1:4:100,"[1001,1002]","[5,502]"
4002105,[1星]郭艾伦第5关,900120,1040021,"[101,201]","[1,1]",1:4:100,"[1001,1002]","[5,502]"
4002106,[1星]郭艾伦第6关,900101,1040021,"[101,201]","[1,1]",1:4:100,"[1001,1002]","[5,502]"
4002107,[1星]郭艾伦第7关,900102,1040021,"[101,201]","[1,1]",1:4:100,"[1001,1002]","[5,502]"
4002108,[1星]郭艾伦第8关,900103,1040021,"[101,201]","[1,1]",1:4:100,"[1001,1002]","[5,502]"
4002109,[1星]郭艾伦第9关,900104,1040021,"[101,201]","[1,1]",1:4:100,"[1001,1002]","[5,502]"
4002110,[1星]郭艾伦第10关,900105,1040021,"[101,201]","[1,1]",1:4:100,"[1001,1002]","[5,502]"
4002301,[3星]郭艾伦第1关,900106,1040023,"[101,201]","[1,1]",1:4:100,"[1001,1002]","[5,502]"
4002302,[3星]郭艾伦第2关,900107,1040023,"[101,201]","[1,1]",1:4:100,"[1001,1002]","[5,502]"
4002303,[3星]郭艾伦第3关,900108,1040023,"[101,201]","[1,1]",1:4:100,"[1001,1002]","[5,502]"
4002304,[3星]郭艾伦第4关,900109,1040023,"[101,201]","[1,1]",1:4:100,"[1001,1002]","[5,502]"
4002305,[3星]郭艾伦第5关,900110,1040023,"[101,201]","[1,1]",1:4:100,"[1001,1002]","[5,502]"
4002306,[3星]郭艾伦第6关,900111,1040023,"[101,201]","[1,1]",1:4:100,"[1001,1002]","[5,502]"
4002307,[3星]郭艾伦第7关,900112,1040023,"[101,201]","[1,1]",1:4:100,"[1001,1002]","[5,502]"
4002308,[3星]郭艾伦第8关,900113,1040023,"[101,201]","[1,1]",1:4:100,"[1001,1002]","[5,502]"
4002309,[3星]郭艾伦第9关,900114,1040023,"[101,201]","[1,1]",1:4:100,"[1001,1002]","[5,502]"
4002310,[3星]郭艾伦第10关,900115,1040023,"[101,201]","[1,1]",1:4:100,"[1001,1002]","[5,502]"
4002501,[5星]郭艾伦第1关,900116,1040025,"[101,201]","[1,1]",1:4:100,"[1001,1002]","[5,502]"
4002502,[5星]郭艾伦第2关,900117,1040025,"[101,201]","[1,1]",1:4:100,"[1001,1002]","[5,502]"
4002503,[5星]郭艾伦第3关,900118,1040025,"[101,201]","[1,1]",1:4:100,"[1001,1002]","[5,502]"
4002504,[5星]郭艾伦第4关,900119,1040025,"[101,201]","[1,1]",1:4:100,"[1001,1002]","[5,502]"
4002505,[5星]郭艾伦第5关,900120,1040025,"[101,201]","[1,1]",1:4:100,"[1001,1002]","[5,502]"
4002506,[5星]郭艾伦第6关,900101,1040025,"[101,201]","[1,1]",1:4:100,"[1001,1002]","[5,502]"
4002507,[5星]郭艾伦第7关,900102,1040025,"[101,201]","[1,1]",1:4:100,"[1001,1002]","[5,502]"
4002508,[5星]郭艾伦第8关,900103,1040025,"[101,201]","[1,1]",1:4:100,"[1001,1002]","[5,502]"
4002509,[5星]郭艾伦第9关,900104,1040025,"[101,201]","[1,1]",1:4:100,"[1001,1002]","[5,502]"
4002510,[5星]郭艾伦第10关,900105,1040025,"[101,201]","[1,1]",1:4:100,"[1001,1002]","[5,502]"
4003001,[0星]阿不都沙拉木第1关,900106,1040030,"[101,201]","[1,1]",1:4:100,"[1001,1002]","[5,503]"
4003002,[0星]阿不都沙拉木第2关,900107,1040030,"[101,201]","[1,1]",1:4:100,"[1001,1002]","[5,503]"
4003003,[0星]阿不都沙拉木第3关,900108,1040030,"[101,201]","[1,1]",1:4:100,"[1001,1002]","[5,503]"
4003004,[0星]阿不都沙拉木第4关,900109,1040030,"[101,201]","[1,1]",1:4:100,"[1001,1002]","[5,503]"
4003005,[0星]阿不都沙拉木第5关,900110,1040030,"[101,201]","[1,1]",1:4:100,"[1001,1002]","[5,503]"
4003101,[1星]阿不都沙拉木第1关,900111,1040031,"[101,201]","[1,1]",1:4:100,"[1001,1002]","[5,503]"
4003102,[1星]阿不都沙拉木第2关,900112,1040031,"[101,201]","[1,1]",1:4:100,"[1001,1002]","[5,503]"
4003103,[1星]阿不都沙拉木第3关,900113,1040031,"[101,201]","[1,1]",1:4:100,"[1001,1002]","[5,503]"
4003104,[1星]阿不都沙拉木第4关,900114,1040031,"[101,201]","[1,1]",1:4:100,"[1001,1002]","[5,503]"
4003105,[1星]阿不都沙拉木第5关,900115,1040031,"[101,201]","[1,1]",1:4:100,"[1001,1002]","[5,503]"
4003106,[1星]阿不都沙拉木第6关,900116,1040031,"[101,201]","[1,1]",1:4:100,"[1001,1002]","[5,503]"
4003107,[1星]阿不都沙拉木第7关,900117,1040031,"[101,201]","[1,1]",1:4:100,"[1001,1002]","[5,503]"
4003108,[1星]阿不都沙拉木第8关,900118,1040031,"[101,201]","[1,1]",1:4:100,"[1001,1002]","[5,503]"
4003109,[1星]阿不都沙拉木第9关,900119,1040031,"[101,201]","[1,1]",1:4:100,"[1001,1002]","[5,503]"
4003110,[1星]阿不都沙拉木第10关,900120,1040031,"[101,201]","[1,1]",1:4:100,"[1001,1002]","[5,503]"
4003301,[3星]阿不都沙拉木第1关,900101,1040033,"[101,201]","[1,1]",1:4:100,"[1001,1002]","[5,503]"
4003302,[3星]阿不都沙拉木第2关,900102,1040033,"[101,201]","[1,1]",1:4:100,"[1001,1002]","[5,503]"
4003303,[3星]阿不都沙拉木第3关,900103,1040033,"[101,201]","[1,1]",1:4:100,"[1001,1002]","[5,503]"
4003304,[3星]阿不都沙拉木第4关,900104,1040033,"[101,201]","[1,1]",1:4:100,"[1001,1002]","[5,503]"
4003305,[3星]阿不都沙拉木第5关,900105,1040033,"[101,201]","[1,1]",1:4:100,"[1001,1002]","[5,503]"
4003306,[3星]阿不都沙拉木第6关,900106,1040033,"[101,201]","[1,1]",1:4:100,"[1001,1002]","[5,503]"
4003307,[3星]阿不都沙拉木第7关,900107,1040033,"[101,201]","[1,1]",1:4:100,"[1001,1002]","[5,503]"
4003308,[3星]阿不都沙拉木第8关,900108,1040033,"[101,201]","[1,1]",1:4:100,"[1001,1002]","[5,503]"
4003309,[3星]阿不都沙拉木第9关,900109,1040033,"[101,201]","[1,1]",1:4:100,"[1001,1002]","[5,503]"
4003310,[3星]阿不都沙拉木第10关,900110,1040033,"[101,201]","[1,1]",1:4:100,"[1001,1002]","[5,503]"
4003501,[5星]阿不都沙拉木第1关,900111,1040035,"[101,201]","[1,1]",1:4:100,"[1001,1002]","[5,503]"
4003502,[5星]阿不都沙拉木第2关,900112,1040035,"[101,201]","[1,1]",1:4:100,"[1001,1002]","[5,503]"
4003503,[5星]阿不都沙拉木第3关,900113,1040035,"[101,201]","[1,1]",1:4:100,"[1001,1002]","[5,503]"
4003504,[5星]阿不都沙拉木第4关,900114,1040035,"[101,201]","[1,1]",1:4:100,"[1001,1002]","[5,503]"
4003505,[5星]阿不都沙拉木第5关,900115,1040035,"[101,201]","[1,1]",1:4:100,"[1001,1002]","[5,503]"
4003506,[5星]阿不都沙拉木第6关,900116,1040035,"[101,201]","[1,1]",1:4:100,"[1001,1002]","[5,503]"
4003507,[5星]阿不都沙拉木第7关,900117,1040035,"[101,201]","[1,1]",1:4:100,"[1001,1002]","[5,503]"
4003508,[5星]阿不都沙拉木第8关,900118,1040035,"[101,201]","[1,1]",1:4:100,"[1001,1002]","[5,503]"
4003509,[5星]阿不都沙拉木第9关,900119,1040035,"[101,201]","[1,1]",1:4:100,"[1001,1002]","[5,503]"
4003510,[5星]阿不都沙拉木第10关,900120,1040035,"[101,201]","[1,1]",1:4:100,"[1001,1002]","[5,503]"
4004001,[0星]赵继伟第1关,900101,1040040,"[101,201]","[1,1]",1:4:100,"[1001,1002]","[5,504]"
4004002,[0星]赵继伟第2关,900102,1040040,"[101,201]","[1,1]",1:4:100,"[1001,1002]","[5,504]"
4004003,[0星]赵继伟第3关,900103,1040040,"[101,201]","[1,1]",1:4:100,"[1001,1002]","[5,504]"
4004004,[0星]赵继伟第4关,900104,1040040,"[101,201]","[1,1]",1:4:100,"[1001,1002]","[5,504]"
4004005,[0星]赵继伟第5关,900105,1040040,"[101,201]","[1,1]",1:4:100,"[1001,1002]","[5,504]"
4004101,[1星]赵继伟第1关,900106,1040041,"[101,201]","[1,1]",1:4:100,"[1001,1002]","[5,504]"
4004102,[1星]赵继伟第2关,900107,1040041,"[101,201]","[1,1]",1:4:100,"[1001,1002]","[5,504]"
4004103,[1星]赵继伟第3关,900108,1040041,"[101,201]","[1,1]",1:4:100,"[1001,1002]","[5,504]"
4004104,[1星]赵继伟第4关,900109,1040041,"[101,201]","[1,1]",1:4:100,"[1001,1002]","[5,504]"
4004105,[1星]赵继伟第5关,900110,1040041,"[101,201]","[1,1]",1:4:100,"[1001,1002]","[5,504]"
4004106,[1星]赵继伟第6关,900111,1040041,"[101,201]","[1,1]",1:4:100,"[1001,1002]","[5,504]"
4004107,[1星]赵继伟第7关,900112,1040041,"[101,201]","[1,1]",1:4:100,"[1001,1002]","[5,504]"
4004108,[1星]赵继伟第8关,900113,1040041,"[101,201]","[1,1]",1:4:100,"[1001,1002]","[5,504]"
4004109,[1星]赵继伟第9关,900114,1040041,"[101,201]","[1,1]",1:4:100,"[1001,1002]","[5,504]"
4004110,[1星]赵继伟第10关,900115,1040041,"[101,201]","[1,1]",1:4:100,"[1001,1002]","[5,504]"
4004301,[3星]赵继伟第1关,900116,1040043,"[101,201]","[1,1]",1:4:100,"[1001,1002]","[5,504]"
4004302,[3星]赵继伟第2关,900117,1040043,"[101,201]","[1,1]",1:4:100,"[1001,1002]","[5,504]"
4004303,[3星]赵继伟第3关,900118,1040043,"[101,201]","[1,1]",1:4:100,"[1001,1002]","[5,504]"
4004304,[3星]赵继伟第4关,900119,1040043,"[101,201]","[1,1]",1:4:100,"[1001,1002]","[5,504]"
4004305,[3星]赵继伟第5关,900120,1040043,"[101,201]","[1,1]",1:4:100,"[1001,1002]","[5,504]"
4004306,[3星]赵继伟第6关,900101,1040043,"[101,201]","[1,1]",1:4:100,"[1001,1002]","[5,504]"
4004307,[3星]赵继伟第7关,900102,1040043,"[101,201]","[1,1]",1:4:100,"[1001,1002]","[5,504]"
4004308,[3星]赵继伟第8关,900103,1040043,"[101,201]","[1,1]",1:4:100,"[1001,1002]","[5,504]"
4004309,[3星]赵继伟第9关,900104,1040043,"[101,201]","[1,1]",1:4:100,"[1001,1002]","[5,504]"
4004310,[3星]赵继伟第10关,900105,1040043,"[101,201]","[1,1]",1:4:100,"[1001,1002]","[5,504]"
4004501,[5星]赵继伟第1关,900106,1040045,"[101,201]","[1,1]",1:4:100,"[1001,1002]","[5,504]"
4004502,[5星]赵继伟第2关,900107,1040045,"[101,201]","[1,1]",1:4:100,"[1001,1002]","[5,504]"
4004503,[5星]赵继伟第3关,900108,1040045,"[101,201]","[1,1]",1:4:100,"[1001,1002]","[5,504]"
4004504,[5星]赵继伟第4关,900109,1040045,"[101,201]","[1,1]",1:4:100,"[1001,1002]","[5,504]"
4004505,[5星]赵继伟第5关,900110,1040045,"[101,201]","[1,1]",1:4:100,"[1001,1002]","[5,504]"
4004506,[5星]赵继伟第6关,900111,1040045,"[101,201]","[1,1]",1:4:100,"[1001,1002]","[5,504]"
4004507,[5星]赵继伟第7关,900112,1040045,"[101,201]","[1,1]",1:4:100,"[1001,1002]","[5,504]"
4004508,[5星]赵继伟第8关,900113,1040045,"[101,201]","[1,1]",1:4:100,"[1001,1002]","[5,504]"
4004509,[5星]赵继伟第9关,900114,1040045,"[101,201]","[1,1]",1:4:100,"[1001,1002]","[5,504]"
4004510,[5星]赵继伟第10关,900115,1040045,"[101,201]","[1,1]",1:4:100,"[1001,1002]","[5,504]"
4005001,[0星]韩德君第1关,900116,1040050,"[101,201]","[1,1]",1:4:100,"[1001,1002]","[5,505]"
4005002,[0星]韩德君第2关,900117,1040050,"[101,201]","[1,1]",1:4:100,"[1001,1002]","[5,505]"
4005003,[0星]韩德君第3关,900118,1040050,"[101,201]","[1,1]",1:4:100,"[1001,1002]","[5,505]"
4005004,[0星]韩德君第4关,900119,1040050,"[101,201]","[1,1]",1:4:100,"[1001,1002]","[5,505]"
4005005,[0星]韩德君第5关,900120,1040050,"[101,201]","[1,1]",1:4:100,"[1001,1002]","[5,505]"
4005101,[1星]韩德君第1关,900101,1040051,"[101,201]","[1,1]",1:4:100,"[1001,1002]","[5,505]"
4005102,[1星]韩德君第2关,900102,1040051,"[101,201]","[1,1]",1:4:100,"[1001,1002]","[5,505]"
4005103,[1星]韩德君第3关,900103,1040051,"[101,201]","[1,1]",1:4:100,"[1001,1002]","[5,505]"
4005104,[1星]韩德君第4关,900104,1040051,"[101,201]","[1,1]",1:4:100,"[1001,1002]","[5,505]"
4005105,[1星]韩德君第5关,900105,1040051,"[101,201]","[1,1]",1:4:100,"[1001,1002]","[5,505]"
4005106,[1星]韩德君第6关,900106,1040051,"[101,201]","[1,1]",1:4:100,"[1001,1002]","[5,505]"
4005107,[1星]韩德君第7关,900107,1040051,"[101,201]","[1,1]",1:4:100,"[1001,1002]","[5,505]"
4005108,[1星]韩德君第8关,900108,1040051,"[101,201]","[1,1]",1:4:100,"[1001,1002]","[5,505]"
4005109,[1星]韩德君第9关,900109,1040051,"[101,201]","[1,1]",1:4:100,"[1001,1002]","[5,505]"
4005110,[1星]韩德君第10关,900110,1040051,"[101,201]","[1,1]",1:4:100,"[1001,1002]","[5,505]"
4005301,[3星]韩德君第1关,900111,1040053,"[101,201]","[1,1]",1:4:100,"[1001,1002]","[5,505]"
4005302,[3星]韩德君第2关,900112,1040053,"[101,201]","[1,1]",1:4:100,"[1001,1002]","[5,505]"
4005303,[3星]韩德君第3关,900113,1040053,"[101,201]","[1,1]",1:4:100,"[1001,1002]","[5,505]"
4005304,[3星]韩德君第4关,900114,1040053,"[101,201]","[1,1]",1:4:100,"[1001,1002]","[5,505]"
4005305,[3星]韩德君第5关,900115,1040053,"[101,201]","[1,1]",1:4:100,"[1001,1002]","[5,505]"
4005306,[3星]韩德君第6关,900116,1040053,"[101,201]","[1,1]",1:4:100,"[1001,1002]","[5,505]"
4005307,[3星]韩德君第7关,900117,1040053,"[101,201]","[1,1]",1:4:100,"[1001,1002]","[5,505]"
4005308,[3星]韩德君第8关,900118,1040053,"[101,201]","[1,1]",1:4:100,"[1001,1002]","[5,505]"
4005309,[3星]韩德君第9关,900119,1040053,"[101,201]","[1,1]",1:4:100,"[1001,1002]","[5,505]"
4005310,[3星]韩德君第10关,900120,1040053,"[101,201]","[1,1]",1:4:100,"[1001,1002]","[5,505]"
4005501,[5星]韩德君第1关,900101,1040055,"[101,201]","[1,1]",1:4:100,"[1001,1002]","[5,505]"
4005502,[5星]韩德君第2关,900102,1040055,"[101,201]","[1,1]",1:4:100,"[1001,1002]","[5,505]"
4005503,[5星]韩德君第3关,900103,1040055,"[101,201]","[1,1]",1:4:100,"[1001,1002]","[5,505]"
4005504,[5星]韩德君第4关,900104,1040055,"[101,201]","[1,1]",1:4:100,"[1001,1002]","[5,505]"
4005505,[5星]韩德君第5关,900105,1040055,"[101,201]","[1,1]",1:4:100,"[1001,1002]","[5,505]"
4005506,[5星]韩德君第6关,900106,1040055,"[101,201]","[1,1]",1:4:100,"[1001,1002]","[5,505]"
4005507,[5星]韩德君第7关,900107,1040055,"[101,201]","[1,1]",1:4:100,"[1001,1002]","[5,505]"
4005508,[5星]韩德君第8关,900108,1040055,"[101,201]","[1,1]",1:4:100,"[1001,1002]","[5,505]"
4005509,[5星]韩德君第9关,900109,1040055,"[101,201]","[1,1]",1:4:100,"[1001,1002]","[5,505]"
4005510,[5星]韩德君第10关,900110,1040055,"[101,201]","[1,1]",1:4:100,"[1001,1002]","[5,505]"
4006001,[0星]赵睿第1关,900111,1040060,"[101,201]","[1,1]",1:4:100,"[1001,1002]","[5,506]"
4006002,[0星]赵睿第2关,900112,1040060,"[101,201]","[1,1]",1:4:100,"[1001,1002]","[5,506]"
4006003,[0星]赵睿第3关,900113,1040060,"[101,201]","[1,1]",1:4:100,"[1001,1002]","[5,506]"
4006004,[0星]赵睿第4关,900114,1040060,"[101,201]","[1,1]",1:4:100,"[1001,1002]","[5,506]"
4006005,[0星]赵睿第5关,900115,1040060,"[101,201]","[1,1]",1:4:100,"[1001,1002]","[5,506]"
4006101,[1星]赵睿第1关,900116,1040061,"[101,201]","[1,1]",1:4:100,"[1001,1002]","[5,506]"
4006102,[1星]赵睿第2关,900117,1040061,"[101,201]","[1,1]",1:4:100,"[1001,1002]","[5,506]"
4006103,[1星]赵睿第3关,900118,1040061,"[101,201]","[1,1]",1:4:100,"[1001,1002]","[5,506]"
4006104,[1星]赵睿第4关,900119,1040061,"[101,201]","[1,1]",1:4:100,"[1001,1002]","[5,506]"
4006105,[1星]赵睿第5关,900120,1040061,"[101,201]","[1,1]",1:4:100,"[1001,1002]","[5,506]"
4006106,[1星]赵睿第6关,900101,1040061,"[101,201]","[1,1]",1:4:100,"[1001,1002]","[5,506]"
4006107,[1星]赵睿第7关,900102,1040061,"[101,201]","[1,1]",1:4:100,"[1001,1002]","[5,506]"
4006108,[1星]赵睿第8关,900103,1040061,"[101,201]","[1,1]",1:4:100,"[1001,1002]","[5,506]"
4006109,[1星]赵睿第9关,900104,1040061,"[101,201]","[1,1]",1:4:100,"[1001,1002]","[5,506]"
4006110,[1星]赵睿第10关,900105,1040061,"[101,201]","[1,1]",1:4:100,"[1001,1002]","[5,506]"
4006301,[3星]赵睿第1关,900106,1040063,"[101,201]","[1,1]",1:4:100,"[1001,1002]","[5,506]"
4006302,[3星]赵睿第2关,900107,1040063,"[101,201]","[1,1]",1:4:100,"[1001,1002]","[5,506]"
4006303,[3星]赵睿第3关,900108,1040063,"[101,201]","[1,1]",1:4:100,"[1001,1002]","[5,506]"
4006304,[3星]赵睿第4关,900109,1040063,"[101,201]","[1,1]",1:4:100,"[1001,1002]","[5,506]"
4006305,[3星]赵睿第5关,900110,1040063,"[101,201]","[1,1]",1:4:100,"[1001,1002]","[5,506]"
4006306,[3星]赵睿第6关,900111,1040063,"[101,201]","[1,1]",1:4:100,"[1001,1002]","[5,506]"
4006307,[3星]赵睿第7关,900112,1040063,"[101,201]","[1,1]",1:4:100,"[1001,1002]","[5,506]"
4006308,[3星]赵睿第8关,900113,1040063,"[101,201]","[1,1]",1:4:100,"[1001,1002]","[5,506]"
4006309,[3星]赵睿第9关,900114,1040063,"[101,201]","[1,1]",1:4:100,"[1001,1002]","[5,506]"
4006310,[3星]赵睿第10关,900115,1040063,"[101,201]","[1,1]",1:4:100,"[1001,1002]","[5,506]"
4006501,[5星]赵睿第1关,900116,1040065,"[101,201]","[1,1]",1:4:100,"[1001,1002]","[5,506]"
4006502,[5星]赵睿第2关,900117,1040065,"[101,201]","[1,1]",1:4:100,"[1001,1002]","[5,506]"
4006503,[5星]赵睿第3关,900118,1040065,"[101,201]","[1,1]",1:4:100,"[1001,1002]","[5,506]"
4006504,[5星]赵睿第4关,900119,1040065,"[101,201]","[1,1]",1:4:100,"[1001,1002]","[5,506]"
4006505,[5星]赵睿第5关,900120,1040065,"[101,201]","[1,1]",1:4:100,"[1001,1002]","[5,506]"
4006506,[5星]赵睿第6关,900101,1040065,"[101,201]","[1,1]",1:4:100,"[1001,1002]","[5,506]"
4006507,[5星]赵睿第7关,900102,1040065,"[101,201]","[1,1]",1:4:100,"[1001,1002]","[5,506]"
4006508,[5星]赵睿第8关,900103,1040065,"[101,201]","[1,1]",1:4:100,"[1001,1002]","[5,506]"
4006509,[5星]赵睿第9关,900104,1040065,"[101,201]","[1,1]",1:4:100,"[1001,1002]","[5,506]"
4006510,[5星]赵睿第10关,900105,1040065,"[101,201]","[1,1]",1:4:100,"[1001,1002]","[5,506]"
4007001,[0星]胡金秋第1关,900106,1040070,"[101,201]","[1,1]",1:4:100,"[1001,1002]","[5,507]"
4007002,[0星]胡金秋第2关,900107,1040070,"[101,201]","[1,1]",1:4:100,"[1001,1002]","[5,507]"
4007003,[0星]胡金秋第3关,900108,1040070,"[101,201]","[1,1]",1:4:100,"[1001,1002]","[5,507]"
4007004,[0星]胡金秋第4关,900109,1040070,"[101,201]","[1,1]",1:4:100,"[1001,1002]","[5,507]"
4007005,[0星]胡金秋第5关,900110,1040070,"[101,201]","[1,1]",1:4:100,"[1001,1002]","[5,507]"
4007101,[1星]胡金秋第1关,900111,1040071,"[101,201]","[1,1]",1:4:100,"[1001,1002]","[5,507]"
4007102,[1星]胡金秋第2关,900112,1040071,"[101,201]","[1,1]",1:4:100,"[1001,1002]","[5,507]"
4007103,[1星]胡金秋第3关,900113,1040071,"[101,201]","[1,1]",1:4:100,"[1001,1002]","[5,507]"
4007104,[1星]胡金秋第4关,900114,1040071,"[101,201]","[1,1]",1:4:100,"[1001,1002]","[5,507]"
4007105,[1星]胡金秋第5关,900115,1040071,"[101,201]","[1,1]",1:4:100,"[1001,1002]","[5,507]"
4007106,[1星]胡金秋第6关,900116,1040071,"[101,201]","[1,1]",1:4:100,"[1001,1002]","[5,507]"
4007107,[1星]胡金秋第7关,900117,1040071,"[101,201]","[1,1]",1:4:100,"[1001,1002]","[5,507]"
4007108,[1星]胡金秋第8关,900118,1040071,"[101,201]","[1,1]",1:4:100,"[1001,1002]","[5,507]"
4007109,[1星]胡金秋第9关,900119,1040071,"[101,201]","[1,1]",1:4:100,"[1001,1002]","[5,507]"
4007110,[1星]胡金秋第10关,900120,1040071,"[101,201]","[1,1]",1:4:100,"[1001,1002]","[5,507]"
4007301,[3星]胡金秋第1关,900101,1040073,"[101,201]","[1,1]",1:4:100,"[1001,1002]","[5,507]"
4007302,[3星]胡金秋第2关,900102,1040073,"[101,201]","[1,1]",1:4:100,"[1001,1002]","[5,507]"
4007303,[3星]胡金秋第3关,900103,1040073,"[101,201]","[1,1]",1:4:100,"[1001,1002]","[5,507]"
4007304,[3星]胡金秋第4关,900104,1040073,"[101,201]","[1,1]",1:4:100,"[1001,1002]","[5,507]"
4007305,[3星]胡金秋第5关,900105,1040073,"[101,201]","[1,1]",1:4:100,"[1001,1002]","[5,507]"
4007306,[3星]胡金秋第6关,900106,1040073,"[101,201]","[1,1]",1:4:100,"[1001,1002]","[5,507]"
4007307,[3星]胡金秋第7关,900107,1040073,"[101,201]","[1,1]",1:4:100,"[1001,1002]","[5,507]"
4007308,[3星]胡金秋第8关,900108,1040073,"[101,201]","[1,1]",1:4:100,"[1001,1002]","[5,507]"
4007309,[3星]胡金秋第9关,900109,1040073,"[101,201]","[1,1]",1:4:100,"[1001,1002]","[5,507]"
4007310,[3星]胡金秋第10关,900110,1040073,"[101,201]","[1,1]",1:4:100,"[1001,1002]","[5,507]"
4007501,[5星]胡金秋第1关,900111,1040075,"[101,201]","[1,1]",1:4:100,"[1001,1002]","[5,507]"
4007502,[5星]胡金秋第2关,900112,1040075,"[101,201]","[1,1]",1:4:100,"[1001,1002]","[5,507]"
4007503,[5星]胡金秋第3关,900113,1040075,"[101,201]","[1,1]",1:4:100,"[1001,1002]","[5,507]"
4007504,[5星]胡金秋第4关,900114,1040075,"[101,201]","[1,1]",1:4:100,"[1001,1002]","[5,507]"
4007505,[5星]胡金秋第5关,900115,1040075,"[101,201]","[1,1]",1:4:100,"[1001,1002]","[5,507]"
4007506,[5星]胡金秋第6关,900116,1040075,"[101,201]","[1,1]",1:4:100,"[1001,1002]","[5,507]"
4007507,[5星]胡金秋第7关,900117,1040075,"[101,201]","[1,1]",1:4:100,"[1001,1002]","[5,507]"
4007508,[5星]胡金秋第8关,900118,1040075,"[101,201]","[1,1]",1:4:100,"[1001,1002]","[5,507]"
4007509,[5星]胡金秋第9关,900119,1040075,"[101,201]","[1,1]",1:4:100,"[1001,1002]","[5,507]"
4007510,[5星]胡金秋第10关,900120,1040075,"[101,201]","[1,1]",1:4:100,"[1001,1002]","[5,507]"
4008001,[0星]王哲林第1关,900101,1040080,"[101,201]","[1,1]",1:4:100,"[1001,1002]","[5,508]"
4008002,[0星]王哲林第2关,900102,1040080,"[101,201]","[1,1]",1:4:100,"[1001,1002]","[5,508]"
4008003,[0星]王哲林第3关,900103,1040080,"[101,201]","[1,1]",1:4:100,"[1001,1002]","[5,508]"
4008004,[0星]王哲林第4关,900104,1040080,"[101,201]","[1,1]",1:4:100,"[1001,1002]","[5,508]"
4008005,[0星]王哲林第5关,900105,1040080,"[101,201]","[1,1]",1:4:100,"[1001,1002]","[5,508]"
4008101,[1星]王哲林第1关,900106,1040081,"[101,201]","[1,1]",1:4:100,"[1001,1002]","[5,508]"
4008102,[1星]王哲林第2关,900107,1040081,"[101,201]","[1,1]",1:4:100,"[1001,1002]","[5,508]"
4008103,[1星]王哲林第3关,900108,1040081,"[101,201]","[1,1]",1:4:100,"[1001,1002]","[5,508]"
4008104,[1星]王哲林第4关,900109,1040081,"[101,201]","[1,1]",1:4:100,"[1001,1002]","[5,508]"
4008105,[1星]王哲林第5关,900110,1040081,"[101,201]","[1,1]",1:4:100,"[1001,1002]","[5,508]"
4008106,[1星]王哲林第6关,900111,1040081,"[101,201]","[1,1]",1:4:100,"[1001,1002]","[5,508]"
4008107,[1星]王哲林第7关,900112,1040081,"[101,201]","[1,1]",1:4:100,"[1001,1002]","[5,508]"
4008108,[1星]王哲林第8关,900113,1040081,"[101,201]","[1,1]",1:4:100,"[1001,1002]","[5,508]"
4008109,[1星]王哲林第9关,900114,1040081,"[101,201]","[1,1]",1:4:100,"[1001,1002]","[5,508]"
4008110,[1星]王哲林第10关,900115,1040081,"[101,201]","[1,1]",1:4:100,"[1001,1002]","[5,508]"
4008301,[3星]王哲林第1关,900116,1040083,"[101,201]","[1,1]",1:4:100,"[1001,1002]","[5,508]"
4008302,[3星]王哲林第2关,900117,1040083,"[101,201]","[1,1]",1:4:100,"[1001,1002]","[5,508]"
4008303,[3星]王哲林第3关,900118,1040083,"[101,201]","[1,1]",1:4:100,"[1001,1002]","[5,508]"
4008304,[3星]王哲林第4关,900119,1040083,"[101,201]","[1,1]",1:4:100,"[1001,1002]","[5,508]"
4008305,[3星]王哲林第5关,900120,1040083,"[101,201]","[1,1]",1:4:100,"[1001,1002]","[5,508]"
4008306,[3星]王哲林第6关,900101,1040083,"[101,201]","[1,1]",1:4:100,"[1001,1002]","[5,508]"
4008307,[3星]王哲林第7关,900102,1040083,"[101,201]","[1,1]",1:4:100,"[1001,1002]","[5,508]"
4008308,[3星]王哲林第8关,900103,1040083,"[101,201]","[1,1]",1:4:100,"[1001,1002]","[5,508]"
4008309,[3星]王哲林第9关,900104,1040083,"[101,201]","[1,1]",1:4:100,"[1001,1002]","[5,508]"
4008310,[3星]王哲林第10关,900105,1040083,"[101,201]","[1,1]",1:4:100,"[1001,1002]","[5,508]"
4008501,[5星]王哲林第1关,900106,1040085,"[101,201]","[1,1]",1:4:100,"[1001,1002]","[5,508]"
4008502,[5星]王哲林第2关,900107,1040085,"[101,201]","[1,1]",1:4:100,"[1001,1002]","[5,508]"
4008503,[5星]王哲林第3关,900108,1040085,"[101,201]","[1,1]",1:4:100,"[1001,1002]","[5,508]"
4008504,[5星]王哲林第4关,900109,1040085,"[101,201]","[1,1]",1:4:100,"[1001,1002]","[5,508]"
4008505,[5星]王哲林第5关,900110,1040085,"[101,201]","[1,1]",1:4:100,"[1001,1002]","[5,508]"
4008506,[5星]王哲林第6关,900111,1040085,"[101,201]","[1,1]",1:4:100,"[1001,1002]","[5,508]"
4008507,[5星]王哲林第7关,900112,1040085,"[101,201]","[1,1]",1:4:100,"[1001,1002]","[5,508]"
4008508,[5星]王哲林第8关,900113,1040085,"[101,201]","[1,1]",1:4:100,"[1001,1002]","[5,508]"
4008509,[5星]王哲林第9关,900114,1040085,"[101,201]","[1,1]",1:4:100,"[1001,1002]","[5,508]"
4008510,[5星]王哲林第10关,900115,1040085,"[101,201]","[1,1]",1:4:100,"[1001,1002]","[5,508]"
4009001,[0星]沈梓捷第1关,900116,1040090,"[101,201]","[1,1]",1:4:100,"[1001,1002]","[5,509]"
4009002,[0星]沈梓捷第2关,900117,1040090,"[101,201]","[1,1]",1:4:100,"[1001,1002]","[5,509]"
4009003,[0星]沈梓捷第3关,900118,1040090,"[101,201]","[1,1]",1:4:100,"[1001,1002]","[5,509]"
4009004,[0星]沈梓捷第4关,900119,1040090,"[101,201]","[1,1]",1:4:100,"[1001,1002]","[5,509]"
4009005,[0星]沈梓捷第5关,900120,1040090,"[101,201]","[1,1]",1:4:100,"[1001,1002]","[5,509]"
4009101,[1星]沈梓捷第1关,900101,1040091,"[101,201]","[1,1]",1:4:100,"[1001,1002]","[5,509]"
4009102,[1星]沈梓捷第2关,900102,1040091,"[101,201]","[1,1]",1:4:100,"[1001,1002]","[5,509]"
4009103,[1星]沈梓捷第3关,900103,1040091,"[101,201]","[1,1]",1:4:100,"[1001,1002]","[5,509]"
4009104,[1星]沈梓捷第4关,900104,1040091,"[101,201]","[1,1]",1:4:100,"[1001,1002]","[5,509]"
4009105,[1星]沈梓捷第5关,900105,1040091,"[101,201]","[1,1]",1:4:100,"[1001,1002]","[5,509]"
4009106,[1星]沈梓捷第6关,900106,1040091,"[101,201]","[1,1]",1:4:100,"[1001,1002]","[5,509]"
4009107,[1星]沈梓捷第7关,900107,1040091,"[101,201]","[1,1]",1:4:100,"[1001,1002]","[5,509]"
4009108,[1星]沈梓捷第8关,900108,1040091,"[101,201]","[1,1]",1:4:100,"[1001,1002]","[5,509]"
4009109,[1星]沈梓捷第9关,900109,1040091,"[101,201]","[1,1]",1:4:100,"[1001,1002]","[5,509]"
4009110,[1星]沈梓捷第10关,900110,1040091,"[101,201]","[1,1]",1:4:100,"[1001,1002]","[5,509]"
4009301,[3星]沈梓捷第1关,900111,1040093,"[101,201]","[1,1]",1:4:100,"[1001,1002]","[5,509]"
4009302,[3星]沈梓捷第2关,900112,1040093,"[101,201]","[1,1]",1:4:100,"[1001,1002]","[5,509]"
4009303,[3星]沈梓捷第3关,900113,1040093,"[101,201]","[1,1]",1:4:100,"[1001,1002]","[5,509]"
4009304,[3星]沈梓捷第4关,900114,1040093,"[101,201]","[1,1]",1:4:100,"[1001,1002]","[5,509]"
4009305,[3星]沈梓捷第5关,900115,1040093,"[101,201]","[1,1]",1:4:100,"[1001,1002]","[5,509]"
4009306,[3星]沈梓捷第6关,900116,1040093,"[101,201]","[1,1]",1:4:100,"[1001,1002]","[5,509]"
4009307,[3星]沈梓捷第7关,900117,1040093,"[101,201]","[1,1]",1:4:100,"[1001,1002]","[5,509]"
4009308,[3星]沈梓捷第8关,900118,1040093,"[101,201]","[1,1]",1:4:100,"[1001,1002]","[5,509]"
4009309,[3星]沈梓捷第9关,900119,1040093,"[101,201]","[1,1]",1:4:100,"[1001,1002]","[5,509]"
4009310,[3星]沈梓捷第10关,900120,1040093,"[101,201]","[1,1]",1:4:100,"[1001,1002]","[5,509]"
4009501,[5星]沈梓捷第1关,900101,1040095,"[101,201]","[1,1]",1:4:100,"[1001,1002]","[5,509]"
4009502,[5星]沈梓捷第2关,900102,1040095,"[101,201]","[1,1]",1:4:100,"[1001,1002]","[5,509]"
4009503,[5星]沈梓捷第3关,900103,1040095,"[101,201]","[1,1]",1:4:100,"[1001,1002]","[5,509]"
4009504,[5星]沈梓捷第4关,900104,1040095,"[101,201]","[1,1]",1:4:100,"[1001,1002]","[5,509]"
4009505,[5星]沈梓捷第5关,900105,1040095,"[101,201]","[1,1]",1:4:100,"[1001,1002]","[5,509]"
4009506,[5星]沈梓捷第6关,900106,1040095,"[101,201]","[1,1]",1:4:100,"[1001,1002]","[5,509]"
4009507,[5星]沈梓捷第7关,900107,1040095,"[101,201]","[1,1]",1:4:100,"[1001,1002]","[5,509]"
4009508,[5星]沈梓捷第8关,900108,1040095,"[101,201]","[1,1]",1:4:100,"[1001,1002]","[5,509]"
4009509,[5星]沈梓捷第9关,900109,1040095,"[101,201]","[1,1]",1:4:100,"[1001,1002]","[5,509]"
4009510,[5星]沈梓捷第10关,900110,1040095,"[101,201]","[1,1]",1:4:100,"[1001,1002]","[5,509]"
4010001,[0星]张镇麟第1关,900111,1040100,"[101,201]","[1,1]",1:4:100,"[1001,1002]","[5,510]"
4010002,[0星]张镇麟第2关,900112,1040100,"[101,201]","[1,1]",1:4:100,"[1001,1002]","[5,510]"
4010003,[0星]张镇麟第3关,900113,1040100,"[101,201]","[1,1]",1:4:100,"[1001,1002]","[5,510]"
4010004,[0星]张镇麟第4关,900114,1040100,"[101,201]","[1,1]",1:4:100,"[1001,1002]","[5,510]"
4010005,[0星]张镇麟第5关,900115,1040100,"[101,201]","[1,1]",1:4:100,"[1001,1002]","[5,510]"
4010101,[1星]张镇麟第1关,900116,1040101,"[101,201]","[1,1]",1:4:100,"[1001,1002]","[5,510]"
4010102,[1星]张镇麟第2关,900117,1040101,"[101,201]","[1,1]",1:4:100,"[1001,1002]","[5,510]"
4010103,[1星]张镇麟第3关,900118,1040101,"[101,201]","[1,1]",1:4:100,"[1001,1002]","[5,510]"
4010104,[1星]张镇麟第4关,900119,1040101,"[101,201]","[1,1]",1:4:100,"[1001,1002]","[5,510]"
4010105,[1星]张镇麟第5关,900120,1040101,"[101,201]","[1,1]",1:4:100,"[1001,1002]","[5,510]"
4010106,[1星]张镇麟第6关,900101,1040101,"[101,201]","[1,1]",1:4:100,"[1001,1002]","[5,510]"
4010107,[1星]张镇麟第7关,900102,1040101,"[101,201]","[1,1]",1:4:100,"[1001,1002]","[5,510]"
4010108,[1星]张镇麟第8关,900103,1040101,"[101,201]","[1,1]",1:4:100,"[1001,1002]","[5,510]"
4010109,[1星]张镇麟第9关,900104,1040101,"[101,201]","[1,1]",1:4:100,"[1001,1002]","[5,510]"
4010110,[1星]张镇麟第10关,900105,1040101,"[101,201]","[1,1]",1:4:100,"[1001,1002]","[5,510]"
4010301,[3星]张镇麟第1关,900106,1040103,"[101,201]","[1,1]",1:4:100,"[1001,1002]","[5,510]"
4010302,[3星]张镇麟第2关,900107,1040103,"[101,201]","[1,1]",1:4:100,"[1001,1002]","[5,510]"
4010303,[3星]张镇麟第3关,900108,1040103,"[101,201]","[1,1]",1:4:100,"[1001,1002]","[5,510]"
4010304,[3星]张镇麟第4关,900109,1040103,"[101,201]","[1,1]",1:4:100,"[1001,1002]","[5,510]"
4010305,[3星]张镇麟第5关,900110,1040103,"[101,201]","[1,1]",1:4:100,"[1001,1002]","[5,510]"
4010306,[3星]张镇麟第6关,900111,1040103,"[101,201]","[1,1]",1:4:100,"[1001,1002]","[5,510]"
4010307,[3星]张镇麟第7关,900112,1040103,"[101,201]","[1,1]",1:4:100,"[1001,1002]","[5,510]"
4010308,[3星]张镇麟第8关,900113,1040103,"[101,201]","[1,1]",1:4:100,"[1001,1002]","[5,510]"
4010309,[3星]张镇麟第9关,900114,1040103,"[101,201]","[1,1]",1:4:100,"[1001,1002]","[5,510]"
4010310,[3星]张镇麟第10关,900115,1040103,"[101,201]","[1,1]",1:4:100,"[1001,1002]","[5,510]"
4010501,[5星]张镇麟第1关,900116,1040105,"[101,201]","[1,1]",1:4:100,"[1001,1002]","[5,510]"
4010502,[5星]张镇麟第2关,900117,1040105,"[101,201]","[1,1]",1:4:100,"[1001,1002]","[5,510]"
4010503,[5星]张镇麟第3关,900118,1040105,"[101,201]","[1,1]",1:4:100,"[1001,1002]","[5,510]"
4010504,[5星]张镇麟第4关,900119,1040105,"[101,201]","[1,1]",1:4:100,"[1001,1002]","[5,510]"
4010505,[5星]张镇麟第5关,900120,1040105,"[101,201]","[1,1]",1:4:100,"[1001,1002]","[5,510]"
4010506,[5星]张镇麟第6关,900101,1040105,"[101,201]","[1,1]",1:4:100,"[1001,1002]","[5,510]"
4010507,[5星]张镇麟第7关,900102,1040105,"[101,201]","[1,1]",1:4:100,"[1001,1002]","[5,510]"
4010508,[5星]张镇麟第8关,900103,1040105,"[101,201]","[1,1]",1:4:100,"[1001,1002]","[5,510]"
4010509,[5星]张镇麟第9关,900104,1040105,"[101,201]","[1,1]",1:4:100,"[1001,1002]","[5,510]"
4010510,[5星]张镇麟第10关,900105,1040105,"[101,201]","[1,1]",1:4:100,"[1001,1002]","[5,510]"
4011001,[0星]陶汉林第1关,900106,1040110,"[101,201]","[1,1]",1:4:100,"[1001,1002]","[5,511]"
4011002,[0星]陶汉林第2关,900107,1040110,"[101,201]","[1,1]",1:4:100,"[1001,1002]","[5,511]"
4011003,[0星]陶汉林第3关,900108,1040110,"[101,201]","[1,1]",1:4:100,"[1001,1002]","[5,511]"
4011004,[0星]陶汉林第4关,900109,1040110,"[101,201]","[1,1]",1:4:100,"[1001,1002]","[5,511]"
4011005,[0星]陶汉林第5关,900110,1040110,"[101,201]","[1,1]",1:4:100,"[1001,1002]","[5,511]"
4011101,[1星]陶汉林第1关,900111,1040111,"[101,201]","[1,1]",1:4:100,"[1001,1002]","[5,511]"
4011102,[1星]陶汉林第2关,900112,1040111,"[101,201]","[1,1]",1:4:100,"[1001,1002]","[5,511]"
4011103,[1星]陶汉林第3关,900113,1040111,"[101,201]","[1,1]",1:4:100,"[1001,1002]","[5,511]"
4011104,[1星]陶汉林第4关,900114,1040111,"[101,201]","[1,1]",1:4:100,"[1001,1002]","[5,511]"
4011105,[1星]陶汉林第5关,900115,1040111,"[101,201]","[1,1]",1:4:100,"[1001,1002]","[5,511]"
4011106,[1星]陶汉林第6关,900116,1040111,"[101,201]","[1,1]",1:4:100,"[1001,1002]","[5,511]"
4011107,[1星]陶汉林第7关,900117,1040111,"[101,201]","[1,1]",1:4:100,"[1001,1002]","[5,511]"
4011108,[1星]陶汉林第8关,900118,1040111,"[101,201]","[1,1]",1:4:100,"[1001,1002]","[5,511]"
4011109,[1星]陶汉林第9关,900119,1040111,"[101,201]","[1,1]",1:4:100,"[1001,1002]","[5,511]"
4011110,[1星]陶汉林第10关,900120,1040111,"[101,201]","[1,1]",1:4:100,"[1001,1002]","[5,511]"
4011301,[3星]陶汉林第1关,900101,1040113,"[101,201]","[1,1]",1:4:100,"[1001,1002]","[5,511]"
4011302,[3星]陶汉林第2关,900102,1040113,"[101,201]","[1,1]",1:4:100,"[1001,1002]","[5,511]"
4011303,[3星]陶汉林第3关,900103,1040113,"[101,201]","[1,1]",1:4:100,"[1001,1002]","[5,511]"
4011304,[3星]陶汉林第4关,900104,1040113,"[101,201]","[1,1]",1:4:100,"[1001,1002]","[5,511]"
4011305,[3星]陶汉林第5关,900105,1040113,"[101,201]","[1,1]",1:4:100,"[1001,1002]","[5,511]"
4011306,[3星]陶汉林第6关,900106,1040113,"[101,201]","[1,1]",1:4:100,"[1001,1002]","[5,511]"
4011307,[3星]陶汉林第7关,900107,1040113,"[101,201]","[1,1]",1:4:100,"[1001,1002]","[5,511]"
4011308,[3星]陶汉林第8关,900108,1040113,"[101,201]","[1,1]",1:4:100,"[1001,1002]","[5,511]"
4011309,[3星]陶汉林第9关,900109,1040113,"[101,201]","[1,1]",1:4:100,"[1001,1002]","[5,511]"
4011310,[3星]陶汉林第10关,900110,1040113,"[101,201]","[1,1]",1:4:100,"[1001,1002]","[5,511]"
4011501,[5星]陶汉林第1关,900111,1040115,"[101,201]","[1,1]",1:4:100,"[1001,1002]","[5,511]"
4011502,[5星]陶汉林第2关,900112,1040115,"[101,201]","[1,1]",1:4:100,"[1001,1002]","[5,511]"
4011503,[5星]陶汉林第3关,900113,1040115,"[101,201]","[1,1]",1:4:100,"[1001,1002]","[5,511]"
4011504,[5星]陶汉林第4关,900114,1040115,"[101,201]","[1,1]",1:4:100,"[1001,1002]","[5,511]"
4011505,[5星]陶汉林第5关,900115,1040115,"[101,201]","[1,1]",1:4:100,"[1001,1002]","[5,511]"
4011506,[5星]陶汉林第6关,900116,1040115,"[101,201]","[1,1]",1:4:100,"[1001,1002]","[5,511]"
4011507,[5星]陶汉林第7关,900117,1040115,"[101,201]","[1,1]",1:4:100,"[1001,1002]","[5,511]"
4011508,[5星]陶汉林第8关,900118,1040115,"[101,201]","[1,1]",1:4:100,"[1001,1002]","[5,511]"
4011509,[5星]陶汉林第9关,900119,1040115,"[101,201]","[1,1]",1:4:100,"[1001,1002]","[5,511]"
4011510,[5星]陶汉林第10关,900120,1040115,"[101,201]","[1,1]",1:4:100,"[1001,1002]","[5,511]"
4012001,[0星]孙铭徽第1关,900101,1040120,"[101,201]","[1,1]",1:4:100,"[1001,1002]","[5,512]"
4012002,[0星]孙铭徽第2关,900102,1040120,"[101,201]","[1,1]",1:4:100,"[1001,1002]","[5,512]"
4012003,[0星]孙铭徽第3关,900103,1040120,"[101,201]","[1,1]",1:4:100,"[1001,1002]","[5,512]"
4012004,[0星]孙铭徽第4关,900104,1040120,"[101,201]","[1,1]",1:4:100,"[1001,1002]","[5,512]"
4012005,[0星]孙铭徽第5关,900105,1040120,"[101,201]","[1,1]",1:4:100,"[1001,1002]","[5,512]"
4012101,[1星]孙铭徽第1关,900106,1040121,"[101,201]","[1,1]",1:4:100,"[1001,1002]","[5,512]"
4012102,[1星]孙铭徽第2关,900107,1040121,"[101,201]","[1,1]",1:4:100,"[1001,1002]","[5,512]"
4012103,[1星]孙铭徽第3关,900108,1040121,"[101,201]","[1,1]",1:4:100,"[1001,1002]","[5,512]"
4012104,[1星]孙铭徽第4关,900109,1040121,"[101,201]","[1,1]",1:4:100,"[1001,1002]","[5,512]"
4012105,[1星]孙铭徽第5关,900110,1040121,"[101,201]","[1,1]",1:4:100,"[1001,1002]","[5,512]"
4012106,[1星]孙铭徽第6关,900111,1040121,"[101,201]","[1,1]",1:4:100,"[1001,1002]","[5,512]"
4012107,[1星]孙铭徽第7关,900112,1040121,"[101,201]","[1,1]",1:4:100,"[1001,1002]","[5,512]"
4012108,[1星]孙铭徽第8关,900113,1040121,"[101,201]","[1,1]",1:4:100,"[1001,1002]","[5,512]"
4012109,[1星]孙铭徽第9关,900114,1040121,"[101,201]","[1,1]",1:4:100,"[1001,1002]","[5,512]"
4012110,[1星]孙铭徽第10关,900115,1040121,"[101,201]","[1,1]",1:4:100,"[1001,1002]","[5,512]"
4012301,[3星]孙铭徽第1关,900116,1040123,"[101,201]","[1,1]",1:4:100,"[1001,1002]","[5,512]"
4012302,[3星]孙铭徽第2关,900117,1040123,"[101,201]","[1,1]",1:4:100,"[1001,1002]","[5,512]"
4012303,[3星]孙铭徽第3关,900118,1040123,"[101,201]","[1,1]",1:4:100,"[1001,1002]","[5,512]"
4012304,[3星]孙铭徽第4关,900119,1040123,"[101,201]","[1,1]",1:4:100,"[1001,1002]","[5,512]"
4012305,[3星]孙铭徽第5关,900120,1040123,"[101,201]","[1,1]",1:4:100,"[1001,1002]","[5,512]"
4012306,[3星]孙铭徽第6关,900101,1040123,"[101,201]","[1,1]",1:4:100,"[1001,1002]","[5,512]"
4012307,[3星]孙铭徽第7关,900102,1040123,"[101,201]","[1,1]",1:4:100,"[1001,1002]","[5,512]"
4012308,[3星]孙铭徽第8关,900103,1040123,"[101,201]","[1,1]",1:4:100,"[1001,1002]","[5,512]"
4012309,[3星]孙铭徽第9关,900104,1040123,"[101,201]","[1,1]",1:4:100,"[1001,1002]","[5,512]"
4012310,[3星]孙铭徽第10关,900105,1040123,"[101,201]","[1,1]",1:4:100,"[1001,1002]","[5,512]"
4012501,[5星]孙铭徽第1关,900106,1040125,"[101,201]","[1,1]",1:4:100,"[1001,1002]","[5,512]"
4012502,[5星]孙铭徽第2关,900107,1040125,"[101,201]","[1,1]",1:4:100,"[1001,1002]","[5,512]"
4012503,[5星]孙铭徽第3关,900108,1040125,"[101,201]","[1,1]",1:4:100,"[1001,1002]","[5,512]"
4012504,[5星]孙铭徽第4关,900109,1040125,"[101,201]","[1,1]",1:4:100,"[1001,1002]","[5,512]"
4012505,[5星]孙铭徽第5关,900110,1040125,"[101,201]","[1,1]",1:4:100,"[1001,1002]","[5,512]"
4012506,[5星]孙铭徽第6关,900111,1040125,"[101,201]","[1,1]",1:4:100,"[1001,1002]","[5,512]"
4012507,[5星]孙铭徽第7关,900112,1040125,"[101,201]","[1,1]",1:4:100,"[1001,1002]","[5,512]"
4012508,[5星]孙铭徽第8关,900113,1040125,"[101,201]","[1,1]",1:4:100,"[1001,1002]","[5,512]"
4012509,[5星]孙铭徽第9关,900114,1040125,"[101,201]","[1,1]",1:4:100,"[1001,1002]","[5,512]"
4012510,[5星]孙铭徽第10关,900115,1040125,"[101,201]","[1,1]",1:4:100,"[1001,1002]","[5,512]"
4013001,[0星]周鹏第1关,900116,1040130,"[101,201]","[1,1]",1:4:100,"[1001,1002]","[5,513]"
4013002,[0星]周鹏第2关,900117,1040130,"[101,201]","[1,1]",1:4:100,"[1001,1002]","[5,513]"
4013003,[0星]周鹏第3关,900118,1040130,"[101,201]","[1,1]",1:4:100,"[1001,1002]","[5,513]"
4013004,[0星]周鹏第4关,900119,1040130,"[101,201]","[1,1]",1:4:100,"[1001,1002]","[5,513]"
4013005,[0星]周鹏第5关,900120,1040130,"[101,201]","[1,1]",1:4:100,"[1001,1002]","[5,513]"
4013101,[1星]周鹏第1关,900101,1040131,"[101,201]","[1,1]",1:4:100,"[1001,1002]","[5,513]"
4013102,[1星]周鹏第2关,900102,1040131,"[101,201]","[1,1]",1:4:100,"[1001,1002]","[5,513]"
4013103,[1星]周鹏第3关,900103,1040131,"[101,201]","[1,1]",1:4:100,"[1001,1002]","[5,513]"
4013104,[1星]周鹏第4关,900104,1040131,"[101,201]","[1,1]",1:4:100,"[1001,1002]","[5,513]"
4013105,[1星]周鹏第5关,900105,1040131,"[101,201]","[1,1]",1:4:100,"[1001,1002]","[5,513]"
4013106,[1星]周鹏第6关,900106,1040131,"[101,201]","[1,1]",1:4:100,"[1001,1002]","[5,513]"
4013107,[1星]周鹏第7关,900107,1040131,"[101,201]","[1,1]",1:4:100,"[1001,1002]","[5,513]"
4013108,[1星]周鹏第8关,900108,1040131,"[101,201]","[1,1]",1:4:100,"[1001,1002]","[5,513]"
4013109,[1星]周鹏第9关,900109,1040131,"[101,201]","[1,1]",1:4:100,"[1001,1002]","[5,513]"
4013110,[1星]周鹏第10关,900110,1040131,"[101,201]","[1,1]",1:4:100,"[1001,1002]","[5,513]"
4013301,[3星]周鹏第1关,900111,1040133,"[101,201]","[1,1]",1:4:100,"[1001,1002]","[5,513]"
4013302,[3星]周鹏第2关,900112,1040133,"[101,201]","[1,1]",1:4:100,"[1001,1002]","[5,513]"
4013303,[3星]周鹏第3关,900113,1040133,"[101,201]","[1,1]",1:4:100,"[1001,1002]","[5,513]"
4013304,[3星]周鹏第4关,900114,1040133,"[101,201]","[1,1]",1:4:100,"[1001,1002]","[5,513]"
4013305,[3星]周鹏第5关,900115,1040133,"[101,201]","[1,1]",1:4:100,"[1001,1002]","[5,513]"
4013306,[3星]周鹏第6关,900116,1040133,"[101,201]","[1,1]",1:4:100,"[1001,1002]","[5,513]"
4013307,[3星]周鹏第7关,900117,1040133,"[101,201]","[1,1]",1:4:100,"[1001,1002]","[5,513]"
4013308,[3星]周鹏第8关,900118,1040133,"[101,201]","[1,1]",1:4:100,"[1001,1002]","[5,513]"
4013309,[3星]周鹏第9关,900119,1040133,"[101,201]","[1,1]",1:4:100,"[1001,1002]","[5,513]"
4013310,[3星]周鹏第10关,900120,1040133,"[101,201]","[1,1]",1:4:100,"[1001,1002]","[5,513]"
4013501,[5星]周鹏第1关,900101,1040135,"[101,201]","[1,1]",1:4:100,"[1001,1002]","[5,513]"
4013502,[5星]周鹏第2关,900102,1040135,"[101,201]","[1,1]",1:4:100,"[1001,1002]","[5,513]"
4013503,[5星]周鹏第3关,900103,1040135,"[101,201]","[1,1]",1:4:100,"[1001,1002]","[5,513]"
4013504,[5星]周鹏第4关,900104,1040135,"[101,201]","[1,1]",1:4:100,"[1001,1002]","[5,513]"
4013505,[5星]周鹏第5关,900105,1040135,"[101,201]","[1,1]",1:4:100,"[1001,1002]","[5,513]"
4013506,[5星]周鹏第6关,900106,1040135,"[101,201]","[1,1]",1:4:100,"[1001,1002]","[5,513]"
4013507,[5星]周鹏第7关,900107,1040135,"[101,201]","[1,1]",1:4:100,"[1001,1002]","[5,513]"
4013508,[5星]周鹏第8关,900108,1040135,"[101,201]","[1,1]",1:4:100,"[1001,1002]","[5,513]"
4013509,[5星]周鹏第9关,900109,1040135,"[101,201]","[1,1]",1:4:100,"[1001,1002]","[5,513]"
4013510,[5星]周鹏第10关,900110,1040135,"[101,201]","[1,1]",1:4:100,"[1001,1002]","[5,513]"
4014001,[0星]胡明轩第1关,900111,1040140,"[101,201]","[1,1]",1:4:100,"[1001,1002]","[5,514]"
4014002,[0星]胡明轩第2关,900112,1040140,"[101,201]","[1,1]",1:4:100,"[1001,1002]","[5,514]"
4014003,[0星]胡明轩第3关,900113,1040140,"[101,201]","[1,1]",1:4:100,"[1001,1002]","[5,514]"
4014004,[0星]胡明轩第4关,900114,1040140,"[101,201]","[1,1]",1:4:100,"[1001,1002]","[5,514]"
4014005,[0星]胡明轩第5关,900115,1040140,"[101,201]","[1,1]",1:4:100,"[1001,1002]","[5,514]"
4014101,[1星]胡明轩第1关,900116,1040141,"[101,201]","[1,1]",1:4:100,"[1001,1002]","[5,514]"
4014102,[1星]胡明轩第2关,900117,1040141,"[101,201]","[1,1]",1:4:100,"[1001,1002]","[5,514]"
4014103,[1星]胡明轩第3关,900118,1040141,"[101,201]","[1,1]",1:4:100,"[1001,1002]","[5,514]"
4014104,[1星]胡明轩第4关,900119,1040141,"[101,201]","[1,1]",1:4:100,"[1001,1002]","[5,514]"
4014105,[1星]胡明轩第5关,900120,1040141,"[101,201]","[1,1]",1:4:100,"[1001,1002]","[5,514]"
4014106,[1星]胡明轩第6关,900101,1040141,"[101,201]","[1,1]",1:4:100,"[1001,1002]","[5,514]"
4014107,[1星]胡明轩第7关,900102,1040141,"[101,201]","[1,1]",1:4:100,"[1001,1002]","[5,514]"
4014108,[1星]胡明轩第8关,900103,1040141,"[101,201]","[1,1]",1:4:100,"[1001,1002]","[5,514]"
4014109,[1星]胡明轩第9关,900104,1040141,"[101,201]","[1,1]",1:4:100,"[1001,1002]","[5,514]"
4014110,[1星]胡明轩第10关,900105,1040141,"[101,201]","[1,1]",1:4:100,"[1001,1002]","[5,514]"
4014301,[3星]胡明轩第1关,900106,1040143,"[101,201]","[1,1]",1:4:100,"[1001,1002]","[5,514]"
4014302,[3星]胡明轩第2关,900107,1040143,"[101,201]","[1,1]",1:4:100,"[1001,1002]","[5,514]"
4014303,[3星]胡明轩第3关,900108,1040143,"[101,201]","[1,1]",1:4:100,"[1001,1002]","[5,514]"
4014304,[3星]胡明轩第4关,900109,1040143,"[101,201]","[1,1]",1:4:100,"[1001,1002]","[5,514]"
4014305,[3星]胡明轩第5关,900110,1040143,"[101,201]","[1,1]",1:4:100,"[1001,1002]","[5,514]"
4014306,[3星]胡明轩第6关,900111,1040143,"[101,201]","[1,1]",1:4:100,"[1001,1002]","[5,514]"
4014307,[3星]胡明轩第7关,900112,1040143,"[101,201]","[1,1]",1:4:100,"[1001,1002]","[5,514]"
4014308,[3星]胡明轩第8关,900113,1040143,"[101,201]","[1,1]",1:4:100,"[1001,1002]","[5,514]"
4014309,[3星]胡明轩第9关,900114,1040143,"[101,201]","[1,1]",1:4:100,"[1001,1002]","[5,514]"
4014310,[3星]胡明轩第10关,900115,1040143,"[101,201]","[1,1]",1:4:100,"[1001,1002]","[5,514]"
4014501,[5星]胡明轩第1关,900116,1040145,"[101,201]","[1,1]",1:4:100,"[1001,1002]","[5,514]"
4014502,[5星]胡明轩第2关,900117,1040145,"[101,201]","[1,1]",1:4:100,"[1001,1002]","[5,514]"
4014503,[5星]胡明轩第3关,900118,1040145,"[101,201]","[1,1]",1:4:100,"[1001,1002]","[5,514]"
4014504,[5星]胡明轩第4关,900119,1040145,"[101,201]","[1,1]",1:4:100,"[1001,1002]","[5,514]"
4014505,[5星]胡明轩第5关,900120,1040145,"[101,201]","[1,1]",1:4:100,"[1001,1002]","[5,514]"
4014506,[5星]胡明轩第6关,900101,1040145,"[101,201]","[1,1]",1:4:100,"[1001,1002]","[5,514]"
4014507,[5星]胡明轩第7关,900102,1040145,"[101,201]","[1,1]",1:4:100,"[1001,1002]","[5,514]"
4014508,[5星]胡明轩第8关,900103,1040145,"[101,201]","[1,1]",1:4:100,"[1001,1002]","[5,514]"
4014509,[5星]胡明轩第9关,900104,1040145,"[101,201]","[1,1]",1:4:100,"[1001,1002]","[5,514]"
4014510,[5星]胡明轩第10关,900105,1040145,"[101,201]","[1,1]",1:4:100,"[1001,1002]","[5,514]"
4015001,[0星]吴冠希第1关,900106,1040150,"[101,201]","[1,1]",1:4:100,"[1001,1002]","[5,515]"
4015002,[0星]吴冠希第2关,900107,1040150,"[101,201]","[1,1]",1:4:100,"[1001,1002]","[5,515]"
4015003,[0星]吴冠希第3关,900108,1040150,"[101,201]","[1,1]",1:4:100,"[1001,1002]","[5,515]"
4015004,[0星]吴冠希第4关,900109,1040150,"[101,201]","[1,1]",1:4:100,"[1001,1002]","[5,515]"
4015005,[0星]吴冠希第5关,900110,1040150,"[101,201]","[1,1]",1:4:100,"[1001,1002]","[5,515]"
4015101,[1星]吴冠希第1关,900111,1040151,"[101,201]","[1,1]",1:4:100,"[1001,1002]","[5,515]"
4015102,[1星]吴冠希第2关,900112,1040151,"[101,201]","[1,1]",1:4:100,"[1001,1002]","[5,515]"
4015103,[1星]吴冠希第3关,900113,1040151,"[101,201]","[1,1]",1:4:100,"[1001,1002]","[5,515]"
4015104,[1星]吴冠希第4关,900114,1040151,"[101,201]","[1,1]",1:4:100,"[1001,1002]","[5,515]"
4015105,[1星]吴冠希第5关,900115,1040151,"[101,201]","[1,1]",1:4:100,"[1001,1002]","[5,515]"
4015106,[1星]吴冠希第6关,900116,1040151,"[101,201]","[1,1]",1:4:100,"[1001,1002]","[5,515]"
4015107,[1星]吴冠希第7关,900117,1040151,"[101,201]","[1,1]",1:4:100,"[1001,1002]","[5,515]"
4015108,[1星]吴冠希第8关,900118,1040151,"[101,201]","[1,1]",1:4:100,"[1001,1002]","[5,515]"
4015109,[1星]吴冠希第9关,900119,1040151,"[101,201]","[1,1]",1:4:100,"[1001,1002]","[5,515]"
4015110,[1星]吴冠希第10关,900120,1040151,"[101,201]","[1,1]",1:4:100,"[1001,1002]","[5,515]"
4015301,[3星]吴冠希第1关,900101,1040153,"[101,201]","[1,1]",1:4:100,"[1001,1002]","[5,515]"
4015302,[3星]吴冠希第2关,900102,1040153,"[101,201]","[1,1]",1:4:100,"[1001,1002]","[5,515]"
4015303,[3星]吴冠希第3关,900103,1040153,"[101,201]","[1,1]",1:4:100,"[1001,1002]","[5,515]"
4015304,[3星]吴冠希第4关,900104,1040153,"[101,201]","[1,1]",1:4:100,"[1001,1002]","[5,515]"
4015305,[3星]吴冠希第5关,900105,1040153,"[101,201]","[1,1]",1:4:100,"[1001,1002]","[5,515]"
4015306,[3星]吴冠希第6关,900106,1040153,"[101,201]","[1,1]",1:4:100,"[1001,1002]","[5,515]"
4015307,[3星]吴冠希第7关,900107,1040153,"[101,201]","[1,1]",1:4:100,"[1001,1002]","[5,515]"
4015308,[3星]吴冠希第8关,900108,1040153,"[101,201]","[1,1]",1:4:100,"[1001,1002]","[5,515]"
4015309,[3星]吴冠希第9关,900109,1040153,"[101,201]","[1,1]",1:4:100,"[1001,1002]","[5,515]"
4015310,[3星]吴冠希第10关,900110,1040153,"[101,201]","[1,1]",1:4:100,"[1001,1002]","[5,515]"
4015501,[5星]吴冠希第1关,900111,1040155,"[101,201]","[1,1]",1:4:100,"[1001,1002]","[5,515]"
4015502,[5星]吴冠希第2关,900112,1040155,"[101,201]","[1,1]",1:4:100,"[1001,1002]","[5,515]"
4015503,[5星]吴冠希第3关,900113,1040155,"[101,201]","[1,1]",1:4:100,"[1001,1002]","[5,515]"
4015504,[5星]吴冠希第4关,900114,1040155,"[101,201]","[1,1]",1:4:100,"[1001,1002]","[5,515]"
4015505,[5星]吴冠希第5关,900115,1040155,"[101,201]","[1,1]",1:4:100,"[1001,1002]","[5,515]"
4015506,[5星]吴冠希第6关,900116,1040155,"[101,201]","[1,1]",1:4:100,"[1001,1002]","[5,515]"
4015507,[5星]吴冠希第7关,900117,1040155,"[101,201]","[1,1]",1:4:100,"[1001,1002]","[5,515]"
4015508,[5星]吴冠希第8关,900118,1040155,"[101,201]","[1,1]",1:4:100,"[1001,1002]","[5,515]"
4015509,[5星]吴冠希第9关,900119,1040155,"[101,201]","[1,1]",1:4:100,"[1001,1002]","[5,515]"
4015510,[5星]吴冠希第10关,900120,1040155,"[101,201]","[1,1]",1:4:100,"[1001,1002]","[5,515]"
4016001,[0星]吴前第1关,900101,1040160,"[101,201]","[1,1]",1:4:100,"[1001,1002]","[5,516]"
4016002,[0星]吴前第2关,900102,1040160,"[101,201]","[1,1]",1:4:100,"[1001,1002]","[5,516]"
4016003,[0星]吴前第3关,900103,1040160,"[101,201]","[1,1]",1:4:100,"[1001,1002]","[5,516]"
4016004,[0星]吴前第4关,900104,1040160,"[101,201]","[1,1]",1:4:100,"[1001,1002]","[5,516]"
4016005,[0星]吴前第5关,900105,1040160,"[101,201]","[1,1]",1:4:100,"[1001,1002]","[5,516]"
4016101,[1星]吴前第1关,900106,1040161,"[101,201]","[1,1]",1:4:100,"[1001,1002]","[5,516]"
4016102,[1星]吴前第2关,900107,1040161,"[101,201]","[1,1]",1:4:100,"[1001,1002]","[5,516]"
4016103,[1星]吴前第3关,900108,1040161,"[101,201]","[1,1]",1:4:100,"[1001,1002]","[5,516]"
4016104,[1星]吴前第4关,900109,1040161,"[101,201]","[1,1]",1:4:100,"[1001,1002]","[5,516]"
4016105,[1星]吴前第5关,900110,1040161,"[101,201]","[1,1]",1:4:100,"[1001,1002]","[5,516]"
4016106,[1星]吴前第6关,900111,1040161,"[101,201]","[1,1]",1:4:100,"[1001,1002]","[5,516]"
4016107,[1星]吴前第7关,900112,1040161,"[101,201]","[1,1]",1:4:100,"[1001,1002]","[5,516]"
4016108,[1星]吴前第8关,900113,1040161,"[101,201]","[1,1]",1:4:100,"[1001,1002]","[5,516]"
4016109,[1星]吴前第9关,900114,1040161,"[101,201]","[1,1]",1:4:100,"[1001,1002]","[5,516]"
4016110,[1星]吴前第10关,900115,1040161,"[101,201]","[1,1]",1:4:100,"[1001,1002]","[5,516]"
4016301,[3星]吴前第1关,900116,1040163,"[101,201]","[1,1]",1:4:100,"[1001,1002]","[5,516]"
4016302,[3星]吴前第2关,900117,1040163,"[101,201]","[1,1]",1:4:100,"[1001,1002]","[5,516]"
4016303,[3星]吴前第3关,900118,1040163,"[101,201]","[1,1]",1:4:100,"[1001,1002]","[5,516]"
4016304,[3星]吴前第4关,900119,1040163,"[101,201]","[1,1]",1:4:100,"[1001,1002]","[5,516]"
4016305,[3星]吴前第5关,900120,1040163,"[101,201]","[1,1]",1:4:100,"[1001,1002]","[5,516]"
4016306,[3星]吴前第6关,900101,1040163,"[101,201]","[1,1]",1:4:100,"[1001,1002]","[5,516]"
4016307,[3星]吴前第7关,900102,1040163,"[101,201]","[1,1]",1:4:100,"[1001,1002]","[5,516]"
4016308,[3星]吴前第8关,900103,1040163,"[101,201]","[1,1]",1:4:100,"[1001,1002]","[5,516]"
4016309,[3星]吴前第9关,900104,1040163,"[101,201]","[1,1]",1:4:100,"[1001,1002]","[5,516]"
4016310,[3星]吴前第10关,900105,1040163,"[101,201]","[1,1]",1:4:100,"[1001,1002]","[5,516]"
4016501,[5星]吴前第1关,900106,1040165,"[101,201]","[1,1]",1:4:100,"[1001,1002]","[5,516]"
4016502,[5星]吴前第2关,900107,1040165,"[101,201]","[1,1]",1:4:100,"[1001,1002]","[5,516]"
4016503,[5星]吴前第3关,900108,1040165,"[101,201]","[1,1]",1:4:100,"[1001,1002]","[5,516]"
4016504,[5星]吴前第4关,900109,1040165,"[101,201]","[1,1]",1:4:100,"[1001,1002]","[5,516]"
4016505,[5星]吴前第5关,900110,1040165,"[101,201]","[1,1]",1:4:100,"[1001,1002]","[5,516]"
4016506,[5星]吴前第6关,900111,1040165,"[101,201]","[1,1]",1:4:100,"[1001,1002]","[5,516]"
4016507,[5星]吴前第7关,900112,1040165,"[101,201]","[1,1]",1:4:100,"[1001,1002]","[5,516]"
4016508,[5星]吴前第8关,900113,1040165,"[101,201]","[1,1]",1:4:100,"[1001,1002]","[5,516]"
4016509,[5星]吴前第9关,900114,1040165,"[101,201]","[1,1]",1:4:100,"[1001,1002]","[5,516]"
4016510,[5星]吴前第10关,900115,1040165,"[101,201]","[1,1]",1:4:100,"[1001,1002]","[5,516]"
4017001,[0星]林庭谦第1关,900116,1040170,"[101,201]","[1,1]",1:4:100,"[1001,1002]","[5,517]"
4017002,[0星]林庭谦第2关,900117,1040170,"[101,201]","[1,1]",1:4:100,"[1001,1002]","[5,517]"
4017003,[0星]林庭谦第3关,900118,1040170,"[101,201]","[1,1]",1:4:100,"[1001,1002]","[5,517]"
4017004,[0星]林庭谦第4关,900119,1040170,"[101,201]","[1,1]",1:4:100,"[1001,1002]","[5,517]"
4017005,[0星]林庭谦第5关,900120,1040170,"[101,201]","[1,1]",1:4:100,"[1001,1002]","[5,517]"
4017101,[1星]林庭谦第1关,900101,1040171,"[101,201]","[1,1]",1:4:100,"[1001,1002]","[5,517]"
4017102,[1星]林庭谦第2关,900102,1040171,"[101,201]","[1,1]",1:4:100,"[1001,1002]","[5,517]"
4017103,[1星]林庭谦第3关,900103,1040171,"[101,201]","[1,1]",1:4:100,"[1001,1002]","[5,517]"
4017104,[1星]林庭谦第4关,900104,1040171,"[101,201]","[1,1]",1:4:100,"[1001,1002]","[5,517]"
4017105,[1星]林庭谦第5关,900105,1040171,"[101,201]","[1,1]",1:4:100,"[1001,1002]","[5,517]"
4017106,[1星]林庭谦第6关,900106,1040171,"[101,201]","[1,1]",1:4:100,"[1001,1002]","[5,517]"
4017107,[1星]林庭谦第7关,900107,1040171,"[101,201]","[1,1]",1:4:100,"[1001,1002]","[5,517]"
4017108,[1星]林庭谦第8关,900108,1040171,"[101,201]","[1,1]",1:4:100,"[1001,1002]","[5,517]"
4017109,[1星]林庭谦第9关,900109,1040171,"[101,201]","[1,1]",1:4:100,"[1001,1002]","[5,517]"
4017110,[1星]林庭谦第10关,900110,1040171,"[101,201]","[1,1]",1:4:100,"[1001,1002]","[5,517]"
4017301,[3星]林庭谦第1关,900111,1040173,"[101,201]","[1,1]",1:4:100,"[1001,1002]","[5,517]"
4017302,[3星]林庭谦第2关,900112,1040173,"[101,201]","[1,1]",1:4:100,"[1001,1002]","[5,517]"
4017303,[3星]林庭谦第3关,900113,1040173,"[101,201]","[1,1]",1:4:100,"[1001,1002]","[5,517]"
4017304,[3星]林庭谦第4关,900114,1040173,"[101,201]","[1,1]",1:4:100,"[1001,1002]","[5,517]"
4017305,[3星]林庭谦第5关,900115,1040173,"[101,201]","[1,1]",1:4:100,"[1001,1002]","[5,517]"
4017306,[3星]林庭谦第6关,900116,1040173,"[101,201]","[1,1]",1:4:100,"[1001,1002]","[5,517]"
4017307,[3星]林庭谦第7关,900117,1040173,"[101,201]","[1,1]",1:4:100,"[1001,1002]","[5,517]"
4017308,[3星]林庭谦第8关,900118,1040173,"[101,201]","[1,1]",1:4:100,"[1001,1002]","[5,517]"
4017309,[3星]林庭谦第9关,900119,1040173,"[101,201]","[1,1]",1:4:100,"[1001,1002]","[5,517]"
4017310,[3星]林庭谦第10关,900120,1040173,"[101,201]","[1,1]",1:4:100,"[1001,1002]","[5,517]"
4017501,[5星]林庭谦第1关,900101,1040175,"[101,201]","[1,1]",1:4:100,"[1001,1002]","[5,517]"
4017502,[5星]林庭谦第2关,900102,1040175,"[101,201]","[1,1]",1:4:100,"[1001,1002]","[5,517]"
4017503,[5星]林庭谦第3关,900103,1040175,"[101,201]","[1,1]",1:4:100,"[1001,1002]","[5,517]"
4017504,[5星]林庭谦第4关,900104,1040175,"[101,201]","[1,1]",1:4:100,"[1001,1002]","[5,517]"
4017505,[5星]林庭谦第5关,900105,1040175,"[101,201]","[1,1]",1:4:100,"[1001,1002]","[5,517]"
4017506,[5星]林庭谦第6关,900106,1040175,"[101,201]","[1,1]",1:4:100,"[1001,1002]","[5,517]"
4017507,[5星]林庭谦第7关,900107,1040175,"[101,201]","[1,1]",1:4:100,"[1001,1002]","[5,517]"
4017508,[5星]林庭谦第8关,900108,1040175,"[101,201]","[1,1]",1:4:100,"[1001,1002]","[5,517]"
4017509,[5星]林庭谦第9关,900109,1040175,"[101,201]","[1,1]",1:4:100,"[1001,1002]","[5,517]"
4017510,[5星]林庭谦第10关,900110,1040175,"[101,201]","[1,1]",1:4:100,"[1001,1002]","[5,517]"
4018001,[0星]陈盈骏第1关,900111,1040180,"[101,201]","[1,1]",1:4:100,"[1001,1002]","[5,518]"
4018002,[0星]陈盈骏第2关,900112,1040180,"[101,201]","[1,1]",1:4:100,"[1001,1002]","[5,518]"
4018003,[0星]陈盈骏第3关,900113,1040180,"[101,201]","[1,1]",1:4:100,"[1001,1002]","[5,518]"
4018004,[0星]陈盈骏第4关,900114,1040180,"[101,201]","[1,1]",1:4:100,"[1001,1002]","[5,518]"
4018005,[0星]陈盈骏第5关,900115,1040180,"[101,201]","[1,1]",1:4:100,"[1001,1002]","[5,518]"
4018101,[1星]陈盈骏第1关,900116,1040181,"[101,201]","[1,1]",1:4:100,"[1001,1002]","[5,518]"
4018102,[1星]陈盈骏第2关,900117,1040181,"[101,201]","[1,1]",1:4:100,"[1001,1002]","[5,518]"
4018103,[1星]陈盈骏第3关,900118,1040181,"[101,201]","[1,1]",1:4:100,"[1001,1002]","[5,518]"
4018104,[1星]陈盈骏第4关,900119,1040181,"[101,201]","[1,1]",1:4:100,"[1001,1002]","[5,518]"
4018105,[1星]陈盈骏第5关,900120,1040181,"[101,201]","[1,1]",1:4:100,"[1001,1002]","[5,518]"
4018106,[1星]陈盈骏第6关,900101,1040181,"[101,201]","[1,1]",1:4:100,"[1001,1002]","[5,518]"
4018107,[1星]陈盈骏第7关,900102,1040181,"[101,201]","[1,1]",1:4:100,"[1001,1002]","[5,518]"
4018108,[1星]陈盈骏第8关,900103,1040181,"[101,201]","[1,1]",1:4:100,"[1001,1002]","[5,518]"
4018109,[1星]陈盈骏第9关,900104,1040181,"[101,201]","[1,1]",1:4:100,"[1001,1002]","[5,518]"
4018110,[1星]陈盈骏第10关,900105,1040181,"[101,201]","[1,1]",1:4:100,"[1001,1002]","[5,518]"
4018301,[3星]陈盈骏第1关,900106,1040183,"[101,201]","[1,1]",1:4:100,"[1001,1002]","[5,518]"
4018302,[3星]陈盈骏第2关,900107,1040183,"[101,201]","[1,1]",1:4:100,"[1001,1002]","[5,518]"
4018303,[3星]陈盈骏第3关,900108,1040183,"[101,201]","[1,1]",1:4:100,"[1001,1002]","[5,518]"
4018304,[3星]陈盈骏第4关,900109,1040183,"[101,201]","[1,1]",1:4:100,"[1001,1002]","[5,518]"
4018305,[3星]陈盈骏第5关,900110,1040183,"[101,201]","[1,1]",1:4:100,"[1001,1002]","[5,518]"
4018306,[3星]陈盈骏第6关,900111,1040183,"[101,201]","[1,1]",1:4:100,"[1001,1002]","[5,518]"
4018307,[3星]陈盈骏第7关,900112,1040183,"[101,201]","[1,1]",1:4:100,"[1001,1002]","[5,518]"
4018308,[3星]陈盈骏第8关,900113,1040183,"[101,201]","[1,1]",1:4:100,"[1001,1002]","[5,518]"
4018309,[3星]陈盈骏第9关,900114,1040183,"[101,201]","[1,1]",1:4:100,"[1001,1002]","[5,518]"
4018310,[3星]陈盈骏第10关,900115,1040183,"[101,201]","[1,1]",1:4:100,"[1001,1002]","[5,518]"
4018501,[5星]陈盈骏第1关,900116,1040185,"[101,201]","[1,1]",1:4:100,"[1001,1002]","[5,518]"
4018502,[5星]陈盈骏第2关,900117,1040185,"[101,201]","[1,1]",1:4:100,"[1001,1002]","[5,518]"
4018503,[5星]陈盈骏第3关,900118,1040185,"[101,201]","[1,1]",1:4:100,"[1001,1002]","[5,518]"
4018504,[5星]陈盈骏第4关,900119,1040185,"[101,201]","[1,1]",1:4:100,"[1001,1002]","[5,518]"
4018505,[5星]陈盈骏第5关,900120,1040185,"[101,201]","[1,1]",1:4:100,"[1001,1002]","[5,518]"
4018506,[5星]陈盈骏第6关,900101,1040185,"[101,201]","[1,1]",1:4:100,"[1001,1002]","[5,518]"
4018507,[5星]陈盈骏第7关,900102,1040185,"[101,201]","[1,1]",1:4:100,"[1001,1002]","[5,518]"
4018508,[5星]陈盈骏第8关,900103,1040185,"[101,201]","[1,1]",1:4:100,"[1001,1002]","[5,518]"
4018509,[5星]陈盈骏第9关,900104,1040185,"[101,201]","[1,1]",1:4:100,"[1001,1002]","[5,518]"
4018510,[5星]陈盈骏第10关,900105,1040185,"[101,201]","[1,1]",1:4:100,"[1001,1002]","[5,518]"
4019001,[0星]葛昭宝第1关,900106,1040190,"[101,201]","[1,1]",1:4:100,"[1001,1002]","[5,519]"
4019002,[0星]葛昭宝第2关,900107,1040190,"[101,201]","[1,1]",1:4:100,"[1001,1002]","[5,519]"
4019003,[0星]葛昭宝第3关,900108,1040190,"[101,201]","[1,1]",1:4:100,"[1001,1002]","[5,519]"
4019004,[0星]葛昭宝第4关,900109,1040190,"[101,201]","[1,1]",1:4:100,"[1001,1002]","[5,519]"
4019005,[0星]葛昭宝第5关,900110,1040190,"[101,201]","[1,1]",1:4:100,"[1001,1002]","[5,519]"
4019101,[1星]葛昭宝第1关,900111,1040191,"[101,201]","[1,1]",1:4:100,"[1001,1002]","[5,519]"
4019102,[1星]葛昭宝第2关,900112,1040191,"[101,201]","[1,1]",1:4:100,"[1001,1002]","[5,519]"
4019103,[1星]葛昭宝第3关,900113,1040191,"[101,201]","[1,1]",1:4:100,"[1001,1002]","[5,519]"
4019104,[1星]葛昭宝第4关,900114,1040191,"[101,201]","[1,1]",1:4:100,"[1001,1002]","[5,519]"
4019105,[1星]葛昭宝第5关,900115,1040191,"[101,201]","[1,1]",1:4:100,"[1001,1002]","[5,519]"
4019106,[1星]葛昭宝第6关,900116,1040191,"[101,201]","[1,1]",1:4:100,"[1001,1002]","[5,519]"
4019107,[1星]葛昭宝第7关,900117,1040191,"[101,201]","[1,1]",1:4:100,"[1001,1002]","[5,519]"
4019108,[1星]葛昭宝第8关,900118,1040191,"[101,201]","[1,1]",1:4:100,"[1001,1002]","[5,519]"
4019109,[1星]葛昭宝第9关,900119,1040191,"[101,201]","[1,1]",1:4:100,"[1001,1002]","[5,519]"
4019110,[1星]葛昭宝第10关,900120,1040191,"[101,201]","[1,1]",1:4:100,"[1001,1002]","[5,519]"
4019301,[3星]葛昭宝第1关,900101,1040193,"[101,201]","[1,1]",1:4:100,"[1001,1002]","[5,519]"
4019302,[3星]葛昭宝第2关,900102,1040193,"[101,201]","[1,1]",1:4:100,"[1001,1002]","[5,519]"
4019303,[3星]葛昭宝第3关,900103,1040193,"[101,201]","[1,1]",1:4:100,"[1001,1002]","[5,519]"
4019304,[3星]葛昭宝第4关,900104,1040193,"[101,201]","[1,1]",1:4:100,"[1001,1002]","[5,519]"
4019305,[3星]葛昭宝第5关,900105,1040193,"[101,201]","[1,1]",1:4:100,"[1001,1002]","[5,519]"
4019306,[3星]葛昭宝第6关,900106,1040193,"[101,201]","[1,1]",1:4:100,"[1001,1002]","[5,519]"
4019307,[3星]葛昭宝第7关,900107,1040193,"[101,201]","[1,1]",1:4:100,"[1001,1002]","[5,519]"
4019308,[3星]葛昭宝第8关,900108,1040193,"[101,201]","[1,1]",1:4:100,"[1001,1002]","[5,519]"
4019309,[3星]葛昭宝第9关,900109,1040193,"[101,201]","[1,1]",1:4:100,"[1001,1002]","[5,519]"
4019310,[3星]葛昭宝第10关,900110,1040193,"[101,201]","[1,1]",1:4:100,"[1001,1002]","[5,519]"
4019501,[5星]葛昭宝第1关,900111,1040195,"[101,201]","[1,1]",1:4:100,"[1001,1002]","[5,519]"
4019502,[5星]葛昭宝第2关,900112,1040195,"[101,201]","[1,1]",1:4:100,"[1001,1002]","[5,519]"
4019503,[5星]葛昭宝第3关,900113,1040195,"[101,201]","[1,1]",1:4:100,"[1001,1002]","[5,519]"
4019504,[5星]葛昭宝第4关,900114,1040195,"[101,201]","[1,1]",1:4:100,"[1001,1002]","[5,519]"
4019505,[5星]葛昭宝第5关,900115,1040195,"[101,201]","[1,1]",1:4:100,"[1001,1002]","[5,519]"
4019506,[5星]葛昭宝第6关,900116,1040195,"[101,201]","[1,1]",1:4:100,"[1001,1002]","[5,519]"
4019507,[5星]葛昭宝第7关,900117,1040195,"[101,201]","[1,1]",1:4:100,"[1001,1002]","[5,519]"
4019508,[5星]葛昭宝第8关,900118,1040195,"[101,201]","[1,1]",1:4:100,"[1001,1002]","[5,519]"
4019509,[5星]葛昭宝第9关,900119,1040195,"[101,201]","[1,1]",1:4:100,"[1001,1002]","[5,519]"
4019510,[5星]葛昭宝第10关,900120,1040195,"[101,201]","[1,1]",1:4:100,"[1001,1002]","[5,519]"
4020001,[0星]赵岩昊第1关,900101,1040200,"[101,201]","[1,1]",1:4:100,"[1001,1002]","[5,520]"
4020002,[0星]赵岩昊第2关,900102,1040200,"[101,201]","[1,1]",1:4:100,"[1001,1002]","[5,520]"
4020003,[0星]赵岩昊第3关,900103,1040200,"[101,201]","[1,1]",1:4:100,"[1001,1002]","[5,520]"
4020004,[0星]赵岩昊第4关,900104,1040200,"[101,201]","[1,1]",1:4:100,"[1001,1002]","[5,520]"
4020005,[0星]赵岩昊第5关,900105,1040200,"[101,201]","[1,1]",1:4:100,"[1001,1002]","[5,520]"
4020101,[1星]赵岩昊第1关,900106,1040201,"[101,201]","[1,1]",1:4:100,"[1001,1002]","[5,520]"
4020102,[1星]赵岩昊第2关,900107,1040201,"[101,201]","[1,1]",1:4:100,"[1001,1002]","[5,520]"
4020103,[1星]赵岩昊第3关,900108,1040201,"[101,201]","[1,1]",1:4:100,"[1001,1002]","[5,520]"
4020104,[1星]赵岩昊第4关,900109,1040201,"[101,201]","[1,1]",1:4:100,"[1001,1002]","[5,520]"
4020105,[1星]赵岩昊第5关,900110,1040201,"[101,201]","[1,1]",1:4:100,"[1001,1002]","[5,520]"
4020106,[1星]赵岩昊第6关,900111,1040201,"[101,201]","[1,1]",1:4:100,"[1001,1002]","[5,520]"
4020107,[1星]赵岩昊第7关,900112,1040201,"[101,201]","[1,1]",1:4:100,"[1001,1002]","[5,520]"
4020108,[1星]赵岩昊第8关,900113,1040201,"[101,201]","[1,1]",1:4:100,"[1001,1002]","[5,520]"
4020109,[1星]赵岩昊第9关,900114,1040201,"[101,201]","[1,1]",1:4:100,"[1001,1002]","[5,520]"
4020110,[1星]赵岩昊第10关,900115,1040201,"[101,201]","[1,1]",1:4:100,"[1001,1002]","[5,520]"
4020301,[3星]赵岩昊第1关,900116,1040203,"[101,201]","[1,1]",1:4:100,"[1001,1002]","[5,520]"
4020302,[3星]赵岩昊第2关,900117,1040203,"[101,201]","[1,1]",1:4:100,"[1001,1002]","[5,520]"
4020303,[3星]赵岩昊第3关,900118,1040203,"[101,201]","[1,1]",1:4:100,"[1001,1002]","[5,520]"
4020304,[3星]赵岩昊第4关,900119,1040203,"[101,201]","[1,1]",1:4:100,"[1001,1002]","[5,520]"
4020305,[3星]赵岩昊第5关,900120,1040203,"[101,201]","[1,1]",1:4:100,"[1001,1002]","[5,520]"
4020306,[3星]赵岩昊第6关,900101,1040203,"[101,201]","[1,1]",1:4:100,"[1001,1002]","[5,520]"
4020307,[3星]赵岩昊第7关,900102,1040203,"[101,201]","[1,1]",1:4:100,"[1001,1002]","[5,520]"
4020308,[3星]赵岩昊第8关,900103,1040203,"[101,201]","[1,1]",1:4:100,"[1001,1002]","[5,520]"
4020309,[3星]赵岩昊第9关,900104,1040203,"[101,201]","[1,1]",1:4:100,"[1001,1002]","[5,520]"
4020310,[3星]赵岩昊第10关,900105,1040203,"[101,201]","[1,1]",1:4:100,"[1001,1002]","[5,520]"
4020501,[5星]赵岩昊第1关,900106,1040205,"[101,201]","[1,1]",1:4:100,"[1001,1002]","[5,520]"
4020502,[5星]赵岩昊第2关,900107,1040205,"[101,201]","[1,1]",1:4:100,"[1001,1002]","[5,520]"
4020503,[5星]赵岩昊第3关,900108,1040205,"[101,201]","[1,1]",1:4:100,"[1001,1002]","[5,520]"
4020504,[5星]赵岩昊第4关,900109,1040205,"[101,201]","[1,1]",1:4:100,"[1001,1002]","[5,520]"
4020505,[5星]赵岩昊第5关,900110,1040205,"[101,201]","[1,1]",1:4:100,"[1001,1002]","[5,520]"
4020506,[5星]赵岩昊第6关,900111,1040205,"[101,201]","[1,1]",1:4:100,"[1001,1002]","[5,520]"
4020507,[5星]赵岩昊第7关,900112,1040205,"[101,201]","[1,1]",1:4:100,"[1001,1002]","[5,520]"
4020508,[5星]赵岩昊第8关,900113,1040205,"[101,201]","[1,1]",1:4:100,"[1001,1002]","[5,520]"
4020509,[5星]赵岩昊第9关,900114,1040205,"[101,201]","[1,1]",1:4:100,"[1001,1002]","[5,520]"
4020510,[5星]赵岩昊第10关,900115,1040205,"[101,201]","[1,1]",1:4:100,"[1001,1002]","[5,520]"
4021001,[0星]林书豪第1关,900116,1040210,"[101,201]","[1,1]",1:4:100,"[1001,1002]","[5,521]"
4021002,[0星]林书豪第2关,900117,1040210,"[101,201]","[1,1]",1:4:100,"[1001,1002]","[5,521]"
4021003,[0星]林书豪第3关,900118,1040210,"[101,201]","[1,1]",1:4:100,"[1001,1002]","[5,521]"
4021004,[0星]林书豪第4关,900119,1040210,"[101,201]","[1,1]",1:4:100,"[1001,1002]","[5,521]"
4021005,[0星]林书豪第5关,900120,1040210,"[101,201]","[1,1]",1:4:100,"[1001,1002]","[5,521]"
4021101,[1星]林书豪第1关,900101,1040211,"[101,201]","[1,1]",1:4:100,"[1001,1002]","[5,521]"
4021102,[1星]林书豪第2关,900102,1040211,"[101,201]","[1,1]",1:4:100,"[1001,1002]","[5,521]"
4021103,[1星]林书豪第3关,900103,1040211,"[101,201]","[1,1]",1:4:100,"[1001,1002]","[5,521]"
4021104,[1星]林书豪第4关,900104,1040211,"[101,201]","[1,1]",1:4:100,"[1001,1002]","[5,521]"
4021105,[1星]林书豪第5关,900105,1040211,"[101,201]","[1,1]",1:4:100,"[1001,1002]","[5,521]"
4021106,[1星]林书豪第6关,900106,1040211,"[101,201]","[1,1]",1:4:100,"[1001,1002]","[5,521]"
4021107,[1星]林书豪第7关,900107,1040211,"[101,201]","[1,1]",1:4:100,"[1001,1002]","[5,521]"
4021108,[1星]林书豪第8关,900108,1040211,"[101,201]","[1,1]",1:4:100,"[1001,1002]","[5,521]"
4021109,[1星]林书豪第9关,900109,1040211,"[101,201]","[1,1]",1:4:100,"[1001,1002]","[5,521]"
4021110,[1星]林书豪第10关,900110,1040211,"[101,201]","[1,1]",1:4:100,"[1001,1002]","[5,521]"
4021301,[3星]林书豪第1关,900111,1040213,"[101,201]","[1,1]",1:4:100,"[1001,1002]","[5,521]"
4021302,[3星]林书豪第2关,900112,1040213,"[101,201]","[1,1]",1:4:100,"[1001,1002]","[5,521]"
4021303,[3星]林书豪第3关,900113,1040213,"[101,201]","[1,1]",1:4:100,"[1001,1002]","[5,521]"
4021304,[3星]林书豪第4关,900114,1040213,"[101,201]","[1,1]",1:4:100,"[1001,1002]","[5,521]"
4021305,[3星]林书豪第5关,900115,1040213,"[101,201]","[1,1]",1:4:100,"[1001,1002]","[5,521]"
4021306,[3星]林书豪第6关,900116,1040213,"[101,201]","[1,1]",1:4:100,"[1001,1002]","[5,521]"
4021307,[3星]林书豪第7关,900117,1040213,"[101,201]","[1,1]",1:4:100,"[1001,1002]","[5,521]"
4021308,[3星]林书豪第8关,900118,1040213,"[101,201]","[1,1]",1:4:100,"[1001,1002]","[5,521]"
4021309,[3星]林书豪第9关,900119,1040213,"[101,201]","[1,1]",1:4:100,"[1001,1002]","[5,521]"
4021310,[3星]林书豪第10关,900120,1040213,"[101,201]","[1,1]",1:4:100,"[1001,1002]","[5,521]"
4021501,[5星]林书豪第1关,900101,1040215,"[101,201]","[1,1]",1:4:100,"[1001,1002]","[5,521]"
4021502,[5星]林书豪第2关,900102,1040215,"[101,201]","[1,1]",1:4:100,"[1001,1002]","[5,521]"
4021503,[5星]林书豪第3关,900103,1040215,"[101,201]","[1,1]",1:4:100,"[1001,1002]","[5,521]"
4021504,[5星]林书豪第4关,900104,1040215,"[101,201]","[1,1]",1:4:100,"[1001,1002]","[5,521]"
4021505,[5星]林书豪第5关,900105,1040215,"[101,201]","[1,1]",1:4:100,"[1001,1002]","[5,521]"
4021506,[5星]林书豪第6关,900106,1040215,"[101,201]","[1,1]",1:4:100,"[1001,1002]","[5,521]"
4021507,[5星]林书豪第7关,900107,1040215,"[101,201]","[1,1]",1:4:100,"[1001,1002]","[5,521]"
4021508,[5星]林书豪第8关,900108,1040215,"[101,201]","[1,1]",1:4:100,"[1001,1002]","[5,521]"
4021509,[5星]林书豪第9关,900109,1040215,"[101,201]","[1,1]",1:4:100,"[1001,1002]","[5,521]"
4021510,[5星]林书豪第10关,900110,1040215,"[101,201]","[1,1]",1:4:100,"[1001,1002]","[5,521]"
4022001,[0星]范子铭第1关,900111,1040220,"[101,201]","[1,1]",1:4:100,"[1001,1002]","[5,522]"
4022002,[0星]范子铭第2关,900112,1040220,"[101,201]","[1,1]",1:4:100,"[1001,1002]","[5,522]"
4022003,[0星]范子铭第3关,900113,1040220,"[101,201]","[1,1]",1:4:100,"[1001,1002]","[5,522]"
4022004,[0星]范子铭第4关,900114,1040220,"[101,201]","[1,1]",1:4:100,"[1001,1002]","[5,522]"
4022005,[0星]范子铭第5关,900115,1040220,"[101,201]","[1,1]",1:4:100,"[1001,1002]","[5,522]"
4022101,[1星]范子铭第1关,900116,1040221,"[101,201]","[1,1]",1:4:100,"[1001,1002]","[5,522]"
4022102,[1星]范子铭第2关,900117,1040221,"[101,201]","[1,1]",1:4:100,"[1001,1002]","[5,522]"
4022103,[1星]范子铭第3关,900118,1040221,"[101,201]","[1,1]",1:4:100,"[1001,1002]","[5,522]"
4022104,[1星]范子铭第4关,900119,1040221,"[101,201]","[1,1]",1:4:100,"[1001,1002]","[5,522]"
4022105,[1星]范子铭第5关,900120,1040221,"[101,201]","[1,1]",1:4:100,"[1001,1002]","[5,522]"
4022106,[1星]范子铭第6关,900101,1040221,"[101,201]","[1,1]",1:4:100,"[1001,1002]","[5,522]"
4022107,[1星]范子铭第7关,900102,1040221,"[101,201]","[1,1]",1:4:100,"[1001,1002]","[5,522]"
4022108,[1星]范子铭第8关,900103,1040221,"[101,201]","[1,1]",1:4:100,"[1001,1002]","[5,522]"
4022109,[1星]范子铭第9关,900104,1040221,"[101,201]","[1,1]",1:4:100,"[1001,1002]","[5,522]"
4022110,[1星]范子铭第10关,900105,1040221,"[101,201]","[1,1]",1:4:100,"[1001,1002]","[5,522]"
4022301,[3星]范子铭第1关,900106,1040223,"[101,201]","[1,1]",1:4:100,"[1001,1002]","[5,522]"
4022302,[3星]范子铭第2关,900107,1040223,"[101,201]","[1,1]",1:4:100,"[1001,1002]","[5,522]"
4022303,[3星]范子铭第3关,900108,1040223,"[101,201]","[1,1]",1:4:100,"[1001,1002]","[5,522]"
4022304,[3星]范子铭第4关,900109,1040223,"[101,201]","[1,1]",1:4:100,"[1001,1002]","[5,522]"
4022305,[3星]范子铭第5关,900110,1040223,"[101,201]","[1,1]",1:4:100,"[1001,1002]","[5,522]"
4022306,[3星]范子铭第6关,900111,1040223,"[101,201]","[1,1]",1:4:100,"[1001,1002]","[5,522]"
4022307,[3星]范子铭第7关,900112,1040223,"[101,201]","[1,1]",1:4:100,"[1001,1002]","[5,522]"
4022308,[3星]范子铭第8关,900113,1040223,"[101,201]","[1,1]",1:4:100,"[1001,1002]","[5,522]"
4022309,[3星]范子铭第9关,900114,1040223,"[101,201]","[1,1]",1:4:100,"[1001,1002]","[5,522]"
4022310,[3星]范子铭第10关,900115,1040223,"[101,201]","[1,1]",1:4:100,"[1001,1002]","[5,522]"
4022501,[5星]范子铭第1关,900116,1040225,"[101,201]","[1,1]",1:4:100,"[1001,1002]","[5,522]"
4022502,[5星]范子铭第2关,900117,1040225,"[101,201]","[1,1]",1:4:100,"[1001,1002]","[5,522]"
4022503,[5星]范子铭第3关,900118,1040225,"[101,201]","[1,1]",1:4:100,"[1001,1002]","[5,522]"
4022504,[5星]范子铭第4关,900119,1040225,"[101,201]","[1,1]",1:4:100,"[1001,1002]","[5,522]"
4022505,[5星]范子铭第5关,900120,1040225,"[101,201]","[1,1]",1:4:100,"[1001,1002]","[5,522]"
4022506,[5星]范子铭第6关,900101,1040225,"[101,201]","[1,1]",1:4:100,"[1001,1002]","[5,522]"
4022507,[5星]范子铭第7关,900102,1040225,"[101,201]","[1,1]",1:4:100,"[1001,1002]","[5,522]"
4022508,[5星]范子铭第8关,900103,1040225,"[101,201]","[1,1]",1:4:100,"[1001,1002]","[5,522]"
4022509,[5星]范子铭第9关,900104,1040225,"[101,201]","[1,1]",1:4:100,"[1001,1002]","[5,522]"
4022510,[5星]范子铭第10关,900105,1040225,"[101,201]","[1,1]",1:4:100,"[1001,1002]","[5,522]"
4023001,[0星]姜伟泽第1关,900106,1040230,"[101,201]","[1,1]",1:4:100,"[1001,1002]","[5,523]"
4023002,[0星]姜伟泽第2关,900107,1040230,"[101,201]","[1,1]",1:4:100,"[1001,1002]","[5,523]"
4023003,[0星]姜伟泽第3关,900108,1040230,"[101,201]","[1,1]",1:4:100,"[1001,1002]","[5,523]"
4023004,[0星]姜伟泽第4关,900109,1040230,"[101,201]","[1,1]",1:4:100,"[1001,1002]","[5,523]"
4023005,[0星]姜伟泽第5关,900110,1040230,"[101,201]","[1,1]",1:4:100,"[1001,1002]","[5,523]"
4023101,[1星]姜伟泽第1关,900111,1040231,"[101,201]","[1,1]",1:4:100,"[1001,1002]","[5,523]"
4023102,[1星]姜伟泽第2关,900112,1040231,"[101,201]","[1,1]",1:4:100,"[1001,1002]","[5,523]"
4023103,[1星]姜伟泽第3关,900113,1040231,"[101,201]","[1,1]",1:4:100,"[1001,1002]","[5,523]"
4023104,[1星]姜伟泽第4关,900114,1040231,"[101,201]","[1,1]",1:4:100,"[1001,1002]","[5,523]"
4023105,[1星]姜伟泽第5关,900115,1040231,"[101,201]","[1,1]",1:4:100,"[1001,1002]","[5,523]"
4023106,[1星]姜伟泽第6关,900116,1040231,"[101,201]","[1,1]",1:4:100,"[1001,1002]","[5,523]"
4023107,[1星]姜伟泽第7关,900117,1040231,"[101,201]","[1,1]",1:4:100,"[1001,1002]","[5,523]"
4023108,[1星]姜伟泽第8关,900118,1040231,"[101,201]","[1,1]",1:4:100,"[1001,1002]","[5,523]"
4023109,[1星]姜伟泽第9关,900119,1040231,"[101,201]","[1,1]",1:4:100,"[1001,1002]","[5,523]"
4023110,[1星]姜伟泽第10关,900120,1040231,"[101,201]","[1,1]",1:4:100,"[1001,1002]","[5,523]"
4023301,[3星]姜伟泽第1关,900101,1040233,"[101,201]","[1,1]",1:4:100,"[1001,1002]","[5,523]"
4023302,[3星]姜伟泽第2关,900102,1040233,"[101,201]","[1,1]",1:4:100,"[1001,1002]","[5,523]"
4023303,[3星]姜伟泽第3关,900103,1040233,"[101,201]","[1,1]",1:4:100,"[1001,1002]","[5,523]"
4023304,[3星]姜伟泽第4关,900104,1040233,"[101,201]","[1,1]",1:4:100,"[1001,1002]","[5,523]"
4023305,[3星]姜伟泽第5关,900105,1040233,"[101,201]","[1,1]",1:4:100,"[1001,1002]","[5,523]"
4023306,[3星]姜伟泽第6关,900106,1040233,"[101,201]","[1,1]",1:4:100,"[1001,1002]","[5,523]"
4023307,[3星]姜伟泽第7关,900107,1040233,"[101,201]","[1,1]",1:4:100,"[1001,1002]","[5,523]"
4023308,[3星]姜伟泽第8关,900108,1040233,"[101,201]","[1,1]",1:4:100,"[1001,1002]","[5,523]"
4023309,[3星]姜伟泽第9关,900109,1040233,"[101,201]","[1,1]",1:4:100,"[1001,1002]","[5,523]"
4023310,[3星]姜伟泽第10关,900110,1040233,"[101,201]","[1,1]",1:4:100,"[1001,1002]","[5,523]"
4023501,[5星]姜伟泽第1关,900111,1040235,"[101,201]","[1,1]",1:4:100,"[1001,1002]","[5,523]"
4023502,[5星]姜伟泽第2关,900112,1040235,"[101,201]","[1,1]",1:4:100,"[1001,1002]","[5,523]"
4023503,[5星]姜伟泽第3关,900113,1040235,"[101,201]","[1,1]",1:4:100,"[1001,1002]","[5,523]"
4023504,[5星]姜伟泽第4关,900114,1040235,"[101,201]","[1,1]",1:4:100,"[1001,1002]","[5,523]"
4023505,[5星]姜伟泽第5关,900115,1040235,"[101,201]","[1,1]",1:4:100,"[1001,1002]","[5,523]"
4023506,[5星]姜伟泽第6关,900116,1040235,"[101,201]","[1,1]",1:4:100,"[1001,1002]","[5,523]"
4023507,[5星]姜伟泽第7关,900117,1040235,"[101,201]","[1,1]",1:4:100,"[1001,1002]","[5,523]"
4023508,[5星]姜伟泽第8关,900118,1040235,"[101,201]","[1,1]",1:4:100,"[1001,1002]","[5,523]"
4023509,[5星]姜伟泽第9关,900119,1040235,"[101,201]","[1,1]",1:4:100,"[1001,1002]","[5,523]"
4023510,[5星]姜伟泽第10关,900120,1040235,"[101,201]","[1,1]",1:4:100,"[1001,1002]","[5,523]"
4024001,[0星]西热力江第1关,900101,1040240,"[101,201]","[1,1]",1:4:100,"[1001,1002]","[5,524]"
4024002,[0星]西热力江第2关,900102,1040240,"[101,201]","[1,1]",1:4:100,"[1001,1002]","[5,524]"
4024003,[0星]西热力江第3关,900103,1040240,"[101,201]","[1,1]",1:4:100,"[1001,1002]","[5,524]"
4024004,[0星]西热力江第4关,900104,1040240,"[101,201]","[1,1]",1:4:100,"[1001,1002]","[5,524]"
4024005,[0星]西热力江第5关,900105,1040240,"[101,201]","[1,1]",1:4:100,"[1001,1002]","[5,524]"
4024101,[1星]西热力江第1关,900106,1040241,"[101,201]","[1,1]",1:4:100,"[1001,1002]","[5,524]"
4024102,[1星]西热力江第2关,900107,1040241,"[101,201]","[1,1]",1:4:100,"[1001,1002]","[5,524]"
4024103,[1星]西热力江第3关,900108,1040241,"[101,201]","[1,1]",1:4:100,"[1001,1002]","[5,524]"
4024104,[1星]西热力江第4关,900109,1040241,"[101,201]","[1,1]",1:4:100,"[1001,1002]","[5,524]"
4024105,[1星]西热力江第5关,900110,1040241,"[101,201]","[1,1]",1:4:100,"[1001,1002]","[5,524]"
4024106,[1星]西热力江第6关,900111,1040241,"[101,201]","[1,1]",1:4:100,"[1001,1002]","[5,524]"
4024107,[1星]西热力江第7关,900112,1040241,"[101,201]","[1,1]",1:4:100,"[1001,1002]","[5,524]"
4024108,[1星]西热力江第8关,900113,1040241,"[101,201]","[1,1]",1:4:100,"[1001,1002]","[5,524]"
4024109,[1星]西热力江第9关,900114,1040241,"[101,201]","[1,1]",1:4:100,"[1001,1002]","[5,524]"
4024110,[1星]西热力江第10关,900115,1040241,"[101,201]","[1,1]",1:4:100,"[1001,1002]","[5,524]"
4024301,[3星]西热力江第1关,900116,1040243,"[101,201]","[1,1]",1:4:100,"[1001,1002]","[5,524]"
4024302,[3星]西热力江第2关,900117,1040243,"[101,201]","[1,1]",1:4:100,"[1001,1002]","[5,524]"
4024303,[3星]西热力江第3关,900118,1040243,"[101,201]","[1,1]",1:4:100,"[1001,1002]","[5,524]"
4024304,[3星]西热力江第4关,900119,1040243,"[101,201]","[1,1]",1:4:100,"[1001,1002]","[5,524]"
4024305,[3星]西热力江第5关,900120,1040243,"[101,201]","[1,1]",1:4:100,"[1001,1002]","[5,524]"
4024306,[3星]西热力江第6关,900101,1040243,"[101,201]","[1,1]",1:4:100,"[1001,1002]","[5,524]"
4024307,[3星]西热力江第7关,900102,1040243,"[101,201]","[1,1]",1:4:100,"[1001,1002]","[5,524]"
4024308,[3星]西热力江第8关,900103,1040243,"[101,201]","[1,1]",1:4:100,"[1001,1002]","[5,524]"
4024309,[3星]西热力江第9关,900104,1040243,"[101,201]","[1,1]",1:4:100,"[1001,1002]","[5,524]"
4024310,[3星]西热力江第10关,900105,1040243,"[101,201]","[1,1]",1:4:100,"[1001,1002]","[5,524]"
4024501,[5星]西热力江第1关,900106,1040245,"[101,201]","[1,1]",1:4:100,"[1001,1002]","[5,524]"
4024502,[5星]西热力江第2关,900107,1040245,"[101,201]","[1,1]",1:4:100,"[1001,1002]","[5,524]"
4024503,[5星]西热力江第3关,900108,1040245,"[101,201]","[1,1]",1:4:100,"[1001,1002]","[5,524]"
4024504,[5星]西热力江第4关,900109,1040245,"[101,201]","[1,1]",1:4:100,"[1001,1002]","[5,524]"
4024505,[5星]西热力江第5关,900110,1040245,"[101,201]","[1,1]",1:4:100,"[1001,1002]","[5,524]"
4024506,[5星]西热力江第6关,900111,1040245,"[101,201]","[1,1]",1:4:100,"[1001,1002]","[5,524]"
4024507,[5星]西热力江第7关,900112,1040245,"[101,201]","[1,1]",1:4:100,"[1001,1002]","[5,524]"
4024508,[5星]西热力江第8关,900113,1040245,"[101,201]","[1,1]",1:4:100,"[1001,1002]","[5,524]"
4024509,[5星]西热力江第9关,900114,1040245,"[101,201]","[1,1]",1:4:100,"[1001,1002]","[5,524]"
4024510,[5星]西热力江第10关,900115,1040245,"[101,201]","[1,1]",1:4:100,"[1001,1002]","[5,524]"
4025001,[0星]高诗岩第1关,900116,1040250,"[101,201]","[1,1]",1:4:100,"[1001,1002]","[5,525]"
4025002,[0星]高诗岩第2关,900117,1040250,"[101,201]","[1,1]",1:4:100,"[1001,1002]","[5,525]"
4025003,[0星]高诗岩第3关,900118,1040250,"[101,201]","[1,1]",1:4:100,"[1001,1002]","[5,525]"
4025004,[0星]高诗岩第4关,900119,1040250,"[101,201]","[1,1]",1:4:100,"[1001,1002]","[5,525]"
4025005,[0星]高诗岩第5关,900120,1040250,"[101,201]","[1,1]",1:4:100,"[1001,1002]","[5,525]"
4025101,[1星]高诗岩第1关,900101,1040251,"[101,201]","[1,1]",1:4:100,"[1001,1002]","[5,525]"
4025102,[1星]高诗岩第2关,900102,1040251,"[101,201]","[1,1]",1:4:100,"[1001,1002]","[5,525]"
4025103,[1星]高诗岩第3关,900103,1040251,"[101,201]","[1,1]",1:4:100,"[1001,1002]","[5,525]"
4025104,[1星]高诗岩第4关,900104,1040251,"[101,201]","[1,1]",1:4:100,"[1001,1002]","[5,525]"
4025105,[1星]高诗岩第5关,900105,1040251,"[101,201]","[1,1]",1:4:100,"[1001,1002]","[5,525]"
4025106,[1星]高诗岩第6关,900106,1040251,"[101,201]","[1,1]",1:4:100,"[1001,1002]","[5,525]"
4025107,[1星]高诗岩第7关,900107,1040251,"[101,201]","[1,1]",1:4:100,"[1001,1002]","[5,525]"
4025108,[1星]高诗岩第8关,900108,1040251,"[101,201]","[1,1]",1:4:100,"[1001,1002]","[5,525]"
4025109,[1星]高诗岩第9关,900109,1040251,"[101,201]","[1,1]",1:4:100,"[1001,1002]","[5,525]"
4025110,[1星]高诗岩第10关,900110,1040251,"[101,201]","[1,1]",1:4:100,"[1001,1002]","[5,525]"
4025301,[3星]高诗岩第1关,900111,1040253,"[101,201]","[1,1]",1:4:100,"[1001,1002]","[5,525]"
4025302,[3星]高诗岩第2关,900112,1040253,"[101,201]","[1,1]",1:4:100,"[1001,1002]","[5,525]"
4025303,[3星]高诗岩第3关,900113,1040253,"[101,201]","[1,1]",1:4:100,"[1001,1002]","[5,525]"
4025304,[3星]高诗岩第4关,900114,1040253,"[101,201]","[1,1]",1:4:100,"[1001,1002]","[5,525]"
4025305,[3星]高诗岩第5关,900115,1040253,"[101,201]","[1,1]",1:4:100,"[1001,1002]","[5,525]"
4025306,[3星]高诗岩第6关,900116,1040253,"[101,201]","[1,1]",1:4:100,"[1001,1002]","[5,525]"
4025307,[3星]高诗岩第7关,900117,1040253,"[101,201]","[1,1]",1:4:100,"[1001,1002]","[5,525]"
4025308,[3星]高诗岩第8关,900118,1040253,"[101,201]","[1,1]",1:4:100,"[1001,1002]","[5,525]"
4025309,[3星]高诗岩第9关,900119,1040253,"[101,201]","[1,1]",1:4:100,"[1001,1002]","[5,525]"
4025310,[3星]高诗岩第10关,900120,1040253,"[101,201]","[1,1]",1:4:100,"[1001,1002]","[5,525]"
4025501,[5星]高诗岩第1关,900101,1040255,"[101,201]","[1,1]",1:4:100,"[1001,1002]","[5,525]"
4025502,[5星]高诗岩第2关,900102,1040255,"[101,201]","[1,1]",1:4:100,"[1001,1002]","[5,525]"
4025503,[5星]高诗岩第3关,900103,1040255,"[101,201]","[1,1]",1:4:100,"[1001,1002]","[5,525]"
4025504,[5星]高诗岩第4关,900104,1040255,"[101,201]","[1,1]",1:4:100,"[1001,1002]","[5,525]"
4025505,[5星]高诗岩第5关,900105,1040255,"[101,201]","[1,1]",1:4:100,"[1001,1002]","[5,525]"
4025506,[5星]高诗岩第6关,900106,1040255,"[101,201]","[1,1]",1:4:100,"[1001,1002]","[5,525]"
4025507,[5星]高诗岩第7关,900107,1040255,"[101,201]","[1,1]",1:4:100,"[1001,1002]","[5,525]"
4025508,[5星]高诗岩第8关,900108,1040255,"[101,201]","[1,1]",1:4:100,"[1001,1002]","[5,525]"
4025509,[5星]高诗岩第9关,900109,1040255,"[101,201]","[1,1]",1:4:100,"[1001,1002]","[5,525]"
4025510,[5星]高诗岩第10关,900110,1040255,"[101,201]","[1,1]",1:4:100,"[1001,1002]","[5,525]"
4026001,[0星]邹雨宸第1关,900111,1040260,"[101,201]","[1,1]",1:4:100,"[1001,1002]","[5,526]"
4026002,[0星]邹雨宸第2关,900112,1040260,"[101,201]","[1,1]",1:4:100,"[1001,1002]","[5,526]"
4026003,[0星]邹雨宸第3关,900113,1040260,"[101,201]","[1,1]",1:4:100,"[1001,1002]","[5,526]"
4026004,[0星]邹雨宸第4关,900114,1040260,"[101,201]","[1,1]",1:4:100,"[1001,1002]","[5,526]"
4026005,[0星]邹雨宸第5关,900115,1040260,"[101,201]","[1,1]",1:4:100,"[1001,1002]","[5,526]"
4026101,[1星]邹雨宸第1关,900116,1040261,"[101,201]","[1,1]",1:4:100,"[1001,1002]","[5,526]"
4026102,[1星]邹雨宸第2关,900117,1040261,"[101,201]","[1,1]",1:4:100,"[1001,1002]","[5,526]"
4026103,[1星]邹雨宸第3关,900118,1040261,"[101,201]","[1,1]",1:4:100,"[1001,1002]","[5,526]"
4026104,[1星]邹雨宸第4关,900119,1040261,"[101,201]","[1,1]",1:4:100,"[1001,1002]","[5,526]"
4026105,[1星]邹雨宸第5关,900120,1040261,"[101,201]","[1,1]",1:4:100,"[1001,1002]","[5,526]"
4026106,[1星]邹雨宸第6关,900101,1040261,"[101,201]","[1,1]",1:4:100,"[1001,1002]","[5,526]"
4026107,[1星]邹雨宸第7关,900102,1040261,"[101,201]","[1,1]",1:4:100,"[1001,1002]","[5,526]"
4026108,[1星]邹雨宸第8关,900103,1040261,"[101,201]","[1,1]",1:4:100,"[1001,1002]","[5,526]"
4026109,[1星]邹雨宸第9关,900104,1040261,"[101,201]","[1,1]",1:4:100,"[1001,1002]","[5,526]"
4026110,[1星]邹雨宸第10关,900105,1040261,"[101,201]","[1,1]",1:4:100,"[1001,1002]","[5,526]"
4026301,[3星]邹雨宸第1关,900106,1040263,"[101,201]","[1,1]",1:4:100,"[1001,1002]","[5,526]"
4026302,[3星]邹雨宸第2关,900107,1040263,"[101,201]","[1,1]",1:4:100,"[1001,1002]","[5,526]"
4026303,[3星]邹雨宸第3关,900108,1040263,"[101,201]","[1,1]",1:4:100,"[1001,1002]","[5,526]"
4026304,[3星]邹雨宸第4关,900109,1040263,"[101,201]","[1,1]",1:4:100,"[1001,1002]","[5,526]"
4026305,[3星]邹雨宸第5关,900110,1040263,"[101,201]","[1,1]",1:4:100,"[1001,1002]","[5,526]"
4026306,[3星]邹雨宸第6关,900111,1040263,"[101,201]","[1,1]",1:4:100,"[1001,1002]","[5,526]"
4026307,[3星]邹雨宸第7关,900112,1040263,"[101,201]","[1,1]",1:4:100,"[1001,1002]","[5,526]"
4026308,[3星]邹雨宸第8关,900113,1040263,"[101,201]","[1,1]",1:4:100,"[1001,1002]","[5,526]"
4026309,[3星]邹雨宸第9关,900114,1040263,"[101,201]","[1,1]",1:4:100,"[1001,1002]","[5,526]"
4026310,[3星]邹雨宸第10关,900115,1040263,"[101,201]","[1,1]",1:4:100,"[1001,1002]","[5,526]"
4026501,[5星]邹雨宸第1关,900116,1040265,"[101,201]","[1,1]",1:4:100,"[1001,1002]","[5,526]"
4026502,[5星]邹雨宸第2关,900117,1040265,"[101,201]","[1,1]",1:4:100,"[1001,1002]","[5,526]"
4026503,[5星]邹雨宸第3关,900118,1040265,"[101,201]","[1,1]",1:4:100,"[1001,1002]","[5,526]"
4026504,[5星]邹雨宸第4关,900119,1040265,"[101,201]","[1,1]",1:4:100,"[1001,1002]","[5,526]"
4026505,[5星]邹雨宸第5关,900120,1040265,"[101,201]","[1,1]",1:4:100,"[1001,1002]","[5,526]"
4026506,[5星]邹雨宸第6关,900101,1040265,"[101,201]","[1,1]",1:4:100,"[1001,1002]","[5,526]"
4026507,[5星]邹雨宸第7关,900102,1040265,"[101,201]","[1,1]",1:4:100,"[1001,1002]","[5,526]"
4026508,[5星]邹雨宸第8关,900103,1040265,"[101,201]","[1,1]",1:4:100,"[1001,1002]","[5,526]"
4026509,[5星]邹雨宸第9关,900104,1040265,"[101,201]","[1,1]",1:4:100,"[1001,1002]","[5,526]"
4026510,[5星]邹雨宸第10关,900105,1040265,"[101,201]","[1,1]",1:4:100,"[1001,1002]","[5,526]"
4027001,[0星]贺希宁第1关,900106,1040270,"[101,201]","[1,1]",1:4:100,"[1001,1002]","[5,527]"
4027002,[0星]贺希宁第2关,900107,1040270,"[101,201]","[1,1]",1:4:100,"[1001,1002]","[5,527]"
4027003,[0星]贺希宁第3关,900108,1040270,"[101,201]","[1,1]",1:4:100,"[1001,1002]","[5,527]"
4027004,[0星]贺希宁第4关,900109,1040270,"[101,201]","[1,1]",1:4:100,"[1001,1002]","[5,527]"
4027005,[0星]贺希宁第5关,900110,1040270,"[101,201]","[1,1]",1:4:100,"[1001,1002]","[5,527]"
4027101,[1星]贺希宁第1关,900111,1040271,"[101,201]","[1,1]",1:4:100,"[1001,1002]","[5,527]"
4027102,[1星]贺希宁第2关,900112,1040271,"[101,201]","[1,1]",1:4:100,"[1001,1002]","[5,527]"
4027103,[1星]贺希宁第3关,900113,1040271,"[101,201]","[1,1]",1:4:100,"[1001,1002]","[5,527]"
4027104,[1星]贺希宁第4关,900114,1040271,"[101,201]","[1,1]",1:4:100,"[1001,1002]","[5,527]"
4027105,[1星]贺希宁第5关,900115,1040271,"[101,201]","[1,1]",1:4:100,"[1001,1002]","[5,527]"
4027106,[1星]贺希宁第6关,900116,1040271,"[101,201]","[1,1]",1:4:100,"[1001,1002]","[5,527]"
4027107,[1星]贺希宁第7关,900117,1040271,"[101,201]","[1,1]",1:4:100,"[1001,1002]","[5,527]"
4027108,[1星]贺希宁第8关,900118,1040271,"[101,201]","[1,1]",1:4:100,"[1001,1002]","[5,527]"
4027109,[1星]贺希宁第9关,900119,1040271,"[101,201]","[1,1]",1:4:100,"[1001,1002]","[5,527]"
4027110,[1星]贺希宁第10关,900120,1040271,"[101,201]","[1,1]",1:4:100,"[1001,1002]","[5,527]"
4027301,[3星]贺希宁第1关,900101,1040273,"[101,201]","[1,1]",1:4:100,"[1001,1002]","[5,527]"
4027302,[3星]贺希宁第2关,900102,1040273,"[101,201]","[1,1]",1:4:100,"[1001,1002]","[5,527]"
4027303,[3星]贺希宁第3关,900103,1040273,"[101,201]","[1,1]",1:4:100,"[1001,1002]","[5,527]"
4027304,[3星]贺希宁第4关,900104,1040273,"[101,201]","[1,1]",1:4:100,"[1001,1002]","[5,527]"
4027305,[3星]贺希宁第5关,900105,1040273,"[101,201]","[1,1]",1:4:100,"[1001,1002]","[5,527]"
4027306,[3星]贺希宁第6关,900106,1040273,"[101,201]","[1,1]",1:4:100,"[1001,1002]","[5,527]"
4027307,[3星]贺希宁第7关,900107,1040273,"[101,201]","[1,1]",1:4:100,"[1001,1002]","[5,527]"
4027308,[3星]贺希宁第8关,900108,1040273,"[101,201]","[1,1]",1:4:100,"[1001,1002]","[5,527]"
4027309,[3星]贺希宁第9关,900109,1040273,"[101,201]","[1,1]",1:4:100,"[1001,1002]","[5,527]"
4027310,[3星]贺希宁第10关,900110,1040273,"[101,201]","[1,1]",1:4:100,"[1001,1002]","[5,527]"
4027501,[5星]贺希宁第1关,900111,1040275,"[101,201]","[1,1]",1:4:100,"[1001,1002]","[5,527]"
4027502,[5星]贺希宁第2关,900112,1040275,"[101,201]","[1,1]",1:4:100,"[1001,1002]","[5,527]"
4027503,[5星]贺希宁第3关,900113,1040275,"[101,201]","[1,1]",1:4:100,"[1001,1002]","[5,527]"
4027504,[5星]贺希宁第4关,900114,1040275,"[101,201]","[1,1]",1:4:100,"[1001,1002]","[5,527]"
4027505,[5星]贺希宁第5关,900115,1040275,"[101,201]","[1,1]",1:4:100,"[1001,1002]","[5,527]"
4027506,[5星]贺希宁第6关,900116,1040275,"[101,201]","[1,1]",1:4:100,"[1001,1002]","[5,527]"
4027507,[5星]贺希宁第7关,900117,1040275,"[101,201]","[1,1]",1:4:100,"[1001,1002]","[5,527]"
4027508,[5星]贺希宁第8关,900118,1040275,"[101,201]","[1,1]",1:4:100,"[1001,1002]","[5,527]"
4027509,[5星]贺希宁第9关,900119,1040275,"[101,201]","[1,1]",1:4:100,"[1001,1002]","[5,527]"
4027510,[5星]贺希宁第10关,900120,1040275,"[101,201]","[1,1]",1:4:100,"[1001,1002]","[5,527]"
4028001,[0星]顾全第1关,900101,1040280,"[101,201]","[1,1]",1:4:100,"[1001,1002]","[5,528]"
4028002,[0星]顾全第2关,900102,1040280,"[101,201]","[1,1]",1:4:100,"[1001,1002]","[5,528]"
4028003,[0星]顾全第3关,900103,1040280,"[101,201]","[1,1]",1:4:100,"[1001,1002]","[5,528]"
4028004,[0星]顾全第4关,900104,1040280,"[101,201]","[1,1]",1:4:100,"[1001,1002]","[5,528]"
4028005,[0星]顾全第5关,900105,1040280,"[101,201]","[1,1]",1:4:100,"[1001,1002]","[5,528]"
4028101,[1星]顾全第1关,900106,1040281,"[101,201]","[1,1]",1:4:100,"[1001,1002]","[5,528]"
4028102,[1星]顾全第2关,900107,1040281,"[101,201]","[1,1]",1:4:100,"[1001,1002]","[5,528]"
4028103,[1星]顾全第3关,900108,1040281,"[101,201]","[1,1]",1:4:100,"[1001,1002]","[5,528]"
4028104,[1星]顾全第4关,900109,1040281,"[101,201]","[1,1]",1:4:100,"[1001,1002]","[5,528]"
4028105,[1星]顾全第5关,900110,1040281,"[101,201]","[1,1]",1:4:100,"[1001,1002]","[5,528]"
4028106,[1星]顾全第6关,900111,1040281,"[101,201]","[1,1]",1:4:100,"[1001,1002]","[5,528]"
4028107,[1星]顾全第7关,900112,1040281,"[101,201]","[1,1]",1:4:100,"[1001,1002]","[5,528]"
4028108,[1星]顾全第8关,900113,1040281,"[101,201]","[1,1]",1:4:100,"[1001,1002]","[5,528]"
4028109,[1星]顾全第9关,900114,1040281,"[101,201]","[1,1]",1:4:100,"[1001,1002]","[5,528]"
4028110,[1星]顾全第10关,900115,1040281,"[101,201]","[1,1]",1:4:100,"[1001,1002]","[5,528]"
4028301,[3星]顾全第1关,900116,1040283,"[101,201]","[1,1]",1:4:100,"[1001,1002]","[5,528]"
4028302,[3星]顾全第2关,900117,1040283,"[101,201]","[1,1]",1:4:100,"[1001,1002]","[5,528]"
4028303,[3星]顾全第3关,900118,1040283,"[101,201]","[1,1]",1:4:100,"[1001,1002]","[5,528]"
4028304,[3星]顾全第4关,900119,1040283,"[101,201]","[1,1]",1:4:100,"[1001,1002]","[5,528]"
4028305,[3星]顾全第5关,900120,1040283,"[101,201]","[1,1]",1:4:100,"[1001,1002]","[5,528]"
4028306,[3星]顾全第6关,900101,1040283,"[101,201]","[1,1]",1:4:100,"[1001,1002]","[5,528]"
4028307,[3星]顾全第7关,900102,1040283,"[101,201]","[1,1]",1:4:100,"[1001,1002]","[5,528]"
4028308,[3星]顾全第8关,900103,1040283,"[101,201]","[1,1]",1:4:100,"[1001,1002]","[5,528]"
4028309,[3星]顾全第9关,900104,1040283,"[101,201]","[1,1]",1:4:100,"[1001,1002]","[5,528]"
4028310,[3星]顾全第10关,900105,1040283,"[101,201]","[1,1]",1:4:100,"[1001,1002]","[5,528]"
4028501,[5星]顾全第1关,900106,1040285,"[101,201]","[1,1]",1:4:100,"[1001,1002]","[5,528]"
4028502,[5星]顾全第2关,900107,1040285,"[101,201]","[1,1]",1:4:100,"[1001,1002]","[5,528]"
4028503,[5星]顾全第3关,900108,1040285,"[101,201]","[1,1]",1:4:100,"[1001,1002]","[5,528]"
4028504,[5星]顾全第4关,900109,1040285,"[101,201]","[1,1]",1:4:100,"[1001,1002]","[5,528]"
4028505,[5星]顾全第5关,900110,1040285,"[101,201]","[1,1]",1:4:100,"[1001,1002]","[5,528]"
4028506,[5星]顾全第6关,900111,1040285,"[101,201]","[1,1]",1:4:100,"[1001,1002]","[5,528]"
4028507,[5星]顾全第7关,900112,1040285,"[101,201]","[1,1]",1:4:100,"[1001,1002]","[5,528]"
4028508,[5星]顾全第8关,900113,1040285,"[101,201]","[1,1]",1:4:100,"[1001,1002]","[5,528]"
4028509,[5星]顾全第9关,900114,1040285,"[101,201]","[1,1]",1:4:100,"[1001,1002]","[5,528]"
4028510,[5星]顾全第10关,900115,1040285,"[101,201]","[1,1]",1:4:100,"[1001,1002]","[5,528]"
4029001,[0星]陈林坚第1关,900116,1040290,"[101,201]","[1,1]",1:4:100,"[1001,1002]","[5,529]"
4029002,[0星]陈林坚第2关,900117,1040290,"[101,201]","[1,1]",1:4:100,"[1001,1002]","[5,529]"
4029003,[0星]陈林坚第3关,900118,1040290,"[101,201]","[1,1]",1:4:100,"[1001,1002]","[5,529]"
4029004,[0星]陈林坚第4关,900119,1040290,"[101,201]","[1,1]",1:4:100,"[1001,1002]","[5,529]"
4029005,[0星]陈林坚第5关,900120,1040290,"[101,201]","[1,1]",1:4:100,"[1001,1002]","[5,529]"
4029101,[1星]陈林坚第1关,900101,1040291,"[101,201]","[1,1]",1:4:100,"[1001,1002]","[5,529]"
4029102,[1星]陈林坚第2关,900102,1040291,"[101,201]","[1,1]",1:4:100,"[1001,1002]","[5,529]"
4029103,[1星]陈林坚第3关,900103,1040291,"[101,201]","[1,1]",1:4:100,"[1001,1002]","[5,529]"
4029104,[1星]陈林坚第4关,900104,1040291,"[101,201]","[1,1]",1:4:100,"[1001,1002]","[5,529]"
4029105,[1星]陈林坚第5关,900105,1040291,"[101,201]","[1,1]",1:4:100,"[1001,1002]","[5,529]"
4029106,[1星]陈林坚第6关,900106,1040291,"[101,201]","[1,1]",1:4:100,"[1001,1002]","[5,529]"
4029107,[1星]陈林坚第7关,900107,1040291,"[101,201]","[1,1]",1:4:100,"[1001,1002]","[5,529]"
4029108,[1星]陈林坚第8关,900108,1040291,"[101,201]","[1,1]",1:4:100,"[1001,1002]","[5,529]"
4029109,[1星]陈林坚第9关,900109,1040291,"[101,201]","[1,1]",1:4:100,"[1001,1002]","[5,529]"
4029110,[1星]陈林坚第10关,900110,1040291,"[101,201]","[1,1]",1:4:100,"[1001,1002]","[5,529]"
4029301,[3星]陈林坚第1关,900111,1040293,"[101,201]","[1,1]",1:4:100,"[1001,1002]","[5,529]"
4029302,[3星]陈林坚第2关,900112,1040293,"[101,201]","[1,1]",1:4:100,"[1001,1002]","[5,529]"
4029303,[3星]陈林坚第3关,900113,1040293,"[101,201]","[1,1]",1:4:100,"[1001,1002]","[5,529]"
4029304,[3星]陈林坚第4关,900114,1040293,"[101,201]","[1,1]",1:4:100,"[1001,1002]","[5,529]"
4029305,[3星]陈林坚第5关,900115,1040293,"[101,201]","[1,1]",1:4:100,"[1001,1002]","[5,529]"
4029306,[3星]陈林坚第6关,900116,1040293,"[101,201]","[1,1]",1:4:100,"[1001,1002]","[5,529]"
4029307,[3星]陈林坚第7关,900117,1040293,"[101,201]","[1,1]",1:4:100,"[1001,1002]","[5,529]"
4029308,[3星]陈林坚第8关,900118,1040293,"[101,201]","[1,1]",1:4:100,"[1001,1002]","[5,529]"
4029309,[3星]陈林坚第9关,900119,1040293,"[101,201]","[1,1]",1:4:100,"[1001,1002]","[5,529]"
4029310,[3星]陈林坚第10关,900120,1040293,"[101,201]","[1,1]",1:4:100,"[1001,1002]","[5,529]"
4029501,[5星]陈林坚第1关,900101,1040295,"[101,201]","[1,1]",1:4:100,"[1001,1002]","[5,529]"
4029502,[5星]陈林坚第2关,900102,1040295,"[101,201]","[1,1]",1:4:100,"[1001,1002]","[5,529]"
4029503,[5星]陈林坚第3关,900103,1040295,"[101,201]","[1,1]",1:4:100,"[1001,1002]","[5,529]"
4029504,[5星]陈林坚第4关,900104,1040295,"[101,201]","[1,1]",1:4:100,"[1001,1002]","[5,529]"
4029505,[5星]陈林坚第5关,900105,1040295,"[101,201]","[1,1]",1:4:100,"[1001,1002]","[5,529]"
4029506,[5星]陈林坚第6关,900106,1040295,"[101,201]","[1,1]",1:4:100,"[1001,1002]","[5,529]"
4029507,[5星]陈林坚第7关,900107,1040295,"[101,201]","[1,1]",1:4:100,"[1001,1002]","[5,529]"
4029508,[5星]陈林坚第8关,900108,1040295,"[101,201]","[1,1]",1:4:100,"[1001,1002]","[5,529]"
4029509,[5星]陈林坚第9关,900109,1040295,"[101,201]","[1,1]",1:4:100,"[1001,1002]","[5,529]"
4029510,[5星]陈林坚第10关,900110,1040295,"[101,201]","[1,1]",1:4:100,"[1001,1002]","[5,529]"
4030001,[0星]姜宇星第1关,900111,1040300,"[101,201]","[1,1]",1:4:100,"[1001,1002]","[5,530]"
4030002,[0星]姜宇星第2关,900112,1040300,"[101,201]","[1,1]",1:4:100,"[1001,1002]","[5,530]"
4030003,[0星]姜宇星第3关,900113,1040300,"[101,201]","[1,1]",1:4:100,"[1001,1002]","[5,530]"
4030004,[0星]姜宇星第4关,900114,1040300,"[101,201]","[1,1]",1:4:100,"[1001,1002]","[5,530]"
4030005,[0星]姜宇星第5关,900115,1040300,"[101,201]","[1,1]",1:4:100,"[1001,1002]","[5,530]"
4030101,[1星]姜宇星第1关,900116,1040301,"[101,201]","[1,1]",1:4:100,"[1001,1002]","[5,530]"
4030102,[1星]姜宇星第2关,900117,1040301,"[101,201]","[1,1]",1:4:100,"[1001,1002]","[5,530]"
4030103,[1星]姜宇星第3关,900118,1040301,"[101,201]","[1,1]",1:4:100,"[1001,1002]","[5,530]"
4030104,[1星]姜宇星第4关,900119,1040301,"[101,201]","[1,1]",1:4:100,"[1001,1002]","[5,530]"
4030105,[1星]姜宇星第5关,900120,1040301,"[101,201]","[1,1]",1:4:100,"[1001,1002]","[5,530]"
4030106,[1星]姜宇星第6关,900101,1040301,"[101,201]","[1,1]",1:4:100,"[1001,1002]","[5,530]"
4030107,[1星]姜宇星第7关,900102,1040301,"[101,201]","[1,1]",1:4:100,"[1001,1002]","[5,530]"
4030108,[1星]姜宇星第8关,900103,1040301,"[101,201]","[1,1]",1:4:100,"[1001,1002]","[5,530]"
4030109,[1星]姜宇星第9关,900104,1040301,"[101,201]","[1,1]",1:4:100,"[1001,1002]","[5,530]"
4030110,[1星]姜宇星第10关,900105,1040301,"[101,201]","[1,1]",1:4:100,"[1001,1002]","[5,530]"
4030301,[3星]姜宇星第1关,900106,1040303,"[101,201]","[1,1]",1:4:100,"[1001,1002]","[5,530]"
4030302,[3星]姜宇星第2关,900107,1040303,"[101,201]","[1,1]",1:4:100,"[1001,1002]","[5,530]"
4030303,[3星]姜宇星第3关,900108,1040303,"[101,201]","[1,1]",1:4:100,"[1001,1002]","[5,530]"
4030304,[3星]姜宇星第4关,900109,1040303,"[101,201]","[1,1]",1:4:100,"[1001,1002]","[5,530]"
4030305,[3星]姜宇星第5关,900110,1040303,"[101,201]","[1,1]",1:4:100,"[1001,1002]","[5,530]"
4030306,[3星]姜宇星第6关,900111,1040303,"[101,201]","[1,1]",1:4:100,"[1001,1002]","[5,530]"
4030307,[3星]姜宇星第7关,900112,1040303,"[101,201]","[1,1]",1:4:100,"[1001,1002]","[5,530]"
4030308,[3星]姜宇星第8关,900113,1040303,"[101,201]","[1,1]",1:4:100,"[1001,1002]","[5,530]"
4030309,[3星]姜宇星第9关,900114,1040303,"[101,201]","[1,1]",1:4:100,"[1001,1002]","[5,530]"
4030310,[3星]姜宇星第10关,900115,1040303,"[101,201]","[1,1]",1:4:100,"[1001,1002]","[5,530]"
4030501,[5星]姜宇星第1关,900116,1040305,"[101,201]","[1,1]",1:4:100,"[1001,1002]","[5,530]"
4030502,[5星]姜宇星第2关,900117,1040305,"[101,201]","[1,1]",1:4:100,"[1001,1002]","[5,530]"
4030503,[5星]姜宇星第3关,900118,1040305,"[101,201]","[1,1]",1:4:100,"[1001,1002]","[5,530]"
4030504,[5星]姜宇星第4关,900119,1040305,"[101,201]","[1,1]",1:4:100,"[1001,1002]","[5,530]"
4030505,[5星]姜宇星第5关,900120,1040305,"[101,201]","[1,1]",1:4:100,"[1001,1002]","[5,530]"
4030506,[5星]姜宇星第6关,900101,1040305,"[101,201]","[1,1]",1:4:100,"[1001,1002]","[5,530]"
4030507,[5星]姜宇星第7关,900102,1040305,"[101,201]","[1,1]",1:4:100,"[1001,1002]","[5,530]"
4030508,[5星]姜宇星第8关,900103,1040305,"[101,201]","[1,1]",1:4:100,"[1001,1002]","[5,530]"
4030509,[5星]姜宇星第9关,900104,1040305,"[101,201]","[1,1]",1:4:100,"[1001,1002]","[5,530]"
4030510,[5星]姜宇星第10关,900105,1040305,"[101,201]","[1,1]",1:4:100,"[1001,1002]","[5,530]"
4031001,[0星]崔永熙第1关,900106,1040310,"[101,201]","[1,1]",1:4:100,"[1001,1002]","[5,534]"
4031002,[0星]崔永熙第2关,900107,1040310,"[101,201]","[1,1]",1:4:100,"[1001,1002]","[5,534]"
4031003,[0星]崔永熙第3关,900108,1040310,"[101,201]","[1,1]",1:4:100,"[1001,1002]","[5,534]"
4031004,[0星]崔永熙第4关,900109,1040310,"[101,201]","[1,1]",1:4:100,"[1001,1002]","[5,534]"
4031005,[0星]崔永熙第5关,900110,1040310,"[101,201]","[1,1]",1:4:100,"[1001,1002]","[5,534]"
4031101,[1星]崔永熙第1关,900111,1040311,"[101,201]","[1,1]",1:4:100,"[1001,1002]","[5,534]"
4031102,[1星]崔永熙第2关,900112,1040311,"[101,201]","[1,1]",1:4:100,"[1001,1002]","[5,534]"
4031103,[1星]崔永熙第3关,900113,1040311,"[101,201]","[1,1]",1:4:100,"[1001,1002]","[5,534]"
4031104,[1星]崔永熙第4关,900114,1040311,"[101,201]","[1,1]",1:4:100,"[1001,1002]","[5,534]"
4031105,[1星]崔永熙第5关,900115,1040311,"[101,201]","[1,1]",1:4:100,"[1001,1002]","[5,534]"
4031106,[1星]崔永熙第6关,900116,1040311,"[101,201]","[1,1]",1:4:100,"[1001,1002]","[5,534]"
4031107,[1星]崔永熙第7关,900117,1040311,"[101,201]","[1,1]",1:4:100,"[1001,1002]","[5,534]"
4031108,[1星]崔永熙第8关,900118,1040311,"[101,201]","[1,1]",1:4:100,"[1001,1002]","[5,534]"
4031109,[1星]崔永熙第9关,900119,1040311,"[101,201]","[1,1]",1:4:100,"[1001,1002]","[5,534]"
4031110,[1星]崔永熙第10关,900120,1040311,"[101,201]","[1,1]",1:4:100,"[1001,1002]","[5,534]"
4031301,[3星]崔永熙第1关,900101,1040313,"[101,201]","[1,1]",1:4:100,"[1001,1002]","[5,534]"
4031302,[3星]崔永熙第2关,900102,1040313,"[101,201]","[1,1]",1:4:100,"[1001,1002]","[5,534]"
4031303,[3星]崔永熙第3关,900103,1040313,"[101,201]","[1,1]",1:4:100,"[1001,1002]","[5,534]"
4031304,[3星]崔永熙第4关,900104,1040313,"[101,201]","[1,1]",1:4:100,"[1001,1002]","[5,534]"
4031305,[3星]崔永熙第5关,900105,1040313,"[101,201]","[1,1]",1:4:100,"[1001,1002]","[5,534]"
4031306,[3星]崔永熙第6关,900106,1040313,"[101,201]","[1,1]",1:4:100,"[1001,1002]","[5,534]"
4031307,[3星]崔永熙第7关,900107,1040313,"[101,201]","[1,1]",1:4:100,"[1001,1002]","[5,534]"
4031308,[3星]崔永熙第8关,900108,1040313,"[101,201]","[1,1]",1:4:100,"[1001,1002]","[5,534]"
4031309,[3星]崔永熙第9关,900109,1040313,"[101,201]","[1,1]",1:4:100,"[1001,1002]","[5,534]"
4031310,[3星]崔永熙第10关,900110,1040313,"[101,201]","[1,1]",1:4:100,"[1001,1002]","[5,534]"
4031501,[5星]崔永熙第1关,900111,1040315,"[101,201]","[1,1]",1:4:100,"[1001,1002]","[5,534]"
4031502,[5星]崔永熙第2关,900112,1040315,"[101,201]","[1,1]",1:4:100,"[1001,1002]","[5,534]"
4031503,[5星]崔永熙第3关,900113,1040315,"[101,201]","[1,1]",1:4:100,"[1001,1002]","[5,534]"
4031504,[5星]崔永熙第4关,900114,1040315,"[101,201]","[1,1]",1:4:100,"[1001,1002]","[5,534]"
4031505,[5星]崔永熙第5关,900115,1040315,"[101,201]","[1,1]",1:4:100,"[1001,1002]","[5,534]"
4031506,[5星]崔永熙第6关,900116,1040315,"[101,201]","[1,1]",1:4:100,"[1001,1002]","[5,534]"
4031507,[5星]崔永熙第7关,900117,1040315,"[101,201]","[1,1]",1:4:100,"[1001,1002]","[5,534]"
4031508,[5星]崔永熙第8关,900118,1040315,"[101,201]","[1,1]",1:4:100,"[1001,1002]","[5,534]"
4031509,[5星]崔永熙第9关,900119,1040315,"[101,201]","[1,1]",1:4:100,"[1001,1002]","[5,534]"
4031510,[5星]崔永熙第10关,900120,1040315,"[101,201]","[1,1]",1:4:100,"[1001,1002]","[5,534]"
4032001,[0星]曾凡博第1关,900101,1040320,"[101,201]","[1,1]",1:4:100,"[1001,1002]","[5,535]"
4032002,[0星]曾凡博第2关,900102,1040320,"[101,201]","[1,1]",1:4:100,"[1001,1002]","[5,535]"
4032003,[0星]曾凡博第3关,900103,1040320,"[101,201]","[1,1]",1:4:100,"[1001,1002]","[5,535]"
4032004,[0星]曾凡博第4关,900104,1040320,"[101,201]","[1,1]",1:4:100,"[1001,1002]","[5,535]"
4032005,[0星]曾凡博第5关,900105,1040320,"[101,201]","[1,1]",1:4:100,"[1001,1002]","[5,535]"
4032101,[1星]曾凡博第1关,900106,1040321,"[101,201]","[1,1]",1:4:100,"[1001,1002]","[5,535]"
4032102,[1星]曾凡博第2关,900107,1040321,"[101,201]","[1,1]",1:4:100,"[1001,1002]","[5,535]"
4032103,[1星]曾凡博第3关,900108,1040321,"[101,201]","[1,1]",1:4:100,"[1001,1002]","[5,535]"
4032104,[1星]曾凡博第4关,900109,1040321,"[101,201]","[1,1]",1:4:100,"[1001,1002]","[5,535]"
4032105,[1星]曾凡博第5关,900110,1040321,"[101,201]","[1,1]",1:4:100,"[1001,1002]","[5,535]"
4032106,[1星]曾凡博第6关,900111,1040321,"[101,201]","[1,1]",1:4:100,"[1001,1002]","[5,535]"
4032107,[1星]曾凡博第7关,900112,1040321,"[101,201]","[1,1]",1:4:100,"[1001,1002]","[5,535]"
4032108,[1星]曾凡博第8关,900113,1040321,"[101,201]","[1,1]",1:4:100,"[1001,1002]","[5,535]"
4032109,[1星]曾凡博第9关,900114,1040321,"[101,201]","[1,1]",1:4:100,"[1001,1002]","[5,535]"
4032110,[1星]曾凡博第10关,900115,1040321,"[101,201]","[1,1]",1:4:100,"[1001,1002]","[5,535]"
4032301,[3星]曾凡博第1关,900116,1040323,"[101,201]","[1,1]",1:4:100,"[1001,1002]","[5,535]"
4032302,[3星]曾凡博第2关,900117,1040323,"[101,201]","[1,1]",1:4:100,"[1001,1002]","[5,535]"
4032303,[3星]曾凡博第3关,900118,1040323,"[101,201]","[1,1]",1:4:100,"[1001,1002]","[5,535]"
4032304,[3星]曾凡博第4关,900119,1040323,"[101,201]","[1,1]",1:4:100,"[1001,1002]","[5,535]"
4032305,[3星]曾凡博第5关,900120,1040323,"[101,201]","[1,1]",1:4:100,"[1001,1002]","[5,535]"
4032306,[3星]曾凡博第6关,900101,1040323,"[101,201]","[1,1]",1:4:100,"[1001,1002]","[5,535]"
4032307,[3星]曾凡博第7关,900102,1040323,"[101,201]","[1,1]",1:4:100,"[1001,1002]","[5,535]"
4032308,[3星]曾凡博第8关,900103,1040323,"[101,201]","[1,1]",1:4:100,"[1001,1002]","[5,535]"
4032309,[3星]曾凡博第9关,900104,1040323,"[101,201]","[1,1]",1:4:100,"[1001,1002]","[5,535]"
4032310,[3星]曾凡博第10关,900105,1040323,"[101,201]","[1,1]",1:4:100,"[1001,1002]","[5,535]"
4032501,[5星]曾凡博第1关,900106,1040325,"[101,201]","[1,1]",1:4:100,"[1001,1002]","[5,535]"
4032502,[5星]曾凡博第2关,900107,1040325,"[101,201]","[1,1]",1:4:100,"[1001,1002]","[5,535]"
4032503,[5星]曾凡博第3关,900108,1040325,"[101,201]","[1,1]",1:4:100,"[1001,1002]","[5,535]"
4032504,[5星]曾凡博第4关,900109,1040325,"[101,201]","[1,1]",1:4:100,"[1001,1002]","[5,535]"
4032505,[5星]曾凡博第5关,900110,1040325,"[101,201]","[1,1]",1:4:100,"[1001,1002]","[5,535]"
4032506,[5星]曾凡博第6关,900111,1040325,"[101,201]","[1,1]",1:4:100,"[1001,1002]","[5,535]"
4032507,[5星]曾凡博第7关,900112,1040325,"[101,201]","[1,1]",1:4:100,"[1001,1002]","[5,535]"
4032508,[5星]曾凡博第8关,900113,1040325,"[101,201]","[1,1]",1:4:100,"[1001,1002]","[5,535]"
4032509,[5星]曾凡博第9关,900114,1040325,"[101,201]","[1,1]",1:4:100,"[1001,1002]","[5,535]"
4032510,[5星]曾凡博第10关,900115,1040325,"[101,201]","[1,1]",1:4:100,"[1001,1002]","[5,535]"
4033001,[0星]林葳第1关,900116,1040330,"[101,201]","[1,1]",1:4:100,"[1001,1002]","[5,536]"
4033002,[0星]林葳第2关,900117,1040330,"[101,201]","[1,1]",1:4:100,"[1001,1002]","[5,536]"
4033003,[0星]林葳第3关,900118,1040330,"[101,201]","[1,1]",1:4:100,"[1001,1002]","[5,536]"
4033004,[0星]林葳第4关,900119,1040330,"[101,201]","[1,1]",1:4:100,"[1001,1002]","[5,536]"
4033005,[0星]林葳第5关,900120,1040330,"[101,201]","[1,1]",1:4:100,"[1001,1002]","[5,536]"
4033101,[1星]林葳第1关,900101,1040331,"[101,201]","[1,1]",1:4:100,"[1001,1002]","[5,536]"
4033102,[1星]林葳第2关,900102,1040331,"[101,201]","[1,1]",1:4:100,"[1001,1002]","[5,536]"
4033103,[1星]林葳第3关,900103,1040331,"[101,201]","[1,1]",1:4:100,"[1001,1002]","[5,536]"
4033104,[1星]林葳第4关,900104,1040331,"[101,201]","[1,1]",1:4:100,"[1001,1002]","[5,536]"
4033105,[1星]林葳第5关,900105,1040331,"[101,201]","[1,1]",1:4:100,"[1001,1002]","[5,536]"
4033106,[1星]林葳第6关,900106,1040331,"[101,201]","[1,1]",1:4:100,"[1001,1002]","[5,536]"
4033107,[1星]林葳第7关,900107,1040331,"[101,201]","[1,1]",1:4:100,"[1001,1002]","[5,536]"
4033108,[1星]林葳第8关,900108,1040331,"[101,201]","[1,1]",1:4:100,"[1001,1002]","[5,536]"
4033109,[1星]林葳第9关,900109,1040331,"[101,201]","[1,1]",1:4:100,"[1001,1002]","[5,536]"
4033110,[1星]林葳第10关,900110,1040331,"[101,201]","[1,1]",1:4:100,"[1001,1002]","[5,536]"
4033301,[3星]林葳第1关,900111,1040333,"[101,201]","[1,1]",1:4:100,"[1001,1002]","[5,536]"
4033302,[3星]林葳第2关,900112,1040333,"[101,201]","[1,1]",1:4:100,"[1001,1002]","[5,536]"
4033303,[3星]林葳第3关,900113,1040333,"[101,201]","[1,1]",1:4:100,"[1001,1002]","[5,536]"
4033304,[3星]林葳第4关,900114,1040333,"[101,201]","[1,1]",1:4:100,"[1001,1002]","[5,536]"
4033305,[3星]林葳第5关,900115,1040333,"[101,201]","[1,1]",1:4:100,"[1001,1002]","[5,536]"
4033306,[3星]林葳第6关,900116,1040333,"[101,201]","[1,1]",1:4:100,"[1001,1002]","[5,536]"
4033307,[3星]林葳第7关,900117,1040333,"[101,201]","[1,1]",1:4:100,"[1001,1002]","[5,536]"
4033308,[3星]林葳第8关,900118,1040333,"[101,201]","[1,1]",1:4:100,"[1001,1002]","[5,536]"
4033309,[3星]林葳第9关,900119,1040333,"[101,201]","[1,1]",1:4:100,"[1001,1002]","[5,536]"
4033310,[3星]林葳第10关,900120,1040333,"[101,201]","[1,1]",1:4:100,"[1001,1002]","[5,536]"
4033501,[5星]林葳第1关,900101,1040335,"[101,201]","[1,1]",1:4:100,"[1001,1002]","[5,536]"
4033502,[5星]林葳第2关,900102,1040335,"[101,201]","[1,1]",1:4:100,"[1001,1002]","[5,536]"
4033503,[5星]林葳第3关,900103,1040335,"[101,201]","[1,1]",1:4:100,"[1001,1002]","[5,536]"
4033504,[5星]林葳第4关,900104,1040335,"[101,201]","[1,1]",1:4:100,"[1001,1002]","[5,536]"
4033505,[5星]林葳第5关,900105,1040335,"[101,201]","[1,1]",1:4:100,"[1001,1002]","[5,536]"
4033506,[5星]林葳第6关,900106,1040335,"[101,201]","[1,1]",1:4:100,"[1001,1002]","[5,536]"
4033507,[5星]林葳第7关,900107,1040335,"[101,201]","[1,1]",1:4:100,"[1001,1002]","[5,536]"
4033508,[5星]林葳第8关,900108,1040335,"[101,201]","[1,1]",1:4:100,"[1001,1002]","[5,536]"
4033509,[5星]林葳第9关,900109,1040335,"[101,201]","[1,1]",1:4:100,"[1001,1002]","[5,536]"
4033510,[5星]林葳第10关,900110,1040335,"[101,201]","[1,1]",1:4:100,"[1001,1002]","[5,536]"
4034001,[0星]程帅澎第1关,900111,1040340,"[101,201]","[1,1]",1:4:100,"[1001,1002]","[5,537]"
4034002,[0星]程帅澎第2关,900112,1040340,"[101,201]","[1,1]",1:4:100,"[1001,1002]","[5,537]"
4034003,[0星]程帅澎第3关,900113,1040340,"[101,201]","[1,1]",1:4:100,"[1001,1002]","[5,537]"
4034004,[0星]程帅澎第4关,900114,1040340,"[101,201]","[1,1]",1:4:100,"[1001,1002]","[5,537]"
4034005,[0星]程帅澎第5关,900115,1040340,"[101,201]","[1,1]",1:4:100,"[1001,1002]","[5,537]"
4034101,[1星]程帅澎第1关,900116,1040341,"[101,201]","[1,1]",1:4:100,"[1001,1002]","[5,537]"
4034102,[1星]程帅澎第2关,900117,1040341,"[101,201]","[1,1]",1:4:100,"[1001,1002]","[5,537]"
4034103,[1星]程帅澎第3关,900118,1040341,"[101,201]","[1,1]",1:4:100,"[1001,1002]","[5,537]"
4034104,[1星]程帅澎第4关,900119,1040341,"[101,201]","[1,1]",1:4:100,"[1001,1002]","[5,537]"
4034105,[1星]程帅澎第5关,900120,1040341,"[101,201]","[1,1]",1:4:100,"[1001,1002]","[5,537]"
4034106,[1星]程帅澎第6关,900101,1040341,"[101,201]","[1,1]",1:4:100,"[1001,1002]","[5,537]"
4034107,[1星]程帅澎第7关,900102,1040341,"[101,201]","[1,1]",1:4:100,"[1001,1002]","[5,537]"
4034108,[1星]程帅澎第8关,900103,1040341,"[101,201]","[1,1]",1:4:100,"[1001,1002]","[5,537]"
4034109,[1星]程帅澎第9关,900104,1040341,"[101,201]","[1,1]",1:4:100,"[1001,1002]","[5,537]"
4034110,[1星]程帅澎第10关,900105,1040341,"[101,201]","[1,1]",1:4:100,"[1001,1002]","[5,537]"
4034301,[3星]程帅澎第1关,900106,1040343,"[101,201]","[1,1]",1:4:100,"[1001,1002]","[5,537]"
4034302,[3星]程帅澎第2关,900107,1040343,"[101,201]","[1,1]",1:4:100,"[1001,1002]","[5,537]"
4034303,[3星]程帅澎第3关,900108,1040343,"[101,201]","[1,1]",1:4:100,"[1001,1002]","[5,537]"
4034304,[3星]程帅澎第4关,900109,1040343,"[101,201]","[1,1]",1:4:100,"[1001,1002]","[5,537]"
4034305,[3星]程帅澎第5关,900110,1040343,"[101,201]","[1,1]",1:4:100,"[1001,1002]","[5,537]"
4034306,[3星]程帅澎第6关,900111,1040343,"[101,201]","[1,1]",1:4:100,"[1001,1002]","[5,537]"
4034307,[3星]程帅澎第7关,900112,1040343,"[101,201]","[1,1]",1:4:100,"[1001,1002]","[5,537]"
4034308,[3星]程帅澎第8关,900113,1040343,"[101,201]","[1,1]",1:4:100,"[1001,1002]","[5,537]"
4034309,[3星]程帅澎第9关,900114,1040343,"[101,201]","[1,1]",1:4:100,"[1001,1002]","[5,537]"
4034310,[3星]程帅澎第10关,900115,1040343,"[101,201]","[1,1]",1:4:100,"[1001,1002]","[5,537]"
4034501,[5星]程帅澎第1关,900116,1040345,"[101,201]","[1,1]",1:4:100,"[1001,1002]","[5,537]"
4034502,[5星]程帅澎第2关,900117,1040345,"[101,201]","[1,1]",1:4:100,"[1001,1002]","[5,537]"
4034503,[5星]程帅澎第3关,900118,1040345,"[101,201]","[1,1]",1:4:100,"[1001,1002]","[5,537]"
4034504,[5星]程帅澎第4关,900119,1040345,"[101,201]","[1,1]",1:4:100,"[1001,1002]","[5,537]"
4034505,[5星]程帅澎第5关,900120,1040345,"[101,201]","[1,1]",1:4:100,"[1001,1002]","[5,537]"
4034506,[5星]程帅澎第6关,900101,1040345,"[101,201]","[1,1]",1:4:100,"[1001,1002]","[5,537]"
4034507,[5星]程帅澎第7关,900102,1040345,"[101,201]","[1,1]",1:4:100,"[1001,1002]","[5,537]"
4034508,[5星]程帅澎第8关,900103,1040345,"[101,201]","[1,1]",1:4:100,"[1001,1002]","[5,537]"
4034509,[5星]程帅澎第9关,900104,1040345,"[101,201]","[1,1]",1:4:100,"[1001,1002]","[5,537]"
4034510,[5星]程帅澎第10关,900105,1040345,"[101,201]","[1,1]",1:4:100,"[1001,1002]","[5,537]"
4035001,[0星]周琦第1关,900111,1040350,"[101,201]","[1,1]",1:4:100,"[1001,1002]","[5,538]"
4035002,[0星]周琦第2关,900112,1040350,"[101,201]","[1,1]",1:4:100,"[1001,1002]","[5,538]"
4035003,[0星]周琦第3关,900113,1040350,"[101,201]","[1,1]",1:4:100,"[1001,1002]","[5,538]"
4035004,[0星]周琦第4关,900114,1040350,"[101,201]","[1,1]",1:4:100,"[1001,1002]","[5,538]"
4035005,[0星]周琦第5关,900115,1040350,"[101,201]","[1,1]",1:4:100,"[1001,1002]","[5,538]"
4035101,[1星]周琦第1关,900116,1040351,"[101,201]","[1,1]",1:4:100,"[1001,1002]","[5,538]"
4035102,[1星]周琦第2关,900117,1040351,"[101,201]","[1,1]",1:4:100,"[1001,1002]","[5,538]"
4035103,[1星]周琦第3关,900118,1040351,"[101,201]","[1,1]",1:4:100,"[1001,1002]","[5,538]"
4035104,[1星]周琦第4关,900119,1040351,"[101,201]","[1,1]",1:4:100,"[1001,1002]","[5,538]"
4035105,[1星]周琦第5关,900120,1040351,"[101,201]","[1,1]",1:4:100,"[1001,1002]","[5,538]"
4035106,[1星]周琦第6关,900101,1040351,"[101,201]","[1,1]",1:4:100,"[1001,1002]","[5,538]"
4035107,[1星]周琦第7关,900102,1040351,"[101,201]","[1,1]",1:4:100,"[1001,1002]","[5,538]"
4035108,[1星]周琦第8关,900103,1040351,"[101,201]","[1,1]",1:4:100,"[1001,1002]","[5,538]"
4035109,[1星]周琦第9关,900104,1040351,"[101,201]","[1,1]",1:4:100,"[1001,1002]","[5,538]"
4035110,[1星]周琦第10关,900105,1040351,"[101,201]","[1,1]",1:4:100,"[1001,1002]","[5,538]"
4035301,[3星]周琦第1关,900106,1040353,"[101,201]","[1,1]",1:4:100,"[1001,1002]","[5,538]"
4035302,[3星]周琦第2关,900107,1040353,"[101,201]","[1,1]",1:4:100,"[1001,1002]","[5,538]"
4035303,[3星]周琦第3关,900108,1040353,"[101,201]","[1,1]",1:4:100,"[1001,1002]","[5,538]"
4035304,[3星]周琦第4关,900109,1040353,"[101,201]","[1,1]",1:4:100,"[1001,1002]","[5,538]"
4035305,[3星]周琦第5关,900110,1040353,"[101,201]","[1,1]",1:4:100,"[1001,1002]","[5,538]"
4035306,[3星]周琦第6关,900111,1040353,"[101,201]","[1,1]",1:4:100,"[1001,1002]","[5,538]"
4035307,[3星]周琦第7关,900112,1040353,"[101,201]","[1,1]",1:4:100,"[1001,1002]","[5,538]"
4035308,[3星]周琦第8关,900113,1040353,"[101,201]","[1,1]",1:4:100,"[1001,1002]","[5,538]"
4035309,[3星]周琦第9关,900114,1040353,"[101,201]","[1,1]",1:4:100,"[1001,1002]","[5,538]"
4035310,[3星]周琦第10关,900115,1040353,"[101,201]","[1,1]",1:4:100,"[1001,1002]","[5,538]"
4035501,[5星]周琦第1关,900116,1040355,"[101,201]","[1,1]",1:4:100,"[1001,1002]","[5,538]"
4035502,[5星]周琦第2关,900117,1040355,"[101,201]","[1,1]",1:4:100,"[1001,1002]","[5,538]"
4035503,[5星]周琦第3关,900118,1040355,"[101,201]","[1,1]",1:4:100,"[1001,1002]","[5,538]"
4035504,[5星]周琦第4关,900119,1040355,"[101,201]","[1,1]",1:4:100,"[1001,1002]","[5,538]"
4035505,[5星]周琦第5关,900120,1040355,"[101,201]","[1,1]",1:4:100,"[1001,1002]","[5,538]"
4035506,[5星]周琦第6关,900101,1040355,"[101,201]","[1,1]",1:4:100,"[1001,1002]","[5,538]"
4035507,[5星]周琦第7关,900102,1040355,"[101,201]","[1,1]",1:4:100,"[1001,1002]","[5,538]"
4035508,[5星]周琦第8关,900103,1040355,"[101,201]","[1,1]",1:4:100,"[1001,1002]","[5,538]"
4035509,[5星]周琦第9关,900104,1040355,"[101,201]","[1,1]",1:4:100,"[1001,1002]","[5,538]"
4035510,[5星]周琦第10关,900105,1040355,"[101,201]","[1,1]",1:4:100,"[1001,1002]","[5,538]"
4036001,[0星]陈国豪第1关,900116,1040360,"[101,201]","[1,1]",1:4:100,"[1001,1002]","[5,539]"
4036002,[0星]陈国豪第2关,900117,1040360,"[101,201]","[1,1]",1:4:100,"[1001,1002]","[5,539]"
4036003,[0星]陈国豪第3关,900118,1040360,"[101,201]","[1,1]",1:4:100,"[1001,1002]","[5,539]"
4036004,[0星]陈国豪第4关,900119,1040360,"[101,201]","[1,1]",1:4:100,"[1001,1002]","[5,539]"
4036005,[0星]陈国豪第5关,900120,1040360,"[101,201]","[1,1]",1:4:100,"[1001,1002]","[5,539]"
4036101,[1星]陈国豪第1关,900101,1040361,"[101,201]","[1,1]",1:4:100,"[1001,1002]","[5,539]"
4036102,[1星]陈国豪第2关,900102,1040361,"[101,201]","[1,1]",1:4:100,"[1001,1002]","[5,539]"
4036103,[1星]陈国豪第3关,900103,1040361,"[101,201]","[1,1]",1:4:100,"[1001,1002]","[5,539]"
4036104,[1星]陈国豪第4关,900104,1040361,"[101,201]","[1,1]",1:4:100,"[1001,1002]","[5,539]"
4036105,[1星]陈国豪第5关,900105,1040361,"[101,201]","[1,1]",1:4:100,"[1001,1002]","[5,539]"
4036106,[1星]陈国豪第6关,900106,1040361,"[101,201]","[1,1]",1:4:100,"[1001,1002]","[5,539]"
4036107,[1星]陈国豪第7关,900107,1040361,"[101,201]","[1,1]",1:4:100,"[1001,1002]","[5,539]"
4036108,[1星]陈国豪第8关,900108,1040361,"[101,201]","[1,1]",1:4:100,"[1001,1002]","[5,539]"
4036109,[1星]陈国豪第9关,900109,1040361,"[101,201]","[1,1]",1:4:100,"[1001,1002]","[5,539]"
4036110,[1星]陈国豪第10关,900110,1040361,"[101,201]","[1,1]",1:4:100,"[1001,1002]","[5,539]"
4036301,[3星]陈国豪第1关,900111,1040363,"[101,201]","[1,1]",1:4:100,"[1001,1002]","[5,539]"
4036302,[3星]陈国豪第2关,900112,1040363,"[101,201]","[1,1]",1:4:100,"[1001,1002]","[5,539]"
4036303,[3星]陈国豪第3关,900113,1040363,"[101,201]","[1,1]",1:4:100,"[1001,1002]","[5,539]"
4036304,[3星]陈国豪第4关,900114,1040363,"[101,201]","[1,1]",1:4:100,"[1001,1002]","[5,539]"
4036305,[3星]陈国豪第5关,900115,1040363,"[101,201]","[1,1]",1:4:100,"[1001,1002]","[5,539]"
4036306,[3星]陈国豪第6关,900116,1040363,"[101,201]","[1,1]",1:4:100,"[1001,1002]","[5,539]"
4036307,[3星]陈国豪第7关,900117,1040363,"[101,201]","[1,1]",1:4:100,"[1001,1002]","[5,539]"
4036308,[3星]陈国豪第8关,900118,1040363,"[101,201]","[1,1]",1:4:100,"[1001,1002]","[5,539]"
4036309,[3星]陈国豪第9关,900119,1040363,"[101,201]","[1,1]",1:4:100,"[1001,1002]","[5,539]"
4036310,[3星]陈国豪第10关,900120,1040363,"[101,201]","[1,1]",1:4:100,"[1001,1002]","[5,539]"
4036501,[5星]陈国豪第1关,900101,1040365,"[101,201]","[1,1]",1:4:100,"[1001,1002]","[5,539]"
4036502,[5星]陈国豪第2关,900102,1040365,"[101,201]","[1,1]",1:4:100,"[1001,1002]","[5,539]"
4036503,[5星]陈国豪第3关,900103,1040365,"[101,201]","[1,1]",1:4:100,"[1001,1002]","[5,539]"
4036504,[5星]陈国豪第4关,900104,1040365,"[101,201]","[1,1]",1:4:100,"[1001,1002]","[5,539]"
4036505,[5星]陈国豪第5关,900105,1040365,"[101,201]","[1,1]",1:4:100,"[1001,1002]","[5,539]"
4036506,[5星]陈国豪第6关,900106,1040365,"[101,201]","[1,1]",1:4:100,"[1001,1002]","[5,539]"
4036507,[5星]陈国豪第7关,900107,1040365,"[101,201]","[1,1]",1:4:100,"[1001,1002]","[5,539]"
4036508,[5星]陈国豪第8关,900108,1040365,"[101,201]","[1,1]",1:4:100,"[1001,1002]","[5,539]"
4036509,[5星]陈国豪第9关,900109,1040365,"[101,201]","[1,1]",1:4:100,"[1001,1002]","[5,539]"
4036510,[5星]陈国豪第10关,900110,1040365,"[101,201]","[1,1]",1:4:100,"[1001,1002]","[5,539]"
4037001,[0星]邹阳第1关,900111,1040370,"[101,201]","[1,1]",1:4:100,"[1001,1002]","[5,540]"
4037002,[0星]邹阳第2关,900112,1040370,"[101,201]","[1,1]",1:4:100,"[1001,1002]","[5,540]"
4037003,[0星]邹阳第3关,900113,1040370,"[101,201]","[1,1]",1:4:100,"[1001,1002]","[5,540]"
4037004,[0星]邹阳第4关,900114,1040370,"[101,201]","[1,1]",1:4:100,"[1001,1002]","[5,540]"
4037005,[0星]邹阳第5关,900115,1040370,"[101,201]","[1,1]",1:4:100,"[1001,1002]","[5,540]"
4037101,[1星]邹阳第1关,900116,1040371,"[101,201]","[1,1]",1:4:100,"[1001,1002]","[5,540]"
4037102,[1星]邹阳第2关,900117,1040371,"[101,201]","[1,1]",1:4:100,"[1001,1002]","[5,540]"
4037103,[1星]邹阳第3关,900118,1040371,"[101,201]","[1,1]",1:4:100,"[1001,1002]","[5,540]"
4037104,[1星]邹阳第4关,900119,1040371,"[101,201]","[1,1]",1:4:100,"[1001,1002]","[5,540]"
4037105,[1星]邹阳第5关,900120,1040371,"[101,201]","[1,1]",1:4:100,"[1001,1002]","[5,540]"
4037106,[1星]邹阳第6关,900101,1040371,"[101,201]","[1,1]",1:4:100,"[1001,1002]","[5,540]"
4037107,[1星]邹阳第7关,900102,1040371,"[101,201]","[1,1]",1:4:100,"[1001,1002]","[5,540]"
4037108,[1星]邹阳第8关,900103,1040371,"[101,201]","[1,1]",1:4:100,"[1001,1002]","[5,540]"
4037109,[1星]邹阳第9关,900104,1040371,"[101,201]","[1,1]",1:4:100,"[1001,1002]","[5,540]"
4037110,[1星]邹阳第10关,900105,1040371,"[101,201]","[1,1]",1:4:100,"[1001,1002]","[5,540]"
4037301,[3星]邹阳第1关,900106,1040373,"[101,201]","[1,1]",1:4:100,"[1001,1002]","[5,540]"
4037302,[3星]邹阳第2关,900107,1040373,"[101,201]","[1,1]",1:4:100,"[1001,1002]","[5,540]"
4037303,[3星]邹阳第3关,900108,1040373,"[101,201]","[1,1]",1:4:100,"[1001,1002]","[5,540]"
4037304,[3星]邹阳第4关,900109,1040373,"[101,201]","[1,1]",1:4:100,"[1001,1002]","[5,540]"
4037305,[3星]邹阳第5关,900110,1040373,"[101,201]","[1,1]",1:4:100,"[1001,1002]","[5,540]"
4037306,[3星]邹阳第6关,900111,1040373,"[101,201]","[1,1]",1:4:100,"[1001,1002]","[5,540]"
4037307,[3星]邹阳第7关,900112,1040373,"[101,201]","[1,1]",1:4:100,"[1001,1002]","[5,540]"
4037308,[3星]邹阳第8关,900113,1040373,"[101,201]","[1,1]",1:4:100,"[1001,1002]","[5,540]"
4037309,[3星]邹阳第9关,900114,1040373,"[101,201]","[1,1]",1:4:100,"[1001,1002]","[5,540]"
4037310,[3星]邹阳第10关,900115,1040373,"[101,201]","[1,1]",1:4:100,"[1001,1002]","[5,540]"
4037501,[5星]邹阳第1关,900116,1040375,"[101,201]","[1,1]",1:4:100,"[1001,1002]","[5,540]"
4037502,[5星]邹阳第2关,900117,1040375,"[101,201]","[1,1]",1:4:100,"[1001,1002]","[5,540]"
4037503,[5星]邹阳第3关,900118,1040375,"[101,201]","[1,1]",1:4:100,"[1001,1002]","[5,540]"
4037504,[5星]邹阳第4关,900119,1040375,"[101,201]","[1,1]",1:4:100,"[1001,1002]","[5,540]"
4037505,[5星]邹阳第5关,900120,1040375,"[101,201]","[1,1]",1:4:100,"[1001,1002]","[5,540]"
4037506,[5星]邹阳第6关,900101,1040375,"[101,201]","[1,1]",1:4:100,"[1001,1002]","[5,540]"
4037507,[5星]邹阳第7关,900102,1040375,"[101,201]","[1,1]",1:4:100,"[1001,1002]","[5,540]"
4037508,[5星]邹阳第8关,900103,1040375,"[101,201]","[1,1]",1:4:100,"[1001,1002]","[5,540]"
4037509,[5星]邹阳第9关,900104,1040375,"[101,201]","[1,1]",1:4:100,"[1001,1002]","[5,540]"
4037510,[5星]邹阳第10关,900105,1040375,"[101,201]","[1,1]",1:4:100,"[1001,1002]","[5,540]"
4038001,[0星]杨瀚森第1关,900106,1040380,"[101,201]","[1,1]",1:4:100,"[1001,1002]","[5,541]"
4038002,[0星]杨瀚森第2关,900107,1040380,"[101,201]","[1,1]",1:4:100,"[1001,1002]","[5,541]"
4038003,[0星]杨瀚森第3关,900108,1040380,"[101,201]","[1,1]",1:4:100,"[1001,1002]","[5,541]"
4038004,[0星]杨瀚森第4关,900109,1040380,"[101,201]","[1,1]",1:4:100,"[1001,1002]","[5,541]"
4038005,[0星]杨瀚森第5关,900110,1040380,"[101,201]","[1,1]",1:4:100,"[1001,1002]","[5,541]"
4038101,[1星]杨瀚森第1关,900111,1040381,"[101,201]","[1,1]",1:4:100,"[1001,1002]","[5,541]"
4038102,[1星]杨瀚森第2关,900112,1040381,"[101,201]","[1,1]",1:4:100,"[1001,1002]","[5,541]"
4038103,[1星]杨瀚森第3关,900113,1040381,"[101,201]","[1,1]",1:4:100,"[1001,1002]","[5,541]"
4038104,[1星]杨瀚森第4关,900114,1040381,"[101,201]","[1,1]",1:4:100,"[1001,1002]","[5,541]"
4038105,[1星]杨瀚森第5关,900115,1040381,"[101,201]","[1,1]",1:4:100,"[1001,1002]","[5,541]"
4038106,[1星]杨瀚森第6关,900116,1040381,"[101,201]","[1,1]",1:4:100,"[1001,1002]","[5,541]"
4038107,[1星]杨瀚森第7关,900117,1040381,"[101,201]","[1,1]",1:4:100,"[1001,1002]","[5,541]"
4038108,[1星]杨瀚森第8关,900118,1040381,"[101,201]","[1,1]",1:4:100,"[1001,1002]","[5,541]"
4038109,[1星]杨瀚森第9关,900119,1040381,"[101,201]","[1,1]",1:4:100,"[1001,1002]","[5,541]"
4038110,[1星]杨瀚森第10关,900120,1040381,"[101,201]","[1,1]",1:4:100,"[1001,1002]","[5,541]"
4038301,[3星]杨瀚森第1关,900101,1040383,"[101,201]","[1,1]",1:4:100,"[1001,1002]","[5,541]"
4038302,[3星]杨瀚森第2关,900102,1040383,"[101,201]","[1,1]",1:4:100,"[1001,1002]","[5,541]"
4038303,[3星]杨瀚森第3关,900103,1040383,"[101,201]","[1,1]",1:4:100,"[1001,1002]","[5,541]"
4038304,[3星]杨瀚森第4关,900104,1040383,"[101,201]","[1,1]",1:4:100,"[1001,1002]","[5,541]"
4038305,[3星]杨瀚森第5关,900105,1040383,"[101,201]","[1,1]",1:4:100,"[1001,1002]","[5,541]"
4038306,[3星]杨瀚森第6关,900106,1040383,"[101,201]","[1,1]",1:4:100,"[1001,1002]","[5,541]"
4038307,[3星]杨瀚森第7关,900107,1040383,"[101,201]","[1,1]",1:4:100,"[1001,1002]","[5,541]"
4038308,[3星]杨瀚森第8关,900108,1040383,"[101,201]","[1,1]",1:4:100,"[1001,1002]","[5,541]"
4038309,[3星]杨瀚森第9关,900109,1040383,"[101,201]","[1,1]",1:4:100,"[1001,1002]","[5,541]"
4038310,[3星]杨瀚森第10关,900110,1040383,"[101,201]","[1,1]",1:4:100,"[1001,1002]","[5,541]"
4038501,[5星]杨瀚森第1关,900111,1040385,"[101,201]","[1,1]",1:4:100,"[1001,1002]","[5,541]"
4038502,[5星]杨瀚森第2关,900112,1040385,"[101,201]","[1,1]",1:4:100,"[1001,1002]","[5,541]"
4038503,[5星]杨瀚森第3关,900113,1040385,"[101,201]","[1,1]",1:4:100,"[1001,1002]","[5,541]"
4038504,[5星]杨瀚森第4关,900114,1040385,"[101,201]","[1,1]",1:4:100,"[1001,1002]","[5,541]"
4038505,[5星]杨瀚森第5关,900115,1040385,"[101,201]","[1,1]",1:4:100,"[1001,1002]","[5,541]"
4038506,[5星]杨瀚森第6关,900116,1040385,"[101,201]","[1,1]",1:4:100,"[1001,1002]","[5,541]"
4038507,[5星]杨瀚森第7关,900117,1040385,"[101,201]","[1,1]",1:4:100,"[1001,1002]","[5,541]"
4038508,[5星]杨瀚森第8关,900118,1040385,"[101,201]","[1,1]",1:4:100,"[1001,1002]","[5,541]"
4038509,[5星]杨瀚森第9关,900119,1040385,"[101,201]","[1,1]",1:4:100,"[1001,1002]","[5,541]"
4038510,[5星]杨瀚森第10关,900120,1040385,"[101,201]","[1,1]",1:4:100,"[1001,1002]","[5,541]"
4039001,[0星]巅峰·李晓旭第1关,900106,1040390,"[101,201]","[1,1]",1:4:100,"[1001,1002]","[5,542]"
4039002,[0星]巅峰·李晓旭第2关,900107,1040390,"[101,201]","[1,1]",1:4:100,"[1001,1002]","[5,542]"
4039003,[0星]巅峰·李晓旭第3关,900108,1040390,"[101,201]","[1,1]",1:4:100,"[1001,1002]","[5,542]"
4039004,[0星]巅峰·李晓旭第4关,900109,1040390,"[101,201]","[1,1]",1:4:100,"[1001,1002]","[5,542]"
4039005,[0星]巅峰·李晓旭第5关,900110,1040390,"[101,201]","[1,1]",1:4:100,"[1001,1002]","[5,542]"
4039101,[1星]巅峰·李晓旭第1关,900111,1040391,"[101,201]","[1,1]",1:4:100,"[1001,1002]","[5,542]"
4039102,[1星]巅峰·李晓旭第2关,900112,1040391,"[101,201]","[1,1]",1:4:100,"[1001,1002]","[5,542]"
4039103,[1星]巅峰·李晓旭第3关,900113,1040391,"[101,201]","[1,1]",1:4:100,"[1001,1002]","[5,542]"
4039104,[1星]巅峰·李晓旭第4关,900114,1040391,"[101,201]","[1,1]",1:4:100,"[1001,1002]","[5,542]"
4039105,[1星]巅峰·李晓旭第5关,900115,1040391,"[101,201]","[1,1]",1:4:100,"[1001,1002]","[5,542]"
4039106,[1星]巅峰·李晓旭第6关,900116,1040391,"[101,201]","[1,1]",1:4:100,"[1001,1002]","[5,542]"
4039107,[1星]巅峰·李晓旭第7关,900117,1040391,"[101,201]","[1,1]",1:4:100,"[1001,1002]","[5,542]"
4039108,[1星]巅峰·李晓旭第8关,900118,1040391,"[101,201]","[1,1]",1:4:100,"[1001,1002]","[5,542]"
4039109,[1星]巅峰·李晓旭第9关,900119,1040391,"[101,201]","[1,1]",1:4:100,"[1001,1002]","[5,542]"
4039110,[1星]巅峰·李晓旭第10关,900120,1040391,"[101,201]","[1,1]",1:4:100,"[1001,1002]","[5,542]"
4039301,[3星]巅峰·李晓旭第1关,900101,1040393,"[101,201]","[1,1]",1:4:100,"[1001,1002]","[5,542]"
4039302,[3星]巅峰·李晓旭第2关,900102,1040393,"[101,201]","[1,1]",1:4:100,"[1001,1002]","[5,542]"
4039303,[3星]巅峰·李晓旭第3关,900103,1040393,"[101,201]","[1,1]",1:4:100,"[1001,1002]","[5,542]"
4039304,[3星]巅峰·李晓旭第4关,900104,1040393,"[101,201]","[1,1]",1:4:100,"[1001,1002]","[5,542]"
4039305,[3星]巅峰·李晓旭第5关,900105,1040393,"[101,201]","[1,1]",1:4:100,"[1001,1002]","[5,542]"
4039306,[3星]巅峰·李晓旭第6关,900106,1040393,"[101,201]","[1,1]",1:4:100,"[1001,1002]","[5,542]"
4039307,[3星]巅峰·李晓旭第7关,900107,1040393,"[101,201]","[1,1]",1:4:100,"[1001,1002]","[5,542]"
4039308,[3星]巅峰·李晓旭第8关,900108,1040393,"[101,201]","[1,1]",1:4:100,"[1001,1002]","[5,542]"
4039309,[3星]巅峰·李晓旭第9关,900109,1040393,"[101,201]","[1,1]",1:4:100,"[1001,1002]","[5,542]"
4039310,[3星]巅峰·李晓旭第10关,900110,1040393,"[101,201]","[1,1]",1:4:100,"[1001,1002]","[5,542]"
4039501,[5星]巅峰·李晓旭第1关,900111,1040395,"[101,201]","[1,1]",1:4:100,"[1001,1002]","[5,542]"
4039502,[5星]巅峰·李晓旭第2关,900112,1040395,"[101,201]","[1,1]",1:4:100,"[1001,1002]","[5,542]"
4039503,[5星]巅峰·李晓旭第3关,900113,1040395,"[101,201]","[1,1]",1:4:100,"[1001,1002]","[5,542]"
4039504,[5星]巅峰·李晓旭第4关,900114,1040395,"[101,201]","[1,1]",1:4:100,"[1001,1002]","[5,542]"
4039505,[5星]巅峰·李晓旭第5关,900115,1040395,"[101,201]","[1,1]",1:4:100,"[1001,1002]","[5,542]"
4039506,[5星]巅峰·李晓旭第6关,900116,1040395,"[101,201]","[1,1]",1:4:100,"[1001,1002]","[5,542]"
4039507,[5星]巅峰·李晓旭第7关,900117,1040395,"[101,201]","[1,1]",1:4:100,"[1001,1002]","[5,542]"
4039508,[5星]巅峰·李晓旭第8关,900118,1040395,"[101,201]","[1,1]",1:4:100,"[1001,1002]","[5,542]"
4039509,[5星]巅峰·李晓旭第9关,900119,1040395,"[101,201]","[1,1]",1:4:100,"[1001,1002]","[5,542]"
4039510,[5星]巅峰·李晓旭第10关,900120,1040395,"[101,201]","[1,1]",1:4:100,"[1001,1002]","[5,542]"
4040001,[0星]全明星·赵睿第1关,900111,1040400,"[101,201]","[1,1]",1:4:100,"[1001,1002]","[5,543]"
4040002,[0星]全明星·赵睿第2关,900112,1040400,"[101,201]","[1,1]",1:4:100,"[1001,1002]","[5,543]"
4040003,[0星]全明星·赵睿第3关,900113,1040400,"[101,201]","[1,1]",1:4:100,"[1001,1002]","[5,543]"
4040004,[0星]全明星·赵睿第4关,900114,1040400,"[101,201]","[1,1]",1:4:100,"[1001,1002]","[5,543]"
4040005,[0星]全明星·赵睿第5关,900115,1040400,"[101,201]","[1,1]",1:4:100,"[1001,1002]","[5,543]"
4040101,[1星]全明星·赵睿第1关,900116,1040401,"[101,201]","[1,1]",1:4:100,"[1001,1002]","[5,543]"
4040102,[1星]全明星·赵睿第2关,900117,1040401,"[101,201]","[1,1]",1:4:100,"[1001,1002]","[5,543]"
4040103,[1星]全明星·赵睿第3关,900118,1040401,"[101,201]","[1,1]",1:4:100,"[1001,1002]","[5,543]"
4040104,[1星]全明星·赵睿第4关,900119,1040401,"[101,201]","[1,1]",1:4:100,"[1001,1002]","[5,543]"
4040105,[1星]全明星·赵睿第5关,900120,1040401,"[101,201]","[1,1]",1:4:100,"[1001,1002]","[5,543]"
4040106,[1星]全明星·赵睿第6关,900101,1040401,"[101,201]","[1,1]",1:4:100,"[1001,1002]","[5,543]"
4040107,[1星]全明星·赵睿第7关,900102,1040401,"[101,201]","[1,1]",1:4:100,"[1001,1002]","[5,543]"
4040108,[1星]全明星·赵睿第8关,900103,1040401,"[101,201]","[1,1]",1:4:100,"[1001,1002]","[5,543]"
4040109,[1星]全明星·赵睿第9关,900104,1040401,"[101,201]","[1,1]",1:4:100,"[1001,1002]","[5,543]"
4040110,[1星]全明星·赵睿第10关,900105,1040401,"[101,201]","[1,1]",1:4:100,"[1001,1002]","[5,543]"
4040301,[3星]全明星·赵睿第1关,900106,1040403,"[101,201]","[1,1]",1:4:100,"[1001,1002]","[5,543]"
4040302,[3星]全明星·赵睿第2关,900107,1040403,"[101,201]","[1,1]",1:4:100,"[1001,1002]","[5,543]"
4040303,[3星]全明星·赵睿第3关,900108,1040403,"[101,201]","[1,1]",1:4:100,"[1001,1002]","[5,543]"
4040304,[3星]全明星·赵睿第4关,900109,1040403,"[101,201]","[1,1]",1:4:100,"[1001,1002]","[5,543]"
4040305,[3星]全明星·赵睿第5关,900110,1040403,"[101,201]","[1,1]",1:4:100,"[1001,1002]","[5,543]"
4040306,[3星]全明星·赵睿第6关,900111,1040403,"[101,201]","[1,1]",1:4:100,"[1001,1002]","[5,543]"
4040307,[3星]全明星·赵睿第7关,900112,1040403,"[101,201]","[1,1]",1:4:100,"[1001,1002]","[5,543]"
4040308,[3星]全明星·赵睿第8关,900113,1040403,"[101,201]","[1,1]",1:4:100,"[1001,1002]","[5,543]"
4040309,[3星]全明星·赵睿第9关,900114,1040403,"[101,201]","[1,1]",1:4:100,"[1001,1002]","[5,543]"
4040310,[3星]全明星·赵睿第10关,900115,1040403,"[101,201]","[1,1]",1:4:100,"[1001,1002]","[5,543]"
4040501,[5星]全明星·赵睿第1关,900116,1040405,"[101,201]","[1,1]",1:4:100,"[1001,1002]","[5,543]"
4040502,[5星]全明星·赵睿第2关,900117,1040405,"[101,201]","[1,1]",1:4:100,"[1001,1002]","[5,543]"
4040503,[5星]全明星·赵睿第3关,900118,1040405,"[101,201]","[1,1]",1:4:100,"[1001,1002]","[5,543]"
4040504,[5星]全明星·赵睿第4关,900119,1040405,"[101,201]","[1,1]",1:4:100,"[1001,1002]","[5,543]"
4040505,[5星]全明星·赵睿第5关,900120,1040405,"[101,201]","[1,1]",1:4:100,"[1001,1002]","[5,543]"
4040506,[5星]全明星·赵睿第6关,900101,1040405,"[101,201]","[1,1]",1:4:100,"[1001,1002]","[5,543]"
4040507,[5星]全明星·赵睿第7关,900102,1040405,"[101,201]","[1,1]",1:4:100,"[1001,1002]","[5,543]"
4040508,[5星]全明星·赵睿第8关,900103,1040405,"[101,201]","[1,1]",1:4:100,"[1001,1002]","[5,543]"
4040509,[5星]全明星·赵睿第9关,900104,1040405,"[101,201]","[1,1]",1:4:100,"[1001,1002]","[5,543]"
4040510,[5星]全明星·赵睿第10关,900105,1040405,"[101,201]","[1,1]",1:4:100,"[1001,1002]","[5,543]"
4041001,[0星]全明星·胡明轩第1关,900111,1040410,"[101,201]","[1,1]",1:4:100,"[1001,1002]","[5,544]"
4041002,[0星]全明星·胡明轩第2关,900112,1040410,"[101,201]","[1,1]",1:4:100,"[1001,1002]","[5,544]"
4041003,[0星]全明星·胡明轩第3关,900113,1040410,"[101,201]","[1,1]",1:4:100,"[1001,1002]","[5,544]"
4041004,[0星]全明星·胡明轩第4关,900114,1040410,"[101,201]","[1,1]",1:4:100,"[1001,1002]","[5,544]"
4041005,[0星]全明星·胡明轩第5关,900115,1040410,"[101,201]","[1,1]",1:4:100,"[1001,1002]","[5,544]"
4041101,[1星]全明星·胡明轩第1关,900116,1040411,"[101,201]","[1,1]",1:4:100,"[1001,1002]","[5,544]"
4041102,[1星]全明星·胡明轩第2关,900117,1040411,"[101,201]","[1,1]",1:4:100,"[1001,1002]","[5,544]"
4041103,[1星]全明星·胡明轩第3关,900118,1040411,"[101,201]","[1,1]",1:4:100,"[1001,1002]","[5,544]"
4041104,[1星]全明星·胡明轩第4关,900119,1040411,"[101,201]","[1,1]",1:4:100,"[1001,1002]","[5,544]"
4041105,[1星]全明星·胡明轩第5关,900120,1040411,"[101,201]","[1,1]",1:4:100,"[1001,1002]","[5,544]"
4041106,[1星]全明星·胡明轩第6关,900101,1040411,"[101,201]","[1,1]",1:4:100,"[1001,1002]","[5,544]"
4041107,[1星]全明星·胡明轩第7关,900102,1040411,"[101,201]","[1,1]",1:4:100,"[1001,1002]","[5,544]"
4041108,[1星]全明星·胡明轩第8关,900103,1040411,"[101,201]","[1,1]",1:4:100,"[1001,1002]","[5,544]"
4041109,[1星]全明星·胡明轩第9关,900104,1040411,"[101,201]","[1,1]",1:4:100,"[1001,1002]","[5,544]"
4041110,[1星]全明星·胡明轩第10关,900105,1040411,"[101,201]","[1,1]",1:4:100,"[1001,1002]","[5,544]"
4041301,[3星]全明星·胡明轩第1关,900106,1040413,"[101,201]","[1,1]",1:4:100,"[1001,1002]","[5,544]"
4041302,[3星]全明星·胡明轩第2关,900107,1040413,"[101,201]","[1,1]",1:4:100,"[1001,1002]","[5,544]"
4041303,[3星]全明星·胡明轩第3关,900108,1040413,"[101,201]","[1,1]",1:4:100,"[1001,1002]","[5,544]"
4041304,[3星]全明星·胡明轩第4关,900109,1040413,"[101,201]","[1,1]",1:4:100,"[1001,1002]","[5,544]"
4041305,[3星]全明星·胡明轩第5关,900110,1040413,"[101,201]","[1,1]",1:4:100,"[1001,1002]","[5,544]"
4041306,[3星]全明星·胡明轩第6关,900111,1040413,"[101,201]","[1,1]",1:4:100,"[1001,1002]","[5,544]"
4041307,[3星]全明星·胡明轩第7关,900112,1040413,"[101,201]","[1,1]",1:4:100,"[1001,1002]","[5,544]"
4041308,[3星]全明星·胡明轩第8关,900113,1040413,"[101,201]","[1,1]",1:4:100,"[1001,1002]","[5,544]"
4041309,[3星]全明星·胡明轩第9关,900114,1040413,"[101,201]","[1,1]",1:4:100,"[1001,1002]","[5,544]"
4041310,[3星]全明星·胡明轩第10关,900115,1040413,"[101,201]","[1,1]",1:4:100,"[1001,1002]","[5,544]"
4041501,[5星]全明星·胡明轩第1关,900116,1040415,"[101,201]","[1,1]",1:4:100,"[1001,1002]","[5,544]"
4041502,[5星]全明星·胡明轩第2关,900117,1040415,"[101,201]","[1,1]",1:4:100,"[1001,1002]","[5,544]"
4041503,[5星]全明星·胡明轩第3关,900118,1040415,"[101,201]","[1,1]",1:4:100,"[1001,1002]","[5,544]"
4041504,[5星]全明星·胡明轩第4关,900119,1040415,"[101,201]","[1,1]",1:4:100,"[1001,1002]","[5,544]"
4041505,[5星]全明星·胡明轩第5关,900120,1040415,"[101,201]","[1,1]",1:4:100,"[1001,1002]","[5,544]"
4041506,[5星]全明星·胡明轩第6关,900101,1040415,"[101,201]","[1,1]",1:4:100,"[1001,1002]","[5,544]"
4041507,[5星]全明星·胡明轩第7关,900102,1040415,"[101,201]","[1,1]",1:4:100,"[1001,1002]","[5,544]"
4041508,[5星]全明星·胡明轩第8关,900103,1040415,"[101,201]","[1,1]",1:4:100,"[1001,1002]","[5,544]"
4041509,[5星]全明星·胡明轩第9关,900104,1040415,"[101,201]","[1,1]",1:4:100,"[1001,1002]","[5,544]"
4041510,[5星]全明星·胡明轩第10关,900105,1040415,"[101,201]","[1,1]",1:4:100,"[1001,1002]","[5,544]"
4042001,[0星]全明星·张镇麟第1关,900111,1040420,"[101,201]","[1,1]",1:4:100,"[1001,1002]","[5,545]"
4042002,[0星]全明星·张镇麟第2关,900112,1040420,"[101,201]","[1,1]",1:4:100,"[1001,1002]","[5,545]"
4042003,[0星]全明星·张镇麟第3关,900113,1040420,"[101,201]","[1,1]",1:4:100,"[1001,1002]","[5,545]"
4042004,[0星]全明星·张镇麟第4关,900114,1040420,"[101,201]","[1,1]",1:4:100,"[1001,1002]","[5,545]"
4042005,[0星]全明星·张镇麟第5关,900115,1040420,"[101,201]","[1,1]",1:4:100,"[1001,1002]","[5,545]"
4042101,[1星]全明星·张镇麟第1关,900116,1040421,"[101,201]","[1,1]",1:4:100,"[1001,1002]","[5,545]"
4042102,[1星]全明星·张镇麟第2关,900117,1040421,"[101,201]","[1,1]",1:4:100,"[1001,1002]","[5,545]"
4042103,[1星]全明星·张镇麟第3关,900118,1040421,"[101,201]","[1,1]",1:4:100,"[1001,1002]","[5,545]"
4042104,[1星]全明星·张镇麟第4关,900119,1040421,"[101,201]","[1,1]",1:4:100,"[1001,1002]","[5,545]"
4042105,[1星]全明星·张镇麟第5关,900120,1040421,"[101,201]","[1,1]",1:4:100,"[1001,1002]","[5,545]"
4042106,[1星]全明星·张镇麟第6关,900101,1040421,"[101,201]","[1,1]",1:4:100,"[1001,1002]","[5,545]"
4042107,[1星]全明星·张镇麟第7关,900102,1040421,"[101,201]","[1,1]",1:4:100,"[1001,1002]","[5,545]"
4042108,[1星]全明星·张镇麟第8关,900103,1040421,"[101,201]","[1,1]",1:4:100,"[1001,1002]","[5,545]"
4042109,[1星]全明星·张镇麟第9关,900104,1040421,"[101,201]","[1,1]",1:4:100,"[1001,1002]","[5,545]"
4042110,[1星]全明星·张镇麟第10关,900105,1040421,"[101,201]","[1,1]",1:4:100,"[1001,1002]","[5,545]"
4042301,[3星]全明星·张镇麟第1关,900106,1040423,"[101,201]","[1,1]",1:4:100,"[1001,1002]","[5,545]"
4042302,[3星]全明星·张镇麟第2关,900107,1040423,"[101,201]","[1,1]",1:4:100,"[1001,1002]","[5,545]"
4042303,[3星]全明星·张镇麟第3关,900108,1040423,"[101,201]","[1,1]",1:4:100,"[1001,1002]","[5,545]"
4042304,[3星]全明星·张镇麟第4关,900109,1040423,"[101,201]","[1,1]",1:4:100,"[1001,1002]","[5,545]"
4042305,[3星]全明星·张镇麟第5关,900110,1040423,"[101,201]","[1,1]",1:4:100,"[1001,1002]","[5,545]"
4042306,[3星]全明星·张镇麟第6关,900111,1040423,"[101,201]","[1,1]",1:4:100,"[1001,1002]","[5,545]"
4042307,[3星]全明星·张镇麟第7关,900112,1040423,"[101,201]","[1,1]",1:4:100,"[1001,1002]","[5,545]"
4042308,[3星]全明星·张镇麟第8关,900113,1040423,"[101,201]","[1,1]",1:4:100,"[1001,1002]","[5,545]"
4042309,[3星]全明星·张镇麟第9关,900114,1040423,"[101,201]","[1,1]",1:4:100,"[1001,1002]","[5,545]"
4042310,[3星]全明星·张镇麟第10关,900115,1040423,"[101,201]","[1,1]",1:4:100,"[1001,1002]","[5,545]"
4042501,[5星]全明星·张镇麟第1关,900116,1040425,"[101,201]","[1,1]",1:4:100,"[1001,1002]","[5,545]"
4042502,[5星]全明星·张镇麟第2关,900117,1040425,"[101,201]","[1,1]",1:4:100,"[1001,1002]","[5,545]"
4042503,[5星]全明星·张镇麟第3关,900118,1040425,"[101,201]","[1,1]",1:4:100,"[1001,1002]","[5,545]"
4042504,[5星]全明星·张镇麟第4关,900119,1040425,"[101,201]","[1,1]",1:4:100,"[1001,1002]","[5,545]"
4042505,[5星]全明星·张镇麟第5关,900120,1040425,"[101,201]","[1,1]",1:4:100,"[1001,1002]","[5,545]"
4042506,[5星]全明星·张镇麟第6关,900101,1040425,"[101,201]","[1,1]",1:4:100,"[1001,1002]","[5,545]"
4042507,[5星]全明星·张镇麟第7关,900102,1040425,"[101,201]","[1,1]",1:4:100,"[1001,1002]","[5,545]"
4042508,[5星]全明星·张镇麟第8关,900103,1040425,"[101,201]","[1,1]",1:4:100,"[1001,1002]","[5,545]"
4042509,[5星]全明星·张镇麟第9关,900104,1040425,"[101,201]","[1,1]",1:4:100,"[1001,1002]","[5,545]"
4042510,[5星]全明星·张镇麟第10关,900105,1040425,"[101,201]","[1,1]",1:4:100,"[1001,1002]","[5,545]"
4043001,[0星]全明星·崔永熙第1关,900111,1040430,"[101,201]","[1,1]",1:4:100,"[1001,1002]","[5,546]"
4043002,[0星]全明星·崔永熙第2关,900112,1040430,"[101,201]","[1,1]",1:4:100,"[1001,1002]","[5,546]"
4043003,[0星]全明星·崔永熙第3关,900113,1040430,"[101,201]","[1,1]",1:4:100,"[1001,1002]","[5,546]"
4043004,[0星]全明星·崔永熙第4关,900114,1040430,"[101,201]","[1,1]",1:4:100,"[1001,1002]","[5,546]"
4043005,[0星]全明星·崔永熙第5关,900115,1040430,"[101,201]","[1,1]",1:4:100,"[1001,1002]","[5,546]"
4043101,[1星]全明星·崔永熙第1关,900116,1040431,"[101,201]","[1,1]",1:4:100,"[1001,1002]","[5,546]"
4043102,[1星]全明星·崔永熙第2关,900117,1040431,"[101,201]","[1,1]",1:4:100,"[1001,1002]","[5,546]"
4043103,[1星]全明星·崔永熙第3关,900118,1040431,"[101,201]","[1,1]",1:4:100,"[1001,1002]","[5,546]"
4043104,[1星]全明星·崔永熙第4关,900119,1040431,"[101,201]","[1,1]",1:4:100,"[1001,1002]","[5,546]"
4043105,[1星]全明星·崔永熙第5关,900120,1040431,"[101,201]","[1,1]",1:4:100,"[1001,1002]","[5,546]"
4043106,[1星]全明星·崔永熙第6关,900101,1040431,"[101,201]","[1,1]",1:4:100,"[1001,1002]","[5,546]"
4043107,[1星]全明星·崔永熙第7关,900102,1040431,"[101,201]","[1,1]",1:4:100,"[1001,1002]","[5,546]"
4043108,[1星]全明星·崔永熙第8关,900103,1040431,"[101,201]","[1,1]",1:4:100,"[1001,1002]","[5,546]"
4043109,[1星]全明星·崔永熙第9关,900104,1040431,"[101,201]","[1,1]",1:4:100,"[1001,1002]","[5,546]"
4043110,[1星]全明星·崔永熙第10关,900105,1040431,"[101,201]","[1,1]",1:4:100,"[1001,1002]","[5,546]"
4043301,[3星]全明星·崔永熙第1关,900106,1040433,"[101,201]","[1,1]",1:4:100,"[1001,1002]","[5,546]"
4043302,[3星]全明星·崔永熙第2关,900107,1040433,"[101,201]","[1,1]",1:4:100,"[1001,1002]","[5,546]"
4043303,[3星]全明星·崔永熙第3关,900108,1040433,"[101,201]","[1,1]",1:4:100,"[1001,1002]","[5,546]"
4043304,[3星]全明星·崔永熙第4关,900109,1040433,"[101,201]","[1,1]",1:4:100,"[1001,1002]","[5,546]"
4043305,[3星]全明星·崔永熙第5关,900110,1040433,"[101,201]","[1,1]",1:4:100,"[1001,1002]","[5,546]"
4043306,[3星]全明星·崔永熙第6关,900111,1040433,"[101,201]","[1,1]",1:4:100,"[1001,1002]","[5,546]"
4043307,[3星]全明星·崔永熙第7关,900112,1040433,"[101,201]","[1,1]",1:4:100,"[1001,1002]","[5,546]"
4043308,[3星]全明星·崔永熙第8关,900113,1040433,"[101,201]","[1,1]",1:4:100,"[1001,1002]","[5,546]"
4043309,[3星]全明星·崔永熙第9关,900114,1040433,"[101,201]","[1,1]",1:4:100,"[1001,1002]","[5,546]"
4043310,[3星]全明星·崔永熙第10关,900115,1040433,"[101,201]","[1,1]",1:4:100,"[1001,1002]","[5,546]"
4043501,[5星]全明星·崔永熙第1关,900116,1040435,"[101,201]","[1,1]",1:4:100,"[1001,1002]","[5,546]"
4043502,[5星]全明星·崔永熙第2关,900117,1040435,"[101,201]","[1,1]",1:4:100,"[1001,1002]","[5,546]"
4043503,[5星]全明星·崔永熙第3关,900118,1040435,"[101,201]","[1,1]",1:4:100,"[1001,1002]","[5,546]"
4043504,[5星]全明星·崔永熙第4关,900119,1040435,"[101,201]","[1,1]",1:4:100,"[1001,1002]","[5,546]"
4043505,[5星]全明星·崔永熙第5关,900120,1040435,"[101,201]","[1,1]",1:4:100,"[1001,1002]","[5,546]"
4043506,[5星]全明星·崔永熙第6关,900101,1040435,"[101,201]","[1,1]",1:4:100,"[1001,1002]","[5,546]"
4043507,[5星]全明星·崔永熙第7关,900102,1040435,"[101,201]","[1,1]",1:4:100,"[1001,1002]","[5,546]"
4043508,[5星]全明星·崔永熙第8关,900103,1040435,"[101,201]","[1,1]",1:4:100,"[1001,1002]","[5,546]"
4043509,[5星]全明星·崔永熙第9关,900104,1040435,"[101,201]","[1,1]",1:4:100,"[1001,1002]","[5,546]"
4043510,[5星]全明星·崔永熙第10关,900105,1040435,"[101,201]","[1,1]",1:4:100,"[1001,1002]","[5,546]"
4044001,[0星]全明星·阿不都沙拉木第1关,900111,1040440,"[101,201]","[1,1]",1:4:100,"[1001,1002]","[5,547]"
4044002,[0星]全明星·阿不都沙拉木第2关,900112,1040440,"[101,201]","[1,1]",1:4:100,"[1001,1002]","[5,547]"
4044003,[0星]全明星·阿不都沙拉木第3关,900113,1040440,"[101,201]","[1,1]",1:4:100,"[1001,1002]","[5,547]"
4044004,[0星]全明星·阿不都沙拉木第4关,900114,1040440,"[101,201]","[1,1]",1:4:100,"[1001,1002]","[5,547]"
4044005,[0星]全明星·阿不都沙拉木第5关,900115,1040440,"[101,201]","[1,1]",1:4:100,"[1001,1002]","[5,547]"
4044101,[1星]全明星·阿不都沙拉木第1关,900116,1040441,"[101,201]","[1,1]",1:4:100,"[1001,1002]","[5,547]"
4044102,[1星]全明星·阿不都沙拉木第2关,900117,1040441,"[101,201]","[1,1]",1:4:100,"[1001,1002]","[5,547]"
4044103,[1星]全明星·阿不都沙拉木第3关,900118,1040441,"[101,201]","[1,1]",1:4:100,"[1001,1002]","[5,547]"
4044104,[1星]全明星·阿不都沙拉木第4关,900119,1040441,"[101,201]","[1,1]",1:4:100,"[1001,1002]","[5,547]"
4044105,[1星]全明星·阿不都沙拉木第5关,900120,1040441,"[101,201]","[1,1]",1:4:100,"[1001,1002]","[5,547]"
4044106,[1星]全明星·阿不都沙拉木第6关,900101,1040441,"[101,201]","[1,1]",1:4:100,"[1001,1002]","[5,547]"
4044107,[1星]全明星·阿不都沙拉木第7关,900102,1040441,"[101,201]","[1,1]",1:4:100,"[1001,1002]","[5,547]"
4044108,[1星]全明星·阿不都沙拉木第8关,900103,1040441,"[101,201]","[1,1]",1:4:100,"[1001,1002]","[5,547]"
4044109,[1星]全明星·阿不都沙拉木第9关,900104,1040441,"[101,201]","[1,1]",1:4:100,"[1001,1002]","[5,547]"
4044110,[1星]全明星·阿不都沙拉木第10关,900105,1040441,"[101,201]","[1,1]",1:4:100,"[1001,1002]","[5,547]"
4044301,[3星]全明星·阿不都沙拉木第1关,900106,1040443,"[101,201]","[1,1]",1:4:100,"[1001,1002]","[5,547]"
4044302,[3星]全明星·阿不都沙拉木第2关,900107,1040443,"[101,201]","[1,1]",1:4:100,"[1001,1002]","[5,547]"
4044303,[3星]全明星·阿不都沙拉木第3关,900108,1040443,"[101,201]","[1,1]",1:4:100,"[1001,1002]","[5,547]"
4044304,[3星]全明星·阿不都沙拉木第4关,900109,1040443,"[101,201]","[1,1]",1:4:100,"[1001,1002]","[5,547]"
4044305,[3星]全明星·阿不都沙拉木第5关,900110,1040443,"[101,201]","[1,1]",1:4:100,"[1001,1002]","[5,547]"
4044306,[3星]全明星·阿不都沙拉木第6关,900111,1040443,"[101,201]","[1,1]",1:4:100,"[1001,1002]","[5,547]"
4044307,[3星]全明星·阿不都沙拉木第7关,900112,1040443,"[101,201]","[1,1]",1:4:100,"[1001,1002]","[5,547]"
4044308,[3星]全明星·阿不都沙拉木第8关,900113,1040443,"[101,201]","[1,1]",1:4:100,"[1001,1002]","[5,547]"
4044309,[3星]全明星·阿不都沙拉木第9关,900114,1040443,"[101,201]","[1,1]",1:4:100,"[1001,1002]","[5,547]"
4044310,[3星]全明星·阿不都沙拉木第10关,900115,1040443,"[101,201]","[1,1]",1:4:100,"[1001,1002]","[5,547]"
4044501,[5星]全明星·阿不都沙拉木第1关,900116,1040445,"[101,201]","[1,1]",1:4:100,"[1001,1002]","[5,547]"
4044502,[5星]全明星·阿不都沙拉木第2关,900117,1040445,"[101,201]","[1,1]",1:4:100,"[1001,1002]","[5,547]"
4044503,[5星]全明星·阿不都沙拉木第3关,900118,1040445,"[101,201]","[1,1]",1:4:100,"[1001,1002]","[5,547]"
4044504,[5星]全明星·阿不都沙拉木第4关,900119,1040445,"[101,201]","[1,1]",1:4:100,"[1001,1002]","[5,547]"
4044505,[5星]全明星·阿不都沙拉木第5关,900120,1040445,"[101,201]","[1,1]",1:4:100,"[1001,1002]","[5,547]"
4044506,[5星]全明星·阿不都沙拉木第6关,900101,1040445,"[101,201]","[1,1]",1:4:100,"[1001,1002]","[5,547]"
4044507,[5星]全明星·阿不都沙拉木第7关,900102,1040445,"[101,201]","[1,1]",1:4:100,"[1001,1002]","[5,547]"
4044508,[5星]全明星·阿不都沙拉木第8关,900103,1040445,"[101,201]","[1,1]",1:4:100,"[1001,1002]","[5,547]"
4044509,[5星]全明星·阿不都沙拉木第9关,900104,1040445,"[101,201]","[1,1]",1:4:100,"[1001,1002]","[5,547]"
4044510,[5星]全明星·阿不都沙拉木第10关,900105,1040445,"[101,201]","[1,1]",1:4:100,"[1001,1002]","[5,547]"
4045001,[0星]全明星·胡金秋第1关,900111,1040450,"[101,201]","[1,1]",1:4:100,"[1001,1002]","[5,548]"
4045002,[0星]全明星·胡金秋第2关,900112,1040450,"[101,201]","[1,1]",1:4:100,"[1001,1002]","[5,548]"
4045003,[0星]全明星·胡金秋第3关,900113,1040450,"[101,201]","[1,1]",1:4:100,"[1001,1002]","[5,548]"
4045004,[0星]全明星·胡金秋第4关,900114,1040450,"[101,201]","[1,1]",1:4:100,"[1001,1002]","[5,548]"
4045005,[0星]全明星·胡金秋第5关,900115,1040450,"[101,201]","[1,1]",1:4:100,"[1001,1002]","[5,548]"
4045101,[1星]全明星·胡金秋第1关,900116,1040451,"[101,201]","[1,1]",1:4:100,"[1001,1002]","[5,548]"
4045102,[1星]全明星·胡金秋第2关,900117,1040451,"[101,201]","[1,1]",1:4:100,"[1001,1002]","[5,548]"
4045103,[1星]全明星·胡金秋第3关,900118,1040451,"[101,201]","[1,1]",1:4:100,"[1001,1002]","[5,548]"
4045104,[1星]全明星·胡金秋第4关,900119,1040451,"[101,201]","[1,1]",1:4:100,"[1001,1002]","[5,548]"
4045105,[1星]全明星·胡金秋第5关,900120,1040451,"[101,201]","[1,1]",1:4:100,"[1001,1002]","[5,548]"
4045106,[1星]全明星·胡金秋第6关,900101,1040451,"[101,201]","[1,1]",1:4:100,"[1001,1002]","[5,548]"
4045107,[1星]全明星·胡金秋第7关,900102,1040451,"[101,201]","[1,1]",1:4:100,"[1001,1002]","[5,548]"
4045108,[1星]全明星·胡金秋第8关,900103,1040451,"[101,201]","[1,1]",1:4:100,"[1001,1002]","[5,548]"
4045109,[1星]全明星·胡金秋第9关,900104,1040451,"[101,201]","[1,1]",1:4:100,"[1001,1002]","[5,548]"
4045110,[1星]全明星·胡金秋第10关,900105,1040451,"[101,201]","[1,1]",1:4:100,"[1001,1002]","[5,548]"
4045301,[3星]全明星·胡金秋第1关,900106,1040453,"[101,201]","[1,1]",1:4:100,"[1001,1002]","[5,548]"
4045302,[3星]全明星·胡金秋第2关,900107,1040453,"[101,201]","[1,1]",1:4:100,"[1001,1002]","[5,548]"
4045303,[3星]全明星·胡金秋第3关,900108,1040453,"[101,201]","[1,1]",1:4:100,"[1001,1002]","[5,548]"
4045304,[3星]全明星·胡金秋第4关,900109,1040453,"[101,201]","[1,1]",1:4:100,"[1001,1002]","[5,548]"
4045305,[3星]全明星·胡金秋第5关,900110,1040453,"[101,201]","[1,1]",1:4:100,"[1001,1002]","[5,548]"
4045306,[3星]全明星·胡金秋第6关,900111,1040453,"[101,201]","[1,1]",1:4:100,"[1001,1002]","[5,548]"
4045307,[3星]全明星·胡金秋第7关,900112,1040453,"[101,201]","[1,1]",1:4:100,"[1001,1002]","[5,548]"
4045308,[3星]全明星·胡金秋第8关,900113,1040453,"[101,201]","[1,1]",1:4:100,"[1001,1002]","[5,548]"
4045309,[3星]全明星·胡金秋第9关,900114,1040453,"[101,201]","[1,1]",1:4:100,"[1001,1002]","[5,548]"
4045310,[3星]全明星·胡金秋第10关,900115,1040453,"[101,201]","[1,1]",1:4:100,"[1001,1002]","[5,548]"
4045501,[5星]全明星·胡金秋第1关,900116,1040455,"[101,201]","[1,1]",1:4:100,"[1001,1002]","[5,548]"
4045502,[5星]全明星·胡金秋第2关,900117,1040455,"[101,201]","[1,1]",1:4:100,"[1001,1002]","[5,548]"
4045503,[5星]全明星·胡金秋第3关,900118,1040455,"[101,201]","[1,1]",1:4:100,"[1001,1002]","[5,548]"
4045504,[5星]全明星·胡金秋第4关,900119,1040455,"[101,201]","[1,1]",1:4:100,"[1001,1002]","[5,548]"
4045505,[5星]全明星·胡金秋第5关,900120,1040455,"[101,201]","[1,1]",1:4:100,"[1001,1002]","[5,548]"
4045506,[5星]全明星·胡金秋第6关,900101,1040455,"[101,201]","[1,1]",1:4:100,"[1001,1002]","[5,548]"
4045507,[5星]全明星·胡金秋第7关,900102,1040455,"[101,201]","[1,1]",1:4:100,"[1001,1002]","[5,548]"
4045508,[5星]全明星·胡金秋第8关,900103,1040455,"[101,201]","[1,1]",1:4:100,"[1001,1002]","[5,548]"
4045509,[5星]全明星·胡金秋第9关,900104,1040455,"[101,201]","[1,1]",1:4:100,"[1001,1002]","[5,548]"
4045510,[5星]全明星·胡金秋第10关,900105,1040455,"[101,201]","[1,1]",1:4:100,"[1001,1002]","[5,548]"
4046001,[0星]全明星·赵继伟第1关,900111,1040460,"[101,201]","[1,1]",1:4:100,"[1001,1002]","[5,549]"
4046002,[0星]全明星·赵继伟第2关,900112,1040460,"[101,201]","[1,1]",1:4:100,"[1001,1002]","[5,549]"
4046003,[0星]全明星·赵继伟第3关,900113,1040460,"[101,201]","[1,1]",1:4:100,"[1001,1002]","[5,549]"
4046004,[0星]全明星·赵继伟第4关,900114,1040460,"[101,201]","[1,1]",1:4:100,"[1001,1002]","[5,549]"
4046005,[0星]全明星·赵继伟第5关,900115,1040460,"[101,201]","[1,1]",1:4:100,"[1001,1002]","[5,549]"
4046101,[1星]全明星·赵继伟第1关,900116,1040461,"[101,201]","[1,1]",1:4:100,"[1001,1002]","[5,549]"
4046102,[1星]全明星·赵继伟第2关,900117,1040461,"[101,201]","[1,1]",1:4:100,"[1001,1002]","[5,549]"
4046103,[1星]全明星·赵继伟第3关,900118,1040461,"[101,201]","[1,1]",1:4:100,"[1001,1002]","[5,549]"
4046104,[1星]全明星·赵继伟第4关,900119,1040461,"[101,201]","[1,1]",1:4:100,"[1001,1002]","[5,549]"
4046105,[1星]全明星·赵继伟第5关,900120,1040461,"[101,201]","[1,1]",1:4:100,"[1001,1002]","[5,549]"
4046106,[1星]全明星·赵继伟第6关,900101,1040461,"[101,201]","[1,1]",1:4:100,"[1001,1002]","[5,549]"
4046107,[1星]全明星·赵继伟第7关,900102,1040461,"[101,201]","[1,1]",1:4:100,"[1001,1002]","[5,549]"
4046108,[1星]全明星·赵继伟第8关,900103,1040461,"[101,201]","[1,1]",1:4:100,"[1001,1002]","[5,549]"
4046109,[1星]全明星·赵继伟第9关,900104,1040461,"[101,201]","[1,1]",1:4:100,"[1001,1002]","[5,549]"
4046110,[1星]全明星·赵继伟第10关,900105,1040461,"[101,201]","[1,1]",1:4:100,"[1001,1002]","[5,549]"
4046301,[3星]全明星·赵继伟第1关,900106,1040463,"[101,201]","[1,1]",1:4:100,"[1001,1002]","[5,549]"
4046302,[3星]全明星·赵继伟第2关,900107,1040463,"[101,201]","[1,1]",1:4:100,"[1001,1002]","[5,549]"
4046303,[3星]全明星·赵继伟第3关,900108,1040463,"[101,201]","[1,1]",1:4:100,"[1001,1002]","[5,549]"
4046304,[3星]全明星·赵继伟第4关,900109,1040463,"[101,201]","[1,1]",1:4:100,"[1001,1002]","[5,549]"
4046305,[3星]全明星·赵继伟第5关,900110,1040463,"[101,201]","[1,1]",1:4:100,"[1001,1002]","[5,549]"
4046306,[3星]全明星·赵继伟第6关,900111,1040463,"[101,201]","[1,1]",1:4:100,"[1001,1002]","[5,549]"
4046307,[3星]全明星·赵继伟第7关,900112,1040463,"[101,201]","[1,1]",1:4:100,"[1001,1002]","[5,549]"
4046308,[3星]全明星·赵继伟第8关,900113,1040463,"[101,201]","[1,1]",1:4:100,"[1001,1002]","[5,549]"
4046309,[3星]全明星·赵继伟第9关,900114,1040463,"[101,201]","[1,1]",1:4:100,"[1001,1002]","[5,549]"
4046310,[3星]全明星·赵继伟第10关,900115,1040463,"[101,201]","[1,1]",1:4:100,"[1001,1002]","[5,549]"
4046501,[5星]全明星·赵继伟第1关,900116,1040465,"[101,201]","[1,1]",1:4:100,"[1001,1002]","[5,549]"
4046502,[5星]全明星·赵继伟第2关,900117,1040465,"[101,201]","[1,1]",1:4:100,"[1001,1002]","[5,549]"
4046503,[5星]全明星·赵继伟第3关,900118,1040465,"[101,201]","[1,1]",1:4:100,"[1001,1002]","[5,549]"
4046504,[5星]全明星·赵继伟第4关,900119,1040465,"[101,201]","[1,1]",1:4:100,"[1001,1002]","[5,549]"
4046505,[5星]全明星·赵继伟第5关,900120,1040465,"[101,201]","[1,1]",1:4:100,"[1001,1002]","[5,549]"
4046506,[5星]全明星·赵继伟第6关,900101,1040465,"[101,201]","[1,1]",1:4:100,"[1001,1002]","[5,549]"
4046507,[5星]全明星·赵继伟第7关,900102,1040465,"[101,201]","[1,1]",1:4:100,"[1001,1002]","[5,549]"
4046508,[5星]全明星·赵继伟第8关,900103,1040465,"[101,201]","[1,1]",1:4:100,"[1001,1002]","[5,549]"
4046509,[5星]全明星·赵继伟第9关,900104,1040465,"[101,201]","[1,1]",1:4:100,"[1001,1002]","[5,549]"
4046510,[5星]全明星·赵继伟第10关,900105,1040465,"[101,201]","[1,1]",1:4:100,"[1001,1002]","[5,549]"
4047001,[0星]全明星·孙铭徽第1关,900111,1040470,"[101,201]","[1,1]",1:4:100,"[1001,1002]","[5,550]"
4047002,[0星]全明星·孙铭徽第2关,900112,1040470,"[101,201]","[1,1]",1:4:100,"[1001,1002]","[5,550]"
4047003,[0星]全明星·孙铭徽第3关,900113,1040470,"[101,201]","[1,1]",1:4:100,"[1001,1002]","[5,550]"
4047004,[0星]全明星·孙铭徽第4关,900114,1040470,"[101,201]","[1,1]",1:4:100,"[1001,1002]","[5,550]"
4047005,[0星]全明星·孙铭徽第5关,900115,1040470,"[101,201]","[1,1]",1:4:100,"[1001,1002]","[5,550]"
4047101,[1星]全明星·孙铭徽第1关,900116,1040471,"[101,201]","[1,1]",1:4:100,"[1001,1002]","[5,550]"
4047102,[1星]全明星·孙铭徽第2关,900117,1040471,"[101,201]","[1,1]",1:4:100,"[1001,1002]","[5,550]"
4047103,[1星]全明星·孙铭徽第3关,900118,1040471,"[101,201]","[1,1]",1:4:100,"[1001,1002]","[5,550]"
4047104,[1星]全明星·孙铭徽第4关,900119,1040471,"[101,201]","[1,1]",1:4:100,"[1001,1002]","[5,550]"
4047105,[1星]全明星·孙铭徽第5关,900120,1040471,"[101,201]","[1,1]",1:4:100,"[1001,1002]","[5,550]"
4047106,[1星]全明星·孙铭徽第6关,900101,1040471,"[101,201]","[1,1]",1:4:100,"[1001,1002]","[5,550]"
4047107,[1星]全明星·孙铭徽第7关,900102,1040471,"[101,201]","[1,1]",1:4:100,"[1001,1002]","[5,550]"
4047108,[1星]全明星·孙铭徽第8关,900103,1040471,"[101,201]","[1,1]",1:4:100,"[1001,1002]","[5,550]"
4047109,[1星]全明星·孙铭徽第9关,900104,1040471,"[101,201]","[1,1]",1:4:100,"[1001,1002]","[5,550]"
4047110,[1星]全明星·孙铭徽第10关,900105,1040471,"[101,201]","[1,1]",1:4:100,"[1001,1002]","[5,550]"
4047301,[3星]全明星·孙铭徽第1关,900106,1040473,"[101,201]","[1,1]",1:4:100,"[1001,1002]","[5,550]"
4047302,[3星]全明星·孙铭徽第2关,900107,1040473,"[101,201]","[1,1]",1:4:100,"[1001,1002]","[5,550]"
4047303,[3星]全明星·孙铭徽第3关,900108,1040473,"[101,201]","[1,1]",1:4:100,"[1001,1002]","[5,550]"
4047304,[3星]全明星·孙铭徽第4关,900109,1040473,"[101,201]","[1,1]",1:4:100,"[1001,1002]","[5,550]"
4047305,[3星]全明星·孙铭徽第5关,900110,1040473,"[101,201]","[1,1]",1:4:100,"[1001,1002]","[5,550]"
4047306,[3星]全明星·孙铭徽第6关,900111,1040473,"[101,201]","[1,1]",1:4:100,"[1001,1002]","[5,550]"
4047307,[3星]全明星·孙铭徽第7关,900112,1040473,"[101,201]","[1,1]",1:4:100,"[1001,1002]","[5,550]"
4047308,[3星]全明星·孙铭徽第8关,900113,1040473,"[101,201]","[1,1]",1:4:100,"[1001,1002]","[5,550]"
4047309,[3星]全明星·孙铭徽第9关,900114,1040473,"[101,201]","[1,1]",1:4:100,"[1001,1002]","[5,550]"
4047310,[3星]全明星·孙铭徽第10关,900115,1040473,"[101,201]","[1,1]",1:4:100,"[1001,1002]","[5,550]"
4047501,[5星]全明星·孙铭徽第1关,900116,1040475,"[101,201]","[1,1]",1:4:100,"[1001,1002]","[5,550]"
4047502,[5星]全明星·孙铭徽第2关,900117,1040475,"[101,201]","[1,1]",1:4:100,"[1001,1002]","[5,550]"
4047503,[5星]全明星·孙铭徽第3关,900118,1040475,"[101,201]","[1,1]",1:4:100,"[1001,1002]","[5,550]"
4047504,[5星]全明星·孙铭徽第4关,900119,1040475,"[101,201]","[1,1]",1:4:100,"[1001,1002]","[5,550]"
4047505,[5星]全明星·孙铭徽第5关,900120,1040475,"[101,201]","[1,1]",1:4:100,"[1001,1002]","[5,550]"
4047506,[5星]全明星·孙铭徽第6关,900101,1040475,"[101,201]","[1,1]",1:4:100,"[1001,1002]","[5,550]"
4047507,[5星]全明星·孙铭徽第7关,900102,1040475,"[101,201]","[1,1]",1:4:100,"[1001,1002]","[5,550]"
4047508,[5星]全明星·孙铭徽第8关,900103,1040475,"[101,201]","[1,1]",1:4:100,"[1001,1002]","[5,550]"
4047509,[5星]全明星·孙铭徽第9关,900104,1040475,"[101,201]","[1,1]",1:4:100,"[1001,1002]","[5,550]"
4047510,[5星]全明星·孙铭徽第10关,900105,1040475,"[101,201]","[1,1]",1:4:100,"[1001,1002]","[5,550]"
