Id,TrainId,BreakIndex,TargetLevel,BuffType,BuffValue,CardBuffType,CardBuffValue,CardTotalValue
10001,1,1,1,401,1.0,9,20.0,20.0
10002,1,2,25,401,1.0,9,1.0,21.0
10003,1,3,50,401,4.0,9,0.0,21.0
10004,1,4,75,1,3.0,9,0.0,21.0
10005,1,5,100,1,11.0,9,2.0,23.0
10006,1,6,125,3,2.0,9,0.0,23.0
10007,1,7,150,4,2.0,9,1.0,24.0
10008,1,8,175,2,2.0,9,0.0,24.0
10009,1,9,200,5,2.0,9,0.0,24.0
10010,1,10,225,2,3.0,9,2.0,26.0
10011,1,11,250,3,3.0,9,0.0,26.0
10012,1,12,275,1,2.0,9,1.0,27.0
10013,1,13,300,4,3.0,9,0.0,27.0
10014,1,14,325,5,3.0,9,0.0,27.0
10015,1,15,350,2,4.0,9,2.0,29.0
10016,1,16,375,1,2.0,9,0.0,29.0
10017,1,17,400,3,4.0,9,1.0,30.0
10018,1,18,425,4,4.0,9,0.0,30.0
10019,1,19,450,5,4.0,9,0.0,30.0
10020,1,20,475,6,11.0,9,3.0,33.0
10021,1,21,500,2,5.0,9,0.0,33.0
10022,1,22,525,3,5.0,9,1.0,34.0
10023,1,23,550,4,5.0,9,0.0,34.0
10024,1,24,575,5,5.0,9,0.0,34.0
10025,1,25,600,7,11.0,9,2.0,36.0
10026,1,26,625,2,6.0,9,0.0,36.0
10027,1,27,650,3,6.0,9,1.0,37.0
10028,1,28,675,5,6.0,9,0.0,37.0
10029,1,29,725,4,6.0,9,0.0,37.0
10030,1,30,750,8,11.0,9,2.0,39.0
10031,1,31,775,2,3.0,9,0.0,39.0
10032,1,32,800,9,11.0,9,1.0,40.0
10033,1,33,825,3,7.0,9,0.0,40.0
10034,1,34,850,4,7.0,9,0.0,40.0
10035,1,35,875,10,11.0,9,2.0,42.0
10036,1,36,900,5,7.0,9,0.0,42.0
10037,1,37,925,6,7.0,9,1.0,43.0
10038,1,38,950,7,7.0,9,0.0,43.0
10039,1,39,975,8,7.0,9,0.0,43.0
10040,1,40,1000,1,7777777.0,9,3.0,46.0
10041,1,41,1025,9,7.0,9,0.0,46.0
10042,1,42,1050,10,7.0,9,1.0,47.0
10043,1,43,1075,3,8.0,9,0.0,47.0
10044,1,44,1100,4,8.0,9,0.0,47.0
10045,1,45,1125,5,8.0,9,2.0,49.0
10046,1,46,1150,6,8.0,9,0.0,49.0
10047,1,47,1175,7,8.0,9,1.0,50.0
10048,1,48,1200,8,8.0,9,0.0,50.0
10049,1,49,1225,9,8.0,9,0.0,50.0
10050,1,50,1250,1,7777.0,9,2.0,52.0
10051,1,51,1300,10,8.0,9,0.0,52.0
10052,1,52,1350,2,9.0,9,1.0,53.0
10053,1,53,1400,3,9.0,9,0.0,53.0
10054,1,54,1450,4,9.0,9,0.0,53.0
10055,1,55,1500,5,9.0,9,2.0,55.0
10056,1,56,1550,6,9.0,9,0.0,55.0
10057,1,57,1600,7,9.0,9,1.0,56.0
10058,1,58,1650,8,9.0,9,0.0,56.0
10059,1,59,1700,9,9.0,9,0.0,56.0
10060,1,60,1750,10,9.0,9,2.0,58.0
10061,1,61,1800,6,10.0,9,0.0,58.0
10062,1,62,1850,7,10.0,9,1.0,59.0
10063,1,63,1900,8,10.0,9,0.0,59.0
10064,1,64,1950,9,10.0,9,0.0,59.0
10065,1,65,2000,1,7777.0,9,3.0,62.0
10066,1,66,2100,3,15.0,9,0.0,62.0
10067,1,67,2200,4,15.0,9,1.0,63.0
10068,1,68,2300,5,15.0,9,0.0,63.0
10069,1,69,2400,6,15.0,9,0.0,63.0
10070,1,70,2500,1,777.0,9,2.0,65.0
10071,1,71,2600,8,15.0,9,0.0,65.0
10072,1,72,2700,9,15.0,9,1.0,66.0
10073,1,73,2800,10,15.0,9,0.0,66.0
10074,1,74,2900,2,15.0,9,0.0,66.0
10075,1,75,3000,1,777.0,9,3.0,69.0
10076,1,76,3100,3,20.0,9,0.0,69.0
10077,1,77,3200,7,20.0,9,1.0,70.0
10078,1,78,3300,9,20.0,9,0.0,70.0
10079,1,79,3400,10,20.0,9,0.0,70.0
10080,1,80,3500,1,777.0,9,2.0,72.0
10081,1,81,3600,7,25.0,9,0.0,72.0
10082,1,82,3700,8,25.0,9,1.0,73.0
10083,1,83,3800,9,25.0,9,0.0,73.0
10084,1,84,3900,10,25.0,9,0.0,73.0
10085,1,85,4000,1,30.0,9,3.0,76.0
10086,1,86,4100,2,30.0,9,0.0,76.0
10087,1,87,4200,3,30.0,9,1.0,77.0
10088,1,88,4300,4,30.0,9,0.0,77.0
10089,1,89,4400,5,30.0,9,0.0,77.0
10090,1,90,4500,6,30.0,9,2.0,79.0
10091,1,91,4600,7,30.0,9,0.0,79.0
10092,1,92,4700,8,30.0,9,1.0,80.0
10093,1,93,4800,9,30.0,9,0.0,80.0
10094,1,94,4900,10,30.0,9,0.0,80.0
10095,1,95,5000,1,50.0,9,3.0,83.0
10096,1,96,5100,1,50.0,9,0.0,83.0
10097,1,97,5200,1,50.0,9,1.0,84.0
10098,1,98,5300,1,50.0,9,0.0,84.0
10099,1,99,5400,1,50.0,9,0.0,84.0
10100,1,100,5500,3,50.0,9,2.0,86.0
10101,1,101,5600,9,50.0,9,0.0,86.0
10102,1,102,5700,4,50.0,9,1.0,87.0
10103,1,103,5800,5,50.0,9,0.0,87.0
10104,1,104,5900,6,50.0,9,0.0,87.0
10105,1,105,6000,7,50.0,9,3.0,90.0
10106,1,106,6100,8,50.0,9,0.0,90.0
10107,1,107,6200,9,50.0,9,1.0,91.0
10108,1,108,6300,10,50.0,9,0.0,91.0
10109,1,109,6400,2,66.0,9,0.0,91.0
10110,1,110,6500,1,666.0,9,2.0,93.0
10111,1,111,6600,3,66.0,9,0.0,93.0
10112,1,112,6700,4,66.0,9,1.0,94.0
10113,1,113,6800,5,66.0,9,0.0,94.0
10114,1,114,6900,6,66.0,9,0.0,94.0
10115,1,115,7000,7,66.0,9,3.0,97.0
10116,1,116,7100,8,66.0,9,0.0,97.0
10117,1,117,7200,9,66.0,9,1.0,98.0
10118,1,118,7300,10,66.0,9,0.0,98.0
10119,1,119,7400,1,77.0,9,0.0,98.0
10120,1,120,7500,2,77.0,9,2.0,100.0
10121,1,121,7600,3,77.0,9,0.0,100.0
10122,1,122,7700,4,77.0,9,1.0,101.0
10123,1,123,7800,5,77.0,9,0.0,101.0
10124,1,124,7900,6,77.0,9,0.0,101.0
10125,1,125,8000,7,77.0,9,3.0,104.0
10126,1,126,8100,8,77.0,9,0.0,104.0
10127,1,127,8200,9,77.0,9,1.0,105.0
10128,1,128,8300,10,77.0,9,0.0,105.0
10129,1,129,8400,1,88.0,9,0.0,105.0
10130,1,130,8500,2,88.0,9,2.0,107.0
10131,1,131,8600,3,88.0,9,0.0,107.0
10132,1,132,8700,4,88.0,9,1.0,108.0
10133,1,133,8800,5,88.0,9,0.0,108.0
10134,1,134,8900,6,88.0,9,0.0,108.0
10135,1,135,9000,7,88.0,9,3.0,111.0
10136,1,136,9100,8,88.0,9,0.0,111.0
10137,1,137,9200,9,88.0,9,1.0,112.0
10138,1,138,9300,10,88.0,9,0.0,112.0
10139,1,139,9400,1,99.0,9,0.0,112.0
10140,1,140,9500,10,99.0,9,2.0,114.0
10141,1,141,9600,9,99.0,9,0.0,114.0
10142,1,142,9700,8,99.0,9,1.0,115.0
10143,1,143,9800,7,99.0,9,0.0,115.0
10144,1,144,9900,6,99.0,9,0.0,115.0
10145,1,145,10000,5,99.0,9,5.0,120.0
10146,1,146,10100,4,20.0,9,0.0,120.0
10147,1,147,10200,3,20.0,9,1.0,121.0
10148,1,148,10300,2,20.0,9,0.0,121.0
10149,1,149,10400,1,20.0,9,0.0,121.0
10150,1,150,10500,0,20.0,9,2.0,123.0
10151,1,151,10600,5,20.0,9,0.0,123.0
10152,1,152,10700,2,20.0,9,1.0,124.0
10153,1,153,10800,3,20.0,9,0.0,124.0
10154,1,154,10900,4,20.0,9,0.0,124.0
10155,1,155,11000,1,777.0,9,3.0,127.0
10156,1,156,11100,6,20.0,9,0.0,127.0
10157,1,157,11200,7,20.0,9,1.0,128.0
10158,1,158,11300,8,20.0,9,0.0,128.0
10159,1,159,11400,9,20.0,9,0.0,128.0
10160,1,160,11500,10,20.0,9,2.0,130.0
10161,1,161,11600,5,20.0,9,0.0,130.0
10162,1,162,11700,2,25.0,9,1.0,131.0
10163,1,163,11800,3,25.0,9,0.0,131.0
10164,1,164,11900,4,25.0,9,0.0,131.0
10165,1,165,12000,1,777.0,9,3.0,134.0
10166,1,166,12100,6,25.0,9,0.0,134.0
10167,1,167,12200,7,25.0,9,1.0,135.0
10168,1,168,12300,8,25.0,9,0.0,135.0
10169,1,169,12400,9,25.0,9,0.0,135.0
10170,1,170,12500,10,25.0,9,2.0,137.0
10171,1,171,12600,5,30.0,9,0.0,137.0
10172,1,172,12700,2,30.0,9,1.0,138.0
10173,1,173,12800,3,30.0,9,0.0,138.0
10174,1,174,12900,4,30.0,9,0.0,138.0
10175,1,175,13000,1,777.0,9,3.0,141.0
10176,1,176,13100,2,20.0,9,0.0,141.0
10177,1,177,13200,9,20.0,9,1.0,142.0
10178,1,178,13300,10,20.0,9,0.0,142.0
10179,1,179,13400,5,20.0,9,0.0,142.0
10180,1,180,13500,6,20.0,9,2.0,144.0
10181,1,181,13600,7,20.0,9,0.0,144.0
10182,1,182,13700,8,20.0,9,1.0,145.0
10183,1,183,13800,3,20.0,9,0.0,145.0
10184,1,184,13900,4,20.0,9,0.0,145.0
10185,1,185,14000,1,777.0,9,3.0,148.0
10186,1,186,14100,2,20.0,9,0.0,148.0
10187,1,187,14200,3,20.0,9,1.0,149.0
10188,1,188,14300,4,20.0,9,0.0,149.0
10189,1,189,14400,5,20.0,9,0.0,149.0
10190,1,190,14500,6,20.0,9,2.0,151.0
10191,1,191,14600,7,20.0,9,0.0,151.0
10192,1,192,14700,8,20.0,9,1.0,152.0
10193,1,193,14800,9,20.0,9,0.0,152.0
10194,1,194,14900,10,20.0,9,0.0,152.0
10195,1,195,15000,1,777.0,9,3.0,155.0
10196,1,196,15100,2,25.0,9,0.0,155.0
10197,1,197,15200,3,25.0,9,1.0,156.0
10198,1,198,15300,4,25.0,9,0.0,156.0
10199,1,199,15400,5,25.0,9,0.0,156.0
10200,1,200,15500,6,25.0,9,2.0,158.0
10201,1,201,15600,7,25.0,9,0.0,158.0
10202,1,202,15700,8,25.0,9,1.0,159.0
10203,1,203,15800,9,25.0,9,0.0,159.0
10204,1,204,15900,10,25.0,9,0.0,159.0
10205,1,205,16000,1,777.0,9,3.0,162.0
10206,1,206,16100,2,25.0,9,0.0,162.0
10207,1,207,16200,3,25.0,9,1.0,163.0
10208,1,208,16300,4,25.0,9,0.0,163.0
10209,1,209,16400,5,25.0,9,0.0,163.0
10210,1,210,16500,6,25.0,9,2.0,165.0
10211,1,211,16600,7,25.0,9,0.0,165.0
10212,1,212,16700,8,25.0,9,1.0,166.0
10213,1,213,16800,9,25.0,9,0.0,166.0
10214,1,214,16900,10,25.0,9,0.0,166.0
10215,1,215,17000,1,777.0,9,3.0,169.0
10216,1,216,17100,2,18.0,9,0.0,169.0
10217,1,217,17200,3,19.0,9,1.0,170.0
10218,1,218,17300,4,20.0,9,0.0,170.0
10219,1,219,17400,5,21.0,9,0.0,170.0
10220,1,220,17500,6,22.0,9,2.0,172.0
10221,1,221,17600,7,23.0,9,0.0,172.0
10222,1,222,17700,8,24.0,9,1.0,173.0
10223,1,223,17800,9,25.0,9,0.0,173.0
10224,1,224,17900,10,26.0,9,0.0,173.0
10225,1,225,18000,10,26.0,9,3.0,176.0
10226,1,226,18100,9,27.0,9,0.0,176.0
10227,1,227,18200,8,28.0,9,1.0,177.0
10228,1,228,18300,7,29.0,9,0.0,177.0
10229,1,229,18400,6,30.0,9,0.0,177.0
10230,1,230,18500,5,31.0,9,2.0,179.0
10231,1,231,18600,4,32.0,9,0.0,179.0
10232,1,232,18700,3,33.0,9,1.0,180.0
10233,1,233,18800,2,34.0,9,0.0,180.0
10234,1,234,18900,1,35.0,9,0.0,180.0
10235,1,235,19000,1,77777.0,9,3.0,183.0
10236,1,236,19100,2,18.0,9,0.0,183.0
10237,1,237,19200,3,18.0,9,1.0,184.0
10238,1,238,19300,4,18.0,9,0.0,184.0
10239,1,239,19400,5,18.0,9,0.0,184.0
10240,1,240,19500,6,18.0,9,2.0,186.0
10241,1,241,19600,7,18.0,9,0.0,186.0
10242,1,242,19700,8,18.0,9,1.0,187.0
10243,1,243,19800,9,18.0,9,0.0,187.0
10244,1,244,19900,10,18.0,9,0.0,187.0
10245,1,245,20000,10,20.0,9,5.0,192.0
10246,1,246,20100,9,20.0,9,0.0,192.0
10247,1,247,20200,8,20.0,9,1.0,193.0
10248,1,248,20300,7,20.0,9,0.0,193.0
10249,1,249,20400,6,20.0,9,0.0,193.0
10250,1,250,20500,5,20.0,9,2.0,195.0
10251,1,251,20600,4,20.0,9,0.0,195.0
10252,1,252,20700,3,20.0,9,1.0,196.0
10253,1,253,20800,2,20.0,9,0.0,196.0
10254,1,254,20900,1,20.0,9,0.0,196.0
10255,1,255,21000,1,777.0,9,3.0,199.0
10256,1,256,21100,2,8.0,9,0.0,199.0
10257,1,257,21200,3,8.0,9,1.0,200.0
10258,1,258,21300,4,8.0,9,0.0,200.0
10259,1,259,21400,5,8.0,9,0.0,200.0
10260,1,260,21500,6,8.0,9,2.0,202.0
10261,1,261,21600,7,8.0,9,0.0,202.0
10262,1,262,21700,8,8.0,9,1.0,203.0
10263,1,263,21800,9,8.0,9,0.0,203.0
10264,1,264,21900,10,8.0,9,0.0,203.0
10265,1,265,22000,10,9.0,9,3.0,206.0
10266,1,266,22100,9,9.0,9,0.0,206.0
10267,1,267,22200,8,9.0,9,1.0,207.0
10268,1,268,22300,7,9.0,9,0.0,207.0
10269,1,269,22400,6,9.0,9,0.0,207.0
10270,1,270,22500,5,9.0,9,2.0,209.0
10271,1,271,22600,4,9.0,9,0.0,209.0
10272,1,272,22700,3,9.0,9,1.0,210.0
10273,1,273,22800,2,9.0,9,0.0,210.0
10274,1,274,22900,1,9.0,9,0.0,210.0
10275,1,275,23000,1,20.0,9,3.0,213.0
10276,1,276,23100,2,15.0,9,0.0,213.0
10277,1,277,23200,3,15.0,9,1.0,214.0
10278,1,278,23300,4,15.0,9,0.0,214.0
10279,1,279,23400,5,15.0,9,0.0,214.0
10280,1,280,23500,6,15.0,9,2.0,216.0
10281,1,281,23600,7,15.0,9,0.0,216.0
10282,1,282,23700,8,15.0,9,1.0,217.0
10283,1,283,23800,9,15.0,9,0.0,217.0
10284,1,284,23900,10,15.0,9,0.0,217.0
10285,1,285,24000,1,20.0,9,3.0,220.0
10286,1,286,24100,2,15.0,9,0.0,220.0
10287,1,287,24200,3,15.0,9,1.0,221.0
10288,1,288,24300,4,15.0,9,0.0,221.0
10289,1,289,24400,5,15.0,9,0.0,221.0
10290,1,290,24500,6,15.0,9,2.0,223.0
10291,1,291,24600,7,15.0,9,0.0,223.0
10292,1,292,24700,8,15.0,9,1.0,224.0
10293,1,293,24800,9,15.0,9,0.0,224.0
10294,1,294,24900,10,15.0,9,0.0,224.0
10295,1,295,25000,1,30.0,9,3.0,227.0
10296,1,296,25100,2,15.0,9,0.0,227.0
10297,1,297,25200,3,15.0,9,1.0,228.0
10298,1,298,25300,4,15.0,9,0.0,228.0
10299,1,299,25400,5,15.0,9,0.0,228.0
10300,1,300,25500,6,15.0,9,2.0,230.0
10301,1,301,25600,7,15.0,9,0.0,230.0
10302,1,302,25700,8,15.0,9,1.0,231.0
10303,1,303,25800,9,15.0,9,0.0,231.0
10304,1,304,25900,10,15.0,9,0.0,231.0
10305,1,305,26000,1,30.0,9,3.0,234.0
10306,1,306,26100,2,15.0,9,0.0,234.0
10307,1,307,26200,3,15.0,9,1.0,235.0
10308,1,308,26300,4,15.0,9,0.0,235.0
10309,1,309,26400,5,15.0,9,0.0,235.0
10310,1,310,26500,6,15.0,9,2.0,237.0
10311,1,311,26600,7,15.0,9,0.0,237.0
10312,1,312,26700,8,15.0,9,1.0,238.0
10313,1,313,26800,9,15.0,9,0.0,238.0
10314,1,314,26900,10,15.0,9,0.0,238.0
10315,1,315,27000,1,35.0,9,3.0,241.0
10316,1,316,27100,2,15.0,9,0.0,241.0
10317,1,317,27200,3,15.0,9,1.0,242.0
10318,1,318,27300,4,15.0,9,0.0,242.0
10319,1,319,27400,5,15.0,9,0.0,242.0
10320,1,320,27500,6,15.0,9,2.0,244.0
10321,1,321,27600,7,15.0,9,0.0,244.0
10322,1,322,27700,8,15.0,9,1.0,245.0
10323,1,323,27800,9,15.0,9,0.0,245.0
10324,1,324,27900,10,15.0,9,0.0,245.0
10325,1,325,28000,1,50.0,9,3.0,248.0
10326,1,326,28100,2,10.0,9,0.0,248.0
10327,1,327,28200,3,10.0,9,1.0,249.0
10328,1,328,28300,4,10.0,9,0.0,249.0
10329,1,329,28400,5,10.0,9,0.0,249.0
10330,1,330,28500,6,10.0,9,2.0,251.0
10331,1,331,28600,7,10.0,9,0.0,251.0
10332,1,332,28700,8,10.0,9,1.0,252.0
10333,1,333,28800,9,10.0,9,0.0,252.0
10334,1,334,28900,10,10.0,9,0.0,252.0
10335,1,335,29000,1,30.0,9,3.0,255.0
10336,1,336,29100,2,11.0,9,0.0,255.0
10337,1,337,29200,3,11.0,9,1.0,256.0
10338,1,338,29300,4,11.0,9,0.0,256.0
10339,1,339,29400,5,11.0,9,0.0,256.0
10340,1,340,29500,6,11.0,9,2.0,258.0
10341,1,341,29600,7,11.0,9,0.0,258.0
10342,1,342,29700,8,11.0,9,1.0,259.0
10343,1,343,29800,9,11.0,9,0.0,259.0
10344,1,344,29900,10,11.0,9,0.0,259.0
10345,1,345,30000,1,35.0,9,5.0,264.0
10346,1,346,30100,2,12.0,9,0.0,264.0
10347,1,347,30200,3,12.0,9,1.0,265.0
10348,1,348,30300,4,12.0,9,0.0,265.0
10349,1,349,30400,5,12.0,9,0.0,265.0
10350,1,350,30500,6,12.0,9,2.0,267.0
10351,1,351,30600,7,12.0,9,0.0,267.0
10352,1,352,30700,8,12.0,9,1.0,268.0
10353,1,353,30800,9,12.0,9,0.0,268.0
10354,1,354,30900,10,12.0,9,0.0,268.0
10355,1,355,31000,1,39.0,9,3.0,271.0
10356,1,356,31100,2,13.0,9,0.0,271.0
10357,1,357,31200,3,13.0,9,1.0,272.0
10358,1,358,31300,4,13.0,9,0.0,272.0
10359,1,359,31400,5,13.0,9,0.0,272.0
10360,1,360,31500,6,13.0,9,2.0,274.0
10361,1,361,31600,7,13.0,9,0.0,274.0
10362,1,362,31700,8,13.0,9,1.0,275.0
10363,1,363,31800,9,13.0,9,0.0,275.0
10364,1,364,31900,10,13.0,9,0.0,275.0
10365,1,365,32000,1,50.0,9,3.0,278.0
10366,1,366,32100,2,15.0,9,0.0,278.0
10367,1,367,32200,3,15.0,9,1.0,279.0
10368,1,368,32300,4,15.0,9,0.0,279.0
10369,1,369,32400,5,15.0,9,0.0,279.0
10370,1,370,32500,6,15.0,9,2.0,281.0
10371,1,371,32600,7,15.0,9,0.0,281.0
10372,1,372,32700,8,15.0,9,1.0,282.0
10373,1,373,32800,9,15.0,9,0.0,282.0
10374,1,374,32900,10,15.0,9,0.0,282.0
10375,1,375,33000,1,50.0,9,3.0,285.0
10376,1,376,33100,2,20.0,9,0.0,285.0
10377,1,377,33200,3,20.0,9,1.0,286.0
10378,1,378,33300,4,20.0,9,0.0,286.0
10379,1,379,33400,5,20.0,9,0.0,286.0
10380,1,380,33500,6,20.0,9,2.0,288.0
10381,1,381,33600,7,20.0,9,0.0,288.0
10382,1,382,33700,8,20.0,9,1.0,289.0
10383,1,383,33800,9,20.0,9,0.0,289.0
10384,1,384,33900,10,20.0,9,0.0,289.0
10385,1,385,34000,1,50.0,9,3.0,292.0
10386,1,386,34100,2,20.0,9,0.0,292.0
10387,1,387,34200,3,20.0,9,1.0,293.0
10388,1,388,34300,4,20.0,9,0.0,293.0
10389,1,389,34400,5,20.0,9,0.0,293.0
10390,1,390,34500,6,20.0,9,2.0,295.0
10391,1,391,34600,7,20.0,9,0.0,295.0
10392,1,392,34700,8,20.0,9,1.0,296.0
10393,1,393,34800,9,20.0,9,0.0,296.0
10394,1,394,34900,10,20.0,9,0.0,296.0
10395,1,395,35000,1,50.0,9,3.0,299.0
10396,1,396,35100,2,18.0,9,0.0,299.0
10397,1,397,35200,3,18.0,9,1.0,300.0
10398,1,398,35300,4,18.0,9,0.0,300.0
10399,1,399,35400,5,18.0,9,0.0,300.0
10400,1,400,35500,6,18.0,9,2.0,302.0
10401,1,401,35600,7,18.0,9,0.0,302.0
10402,1,402,35700,8,18.0,9,1.0,303.0
10403,1,403,35800,9,18.0,9,0.0,303.0
10404,1,404,35900,10,18.0,9,0.0,303.0
10405,1,405,36000,1,40.0,9,3.0,306.0
10406,1,406,36100,2,18.0,9,0.0,306.0
10407,1,407,36200,3,18.0,9,1.0,307.0
10408,1,408,36300,4,18.0,9,0.0,307.0
10409,1,409,36400,5,18.0,9,0.0,307.0
10410,1,410,36500,6,18.0,9,2.0,309.0
10411,1,411,36600,7,18.0,9,0.0,309.0
10412,1,412,36700,8,18.0,9,1.0,310.0
10413,1,413,36800,9,18.0,9,0.0,310.0
10414,1,414,36900,10,18.0,9,0.0,310.0
10415,1,415,37000,1,40.0,9,3.0,313.0
10416,1,416,37100,2,18.0,9,0.0,313.0
10417,1,417,37200,3,18.0,9,1.0,314.0
10418,1,418,37300,4,18.0,9,0.0,314.0
10419,1,419,37400,5,18.0,9,0.0,314.0
10420,1,420,37500,6,18.0,9,2.0,316.0
10421,1,421,37600,7,18.0,9,0.0,316.0
10422,1,422,37700,8,18.0,9,1.0,317.0
10423,1,423,37800,9,18.0,9,0.0,317.0
10424,1,424,37900,10,18.0,9,0.0,317.0
10425,1,425,38000,1,40.0,9,3.0,320.0
20001,2,1,1,402,1.0,3,20.0,20.0
20002,2,2,25,2,1.0,3,1.0,21.0
20003,2,3,50,402,2.0,3,0.0,21.0
20004,2,4,75,2,2.0,3,0.0,21.0
20005,2,5,100,402,4.0,3,2.0,23.0
20006,2,6,150,2,2.0,3,0.0,23.0
20007,2,7,200,2,2.0,3,1.0,24.0
20008,2,8,300,2,2.0,3,0.0,24.0
20009,2,9,400,2,2.0,3,0.0,24.0
20010,2,10,500,402,6.0,3,2.0,26.0
20011,2,11,600,2,2.0,3,0.0,26.0
20012,2,12,700,2,2.0,3,1.0,27.0
20013,2,13,800,2,2.0,3,0.0,27.0
20014,2,14,900,2,2.0,3,0.0,27.0
20015,2,15,1000,2,3.0,3,3.0,30.0
20016,2,16,1100,2,2.0,3,0.0,30.0
20017,2,17,1200,2,2.0,3,1.0,31.0
20018,2,18,1300,2,2.0,3,0.0,31.0
20019,2,19,1400,2,2.0,3,0.0,31.0
20020,2,20,1500,2,8.0,3,2.0,33.0
20021,2,21,1600,2,2.0,3,0.0,33.0
20022,2,22,1700,2,2.0,3,1.0,34.0
20023,2,23,1800,2,2.0,3,0.0,34.0
20024,2,24,1900,2,2.0,3,0.0,34.0
20025,2,25,2000,2,50.0,3,3.0,37.0
20026,2,26,2100,2,1.5,3,0.0,37.0
20027,2,27,2200,2,2.0,3,1.0,38.0
20028,2,28,2300,2,1.5,3,0.0,38.0
20029,2,29,2400,2,2.0,3,0.0,38.0
20030,2,30,2500,2,4.0,3,2.0,40.0
20031,2,31,2600,2,2.0,3,0.0,40.0
20032,2,32,2700,2,1.5,3,1.0,41.0
20033,2,33,2800,2,2.0,3,0.0,41.0
20034,2,34,2900,2,1.5,3,0.0,41.0
20035,2,35,3000,2,4.0,3,3.0,44.0
20036,2,36,3100,2,1.5,3,0.0,44.0
20037,2,37,3200,2,2.0,3,1.0,45.0
20038,2,38,3300,2,1.5,3,0.0,45.0
20039,2,39,3400,2,2.0,3,0.0,45.0
20040,2,40,3500,2,3.0,3,2.0,47.0
20041,2,41,3600,2,2.0,3,0.0,47.0
20042,2,42,3700,2,1.5,3,1.0,48.0
20043,2,43,3800,2,2.0,3,0.0,48.0
20044,2,44,3900,2,1.5,3,0.0,48.0
20045,2,45,4000,2,3.0,3,3.0,51.0
20046,2,46,4100,2,1.5,3,0.0,51.0
20047,2,47,4200,2,2.0,3,1.0,52.0
20048,2,48,4300,2,1.5,3,0.0,52.0
20049,2,49,4400,2,1.5,3,0.0,52.0
20050,2,50,4500,2,3.0,3,2.0,54.0
20051,2,51,4600,2,1.5,3,0.0,54.0
20052,2,52,4700,2,1.5,3,1.0,55.0
20053,2,53,4800,2,1.5,3,0.0,55.0
20054,2,54,4900,2,1.5,3,0.0,55.0
20055,2,55,5000,2,3.0,3,3.0,58.0
20056,2,56,5100,2,1.5,3,0.0,58.0
20057,2,57,5200,2,2.0,3,1.0,59.0
20058,2,58,5300,2,1.5,3,0.0,59.0
20059,2,59,5400,2,2.0,3,0.0,59.0
20060,2,60,5500,2,3.0,3,2.0,61.0
20061,2,61,5600,2,2.0,3,0.0,61.0
20062,2,62,5700,2,1.5,3,1.0,62.0
20063,2,63,5800,2,2.0,3,0.0,62.0
20064,2,64,5900,2,1.5,3,0.0,62.0
20065,2,65,6000,2,3.0,3,3.0,65.0
20066,2,66,6100,2,1.5,3,0.0,65.0
20067,2,67,6200,2,2.0,3,1.0,66.0
20068,2,68,6300,2,1.5,3,0.0,66.0
20069,2,69,6400,2,2.0,3,0.0,66.0
20070,2,70,6500,2,3.0,3,2.0,68.0
20071,2,71,6600,2,2.0,3,0.0,68.0
20072,2,72,6700,2,1.5,3,1.0,69.0
20073,2,73,6800,2,2.0,3,0.0,69.0
20074,2,74,6900,2,1.5,3,0.0,69.0
20075,2,75,7000,2,3.0,3,3.0,72.0
20076,2,76,7100,2,1.5,3,0.0,72.0
20077,2,77,7200,2,2.0,3,1.0,73.0
20078,2,78,7300,2,1.5,3,0.0,73.0
20079,2,79,7400,2,2.0,3,0.0,73.0
20080,2,80,7500,2,3.0,3,2.0,75.0
20081,2,81,7600,2,2.0,3,0.0,75.0
20082,2,82,7700,2,1.5,3,1.0,76.0
20083,2,83,7800,2,2.0,3,0.0,76.0
20084,2,84,7900,2,1.5,3,0.0,76.0
20085,2,85,8000,2,3.0,3,3.0,79.0
20086,2,86,8100,2,1.5,3,0.0,79.0
20087,2,87,8200,2,2.0,3,1.0,80.0
20088,2,88,8300,2,1.5,3,0.0,80.0
20089,2,89,8400,2,2.0,3,0.0,80.0
20090,2,90,8500,2,3.0,3,2.0,82.0
20091,2,91,8600,2,2.0,3,0.0,82.0
20092,2,92,8700,2,1.5,3,1.0,83.0
20093,2,93,8800,2,2.0,3,0.0,83.0
20094,2,94,8900,2,1.5,3,0.0,83.0
20095,2,95,9000,2,3.0,3,3.0,86.0
20096,2,96,9100,2,2.0,3,0.0,86.0
20097,2,97,9200,2,2.0,3,1.0,87.0
20098,2,98,9300,2,2.0,3,0.0,87.0
20099,2,99,9400,2,2.0,3,0.0,87.0
20100,2,100,9500,2,5.0,3,2.0,89.0
20101,2,101,9600,2,2.0,3,0.0,89.0
20102,2,102,9700,2,2.0,3,1.0,90.0
20103,2,103,9800,2,2.0,3,0.0,90.0
20104,2,104,9900,2,2.0,3,0.0,90.0
20105,2,105,10000,2,8.0,3,3.0,93.0
20106,2,106,10200,2,2.0,3,0.0,93.0
20107,2,107,10400,2,2.0,3,1.0,94.0
20108,2,108,10600,2,2.0,3,0.0,94.0
20109,2,109,10800,2,2.0,3,0.0,94.0
20110,2,110,11000,2,8.0,3,2.0,96.0
20111,2,111,11200,2,2.0,3,0.0,96.0
20112,2,112,11400,2,2.0,3,1.0,97.0
20113,2,113,11600,2,2.0,3,0.0,97.0
20114,2,114,11800,2,2.0,3,0.0,97.0
20115,2,115,12000,2,6.0,3,3.0,100.0
20116,2,116,12200,2,2.0,3,0.0,100.0
20117,2,117,12400,2,2.0,3,1.0,101.0
20118,2,118,12600,2,2.0,3,0.0,101.0
20119,2,119,12800,2,2.0,3,0.0,101.0
20120,2,120,13000,2,8.0,3,2.0,103.0
20121,2,121,13200,2,2.0,3,0.0,103.0
20122,2,122,13400,2,2.0,3,1.0,104.0
20123,2,123,13600,2,2.0,3,0.0,104.0
20124,2,124,13800,2,2.0,3,0.0,104.0
20125,2,125,14000,2,5.0,3,3.0,107.0
20126,2,126,14200,2,2.0,3,0.0,107.0
20127,2,127,14400,2,2.0,3,1.0,108.0
20128,2,128,14600,2,2.0,3,0.0,108.0
20129,2,129,14800,2,2.0,3,0.0,108.0
20130,2,130,15000,2,8.0,3,2.0,110.0
20131,2,131,15200,2,2.0,3,0.0,110.0
20132,2,132,15400,2,2.0,3,1.0,111.0
20133,2,133,15600,2,2.0,3,0.0,111.0
20134,2,134,15800,2,2.0,3,0.0,111.0
20135,2,135,16000,2,5.0,3,3.0,114.0
20136,2,136,16200,2,2.0,3,0.0,114.0
20137,2,137,16400,2,2.0,3,1.0,115.0
20138,2,138,16600,2,2.0,3,0.0,115.0
20139,2,139,16800,2,2.0,3,0.0,115.0
20140,2,140,17000,2,9.0,3,2.0,117.0
20141,2,141,17200,2,2.0,3,0.0,117.0
20142,2,142,17400,2,2.0,3,1.0,118.0
20143,2,143,17600,2,2.0,3,0.0,118.0
20144,2,144,17800,2,2.0,3,0.0,118.0
20145,2,145,18000,2,5.0,3,3.0,121.0
20146,2,146,18200,2,2.0,3,0.0,121.0
20147,2,147,18400,2,2.0,3,1.0,122.0
20148,2,148,18600,2,2.0,3,0.0,122.0
20149,2,149,18800,2,2.0,3,0.0,122.0
20150,2,150,19000,2,8.0,3,2.0,124.0
20151,2,151,19200,2,2.0,3,0.0,124.0
20152,2,152,19400,2,2.0,3,1.0,125.0
20153,2,153,19600,2,2.0,3,0.0,125.0
20154,2,154,19800,2,2.0,3,0.0,125.0
20155,2,155,20000,2,5.0,3,3.0,128.0
20156,2,156,20200,2,2.0,3,0.0,128.0
20157,2,157,20400,2,2.0,3,1.0,129.0
20158,2,158,20600,2,2.0,3,0.0,129.0
20159,2,159,20800,2,2.0,3,0.0,129.0
20160,2,160,21000,2,5.0,3,2.0,131.0
20161,2,161,21200,2,2.0,3,0.0,131.0
20162,2,162,21400,2,2.0,3,1.0,132.0
20163,2,163,21600,2,2.0,3,0.0,132.0
20164,2,164,21800,2,2.0,3,0.0,132.0
20165,2,165,22000,2,5.0,3,3.0,135.0
20166,2,166,22200,2,2.0,3,0.0,135.0
20167,2,167,22400,2,2.0,3,1.0,136.0
20168,2,168,22600,2,2.0,3,0.0,136.0
20169,2,169,22800,2,2.0,3,0.0,136.0
20170,2,170,23000,2,5.0,3,2.0,138.0
20171,2,171,23200,2,2.0,3,0.0,138.0
20172,2,172,23400,2,2.0,3,1.0,139.0
20173,2,173,23600,2,2.0,3,0.0,139.0
20174,2,174,23800,2,2.0,3,0.0,139.0
20175,2,175,24000,2,5.0,3,3.0,142.0
20176,2,176,24200,2,2.0,3,0.0,142.0
20177,2,177,24400,2,2.0,3,1.0,143.0
20178,2,178,24600,2,2.0,3,0.0,143.0
20179,2,179,24800,2,2.0,3,0.0,143.0
20180,2,180,25000,2,5.0,3,2.0,145.0
20181,2,181,25200,2,2.0,3,0.0,145.0
20182,2,182,25400,2,2.0,3,1.0,146.0
20183,2,183,25600,2,2.0,3,0.0,146.0
20184,2,184,25800,2,2.0,3,0.0,146.0
20185,2,185,26000,2,5.0,3,3.0,149.0
20186,2,186,26200,2,2.0,3,0.0,149.0
20187,2,187,26400,2,2.0,3,1.0,150.0
20188,2,188,26600,2,2.0,3,0.0,150.0
20189,2,189,26800,2,2.0,3,0.0,150.0
20190,2,190,27000,2,5.0,3,2.0,152.0
20191,2,191,27200,2,2.0,3,0.0,152.0
20192,2,192,27400,2,2.0,3,1.0,153.0
20193,2,193,27600,2,2.0,3,0.0,153.0
20194,2,194,27800,2,2.0,3,0.0,153.0
20195,2,195,28000,2,5.0,3,3.0,156.0
20196,2,196,28200,2,2.0,3,0.0,156.0
20197,2,197,28400,2,2.0,3,1.0,157.0
20198,2,198,28600,2,2.0,3,0.0,157.0
20199,2,199,28800,2,2.0,3,0.0,157.0
20200,2,200,29000,2,5.0,3,2.0,159.0
20201,2,201,29200,2,2.0,3,0.0,159.0
20202,2,202,29400,2,2.0,3,1.0,160.0
20203,2,203,29600,2,2.0,3,0.0,160.0
20204,2,204,29800,2,2.0,3,0.0,160.0
20205,2,205,30000,2,5.0,3,3.0,163.0
20206,2,206,30200,2,2.0,3,0.0,163.0
20207,2,207,30400,2,2.0,3,1.0,164.0
20208,2,208,30600,2,2.0,3,0.0,164.0
20209,2,209,30800,2,2.0,3,0.0,164.0
20210,2,210,31000,2,5.0,3,2.0,166.0
20211,2,211,31200,2,2.0,3,0.0,166.0
20212,2,212,31400,2,3.0,3,1.0,167.0
20213,2,213,31600,2,3.0,3,0.0,167.0
20214,2,214,31800,2,3.0,3,0.0,167.0
20215,2,215,32000,2,5.0,3,3.0,170.0
20216,2,216,32200,2,2.0,3,0.0,170.0
20217,2,217,32400,2,2.0,3,1.0,171.0
20218,2,218,32600,2,3.0,3,0.0,171.0
20219,2,219,32800,2,3.0,3,0.0,171.0
20220,2,220,33000,2,6.0,3,2.0,173.0
20221,2,221,33200,2,3.0,3,0.0,173.0
20222,2,222,33400,2,3.0,3,1.0,174.0
20223,2,223,33600,2,3.0,3,0.0,174.0
20224,2,224,33800,2,3.0,3,0.0,174.0
20225,2,225,34000,2,9.0,3,3.0,177.0
20226,2,226,34200,2,5.0,3,0.0,177.0
20227,2,227,34400,2,5.0,3,1.0,178.0
20228,2,228,34600,2,5.0,3,0.0,178.0
20229,2,229,34800,2,5.0,3,0.0,178.0
20230,2,230,35000,2,8.0,3,2.0,180.0
20231,2,231,35200,2,2.0,3,0.0,180.0
20232,2,232,35400,2,3.0,3,1.0,181.0
20233,2,233,35600,2,3.0,3,0.0,181.0
20234,2,234,35800,2,3.0,3,0.0,181.0
20235,2,235,36000,2,5.0,3,3.0,184.0
20236,2,236,36200,2,2.0,3,0.0,184.0
20237,2,237,36400,2,2.0,3,1.0,185.0
20238,2,238,36600,2,3.0,3,0.0,185.0
20239,2,239,36800,2,3.0,3,0.0,185.0
20240,2,240,37000,2,6.0,3,2.0,187.0
20241,2,241,37200,2,3.0,3,0.0,187.0
20242,2,242,37400,2,3.0,3,1.0,188.0
20243,2,243,37600,2,3.0,3,0.0,188.0
20244,2,244,37800,2,3.0,3,0.0,188.0
20245,2,245,38000,2,9.0,3,3.0,191.0
20246,2,246,38200,2,2.0,3,0.0,191.0
20247,2,247,38400,2,2.0,3,1.0,192.0
20248,2,248,38600,2,3.0,3,0.0,192.0
20249,2,249,38800,2,3.0,3,0.0,192.0
20250,2,250,39000,2,6.0,3,2.0,194.0
20251,2,251,39200,2,3.0,3,0.0,194.0
20252,2,252,39400,2,3.0,3,1.0,195.0
20253,2,253,39600,2,3.0,3,0.0,195.0
20254,2,254,39800,2,3.0,3,0.0,195.0
20255,2,255,40000,2,9.0,3,3.0,198.0
20256,2,256,40200,2,3.0,3,0.0,198.0
20257,2,257,40400,2,3.0,3,1.0,199.0
20258,2,258,40600,2,3.0,3,0.0,199.0
20259,2,259,40800,2,3.0,3,0.0,199.0
20260,2,260,41000,2,9.0,3,2.0,201.0
20261,2,261,41200,2,2.0,3,0.0,201.0
20262,2,262,41400,2,2.0,3,1.0,202.0
20263,2,263,41600,2,3.0,3,0.0,202.0
20264,2,264,41800,2,3.0,3,0.0,202.0
20265,2,265,42000,2,6.0,3,3.0,205.0
20266,2,266,42200,2,3.0,3,0.0,205.0
20267,2,267,42400,2,3.0,3,1.0,206.0
20268,2,268,42600,2,3.0,3,0.0,206.0
20269,2,269,42800,2,3.0,3,0.0,206.0
20270,2,270,43000,2,9.0,3,2.0,208.0
20271,2,271,43200,2,2.0,3,0.0,208.0
20272,2,272,43400,2,2.0,3,1.0,209.0
20273,2,273,43600,2,3.0,3,0.0,209.0
20274,2,274,43800,2,3.0,3,0.0,209.0
20275,2,275,44000,2,6.0,3,3.0,212.0
20276,2,276,44200,2,3.0,3,0.0,212.0
20277,2,277,44400,2,3.0,3,1.0,213.0
20278,2,278,44600,2,3.0,3,0.0,213.0
20279,2,279,44800,2,3.0,3,0.0,213.0
20280,2,280,45000,2,9.0,3,2.0,215.0
20281,2,281,45200,2,3.0,3,0.0,215.0
20282,2,282,45400,2,3.0,3,1.0,216.0
20283,2,283,45600,2,3.0,3,0.0,216.0
20284,2,284,45800,2,3.0,3,0.0,216.0
20285,2,285,46000,2,9.0,3,3.0,219.0
20286,2,286,46200,2,2.0,3,0.0,219.0
20287,2,287,46400,2,2.0,3,1.0,220.0
20288,2,288,46600,2,3.0,3,0.0,220.0
20289,2,289,46800,2,3.0,3,0.0,220.0
20290,2,290,47000,2,6.0,3,2.0,222.0
20291,2,291,47200,2,3.0,3,0.0,222.0
20292,2,292,47400,2,3.0,3,1.0,223.0
20293,2,293,47600,2,3.0,3,0.0,223.0
20294,2,294,47800,2,3.0,3,0.0,223.0
20295,2,295,48000,2,9.0,3,3.0,226.0
20296,2,296,48200,2,3.0,3,0.0,226.0
20297,2,297,48400,2,3.0,3,1.0,227.0
20298,2,298,48600,2,5.0,3,0.0,227.0
20299,2,299,48800,2,5.0,3,0.0,227.0
20300,2,300,49000,2,9.0,3,2.0,229.0
20301,2,301,49200,2,3.0,3,0.0,229.0
20302,2,302,49400,2,3.0,3,1.0,230.0
20303,2,303,49600,2,5.0,3,0.0,230.0
20304,2,304,49800,2,7.0,3,0.0,230.0
20305,2,305,50000,2,9.0,3,3.0,233.0
20306,2,306,50200,2,5.0,3,0.0,233.0
20307,2,307,50400,2,5.0,3,1.0,234.0
20308,2,308,50600,2,5.0,3,0.0,234.0
20309,2,309,50800,2,8.0,3,0.0,234.0
20310,2,310,51000,2,10.0,3,2.0,236.0
20311,2,311,51200,2,3.0,3,0.0,236.0
20312,2,312,51400,2,6.0,3,1.0,237.0
20313,2,313,51600,2,9.0,3,0.0,237.0
20314,2,314,51800,2,9.0,3,0.0,237.0
20315,2,315,52000,2,10.0,3,3.0,240.0
20316,2,316,52200,2,3.0,3,0.0,240.0
20317,2,317,52400,2,3.0,3,1.0,241.0
20318,2,318,52600,2,5.0,3,0.0,241.0
20319,2,319,52800,2,7.0,3,0.0,241.0
20320,2,320,53000,2,9.0,3,2.0,243.0
20321,2,321,53200,2,5.0,3,0.0,243.0
20322,2,322,53400,2,5.0,3,1.0,244.0
20323,2,323,53600,2,5.0,3,0.0,244.0
20324,2,324,53800,2,8.0,3,0.0,244.0
20325,2,325,54000,2,10.0,3,3.0,247.0
20326,2,326,54200,2,3.0,3,0.0,247.0
20327,2,327,54400,2,6.0,3,1.0,248.0
20328,2,328,54600,2,9.0,3,0.0,248.0
20329,2,329,54800,2,9.0,3,0.0,248.0
20330,2,330,55000,2,10.0,3,2.0,250.0
20331,2,331,55200,2,3.0,3,0.0,250.0
20332,2,332,55400,2,3.0,3,1.0,251.0
20333,2,333,55600,2,5.0,3,0.0,251.0
20334,2,334,55800,2,7.0,3,0.0,251.0
20335,2,335,56000,2,9.0,3,3.0,254.0
20336,2,336,56200,2,3.0,3,0.0,254.0
20337,2,337,56400,2,3.0,3,1.0,255.0
20338,2,338,56600,2,5.0,3,0.0,255.0
20339,2,339,56800,2,7.0,3,0.0,255.0
20340,2,340,57000,2,9.0,3,2.0,257.0
20341,2,341,57200,2,3.0,3,0.0,257.0
20342,2,342,57400,2,3.0,3,1.0,258.0
20343,2,343,57600,2,5.0,3,0.0,258.0
20344,2,344,57800,2,7.0,3,0.0,258.0
20345,2,345,58000,2,9.0,3,3.0,261.0
20346,2,346,58200,2,7.0,3,0.0,261.0
20347,2,347,58400,2,8.0,3,1.0,262.0
20348,2,348,58600,2,9.0,3,0.0,262.0
20349,2,349,58800,2,9.0,3,0.0,262.0
20350,2,350,59000,2,10.0,3,2.0,264.0
20351,2,351,59200,2,7.0,3,0.0,264.0
20352,2,352,59400,2,8.0,3,1.0,265.0
20353,2,353,59600,2,9.0,3,0.0,265.0
20354,2,354,59800,2,9.0,3,0.0,265.0
20355,2,355,60000,2,10.0,3,3.0,268.0
20356,2,356,60200,2,7.0,3,0.0,268.0
20357,2,357,60400,2,8.0,3,1.0,269.0
20358,2,358,60600,2,9.0,3,0.0,269.0
20359,2,359,60800,2,9.0,3,0.0,269.0
20360,2,360,61000,2,10.0,3,2.0,271.0
20361,2,361,61200,2,7.0,3,0.0,271.0
20362,2,362,61400,2,8.0,3,1.0,272.0
20363,2,363,61600,2,9.0,3,0.0,272.0
20364,2,364,61800,2,9.0,3,0.0,272.0
20365,2,365,62000,2,10.0,3,3.0,275.0
20366,2,366,62200,2,7.0,3,0.0,275.0
20367,2,367,62400,2,8.0,3,1.0,276.0
20368,2,368,62600,2,9.0,3,0.0,276.0
20369,2,369,62800,2,9.0,3,0.0,276.0
20370,2,370,63000,2,15.0,3,2.0,278.0
20371,2,371,63200,2,7.0,3,0.0,278.0
20372,2,372,63400,2,8.0,3,1.0,279.0
20373,2,373,63600,2,9.0,3,0.0,279.0
20374,2,374,63800,2,9.0,3,0.0,279.0
20375,2,375,64000,2,10.0,3,3.0,282.0
20376,2,376,64200,2,7.0,3,0.0,282.0
20377,2,377,64400,2,8.0,3,1.0,283.0
20378,2,378,64600,2,9.0,3,0.0,283.0
20379,2,379,64800,2,9.0,3,0.0,283.0
20380,2,380,65000,2,15.0,3,2.0,285.0
20381,2,381,65200,2,7.0,3,0.0,285.0
20382,2,382,65400,2,8.0,3,1.0,286.0
20383,2,383,65600,2,9.0,3,0.0,286.0
20384,2,384,65800,2,9.0,3,0.0,286.0
20385,2,385,66000,2,15.0,3,3.0,289.0
20386,2,386,66200,2,7.0,3,0.0,289.0
20387,2,387,66400,2,8.0,3,1.0,290.0
20388,2,388,66600,2,9.0,3,0.0,290.0
20389,2,389,66800,2,9.0,3,0.0,290.0
20390,2,390,67000,2,10.0,3,2.0,292.0
20391,2,391,67200,2,7.0,3,0.0,292.0
20392,2,392,67400,2,8.0,3,1.0,293.0
20393,2,393,67600,2,9.0,3,0.0,293.0
20394,2,394,67800,2,9.0,3,0.0,293.0
20395,2,395,68000,2,15.0,3,3.0,296.0
20396,2,396,68200,2,7.0,3,0.0,296.0
20397,2,397,68400,2,8.0,3,1.0,297.0
20398,2,398,68600,2,9.0,3,0.0,297.0
20399,2,399,68800,2,9.0,3,0.0,297.0
20400,2,400,69000,2,15.0,3,2.0,299.0
20401,2,401,69200,2,7.0,3,0.0,299.0
20402,2,402,69400,2,8.0,3,1.0,300.0
20403,2,403,69600,2,9.0,3,0.0,300.0
20404,2,404,69800,2,9.0,3,0.0,300.0
20405,2,405,70000,2,10.0,3,3.0,303.0
20406,2,406,70200,2,7.0,3,0.0,303.0
20407,2,407,70400,2,8.0,3,1.0,304.0
20408,2,408,70600,2,9.0,3,0.0,304.0
20409,2,409,70800,2,9.0,3,0.0,304.0
20410,2,410,71000,2,15.0,3,2.0,306.0
20411,2,411,71200,2,7.0,3,0.0,306.0
20412,2,412,71400,2,8.0,3,1.0,307.0
20413,2,413,71600,2,9.0,3,0.0,307.0
20414,2,414,71800,2,9.0,3,0.0,307.0
20415,2,415,72000,2,10.0,3,3.0,310.0
20416,2,416,72200,2,7.0,3,0.0,310.0
20417,2,417,72400,2,8.0,3,1.0,311.0
20418,2,418,72600,2,9.0,3,0.0,311.0
20419,2,419,72800,2,9.0,3,0.0,311.0
20420,2,420,73000,2,15.0,3,2.0,313.0
20421,2,421,73200,2,7.0,3,0.0,313.0
20422,2,422,73400,2,8.0,3,1.0,314.0
20423,2,423,73600,2,9.0,3,0.0,314.0
20424,2,424,73800,2,9.0,3,0.0,314.0
20425,2,425,74000,2,15.0,3,3.0,317.0
20426,2,426,74200,2,7.0,3,0.0,317.0
20427,2,427,74400,2,8.0,3,1.0,318.0
20428,2,428,74600,2,9.0,3,0.0,318.0
20429,2,429,74800,2,9.0,3,0.0,318.0
20430,2,430,75000,2,10.0,3,2.0,320.0
30001,3,1,1,403,1.0,6,20.0,20.0
30002,3,2,25,3,1.0,6,1.0,21.0
30003,3,3,50,403,2.0,6,0.0,21.0
30004,3,4,75,3,2.0,6,0.0,21.0
30005,3,5,100,403,4.0,6,2.0,23.0
30006,3,6,150,403,4.0,6,0.0,23.0
30007,3,7,200,3,2.0,6,1.0,24.0
30008,3,8,300,3,2.0,6,0.0,24.0
30009,3,9,400,3,2.0,6,0.0,24.0
30010,3,10,500,3,3.0,6,2.0,26.0
30011,3,11,600,3,2.0,6,0.0,26.0
30012,3,12,700,3,2.0,6,1.0,27.0
30013,3,13,800,3,2.0,6,0.0,27.0
30014,3,14,900,3,2.0,6,0.0,27.0
30015,3,15,1000,3,3.0,6,3.0,30.0
30016,3,16,1100,3,2.0,6,0.0,30.0
30017,3,17,1200,3,2.0,6,1.0,31.0
30018,3,18,1300,3,2.0,6,0.0,31.0
30019,3,19,1400,3,2.0,6,0.0,31.0
30020,3,20,1500,3,3.0,6,3.0,34.0
30021,3,21,1600,3,2.0,6,0.0,34.0
30022,3,22,1700,3,2.0,6,1.0,35.0
30023,3,23,1800,3,2.0,6,0.0,35.0
30024,3,24,1900,3,2.0,6,0.0,35.0
30025,3,25,2000,3,3.0,6,5.0,40.0
30026,3,26,2100,3,2.0,6,0.0,40.0
30027,3,27,2200,3,2.0,6,1.0,41.0
30028,3,28,2300,3,2.0,6,0.0,41.0
30029,3,29,2400,3,2.0,6,0.0,41.0
30030,3,30,2500,3,8.0,6,3.0,44.0
30031,3,31,2600,3,2.0,6,0.0,44.0
30032,3,32,2700,3,2.0,6,1.0,45.0
30033,3,33,2800,3,2.0,6,0.0,45.0
30034,3,34,2900,3,2.0,6,0.0,45.0
30035,3,35,3000,3,15.0,6,5.0,50.0
30036,3,36,3100,3,2.0,6,0.0,50.0
30037,3,37,3200,3,2.0,6,1.0,51.0
30038,3,38,3300,3,2.0,6,0.0,51.0
30039,3,39,3400,3,2.0,6,0.0,51.0
30040,3,40,3500,3,15.0,6,3.0,54.0
30041,3,41,3600,3,2.0,6,0.0,54.0
30042,3,42,3700,3,2.0,6,1.0,55.0
30043,3,43,3800,3,2.0,6,0.0,55.0
30044,3,44,3900,3,2.0,6,0.0,55.0
30045,3,45,4000,3,25.0,6,5.0,60.0
30046,3,46,4100,3,2.0,6,0.0,60.0
30047,3,47,4200,3,3.0,6,1.0,61.0
30048,3,48,4300,3,2.0,6,0.0,61.0
30049,3,49,4400,3,3.0,6,0.0,61.0
30050,3,50,4500,3,7.0,6,3.0,64.0
30051,3,51,4600,3,3.0,6,0.0,64.0
30052,3,52,4700,3,2.0,6,1.0,65.0
30053,3,53,4800,3,3.0,6,0.0,65.0
30054,3,54,4900,3,2.0,6,0.0,65.0
30055,3,55,5000,3,11.0,6,5.0,70.0
30056,3,56,5100,3,2.0,6,0.0,70.0
30057,3,57,5200,3,3.0,6,1.0,71.0
30058,3,58,5300,3,2.0,6,0.0,71.0
30059,3,59,5400,3,3.0,6,0.0,71.0
30060,3,60,5500,3,7.0,6,3.0,74.0
30061,3,61,5600,3,3.0,6,0.0,74.0
30062,3,62,5700,3,2.0,6,1.0,75.0
30063,3,63,5800,3,3.0,6,0.0,75.0
30064,3,64,5900,3,2.0,6,0.0,75.0
30065,3,65,6000,3,11.0,6,5.0,80.0
30066,3,66,6100,3,2.0,6,0.0,80.0
30067,3,67,6200,3,2.0,6,1.0,81.0
30068,3,68,6300,3,2.0,6,0.0,81.0
30069,3,69,6400,3,2.0,6,0.0,81.0
30070,3,70,6500,3,15.0,6,3.0,84.0
30071,3,71,6600,3,2.0,6,0.0,84.0
30072,3,72,6700,3,2.0,6,1.0,85.0
30073,3,73,6800,3,2.0,6,0.0,85.0
30074,3,74,6900,3,2.0,6,0.0,85.0
30075,3,75,7000,3,25.0,6,5.0,90.0
30076,3,76,7100,3,2.0,6,0.0,90.0
30077,3,77,7200,3,2.0,6,1.0,91.0
30078,3,78,7300,3,2.0,6,0.0,91.0
30079,3,79,7400,3,2.0,6,0.0,91.0
30080,3,80,7500,3,15.0,6,3.0,94.0
30081,3,81,7600,3,2.0,6,0.0,94.0
30082,3,82,7700,3,2.0,6,1.0,95.0
30083,3,83,7800,3,2.0,6,0.0,95.0
30084,3,84,7900,3,2.0,6,0.0,95.0
30085,3,85,8000,3,25.0,6,5.0,100.0
30086,3,86,8100,3,2.0,6,0.0,100.0
30087,3,87,8200,3,2.0,6,1.0,101.0
30088,3,88,8300,3,2.0,6,0.0,101.0
30089,3,89,8400,3,2.0,6,0.0,101.0
30090,3,90,8500,3,3.0,6,3.0,104.0
30091,3,91,8600,3,2.0,6,0.0,104.0
30092,3,92,8700,3,2.0,6,1.0,105.0
30093,3,93,8800,3,2.0,6,0.0,105.0
30094,3,94,8900,3,2.0,6,0.0,105.0
30095,3,95,9000,3,3.0,6,5.0,110.0
30096,3,96,9100,3,2.0,6,0.0,110.0
30097,3,97,9200,3,2.0,6,1.0,111.0
30098,3,98,9300,3,2.0,6,0.0,111.0
30099,3,99,9400,3,2.0,6,0.0,111.0
30100,3,100,9500,3,3.0,6,3.0,114.0
30101,3,101,9600,3,2.0,6,0.0,114.0
30102,3,102,9700,3,2.0,6,1.0,115.0
30103,3,103,9800,3,2.0,6,0.0,115.0
30104,3,104,9900,3,2.0,6,0.0,115.0
30105,3,105,10000,3,15.0,6,5.0,120.0
30106,3,106,10200,3,2.0,6,0.0,120.0
30107,3,107,10400,3,2.0,6,1.0,121.0
30108,3,108,10600,3,2.0,6,0.0,121.0
30109,3,109,10800,3,2.0,6,0.0,121.0
30110,3,110,11000,3,25.0,6,3.0,124.0
30111,3,111,11200,3,2.0,6,0.0,124.0
30112,3,112,11400,3,2.0,6,1.0,125.0
30113,3,113,11600,3,2.0,6,0.0,125.0
30114,3,114,11800,3,2.0,6,0.0,125.0
30115,3,115,12000,3,30.0,6,5.0,130.0
30116,3,116,12200,3,3.0,6,0.0,130.0
30117,3,117,12400,3,3.0,6,1.0,131.0
30118,3,118,12600,3,3.0,6,0.0,131.0
30119,3,119,12800,3,3.0,6,0.0,131.0
30120,3,120,13000,3,50.0,6,3.0,134.0
30121,3,121,13200,3,3.0,6,0.0,134.0
30122,3,122,13400,3,3.0,6,1.0,135.0
30123,3,123,13600,3,3.0,6,0.0,135.0
30124,3,124,13800,3,3.0,6,0.0,135.0
30125,3,125,14000,3,50.0,6,5.0,140.0
30126,3,126,14200,3,3.0,6,0.0,140.0
30127,3,127,14400,3,3.0,6,1.0,141.0
30128,3,128,14600,3,3.0,6,0.0,141.0
30129,3,129,14800,3,3.0,6,0.0,141.0
30130,3,130,15000,3,50.0,6,3.0,144.0
30131,3,131,15200,3,3.0,6,0.0,144.0
30132,3,132,15400,3,3.0,6,1.0,145.0
30133,3,133,15600,3,3.0,6,0.0,145.0
30134,3,134,15800,3,3.0,6,0.0,145.0
30135,3,135,16000,3,50.0,6,5.0,150.0
30136,3,136,16200,3,3.0,6,0.0,150.0
30137,3,137,16400,3,3.0,6,1.0,151.0
30138,3,138,16600,3,3.0,6,0.0,151.0
30139,3,139,16800,3,3.0,6,0.0,151.0
30140,3,140,17000,3,50.0,6,3.0,154.0
30141,3,141,17200,3,3.0,6,0.0,154.0
30142,3,142,17400,3,3.0,6,1.0,155.0
30143,3,143,17600,3,3.0,6,0.0,155.0
30144,3,144,17800,3,3.0,6,0.0,155.0
30145,3,145,18000,3,50.0,6,5.0,160.0
30146,3,146,18200,3,3.0,6,0.0,160.0
30147,3,147,18400,3,3.0,6,1.0,161.0
30148,3,148,18600,3,3.0,6,0.0,161.0
30149,3,149,18800,3,3.0,6,0.0,161.0
30150,3,150,19000,3,50.0,6,3.0,164.0
30151,3,151,19200,3,2.0,6,0.0,164.0
30152,3,152,19400,3,5.0,6,1.0,165.0
30153,3,153,19600,3,5.0,6,0.0,165.0
30154,3,154,19800,3,8.0,6,0.0,165.0
30155,3,155,20000,3,10.0,6,5.0,170.0
30156,3,156,20200,3,2.0,6,0.0,170.0
30157,3,157,20400,3,5.0,6,1.0,171.0
30158,3,158,20600,3,5.0,6,0.0,171.0
30159,3,159,20800,3,8.0,6,0.0,171.0
30160,3,160,21000,3,10.0,6,3.0,174.0
30161,3,161,21200,3,2.0,6,0.0,174.0
30162,3,162,21400,3,5.0,6,1.0,175.0
30163,3,163,21600,3,5.0,6,0.0,175.0
30164,3,164,21800,3,8.0,6,0.0,175.0
30165,3,165,22000,3,10.0,6,5.0,180.0
30166,3,166,22200,3,3.0,6,0.0,180.0
30167,3,167,22400,3,3.0,6,1.0,181.0
30168,3,168,22600,3,3.0,6,0.0,181.0
30169,3,169,22800,3,8.0,6,0.0,181.0
30170,3,170,23000,3,15.0,6,3.0,184.0
30171,3,171,23200,3,3.0,6,0.0,184.0
30172,3,172,23400,3,3.0,6,1.0,185.0
30173,3,173,23600,3,5.0,6,0.0,185.0
30174,3,174,23800,3,8.0,6,0.0,185.0
30175,3,175,24000,3,15.0,6,5.0,190.0
30176,3,176,24200,3,3.0,6,0.0,190.0
30177,3,177,24400,3,3.0,6,1.0,191.0
30178,3,178,24600,3,5.0,6,0.0,191.0
30179,3,179,24800,3,8.0,6,0.0,191.0
30180,3,180,25000,3,15.0,6,3.0,194.0
30181,3,181,25200,3,3.0,6,0.0,194.0
30182,3,182,25400,3,3.0,6,1.0,195.0
30183,3,183,25600,3,5.0,6,0.0,195.0
30184,3,184,25800,3,8.0,6,0.0,195.0
30185,3,185,26000,3,15.0,6,5.0,200.0
30186,3,186,26200,3,3.0,6,0.0,200.0
30187,3,187,26400,3,3.0,6,1.0,201.0
30188,3,188,26600,3,5.0,6,0.0,201.0
30189,3,189,26800,3,8.0,6,0.0,201.0
30190,3,190,27000,3,15.0,6,3.0,204.0
30191,3,191,27200,3,3.0,6,0.0,204.0
30192,3,192,27400,3,3.0,6,1.0,205.0
30193,3,193,27600,3,5.0,6,0.0,205.0
30194,3,194,27800,3,8.0,6,0.0,205.0
30195,3,195,28000,3,15.0,6,5.0,210.0
30196,3,196,28200,3,3.0,6,0.0,210.0
30197,3,197,28400,3,3.0,6,1.0,211.0
30198,3,198,28600,3,5.0,6,0.0,211.0
30199,3,199,28800,3,8.0,6,0.0,211.0
30200,3,200,29000,3,15.0,6,3.0,214.0
30201,3,201,29200,3,3.0,6,0.0,214.0
30202,3,202,29400,3,3.0,6,1.0,215.0
30203,3,203,29600,3,5.0,6,0.0,215.0
30204,3,204,29800,3,8.0,6,0.0,215.0
30205,3,205,30000,3,15.0,6,5.0,220.0
30206,3,206,30200,3,3.0,6,0.0,220.0
30207,3,207,30400,3,3.0,6,1.0,221.0
30208,3,208,30600,3,5.0,6,0.0,221.0
30209,3,209,30800,3,8.0,6,0.0,221.0
30210,3,210,31000,3,15.0,6,3.0,224.0
30211,3,211,31200,3,3.0,6,0.0,224.0
30212,3,212,31400,3,3.0,6,1.0,225.0
30213,3,213,31600,3,5.0,6,0.0,225.0
30214,3,214,31800,3,8.0,6,0.0,225.0
30215,3,215,32000,3,15.0,6,5.0,230.0
30216,3,216,32200,3,3.0,6,0.0,230.0
30217,3,217,32400,3,3.0,6,1.0,231.0
30218,3,218,32600,3,5.0,6,0.0,231.0
30219,3,219,32800,3,8.0,6,0.0,231.0
30220,3,220,33000,3,15.0,6,3.0,234.0
30221,3,221,33200,3,8.0,6,0.0,234.0
30222,3,222,33400,3,8.0,6,1.0,235.0
30223,3,223,33600,3,9.0,6,0.0,235.0
30224,3,224,33800,3,9.0,6,0.0,235.0
30225,3,225,34000,3,15.0,6,5.0,240.0
30226,3,226,34200,3,8.0,6,0.0,240.0
30227,3,227,34400,3,8.0,6,1.0,241.0
30228,3,228,34600,3,9.0,6,0.0,241.0
30229,3,229,34800,3,9.0,6,0.0,241.0
30230,3,230,35000,3,15.0,6,3.0,244.0
30231,3,231,35200,3,8.0,6,0.0,244.0
30232,3,232,35400,3,8.0,6,1.0,245.0
30233,3,233,35600,3,9.0,6,0.0,245.0
30234,3,234,35800,3,9.0,6,0.0,245.0
30235,3,235,36000,3,15.0,6,5.0,250.0
30236,3,236,36200,3,8.0,6,0.0,250.0
30237,3,237,36400,3,8.0,6,1.0,251.0
30238,3,238,36600,3,9.0,6,0.0,251.0
30239,3,239,36800,3,9.0,6,0.0,251.0
30240,3,240,37000,3,15.0,6,3.0,254.0
30241,3,241,37200,3,8.0,6,0.0,254.0
30242,3,242,37400,3,8.0,6,1.0,255.0
30243,3,243,37600,3,9.0,6,0.0,255.0
30244,3,244,37800,3,9.0,6,0.0,255.0
30245,3,245,38000,3,15.0,6,5.0,260.0
30246,3,246,38200,3,8.0,6,0.0,260.0
30247,3,247,38400,3,8.0,6,1.0,261.0
30248,3,248,38600,3,9.0,6,0.0,261.0
30249,3,249,38800,3,9.0,6,0.0,261.0
30250,3,250,39000,3,15.0,6,3.0,264.0
30251,3,251,39200,3,8.0,6,0.0,264.0
30252,3,252,39400,3,8.0,6,1.0,265.0
30253,3,253,39600,3,9.0,6,0.0,265.0
30254,3,254,39800,3,9.0,6,0.0,265.0
30255,3,255,40000,3,15.0,6,5.0,270.0
30256,3,256,40200,3,8.0,6,0.0,270.0
30257,3,257,40400,3,8.0,6,1.0,271.0
30258,3,258,40600,3,9.0,6,0.0,271.0
30259,3,259,40800,3,9.0,6,0.0,271.0
30260,3,260,41000,3,15.0,6,3.0,274.0
30261,3,261,41200,3,8.0,6,0.0,274.0
30262,3,262,41400,3,8.0,6,1.0,275.0
30263,3,263,41600,3,9.0,6,0.0,275.0
30264,3,264,41800,3,9.0,6,0.0,275.0
30265,3,265,42000,3,15.0,6,5.0,280.0
30266,3,266,42200,3,8.0,6,0.0,280.0
30267,3,267,42400,3,8.0,6,1.0,281.0
30268,3,268,42600,3,9.0,6,0.0,281.0
30269,3,269,42800,3,9.0,6,0.0,281.0
30270,3,270,43000,3,15.0,6,3.0,284.0
30271,3,271,43200,3,8.0,6,0.0,284.0
30272,3,272,43400,3,8.0,6,1.0,285.0
30273,3,273,43600,3,9.0,6,0.0,285.0
30274,3,274,43800,3,9.0,6,0.0,285.0
30275,3,275,44000,3,15.0,6,5.0,290.0
30276,3,276,44200,3,8.0,6,0.0,290.0
30277,3,277,44400,3,8.0,6,1.0,291.0
30278,3,278,44600,3,9.0,6,0.0,291.0
30279,3,279,44800,3,9.0,6,0.0,291.0
30280,3,280,45000,3,15.0,6,3.0,294.0
30281,3,281,45200,3,8.0,6,0.0,294.0
30282,3,282,45400,3,8.0,6,1.0,295.0
30283,3,283,45600,3,9.0,6,0.0,295.0
30284,3,284,45800,3,9.0,6,0.0,295.0
30285,3,285,46000,3,15.0,6,5.0,300.0
30286,3,286,46200,3,8.0,6,0.0,300.0
30287,3,287,46400,3,8.0,6,1.0,301.0
30288,3,288,46600,3,9.0,6,0.0,301.0
30289,3,289,46800,3,9.0,6,0.0,301.0
30290,3,290,47000,3,15.0,6,3.0,304.0
30291,3,291,47200,3,8.0,6,0.0,304.0
30292,3,292,47400,3,8.0,6,1.0,305.0
30293,3,293,47600,3,9.0,6,0.0,305.0
30294,3,294,47800,3,9.0,6,0.0,305.0
30295,3,295,48000,3,15.0,6,5.0,310.0
30296,3,296,48200,3,8.0,6,0.0,310.0
30297,3,297,48400,3,8.0,6,1.0,311.0
30298,3,298,48600,3,9.0,6,0.0,311.0
30299,3,299,48800,3,9.0,6,0.0,311.0
30300,3,300,49000,3,15.0,6,3.0,314.0
30301,3,301,49200,3,8.0,6,0.0,314.0
30302,3,302,49400,3,8.0,6,1.0,315.0
30303,3,303,49600,3,9.0,6,0.0,315.0
30304,3,304,49800,3,9.0,6,0.0,315.0
30305,3,305,50000,3,15.0,6,5.0,320.0
40001,4,1,1,404,1.0,8,20.0,20.0
40002,4,2,25,4,1.0,8,1.0,21.0
40003,4,3,50,404,2.0,8,0.0,21.0
40004,4,4,75,4,2.0,8,0.0,21.0
40005,4,5,100,404,4.0,8,2.0,23.0
40006,4,6,150,404,4.0,8,0.0,23.0
40007,4,7,200,404,2.0,8,1.0,24.0
40008,4,8,300,404,2.0,8,0.0,24.0
40009,4,9,400,4,2.0,8,0.0,24.0
40010,4,10,500,4,3.0,8,2.0,26.0
40011,4,11,600,4,2.0,8,0.0,26.0
40012,4,12,700,4,2.0,8,1.0,27.0
40013,4,13,800,4,2.0,8,0.0,27.0
40014,4,14,900,4,2.0,8,0.0,27.0
40015,4,15,1000,4,3.0,8,3.0,30.0
40016,4,16,1100,4,2.0,8,0.0,30.0
40017,4,17,1200,4,2.0,8,1.0,31.0
40018,4,18,1300,4,2.0,8,0.0,31.0
40019,4,19,1400,4,2.0,8,0.0,31.0
40020,4,20,1500,4,3.0,8,3.0,34.0
40021,4,21,1600,4,2.0,8,0.0,34.0
40022,4,22,1700,4,2.0,8,1.0,35.0
40023,4,23,1800,4,2.0,8,0.0,35.0
40024,4,24,1900,4,2.0,8,0.0,35.0
40025,4,25,2000,4,4.0,8,3.0,38.0
40026,4,26,2100,4,2.0,8,0.0,38.0
40027,4,27,2200,4,2.0,8,1.0,39.0
40028,4,28,2300,4,2.0,8,0.0,39.0
40029,4,29,2400,4,2.0,8,0.0,39.0
40030,4,30,2500,4,7.0,8,3.0,42.0
40031,4,31,2600,4,2.0,8,0.0,42.0
40032,4,32,2700,4,2.0,8,1.0,43.0
40033,4,33,2800,4,2.0,8,0.0,43.0
40034,4,34,2900,4,2.0,8,0.0,43.0
40035,4,35,3000,4,15.0,8,3.0,46.0
40036,4,36,3100,4,2.0,8,0.0,46.0
40037,4,37,3200,4,2.0,8,1.0,47.0
40038,4,38,3300,4,2.0,8,0.0,47.0
40039,4,39,3400,4,2.0,8,0.0,47.0
40040,4,40,3500,4,15.0,8,3.0,50.0
40041,4,41,3600,4,2.0,8,0.0,50.0
40042,4,42,3700,4,2.0,8,2.0,52.0
40043,4,43,3800,4,2.0,8,0.0,52.0
40044,4,44,3900,4,2.0,8,0.0,52.0
40045,4,45,4000,4,40.0,8,4.0,56.0
40046,4,46,4100,4,2.0,8,0.0,56.0
40047,4,47,4200,4,2.0,8,2.0,58.0
40048,4,48,4300,4,2.0,8,0.0,58.0
40049,4,49,4400,4,2.0,8,0.0,58.0
40050,4,50,4500,4,15.0,8,3.0,61.0
40051,4,51,4600,4,3.0,8,0.0,61.0
40052,4,52,4700,4,2.0,8,2.0,63.0
40053,4,53,4800,4,3.0,8,0.0,63.0
40054,4,54,4900,4,2.0,8,0.0,63.0
40055,4,55,5000,4,11.0,8,5.0,68.0
40056,4,56,5100,4,2.0,8,0.0,68.0
40057,4,57,5200,4,3.0,8,2.0,70.0
40058,4,58,5300,4,2.0,8,0.0,70.0
40059,4,59,5400,4,3.0,8,0.0,70.0
40060,4,60,5500,4,7.0,8,3.0,73.0
40061,4,61,5600,4,3.0,8,0.0,73.0
40062,4,62,5700,4,2.0,8,2.0,75.0
40063,4,63,5800,4,3.0,8,0.0,75.0
40064,4,64,5900,4,2.0,8,0.0,75.0
40065,4,65,6000,4,11.0,8,5.0,80.0
40066,4,66,6100,4,2.0,8,0.0,80.0
40067,4,67,6200,4,2.0,8,2.0,82.0
40068,4,68,6300,4,2.0,8,0.0,82.0
40069,4,69,6400,4,2.0,8,0.0,82.0
40070,4,70,6500,4,15.0,8,3.0,85.0
40071,4,71,6600,4,2.0,8,0.0,85.0
40072,4,72,6700,4,2.0,8,2.0,87.0
40073,4,73,6800,4,2.0,8,0.0,87.0
40074,4,74,6900,4,2.0,8,0.0,87.0
40075,4,75,7000,4,25.0,8,5.0,92.0
40076,4,76,7100,4,1.5,8,0.0,92.0
40077,4,77,7200,4,2.0,8,2.0,94.0
40078,4,78,7300,4,1.5,8,0.0,94.0
40079,4,79,7400,4,2.0,8,0.0,94.0
40080,4,80,7500,4,3.0,8,3.0,97.0
40081,4,81,7600,4,2.0,8,0.0,97.0
40082,4,82,7700,4,2.0,8,2.0,99.0
40083,4,83,7800,4,2.0,8,0.0,99.0
40084,4,84,7900,4,2.0,8,0.0,99.0
40085,4,85,8000,4,5.0,8,5.0,104.0
40086,4,86,8100,4,1.5,8,0.0,104.0
40087,4,87,8200,4,2.0,8,2.0,106.0
40088,4,88,8300,4,1.5,8,0.0,106.0
40089,4,89,8400,4,2.0,8,0.0,106.0
40090,4,90,8500,4,3.0,8,3.0,109.0
40091,4,91,8600,4,2.0,8,0.0,109.0
40092,4,92,8700,4,1.5,8,2.0,111.0
40093,4,93,8800,4,2.0,8,0.0,111.0
40094,4,94,8900,4,1.5,8,0.0,111.0
40095,4,95,9000,4,3.0,8,5.0,116.0
40096,4,96,9100,4,1.5,8,0.0,116.0
40097,4,97,9200,4,2.0,8,2.0,118.0
40098,4,98,9300,4,1.5,8,0.0,118.0
40099,4,99,9400,4,2.0,8,0.0,118.0
40100,4,100,9500,4,3.0,8,3.0,121.0
40101,4,101,9600,4,2.0,8,0.0,121.0
40102,4,102,9700,4,1.5,8,2.0,123.0
40103,4,103,9800,4,2.0,8,0.0,123.0
40104,4,104,9900,4,1.5,8,0.0,123.0
40105,4,105,10000,4,3.0,8,5.0,128.0
40106,4,106,10200,4,2.0,8,0.0,128.0
40107,4,107,10400,4,2.0,8,2.0,130.0
40108,4,108,10600,4,2.0,8,0.0,130.0
40109,4,109,10800,4,2.0,8,0.0,130.0
40110,4,110,11000,4,20.0,8,3.0,133.0
40111,4,111,11200,4,2.0,8,0.0,133.0
40112,4,112,11400,4,2.0,8,2.0,135.0
40113,4,113,11600,4,2.0,8,0.0,135.0
40114,4,114,11800,4,2.0,8,0.0,135.0
40115,4,115,12000,4,15.0,8,5.0,140.0
40116,4,116,12200,4,3.0,8,0.0,140.0
40117,4,117,12400,4,3.0,8,2.0,142.0
40118,4,118,12600,4,3.0,8,0.0,142.0
40119,4,119,12800,4,3.0,8,0.0,142.0
40120,4,120,13000,4,5.0,8,3.0,145.0
40121,4,121,13200,4,2.0,8,0.0,145.0
40122,4,122,13400,4,2.0,8,2.0,147.0
40123,4,123,13600,4,2.0,8,0.0,147.0
40124,4,124,13800,4,2.0,8,0.0,147.0
40125,4,125,14000,4,15.0,8,5.0,152.0
40126,4,126,14200,4,3.0,8,0.0,152.0
40127,4,127,14400,4,3.0,8,2.0,154.0
40128,4,128,14600,4,3.0,8,0.0,154.0
40129,4,129,14800,4,3.0,8,0.0,154.0
40130,4,130,15000,4,5.0,8,3.0,157.0
40131,4,131,15200,4,2.0,8,0.0,157.0
40132,4,132,15400,4,2.0,8,2.0,159.0
40133,4,133,15600,4,2.0,8,0.0,159.0
40134,4,134,15800,4,2.0,8,0.0,159.0
40135,4,135,16000,4,5.0,8,5.0,164.0
40136,4,136,16200,4,2.0,8,0.0,164.0
40137,4,137,16400,4,2.0,8,2.0,166.0
40138,4,138,16600,4,2.0,8,0.0,166.0
40139,4,139,16800,4,2.0,8,0.0,166.0
40140,4,140,17000,4,6.0,8,3.0,169.0
40141,4,141,17200,4,2.0,8,0.0,169.0
40142,4,142,17400,4,2.0,8,2.0,171.0
40143,4,143,17600,4,2.0,8,0.0,171.0
40144,4,144,17800,4,2.0,8,0.0,171.0
40145,4,145,18000,4,7.0,8,5.0,176.0
40146,4,146,18200,4,2.0,8,0.0,176.0
40147,4,147,18400,4,2.0,8,2.0,178.0
40148,4,148,18600,4,2.0,8,0.0,178.0
40149,4,149,18800,4,2.0,8,0.0,178.0
40150,4,150,19000,4,8.0,8,3.0,181.0
40151,4,151,19200,4,2.0,8,0.0,181.0
40152,4,152,19400,4,2.0,8,2.0,183.0
40153,4,153,19600,4,3.0,8,0.0,183.0
40154,4,154,19800,4,3.0,8,0.0,183.0
40155,4,155,20000,4,10.0,8,5.0,188.0
40156,4,156,20200,4,2.0,8,0.0,188.0
40157,4,157,20400,4,3.0,8,2.0,190.0
40158,4,158,20600,4,3.0,8,0.0,190.0
40159,4,159,20800,4,5.0,8,0.0,190.0
40160,4,160,21000,4,8.0,8,3.0,193.0
40161,4,161,21200,4,3.0,8,0.0,193.0
40162,4,162,21400,4,3.0,8,2.0,195.0
40163,4,163,21600,4,5.0,8,0.0,195.0
40164,4,164,21800,4,5.0,8,0.0,195.0
40165,4,165,22000,4,10.0,8,5.0,200.0
40166,4,166,22200,4,2.0,8,0.0,200.0
40167,4,167,22400,4,3.0,8,2.0,202.0
40168,4,168,22600,4,3.0,8,0.0,202.0
40169,4,169,22800,4,5.0,8,0.0,202.0
40170,4,170,23000,4,8.0,8,3.0,205.0
40171,4,171,23200,4,3.0,8,0.0,205.0
40172,4,172,23400,4,3.0,8,2.0,207.0
40173,4,173,23600,4,5.0,8,0.0,207.0
40174,4,174,23800,4,5.0,8,0.0,207.0
40175,4,175,24000,4,10.0,8,5.0,212.0
40176,4,176,24200,4,2.0,8,0.0,212.0
40177,4,177,24400,4,3.0,8,2.0,214.0
40178,4,178,24600,4,3.0,8,0.0,214.0
40179,4,179,24800,4,5.0,8,0.0,214.0
40180,4,180,25000,4,8.0,8,3.0,217.0
40181,4,181,25200,4,2.0,8,0.0,217.0
40182,4,182,25400,4,3.0,8,2.0,219.0
40183,4,183,25600,4,3.0,8,0.0,219.0
40184,4,184,25800,4,5.0,8,0.0,219.0
40185,4,185,26000,4,8.0,8,5.0,224.0
40186,4,186,26200,4,3.0,8,0.0,224.0
40187,4,187,26400,4,3.0,8,2.0,226.0
40188,4,188,26600,4,5.0,8,0.0,226.0
40189,4,189,26800,4,5.0,8,0.0,226.0
40190,4,190,27000,4,10.0,8,3.0,229.0
40191,4,191,27200,4,2.0,8,0.0,229.0
40192,4,192,27400,4,3.0,8,2.0,231.0
40193,4,193,27600,4,3.0,8,0.0,231.0
40194,4,194,27800,4,5.0,8,0.0,231.0
40195,4,195,28000,4,8.0,8,5.0,236.0
40196,4,196,28200,4,2.0,8,0.0,236.0
40197,4,197,28400,4,3.0,8,2.0,238.0
40198,4,198,28600,4,3.0,8,0.0,238.0
40199,4,199,28800,4,5.0,8,0.0,238.0
40200,4,200,29000,4,8.0,8,3.0,241.0
40201,4,201,29200,4,3.0,8,0.0,241.0
40202,4,202,29400,4,3.0,8,2.0,243.0
40203,4,203,29600,4,5.0,8,0.0,243.0
40204,4,204,29800,4,5.0,8,0.0,243.0
40205,4,205,30000,4,10.0,8,5.0,248.0
40206,4,206,30200,4,2.0,8,0.0,248.0
40207,4,207,30400,4,3.0,8,2.0,250.0
40208,4,208,30600,4,3.0,8,0.0,250.0
40209,4,209,30800,4,5.0,8,0.0,250.0
40210,4,210,31000,4,8.0,8,3.0,253.0
40211,4,211,31200,4,3.0,8,0.0,253.0
40212,4,212,31400,4,3.0,8,2.0,255.0
40213,4,213,31600,4,5.0,8,0.0,255.0
40214,4,214,31800,4,5.0,8,0.0,255.0
40215,4,215,32000,4,10.0,8,5.0,260.0
40216,4,216,32200,4,2.0,8,0.0,260.0
40217,4,217,32400,4,3.0,8,2.0,262.0
40218,4,218,32600,4,3.0,8,0.0,262.0
40219,4,219,32800,4,5.0,8,0.0,262.0
40220,4,220,33000,4,8.0,8,3.0,265.0
40221,4,221,33200,4,5.0,8,0.0,265.0
40222,4,222,33400,4,5.0,8,2.0,267.0
40223,4,223,33600,4,8.0,8,0.0,267.0
40224,4,224,33800,4,9.0,8,0.0,267.0
40225,4,225,34000,4,10.0,8,5.0,272.0
40226,4,226,34200,4,5.0,8,0.0,272.0
40227,4,227,34400,4,5.0,8,2.0,274.0
40228,4,228,34600,4,8.0,8,0.0,274.0
40229,4,229,34800,4,9.0,8,0.0,274.0
40230,4,230,35000,4,10.0,8,3.0,277.0
40231,4,231,35200,4,5.0,8,0.0,277.0
40232,4,232,35400,4,5.0,8,2.0,279.0
40233,4,233,35600,4,8.0,8,0.0,279.0
40234,4,234,35800,4,9.0,8,0.0,279.0
40235,4,235,36000,4,10.0,8,5.0,284.0
40236,4,236,36200,4,2.0,8,0.0,284.0
40237,4,237,36400,4,3.0,8,2.0,286.0
40238,4,238,36600,4,3.0,8,0.0,286.0
40239,4,239,36800,4,5.0,8,0.0,286.0
40240,4,240,37000,4,8.0,8,3.0,289.0
40241,4,241,37200,4,5.0,8,0.0,289.0
40242,4,242,37400,4,5.0,8,2.0,291.0
40243,4,243,37600,4,8.0,8,0.0,291.0
40244,4,244,37800,4,9.0,8,0.0,291.0
40245,4,245,38000,4,10.0,8,5.0,296.0
40246,4,246,38200,4,5.0,8,0.0,296.0
40247,4,247,38400,4,5.0,8,2.0,298.0
40248,4,248,38600,4,8.0,8,0.0,298.0
40249,4,249,38800,4,9.0,8,0.0,298.0
40250,4,250,39000,4,10.0,8,3.0,301.0
40251,4,251,39200,4,5.0,8,0.0,301.0
40252,4,252,39400,4,5.0,8,2.0,303.0
40253,4,253,39600,4,8.0,8,0.0,303.0
40254,4,254,39800,4,9.0,8,0.0,303.0
40255,4,255,40000,4,10.0,8,5.0,308.0
40256,4,256,40200,4,5.0,8,0.0,308.0
40257,4,257,40400,4,5.0,8,2.0,310.0
40258,4,258,40600,4,8.0,8,0.0,310.0
40259,4,259,40800,4,9.0,8,0.0,310.0
40260,4,260,41000,4,10.0,8,3.0,313.0
40261,4,261,41200,4,5.0,8,0.0,313.0
40262,4,262,41400,4,5.0,8,2.0,315.0
40263,4,263,41600,4,8.0,8,0.0,315.0
40264,4,264,41800,4,9.0,8,0.0,315.0
40265,4,265,42000,4,10.0,8,5.0,320.0
50001,5,1,1,405,1.0,2,20.0,20.0
50002,5,2,25,5,1.0,2,1.0,21.0
50003,5,3,50,405,2.0,2,0.0,21.0
50004,5,4,75,5,2.0,2,0.0,21.0
50005,5,5,100,405,4.0,2,2.0,23.0
50006,5,6,150,405,4.0,2,0.0,23.0
50007,5,7,200,405,2.0,2,2.0,25.0
50008,5,8,300,405,2.0,2,0.0,25.0
50009,5,9,400,405,2.0,2,0.0,25.0
50010,5,10,500,5,3.0,2,3.0,28.0
50011,5,11,600,5,2.0,2,0.0,28.0
50012,5,12,700,5,2.0,2,2.0,30.0
50013,5,13,800,5,2.0,2,0.0,30.0
50014,5,14,900,5,2.0,2,0.0,30.0
50015,5,15,1000,5,3.0,2,4.0,34.0
50016,5,16,1100,5,2.0,2,0.0,34.0
50017,5,17,1200,5,2.0,2,2.0,36.0
50018,5,18,1300,5,2.0,2,0.0,36.0
50019,5,19,1400,5,2.0,2,0.0,36.0
50020,5,20,1500,5,3.0,2,3.0,39.0
50021,5,21,1600,5,2.0,2,0.0,39.0
50022,5,22,1700,5,2.0,2,2.0,41.0
50023,5,23,1800,5,2.0,2,0.0,41.0
50024,5,24,1900,5,2.0,2,0.0,41.0
50025,5,25,2000,5,3.0,2,4.0,45.0
50026,5,26,2100,5,2.0,2,0.0,45.0
50027,5,27,2200,5,2.0,2,2.0,47.0
50028,5,28,2300,5,2.0,2,0.0,47.0
50029,5,29,2400,5,2.0,2,0.0,47.0
50030,5,30,2500,5,8.0,2,3.0,50.0
50031,5,31,2600,5,2.0,2,0.0,50.0
50032,5,32,2700,5,2.0,2,2.0,52.0
50033,5,33,2800,5,2.0,2,0.0,52.0
50034,5,34,2900,5,2.0,2,0.0,52.0
50035,5,35,3000,5,15.0,2,4.0,56.0
50036,5,36,3100,5,2.0,2,0.0,56.0
50037,5,37,3200,5,2.0,2,2.0,58.0
50038,5,38,3300,5,2.0,2,0.0,58.0
50039,5,39,3400,5,2.0,2,0.0,58.0
50040,5,40,3500,5,15.0,2,3.0,61.0
50041,5,41,3600,5,2.0,2,0.0,61.0
50042,5,42,3700,5,2.0,2,2.0,63.0
50043,5,43,3800,5,2.0,2,0.0,63.0
50044,5,44,3900,5,2.0,2,0.0,63.0
50045,5,45,4000,5,15.0,2,4.0,67.0
50046,5,46,4100,5,2.0,2,0.0,67.0
50047,5,47,4200,5,2.0,2,2.0,69.0
50048,5,48,4300,5,2.0,2,0.0,69.0
50049,5,49,4400,5,2.0,2,0.0,69.0
50050,5,50,4500,5,15.0,2,3.0,72.0
50051,5,51,4600,5,2.0,2,0.0,72.0
50052,5,52,4700,5,1.5,2,2.0,74.0
50053,5,53,4800,5,2.0,2,0.0,74.0
50054,5,54,4900,5,1.5,2,0.0,74.0
50055,5,55,5000,5,3.0,2,4.0,78.0
50056,5,56,5100,5,1.5,2,0.0,78.0
50057,5,57,5200,5,2.0,2,2.0,80.0
50058,5,58,5300,5,1.5,2,0.0,80.0
50059,5,59,5400,5,2.0,2,0.0,80.0
50060,5,60,5500,5,3.0,2,3.0,83.0
50061,5,61,5600,5,2.0,2,0.0,83.0
50062,5,62,5700,5,1.5,2,2.0,85.0
50063,5,63,5800,5,2.0,2,0.0,85.0
50064,5,64,5900,5,1.5,2,0.0,85.0
50065,5,65,6000,5,3.0,2,4.0,89.0
50066,5,66,6100,5,1.5,2,0.0,89.0
50067,5,67,6200,5,2.0,2,2.0,91.0
50068,5,68,6300,5,1.5,2,0.0,91.0
50069,5,69,6400,5,2.0,2,0.0,91.0
50070,5,70,6500,5,3.0,2,3.0,94.0
50071,5,71,6600,5,2.0,2,0.0,94.0
50072,5,72,6700,5,1.5,2,2.0,96.0
50073,5,73,6800,5,2.0,2,0.0,96.0
50074,5,74,6900,5,1.5,2,0.0,96.0
50075,5,75,7000,5,3.0,2,4.0,100.0
50076,5,76,7100,5,1.5,2,0.0,100.0
50077,5,77,7200,5,2.0,2,2.0,102.0
50078,5,78,7300,5,1.5,2,0.0,102.0
50079,5,79,7400,5,2.0,2,0.0,102.0
50080,5,80,7500,5,3.0,2,3.0,105.0
50081,5,81,7600,5,1.5,2,0.0,105.0
50082,5,82,7700,5,1.5,2,2.0,107.0
50083,5,83,7800,5,1.5,2,0.0,107.0
50084,5,84,7900,5,1.5,2,0.0,107.0
50085,5,85,8000,5,3.0,2,4.0,111.0
50086,5,86,8100,5,1.5,2,0.0,111.0
50087,5,87,8200,5,2.0,2,2.0,113.0
50088,5,88,8300,5,1.5,2,0.0,113.0
50089,5,89,8400,5,2.0,2,0.0,113.0
50090,5,90,8500,5,3.0,2,3.0,116.0
50091,5,91,8600,5,2.0,2,0.0,116.0
50092,5,92,8700,5,1.5,2,2.0,118.0
50093,5,93,8800,5,2.0,2,0.0,118.0
50094,5,94,8900,5,1.5,2,0.0,118.0
50095,5,95,9000,5,3.0,2,4.0,122.0
50096,5,96,9100,5,1.5,2,0.0,122.0
50097,5,97,9200,5,2.0,2,2.0,124.0
50098,5,98,9300,5,1.5,2,0.0,124.0
50099,5,99,9400,5,2.0,2,0.0,124.0
50100,5,100,9500,5,3.0,2,3.0,127.0
50101,5,101,9600,5,1.5,2,0.0,127.0
50102,5,102,9700,5,1.5,2,2.0,129.0
50103,5,103,9800,5,1.5,2,0.0,129.0
50104,5,104,9900,5,1.5,2,0.0,129.0
50105,5,105,10000,5,3.0,2,4.0,133.0
50106,5,106,10200,5,2.0,2,0.0,133.0
50107,5,107,10400,5,2.0,2,2.0,135.0
50108,5,108,10600,5,2.0,2,0.0,135.0
50109,5,109,10800,5,2.0,2,0.0,135.0
50110,5,110,11000,5,3.0,2,3.0,138.0
50111,5,111,11200,5,2.0,2,0.0,138.0
50112,5,112,11400,5,2.0,2,2.0,140.0
50113,5,113,11600,5,2.0,2,0.0,140.0
50114,5,114,11800,5,2.0,2,0.0,140.0
50115,5,115,12000,5,8.0,2,4.0,144.0
50116,5,116,12200,5,2.0,2,0.0,144.0
50117,5,117,12400,5,2.0,2,2.0,146.0
50118,5,118,12600,5,2.0,2,0.0,146.0
50119,5,119,12800,5,2.0,2,0.0,146.0
50120,5,120,13000,5,5.0,2,3.0,149.0
50121,5,121,13200,5,2.0,2,0.0,149.0
50122,5,122,13400,5,2.0,2,2.0,151.0
50123,5,123,13600,5,2.0,2,0.0,151.0
50124,5,124,13800,5,2.0,2,0.0,151.0
50125,5,125,14000,5,8.0,2,4.0,155.0
50126,5,126,14200,5,2.0,2,0.0,155.0
50127,5,127,14400,5,2.0,2,2.0,157.0
50128,5,128,14600,5,2.0,2,0.0,157.0
50129,5,129,14800,5,2.0,2,0.0,157.0
50130,5,130,15000,5,5.0,2,3.0,160.0
50131,5,131,15200,5,2.0,2,0.0,160.0
50132,5,132,15400,5,2.0,2,2.0,162.0
50133,5,133,15600,5,2.0,2,0.0,162.0
50134,5,134,15800,5,2.0,2,0.0,162.0
50135,5,135,16000,5,9.0,2,4.0,166.0
50136,5,136,16200,5,2.0,2,0.0,166.0
50137,5,137,16400,5,2.0,2,2.0,168.0
50138,5,138,16600,5,2.0,2,0.0,168.0
50139,5,139,16800,5,2.0,2,0.0,168.0
50140,5,140,17000,5,6.0,2,3.0,171.0
50141,5,141,17200,5,2.0,2,0.0,171.0
50142,5,142,17400,5,2.0,2,2.0,173.0
50143,5,143,17600,5,2.0,2,0.0,173.0
50144,5,144,17800,5,2.0,2,0.0,173.0
50145,5,145,18000,5,8.0,2,4.0,177.0
50146,5,146,18200,5,2.0,2,0.0,177.0
50147,5,147,18400,5,2.0,2,2.0,179.0
50148,5,148,18600,5,2.0,2,0.0,179.0
50149,5,149,18800,5,2.0,2,0.0,179.0
50150,5,150,19000,5,6.0,2,3.0,182.0
50151,5,151,19200,5,2.0,2,0.0,182.0
50152,5,152,19400,5,2.0,2,2.0,184.0
50153,5,153,19600,5,2.0,2,0.0,184.0
50154,5,154,19800,5,2.0,2,0.0,184.0
50155,5,155,20000,5,8.0,2,4.0,188.0
50156,5,156,20200,5,2.0,2,0.0,188.0
50157,5,157,20400,5,2.0,2,2.0,190.0
50158,5,158,20600,5,2.0,2,0.0,190.0
50159,5,159,20800,5,2.0,2,0.0,190.0
50160,5,160,21000,5,10.0,2,3.0,193.0
50161,5,161,21200,5,2.0,2,0.0,193.0
50162,5,162,21400,5,3.0,2,2.0,195.0
50163,5,163,21600,5,3.0,2,0.0,195.0
50164,5,164,21800,5,5.0,2,0.0,195.0
50165,5,165,22000,5,8.0,2,4.0,199.0
50166,5,166,22200,5,2.0,2,0.0,199.0
50167,5,167,22400,5,3.0,2,2.0,201.0
50168,5,168,22600,5,3.0,2,0.0,201.0
50169,5,169,22800,5,5.0,2,0.0,201.0
50170,5,170,23000,5,9.0,2,3.0,204.0
50171,5,171,23200,5,2.0,2,0.0,204.0
50172,5,172,23400,5,3.0,2,2.0,206.0
50173,5,173,23600,5,3.0,2,0.0,206.0
50174,5,174,23800,5,4.0,2,0.0,206.0
50175,5,175,24000,5,10.0,2,4.0,210.0
50176,5,176,24200,5,2.0,2,0.0,210.0
50177,5,177,24400,5,3.0,2,2.0,212.0
50178,5,178,24600,5,3.0,2,0.0,212.0
50179,5,179,24800,5,4.0,2,0.0,212.0
50180,5,180,25000,5,10.0,2,3.0,215.0
50181,5,181,25200,5,2.0,2,0.0,215.0
50182,5,182,25400,5,3.0,2,2.0,217.0
50183,5,183,25600,5,3.0,2,0.0,217.0
50184,5,184,25800,5,5.0,2,0.0,217.0
50185,5,185,26000,5,9.0,2,4.0,221.0
50186,5,186,26200,5,2.0,2,0.0,221.0
50187,5,187,26400,5,3.0,2,2.0,223.0
50188,5,188,26600,5,3.0,2,0.0,223.0
50189,5,189,26800,5,4.0,2,0.0,223.0
50190,5,190,27000,5,10.0,2,3.0,226.0
50191,5,191,27200,5,2.0,2,0.0,226.0
50192,5,192,27400,5,3.0,2,2.0,228.0
50193,5,193,27600,5,3.0,2,0.0,228.0
50194,5,194,27800,5,4.0,2,0.0,228.0
50195,5,195,28000,5,10.0,2,4.0,232.0
50196,5,196,28200,5,2.0,2,0.0,232.0
50197,5,197,28400,5,3.0,2,2.0,234.0
50198,5,198,28600,5,3.0,2,0.0,234.0
50199,5,199,28800,5,5.0,2,0.0,234.0
50200,5,200,29000,5,9.0,2,3.0,237.0
50201,5,201,29200,5,2.0,2,0.0,237.0
50202,5,202,29400,5,3.0,2,2.0,239.0
50203,5,203,29600,5,3.0,2,0.0,239.0
50204,5,204,29800,5,4.0,2,0.0,239.0
50205,5,205,30000,5,10.0,2,4.0,243.0
50206,5,206,30200,5,2.0,2,0.0,243.0
50207,5,207,30400,5,3.0,2,2.0,245.0
50208,5,208,30600,5,3.0,2,0.0,245.0
50209,5,209,30800,5,5.0,2,0.0,245.0
50210,5,210,31000,5,10.0,2,3.0,248.0
50211,5,211,31200,5,2.0,2,0.0,248.0
50212,5,212,31400,5,3.0,2,2.0,250.0
50213,5,213,31600,5,3.0,2,0.0,250.0
50214,5,214,31800,5,5.0,2,0.0,250.0
50215,5,215,32000,5,10.0,2,4.0,254.0
50216,5,216,32200,5,2.0,2,0.0,254.0
50217,5,217,32400,5,3.0,2,2.0,256.0
50218,5,218,32600,5,3.0,2,0.0,256.0
50219,5,219,32800,5,5.0,2,0.0,256.0
50220,5,220,33000,5,10.0,2,3.0,259.0
50221,5,221,33200,5,2.0,2,0.0,259.0
50222,5,222,33400,5,3.0,2,2.0,261.0
50223,5,223,33600,5,3.0,2,0.0,261.0
50224,5,224,33800,5,5.0,2,0.0,261.0
50225,5,225,34000,5,10.0,2,4.0,265.0
50226,5,226,34200,5,2.0,2,0.0,265.0
50227,5,227,34400,5,3.0,2,2.0,267.0
50228,5,228,34600,5,3.0,2,0.0,267.0
50229,5,229,34800,5,5.0,2,0.0,267.0
50230,5,230,35000,5,10.0,2,3.0,270.0
50231,5,231,35200,5,2.0,2,0.0,270.0
50232,5,232,35400,5,3.0,2,2.0,272.0
50233,5,233,35600,5,3.0,2,0.0,272.0
50234,5,234,35800,5,5.0,2,0.0,272.0
50235,5,235,36000,5,10.0,2,4.0,276.0
50236,5,236,36200,5,2.0,2,0.0,276.0
50237,5,237,36400,5,3.0,2,2.0,278.0
50238,5,238,36600,5,3.0,2,0.0,278.0
50239,5,239,36800,5,5.0,2,0.0,278.0
50240,5,240,37000,5,10.0,2,3.0,281.0
50241,5,241,37200,5,2.0,2,0.0,281.0
50242,5,242,37400,5,3.0,2,2.0,283.0
50243,5,243,37600,5,3.0,2,0.0,283.0
50244,5,244,37800,5,5.0,2,0.0,283.0
50245,5,245,38000,5,10.0,2,4.0,287.0
50246,5,246,38200,5,5.0,2,0.0,287.0
50247,5,247,38400,5,5.0,2,2.0,289.0
50248,5,248,38600,5,8.0,2,0.0,289.0
50249,5,249,38800,5,8.0,2,0.0,289.0
50250,5,250,39000,5,10.0,2,3.0,292.0
50251,5,251,39200,5,5.0,2,0.0,292.0
50252,5,252,39400,5,5.0,2,2.0,294.0
50253,5,253,39600,5,8.0,2,0.0,294.0
50254,5,254,39800,5,8.0,2,0.0,294.0
50255,5,255,40000,5,10.0,2,4.0,298.0
50256,5,256,41200,5,2.0,2,0.0,298.0
50257,5,257,41400,5,3.0,2,2.0,300.0
50258,5,258,41600,5,3.0,2,0.0,300.0
50259,5,259,41800,5,5.0,2,0.0,300.0
50260,5,260,42000,5,10.0,2,3.0,303.0
50261,5,261,42200,5,5.0,2,0.0,303.0
50262,5,262,42400,5,5.0,2,2.0,305.0
50263,5,263,42600,5,8.0,2,0.0,305.0
50264,5,264,42800,5,8.0,2,0.0,305.0
50265,5,265,43000,5,10.0,2,4.0,309.0
50266,5,266,43200,5,5.0,2,0.0,309.0
50267,5,267,43400,5,5.0,2,2.0,311.0
50268,5,268,43600,5,8.0,2,0.0,311.0
50269,5,269,43800,5,8.0,2,0.0,311.0
50270,5,270,44000,5,10.0,2,3.0,314.0
50271,5,271,44200,5,2.0,2,0.0,314.0
50272,5,272,44400,5,3.0,2,2.0,316.0
50273,5,273,44600,5,3.0,2,0.0,316.0
50274,5,274,44800,5,5.0,2,0.0,316.0
50275,5,275,45000,5,10.0,2,4.0,320.0
60001,6,1,1,406,1.0,1,20.0,20.0
60002,6,2,25,6,1.0,1,1.0,21.0
60003,6,3,50,406,2.0,1,0.0,21.0
60004,6,4,75,6,2.0,1,0.0,21.0
60005,6,5,100,406,4.0,1,2.0,23.0
60006,6,6,150,406,4.0,1,0.0,23.0
60007,6,7,200,406,2.0,1,1.0,24.0
60008,6,8,300,406,2.0,1,0.0,24.0
60009,6,9,400,406,2.0,1,0.0,24.0
60010,6,10,500,406,3.0,1,3.0,27.0
60011,6,11,600,6,2.0,1,0.0,27.0
60012,6,12,700,6,2.0,1,1.0,28.0
60013,6,13,800,6,2.0,1,0.0,28.0
60014,6,14,900,6,2.0,1,0.0,28.0
60015,6,15,1000,6,3.0,1,5.0,33.0
60016,6,16,1100,6,2.0,1,0.0,33.0
60017,6,17,1200,6,2.0,1,1.0,34.0
60018,6,18,1300,6,2.0,1,0.0,34.0
60019,6,19,1400,6,2.0,1,0.0,34.0
60020,6,20,1500,6,3.0,1,2.0,36.0
60021,6,21,1600,6,2.0,1,0.0,36.0
60022,6,22,1700,6,2.0,1,1.0,37.0
60023,6,23,1800,6,2.0,1,0.0,37.0
60024,6,24,1900,6,2.0,1,0.0,37.0
60025,6,25,2000,6,3.0,1,5.0,42.0
60026,6,26,2100,6,2.0,1,0.0,42.0
60027,6,27,2200,6,2.0,1,1.0,43.0
60028,6,28,2300,6,2.0,1,0.0,43.0
60029,6,29,2400,6,2.0,1,0.0,43.0
60030,6,30,2500,6,9.0,1,2.0,45.0
60031,6,31,2600,6,2.0,1,0.0,45.0
60032,6,32,2700,6,2.0,1,1.0,46.0
60033,6,33,2800,6,2.0,1,0.0,46.0
60034,6,34,2900,6,2.0,1,0.0,46.0
60035,6,35,3000,6,15.0,1,5.0,51.0
60036,6,36,3100,6,1.5,1,0.0,51.0
60037,6,37,3200,6,2.0,1,1.0,52.0
60038,6,38,3300,6,1.5,1,0.0,52.0
60039,6,39,3400,6,2.0,1,0.0,52.0
60040,6,40,3500,6,3.0,1,2.0,54.0
60041,6,41,3600,6,1.5,1,0.0,54.0
60042,6,42,3700,6,1.5,1,1.0,55.0
60043,6,43,3800,6,1.5,1,0.0,55.0
60044,6,44,3900,6,1.5,1,0.0,55.0
60045,6,45,4000,6,3.0,1,5.0,60.0
60046,6,46,4100,6,1.5,1,0.0,60.0
60047,6,47,4200,6,1.5,1,1.0,61.0
60048,6,48,4300,6,1.5,1,0.0,61.0
60049,6,49,4400,6,1.5,1,0.0,61.0
60050,6,50,4500,6,3.0,1,2.0,63.0
60051,6,51,4600,6,1.5,1,0.0,63.0
60052,6,52,4700,6,1.5,1,1.0,64.0
60053,6,53,4800,6,1.5,1,0.0,64.0
60054,6,54,4900,6,1.5,1,0.0,64.0
60055,6,55,5000,6,3.0,1,5.0,69.0
60056,6,56,5100,6,1.5,1,0.0,69.0
60057,6,57,5200,6,2.0,1,1.0,70.0
60058,6,58,5300,6,1.5,1,0.0,70.0
60059,6,59,5400,6,2.0,1,0.0,70.0
60060,6,60,5500,6,3.0,1,2.0,72.0
60061,6,61,5600,6,1.5,1,0.0,72.0
60062,6,62,5700,6,1.5,1,1.0,73.0
60063,6,63,5800,6,2.0,1,0.0,73.0
60064,6,64,5900,6,1.5,1,0.0,73.0
60065,6,65,6000,6,3.0,1,5.0,78.0
60066,6,66,6100,6,1.5,1,0.0,78.0
60067,6,67,6200,6,1.5,1,1.0,79.0
60068,6,68,6300,6,1.5,1,0.0,79.0
60069,6,69,6400,6,1.5,1,0.0,79.0
60070,6,70,6500,6,3.0,1,2.0,81.0
60071,6,71,6600,6,2.0,1,0.0,81.0
60072,6,72,6700,6,1.5,1,1.0,82.0
60073,6,73,6800,6,2.0,1,0.0,82.0
60074,6,74,6900,6,1.5,1,0.0,82.0
60075,6,75,7000,6,3.0,1,5.0,87.0
60076,6,76,7100,6,2.0,1,0.0,87.0
60077,6,77,7200,6,2.0,1,1.0,88.0
60078,6,78,7300,6,2.0,1,0.0,88.0
60079,6,79,7400,6,2.0,1,0.0,88.0
60080,6,80,7500,6,5.0,1,2.0,90.0
60081,6,81,7600,6,1.5,1,0.0,90.0
60082,6,82,7700,6,1.5,1,1.0,91.0
60083,6,83,7800,6,2.0,1,0.0,91.0
60084,6,84,7900,6,1.5,1,0.0,91.0
60085,6,85,8000,6,3.0,1,5.0,96.0
60086,6,86,8100,6,2.0,1,0.0,96.0
60087,6,87,8200,6,2.0,1,1.0,97.0
60088,6,88,8300,6,2.0,1,0.0,97.0
60089,6,89,8400,6,2.0,1,0.0,97.0
60090,6,90,8500,6,5.0,1,2.0,99.0
60091,6,91,8600,6,2.0,1,0.0,99.0
60092,6,92,8700,6,1.5,1,1.0,100.0
60093,6,93,8800,6,2.0,1,0.0,100.0
60094,6,94,8900,6,1.5,1,0.0,100.0
60095,6,95,9000,6,3.0,1,5.0,105.0
60096,6,96,9100,6,1.5,1,0.0,105.0
60097,6,97,9200,6,2.0,1,1.0,106.0
60098,6,98,9300,6,1.5,1,0.0,106.0
60099,6,99,9400,6,2.0,1,0.0,106.0
60100,6,100,9500,6,3.0,1,2.0,108.0
60101,6,101,9600,6,1.5,1,0.0,108.0
60102,6,102,9700,6,1.5,1,1.0,109.0
60103,6,103,9800,6,2.0,1,0.0,109.0
60104,6,104,9900,6,1.5,1,0.0,109.0
60105,6,105,10000,6,3.0,1,6.0,115.0
60106,6,106,10200,6,2.0,1,0.0,115.0
60107,6,107,10400,6,2.0,1,1.0,116.0
60108,6,108,10600,6,2.0,1,0.0,116.0
60109,6,109,10800,6,2.0,1,0.0,116.0
60110,6,110,11000,6,5.0,1,2.0,118.0
60111,6,111,11200,6,3.0,1,0.0,118.0
60112,6,112,11400,6,2.0,1,1.0,119.0
60113,6,113,11600,6,3.0,1,0.0,119.0
60114,6,114,11800,6,2.0,1,0.0,119.0
60115,6,115,12000,6,5.0,1,5.0,124.0
60116,6,116,12200,6,2.0,1,0.0,124.0
60117,6,117,12400,6,2.0,1,1.0,125.0
60118,6,118,12600,6,2.0,1,0.0,125.0
60119,6,119,12800,6,2.0,1,0.0,125.0
60120,6,120,13000,6,5.0,1,2.0,127.0
60121,6,121,13200,6,3.0,1,0.0,127.0
60122,6,122,13400,6,2.0,1,1.0,128.0
60123,6,123,13600,6,3.0,1,0.0,128.0
60124,6,124,13800,6,2.0,1,0.0,128.0
60125,6,125,14000,6,5.0,1,5.0,133.0
60126,6,126,14200,6,2.0,1,0.0,133.0
60127,6,127,14400,6,2.0,1,1.0,134.0
60128,6,128,14600,6,2.0,1,0.0,134.0
60129,6,129,14800,6,2.0,1,0.0,134.0
60130,6,130,15000,6,5.0,1,2.0,136.0
60131,6,131,15200,6,3.0,1,0.0,136.0
60132,6,132,15400,6,2.0,1,1.0,137.0
60133,6,133,15600,6,3.0,1,0.0,137.0
60134,6,134,15800,6,2.0,1,0.0,137.0
60135,6,135,16000,6,5.0,1,5.0,142.0
60136,6,136,16200,6,2.0,1,0.0,142.0
60137,6,137,16400,6,2.0,1,1.0,143.0
60138,6,138,16600,6,2.0,1,0.0,143.0
60139,6,139,16800,6,2.0,1,0.0,143.0
60140,6,140,17000,6,6.0,1,2.0,145.0
60141,6,141,17200,6,2.0,1,0.0,145.0
60142,6,142,17400,6,2.0,1,1.0,146.0
60143,6,143,17600,6,2.0,1,0.0,146.0
60144,6,144,17800,6,2.0,1,0.0,146.0
60145,6,145,18000,6,8.0,1,5.0,151.0
60146,6,146,18200,6,2.0,1,0.0,151.0
60147,6,147,18400,6,2.0,1,1.0,152.0
60148,6,148,18600,6,2.0,1,0.0,152.0
60149,6,149,18800,6,2.0,1,0.0,152.0
60150,6,150,19000,6,8.0,1,2.0,154.0
60151,6,151,19200,6,2.0,1,0.0,154.0
60152,6,152,19400,6,2.0,1,1.0,155.0
60153,6,153,19600,6,2.0,1,0.0,155.0
60154,6,154,19800,6,2.0,1,0.0,155.0
60155,6,155,20000,6,5.0,1,6.0,161.0
60156,6,156,20200,6,2.0,1,0.0,161.0
60157,6,157,20400,6,2.0,1,1.0,162.0
60158,6,158,20600,6,2.0,1,0.0,162.0
60159,6,159,20800,6,2.0,1,0.0,162.0
60160,6,160,21000,6,6.0,1,2.0,164.0
60161,6,161,21200,6,2.0,1,0.0,164.0
60162,6,162,21400,6,2.0,1,1.0,165.0
60163,6,163,21600,6,2.0,1,0.0,165.0
60164,6,164,21800,6,2.0,1,0.0,165.0
60165,6,165,22000,6,7.0,1,5.0,170.0
60166,6,166,22200,6,2.0,1,0.0,170.0
60167,6,167,22400,6,2.0,1,1.0,171.0
60168,6,168,22600,6,2.0,1,0.0,171.0
60169,6,169,22800,6,2.0,1,0.0,171.0
60170,6,170,23000,6,8.0,1,2.0,173.0
60171,6,171,23200,6,2.0,1,0.0,173.0
60172,6,172,23400,6,2.0,1,1.0,174.0
60173,6,173,23600,6,2.0,1,0.0,174.0
60174,6,174,23800,6,2.0,1,0.0,174.0
60175,6,175,24000,6,8.0,1,5.0,179.0
60176,6,176,24200,6,2.0,1,0.0,179.0
60177,6,177,24400,6,2.0,1,1.0,180.0
60178,6,178,24600,6,2.0,1,0.0,180.0
60179,6,179,24800,6,2.0,1,0.0,180.0
60180,6,180,25000,6,8.0,1,2.0,182.0
60181,6,181,25200,6,2.0,1,0.0,182.0
60182,6,182,25400,6,2.0,1,1.0,183.0
60183,6,183,25600,6,3.0,1,0.0,183.0
60184,6,184,25800,6,2.0,1,0.0,183.0
60185,6,185,26000,6,8.0,1,5.0,188.0
60186,6,186,26200,6,2.0,1,0.0,188.0
60187,6,187,26400,6,2.0,1,1.0,189.0
60188,6,188,26600,6,5.0,1,0.0,189.0
60189,6,189,26800,6,2.0,1,0.0,189.0
60190,6,190,27000,6,8.0,1,2.0,191.0
60191,6,191,27200,6,2.0,1,0.0,191.0
60192,6,192,27400,6,2.0,1,1.0,192.0
60193,6,193,27600,6,6.0,1,0.0,192.0
60194,6,194,27800,6,2.0,1,0.0,192.0
60195,6,195,28000,6,8.0,1,5.0,197.0
60196,6,196,28200,6,2.0,1,0.0,197.0
60197,6,197,28400,6,2.0,1,1.0,198.0
60198,6,198,28600,6,5.0,1,0.0,198.0
60199,6,199,28800,6,2.0,1,0.0,198.0
60200,6,200,29000,6,8.0,1,2.0,200.0
60201,6,201,29200,6,2.0,1,0.0,200.0
60202,6,202,29400,6,2.0,1,1.0,201.0
60203,6,203,29600,6,6.0,1,0.0,201.0
60204,6,204,29800,6,2.0,1,0.0,201.0
60205,6,205,30000,6,8.0,1,6.0,207.0
60206,6,206,30200,6,2.0,1,0.0,207.0
60207,6,207,30400,6,2.0,1,1.0,208.0
60208,6,208,30600,6,3.0,1,0.0,208.0
60209,6,209,30800,6,2.0,1,0.0,208.0
60210,6,210,31000,6,8.0,1,2.0,210.0
60211,6,211,31200,6,2.0,1,0.0,210.0
60212,6,212,31400,6,2.0,1,1.0,211.0
60213,6,213,31600,6,5.0,1,0.0,211.0
60214,6,214,31800,6,2.0,1,0.0,211.0
60215,6,215,32000,6,8.0,1,5.0,216.0
60216,6,216,32200,6,2.0,1,0.0,216.0
60217,6,217,32400,6,2.0,1,1.0,217.0
60218,6,218,32600,6,6.0,1,0.0,217.0
60219,6,219,32800,6,2.0,1,0.0,217.0
60220,6,220,33000,6,8.0,1,2.0,219.0
60221,6,221,33200,6,2.0,1,0.0,219.0
60222,6,222,33400,6,2.0,1,1.0,220.0
60223,6,223,33600,6,5.0,1,0.0,220.0
60224,6,224,33800,6,2.0,1,0.0,220.0
60225,6,225,34000,6,8.0,1,5.0,225.0
60226,6,226,34200,6,2.0,1,0.0,225.0
60227,6,227,34400,6,2.0,1,1.0,226.0
60228,6,228,34600,6,6.0,1,0.0,226.0
60229,6,229,34800,6,2.0,1,0.0,226.0
60230,6,230,35000,6,8.0,1,2.0,228.0
60231,6,231,35200,6,2.0,1,0.0,228.0
60232,6,232,35400,6,2.0,1,1.0,229.0
60233,6,233,35600,6,5.0,1,0.0,229.0
60234,6,234,35800,6,2.0,1,0.0,229.0
60235,6,235,36000,6,8.0,1,5.0,234.0
60236,6,236,36200,6,2.0,1,0.0,234.0
60237,6,237,36400,6,2.0,1,1.0,235.0
60238,6,238,36600,6,6.0,1,0.0,235.0
60239,6,239,36800,6,2.0,1,0.0,235.0
60240,6,240,37000,6,8.0,1,2.0,237.0
60241,6,241,37200,6,2.0,1,0.0,237.0
60242,6,242,37400,6,2.0,1,1.0,238.0
60243,6,243,37600,6,5.0,1,0.0,238.0
60244,6,244,37800,6,2.0,1,0.0,238.0
60245,6,245,38000,6,8.0,1,5.0,243.0
60246,6,246,38200,6,2.0,1,0.0,243.0
60247,6,247,38400,6,2.0,1,1.0,244.0
60248,6,248,38600,6,6.0,1,0.0,244.0
60249,6,249,38800,6,2.0,1,0.0,244.0
60250,6,250,39000,6,8.0,1,2.0,246.0
60251,6,251,39200,6,2.0,1,0.0,246.0
60252,6,252,39400,6,2.0,1,1.0,247.0
60253,6,253,39600,6,5.0,1,0.0,247.0
60254,6,254,39800,6,2.0,1,0.0,247.0
60255,6,255,40000,6,8.0,1,6.0,253.0
60256,6,256,40200,6,5.0,1,0.0,253.0
60257,6,257,40400,6,5.0,1,1.0,254.0
60258,6,258,40600,6,8.0,1,0.0,254.0
60259,6,259,40800,6,8.0,1,0.0,254.0
60260,6,260,41000,6,10.0,1,2.0,256.0
60261,6,261,41200,6,5.0,1,0.0,256.0
60262,6,262,41400,6,5.0,1,1.0,257.0
60263,6,263,41600,6,8.0,1,0.0,257.0
60264,6,264,41800,6,8.0,1,0.0,257.0
60265,6,265,42000,6,10.0,1,5.0,262.0
60266,6,266,42200,6,5.0,1,0.0,262.0
60267,6,267,42400,6,5.0,1,1.0,263.0
60268,6,268,42600,6,8.0,1,0.0,263.0
60269,6,269,42800,6,8.0,1,0.0,263.0
60270,6,270,43000,6,10.0,1,2.0,265.0
60271,6,271,43200,6,5.0,1,0.0,265.0
60272,6,272,43400,6,5.0,1,1.0,266.0
60273,6,273,43600,6,8.0,1,0.0,266.0
60274,6,274,43800,6,8.0,1,0.0,266.0
60275,6,275,44000,6,10.0,1,5.0,271.0
60276,6,276,44200,6,5.0,1,0.0,271.0
60277,6,277,44400,6,5.0,1,1.0,272.0
60278,6,278,44600,6,8.0,1,0.0,272.0
60279,6,279,44800,6,8.0,1,0.0,272.0
60280,6,280,45000,6,10.0,1,2.0,274.0
60281,6,281,45200,6,5.0,1,0.0,274.0
60282,6,282,45400,6,5.0,1,1.0,275.0
60283,6,283,45600,6,8.0,1,0.0,275.0
60284,6,284,45800,6,8.0,1,0.0,275.0
60285,6,285,46000,6,10.0,1,5.0,280.0
60286,6,286,46200,6,5.0,1,0.0,280.0
60287,6,287,46400,6,5.0,1,1.0,281.0
60288,6,288,46600,6,8.0,1,0.0,281.0
60289,6,289,46800,6,8.0,1,0.0,281.0
60290,6,290,47000,6,10.0,1,2.0,283.0
60291,6,291,47200,6,5.0,1,0.0,283.0
60292,6,292,47400,6,5.0,1,1.0,284.0
60293,6,293,47600,6,8.0,1,0.0,284.0
60294,6,294,47800,6,8.0,1,0.0,284.0
60295,6,295,48000,6,10.0,1,5.0,289.0
60296,6,296,48200,6,5.0,1,0.0,289.0
60297,6,297,48400,6,5.0,1,1.0,290.0
60298,6,298,48600,6,8.0,1,0.0,290.0
60299,6,299,48800,6,8.0,1,0.0,290.0
60300,6,300,49000,6,10.0,1,2.0,292.0
60301,6,301,49200,6,5.0,1,0.0,292.0
60302,6,302,49400,6,5.0,1,1.0,293.0
60303,6,303,49600,6,8.0,1,0.0,293.0
60304,6,304,49800,6,8.0,1,0.0,293.0
60305,6,305,50000,6,10.0,1,6.0,299.0
60306,6,306,50200,6,5.0,1,0.0,299.0
60307,6,307,50400,6,5.0,1,1.0,300.0
60308,6,308,50600,6,8.0,1,0.0,300.0
60309,6,309,50800,6,8.0,1,0.0,300.0
60310,6,310,51000,6,10.0,1,2.0,302.0
60311,6,311,51200,6,5.0,1,0.0,302.0
60312,6,312,51400,6,5.0,1,1.0,303.0
60313,6,313,51600,6,8.0,1,0.0,303.0
60314,6,314,51800,6,8.0,1,0.0,303.0
60315,6,315,52000,6,10.0,1,5.0,308.0
60316,6,316,52200,6,5.0,1,0.0,308.0
60317,6,317,52400,6,5.0,1,1.0,309.0
60318,6,318,52600,6,8.0,1,0.0,309.0
60319,6,319,52800,6,8.0,1,0.0,309.0
60320,6,320,53000,6,10.0,1,2.0,311.0
60321,6,321,53200,6,5.0,1,0.0,311.0
60322,6,322,53400,6,5.0,1,1.0,312.0
60323,6,323,53600,6,8.0,1,0.0,312.0
60324,6,324,53800,6,8.0,1,0.0,312.0
60325,6,325,54000,6,10.0,1,5.0,317.0
60326,6,326,54200,6,5.0,1,0.0,317.0
60327,6,327,54400,6,5.0,1,1.0,318.0
60328,6,328,54600,6,8.0,1,0.0,318.0
60329,6,329,54800,6,8.0,1,0.0,318.0
60330,6,330,55000,6,10.0,1,2.0,320.0
70001,7,1,1,407,1.0,5,20.0,20.0
70002,7,2,25,7,1.0,5,1.0,21.0
70003,7,3,50,407,2.0,5,0.0,21.0
70004,7,4,75,7,2.0,5,0.0,21.0
70005,7,5,100,407,4.0,5,2.0,23.0
70006,7,6,150,407,4.0,5,0.0,23.0
70007,7,7,200,407,2.0,5,1.0,24.0
70008,7,8,300,407,2.0,5,0.0,24.0
70009,7,9,400,407,2.0,5,0.0,24.0
70010,7,10,500,407,3.0,5,3.0,27.0
70011,7,11,600,407,2.0,5,0.0,27.0
70012,7,12,700,407,2.0,5,1.0,28.0
70013,7,13,800,7,2.0,5,0.0,28.0
70014,7,14,900,7,2.0,5,0.0,28.0
70015,7,15,1000,7,3.0,5,5.0,33.0
70016,7,16,1100,7,2.0,5,0.0,33.0
70017,7,17,1200,7,2.0,5,1.0,34.0
70018,7,18,1300,7,2.0,5,0.0,34.0
70019,7,19,1400,7,2.0,5,0.0,34.0
70020,7,20,1500,7,3.0,5,2.0,36.0
70021,7,21,1600,7,2.0,5,0.0,36.0
70022,7,22,1700,7,2.0,5,1.0,37.0
70023,7,23,1800,7,2.0,5,0.0,37.0
70024,7,24,1900,7,2.0,5,0.0,37.0
70025,7,25,2000,7,3.0,5,5.0,42.0
70026,7,26,2100,7,2.0,5,0.0,42.0
70027,7,27,2200,7,2.0,5,1.0,43.0
70028,7,28,2300,7,2.0,5,0.0,43.0
70029,7,29,2400,7,2.0,5,0.0,43.0
70030,7,30,2500,7,3.0,5,2.0,45.0
70031,7,31,2600,7,2.0,5,0.0,45.0
70032,7,32,2700,7,2.0,5,1.0,46.0
70033,7,33,2800,7,2.0,5,0.0,46.0
70034,7,34,2900,7,2.0,5,0.0,46.0
70035,7,35,3000,7,9.0,5,5.0,51.0
70036,7,36,3100,7,1.5,5,0.0,51.0
70037,7,37,3200,7,2.0,5,1.0,52.0
70038,7,38,3300,7,1.5,5,0.0,52.0
70039,7,39,3400,7,2.0,5,0.0,52.0
70040,7,40,3500,7,3.0,5,2.0,54.0
70041,7,41,3600,7,1.5,5,0.0,54.0
70042,7,42,3700,7,1.5,5,1.0,55.0
70043,7,43,3800,7,1.5,5,0.0,55.0
70044,7,44,3900,7,1.5,5,0.0,55.0
70045,7,45,4000,7,3.0,5,5.0,60.0
70046,7,46,4100,7,1.5,5,0.0,60.0
70047,7,47,4200,7,2.0,5,1.0,61.0
70048,7,48,4300,7,1.5,5,0.0,61.0
70049,7,49,4400,7,2.0,5,0.0,61.0
70050,7,50,4500,7,3.0,5,2.0,63.0
70051,7,51,4600,7,1.5,5,0.0,63.0
70052,7,52,4700,7,1.5,5,1.0,64.0
70053,7,53,4800,7,1.5,5,0.0,64.0
70054,7,54,4900,7,1.5,5,0.0,64.0
70055,7,55,5000,7,4.0,5,5.0,69.0
70056,7,56,5100,7,1.5,5,0.0,69.0
70057,7,57,5200,7,2.0,5,1.0,70.0
70058,7,58,5300,7,1.5,5,0.0,70.0
70059,7,59,5400,7,2.0,5,0.0,70.0
70060,7,60,5500,7,3.0,5,2.0,72.0
70061,7,61,5600,7,1.5,5,0.0,72.0
70062,7,62,5700,7,1.5,5,1.0,73.0
70063,7,63,5800,7,2.0,5,0.0,73.0
70064,7,64,5900,7,1.5,5,0.0,73.0
70065,7,65,6000,7,3.0,5,5.0,78.0
70066,7,66,6100,7,1.5,5,0.0,78.0
70067,7,67,6200,7,2.0,5,1.0,79.0
70068,7,68,6300,7,1.5,5,0.0,79.0
70069,7,69,6400,7,2.0,5,0.0,79.0
70070,7,70,6500,7,3.0,5,2.0,81.0
70071,7,71,6600,7,1.5,5,0.0,81.0
70072,7,72,6700,7,1.5,5,1.0,82.0
70073,7,73,6800,7,2.0,5,0.0,82.0
70074,7,74,6900,7,1.5,5,0.0,82.0
70075,7,75,7000,7,4.0,5,5.0,87.0
70076,7,76,7100,7,2.0,5,0.0,87.0
70077,7,77,7200,7,2.0,5,1.0,88.0
70078,7,78,7300,7,2.0,5,0.0,88.0
70079,7,79,7400,7,2.0,5,0.0,88.0
70080,7,80,7500,7,5.0,5,2.0,90.0
70081,7,81,7600,7,1.5,5,0.0,90.0
70082,7,82,7700,7,1.5,5,1.0,91.0
70083,7,83,7800,7,1.5,5,0.0,91.0
70084,7,84,7900,7,1.5,5,0.0,91.0
70085,7,85,8000,7,3.0,5,5.0,96.0
70086,7,86,8100,7,2.0,5,0.0,96.0
70087,7,87,8200,7,2.0,5,1.0,97.0
70088,7,88,8300,7,2.0,5,0.0,97.0
70089,7,89,8400,7,2.0,5,0.0,97.0
70090,7,90,8500,7,5.0,5,2.0,99.0
70091,7,91,8600,7,2.0,5,0.0,99.0
70092,7,92,8700,7,2.0,5,1.0,100.0
70093,7,93,8800,7,2.0,5,0.0,100.0
70094,7,94,8900,7,2.0,5,0.0,100.0
70095,7,95,9000,7,3.0,5,5.0,105.0
70096,7,96,9100,7,2.0,5,0.0,105.0
70097,7,97,9200,7,2.0,5,1.0,106.0
70098,7,98,9300,7,2.0,5,0.0,106.0
70099,7,99,9400,7,2.0,5,0.0,106.0
70100,7,100,9500,7,3.0,5,2.0,108.0
70101,7,101,9600,7,1.5,5,0.0,108.0
70102,7,102,9700,7,1.5,5,1.0,109.0
70103,7,103,9800,7,1.5,5,0.0,109.0
70104,7,104,9900,7,1.5,5,0.0,109.0
70105,7,105,10000,7,3.0,5,6.0,115.0
70106,7,106,10200,7,2.0,5,0.0,115.0
70107,7,107,10400,7,2.0,5,1.0,116.0
70108,7,108,10600,7,2.0,5,0.0,116.0
70109,7,109,10800,7,2.0,5,0.0,116.0
70110,7,110,11000,7,5.0,5,2.0,118.0
70111,7,111,11200,7,3.0,5,0.0,118.0
70112,7,112,11400,7,2.0,5,1.0,119.0
70113,7,113,11600,7,2.0,5,0.0,119.0
70114,7,114,11800,7,2.0,5,0.0,119.0
70115,7,115,12000,7,5.0,5,5.0,124.0
70116,7,116,12200,7,2.0,5,0.0,124.0
70117,7,117,12400,7,2.0,5,1.0,125.0
70118,7,118,12600,7,2.0,5,0.0,125.0
70119,7,119,12800,7,2.0,5,0.0,125.0
70120,7,120,13000,7,5.0,5,2.0,127.0
70121,7,121,13200,7,2.0,5,0.0,127.0
70122,7,122,13400,7,2.0,5,1.0,128.0
70123,7,123,13600,7,3.0,5,0.0,128.0
70124,7,124,13800,7,2.0,5,0.0,128.0
70125,7,125,14000,7,6.0,5,5.0,133.0
70126,7,126,14200,7,2.0,5,0.0,133.0
70127,7,127,14400,7,2.0,5,1.0,134.0
70128,7,128,14600,7,2.0,5,0.0,134.0
70129,7,129,14800,7,2.0,5,0.0,134.0
70130,7,130,15000,7,5.0,5,2.0,136.0
70131,7,131,15200,7,3.0,5,0.0,136.0
70132,7,132,15400,7,2.0,5,1.0,137.0
70133,7,133,15600,7,2.0,5,0.0,137.0
70134,7,134,15800,7,2.0,5,0.0,137.0
70135,7,135,16000,7,6.0,5,5.0,142.0
70136,7,136,16200,7,2.0,5,0.0,142.0
70137,7,137,16400,7,2.0,5,1.0,143.0
70138,7,138,16600,7,2.0,5,0.0,143.0
70139,7,139,16800,7,2.0,5,0.0,143.0
70140,7,140,17000,7,5.0,5,2.0,145.0
70141,7,141,17200,7,2.0,5,0.0,145.0
70142,7,142,17400,7,2.0,5,1.0,146.0
70143,7,143,17600,7,2.0,5,0.0,146.0
70144,7,144,17800,7,2.0,5,0.0,146.0
70145,7,145,18000,7,8.0,5,5.0,151.0
70146,7,146,18200,7,2.0,5,0.0,151.0
70147,7,147,18400,7,2.0,5,1.0,152.0
70148,7,148,18600,7,2.0,5,0.0,152.0
70149,7,149,18800,7,2.0,5,0.0,152.0
70150,7,150,19000,7,5.0,5,2.0,154.0
70151,7,151,19200,7,2.0,5,0.0,154.0
70152,7,152,19400,7,2.0,5,1.0,155.0
70153,7,153,19600,7,2.0,5,0.0,155.0
70154,7,154,19800,7,2.0,5,0.0,155.0
70155,7,155,20000,7,6.0,5,6.0,161.0
70156,7,156,20200,7,2.0,5,0.0,161.0
70157,7,157,20400,7,2.0,5,1.0,162.0
70158,7,158,20600,7,2.0,5,0.0,162.0
70159,7,159,20800,7,2.0,5,0.0,162.0
70160,7,160,21000,7,7.0,5,2.0,164.0
70161,7,161,21200,7,2.0,5,0.0,164.0
70162,7,162,21400,7,2.0,5,1.0,165.0
70163,7,163,21600,7,2.0,5,0.0,165.0
70164,7,164,21800,7,2.0,5,0.0,165.0
70165,7,165,22000,7,8.0,5,5.0,170.0
70166,7,166,22200,7,2.0,5,0.0,170.0
70167,7,167,22400,7,2.0,5,1.0,171.0
70168,7,168,22600,7,2.0,5,0.0,171.0
70169,7,169,22800,7,2.0,5,0.0,171.0
70170,7,170,23000,7,8.0,5,2.0,173.0
70171,7,171,23200,7,2.0,5,0.0,173.0
70172,7,172,23400,7,2.0,5,1.0,174.0
70173,7,173,23600,7,2.0,5,0.0,174.0
70174,7,174,23800,7,2.0,5,0.0,174.0
70175,7,175,24000,7,8.0,5,5.0,179.0
70176,7,176,24200,7,2.0,5,0.0,179.0
70177,7,177,24400,7,2.0,5,1.0,180.0
70178,7,178,24600,7,2.0,5,0.0,180.0
70179,7,179,24800,7,2.0,5,0.0,180.0
70180,7,180,25000,7,8.0,5,2.0,182.0
70181,7,181,25200,7,2.0,5,0.0,182.0
70182,7,182,25400,7,2.0,5,1.0,183.0
70183,7,183,25600,7,3.0,5,0.0,183.0
70184,7,184,25800,7,3.0,5,0.0,183.0
70185,7,185,26000,7,6.0,5,5.0,188.0
70186,7,186,26200,7,2.0,5,0.0,188.0
70187,7,187,26400,7,2.0,5,1.0,189.0
70188,7,188,26600,7,3.0,5,0.0,189.0
70189,7,189,26800,7,3.0,5,0.0,189.0
70190,7,190,27000,7,6.0,5,2.0,191.0
70191,7,191,27200,7,2.0,5,0.0,191.0
70192,7,192,27400,7,2.0,5,1.0,192.0
70193,7,193,27600,7,3.0,5,0.0,192.0
70194,7,194,27800,7,3.0,5,0.0,192.0
70195,7,195,28000,7,6.0,5,5.0,197.0
70196,7,196,28200,7,2.0,5,0.0,197.0
70197,7,197,28400,7,2.0,5,1.0,198.0
70198,7,198,28600,7,3.0,5,0.0,198.0
70199,7,199,28800,7,3.0,5,0.0,198.0
70200,7,200,29000,7,6.0,5,2.0,200.0
70201,7,201,29200,7,2.0,5,0.0,200.0
70202,7,202,29400,7,2.0,5,1.0,201.0
70203,7,203,29600,7,3.0,5,0.0,201.0
70204,7,204,29800,7,3.0,5,0.0,201.0
70205,7,205,30000,7,6.0,5,6.0,207.0
70206,7,206,30200,7,2.0,5,0.0,207.0
70207,7,207,30400,7,2.0,5,1.0,208.0
70208,7,208,30600,7,3.0,5,0.0,208.0
70209,7,209,30800,7,3.0,5,0.0,208.0
70210,7,210,31000,7,6.0,5,2.0,210.0
70211,7,211,31200,7,2.0,5,0.0,210.0
70212,7,212,31400,7,2.0,5,1.0,211.0
70213,7,213,31600,7,3.0,5,0.0,211.0
70214,7,214,31800,7,3.0,5,0.0,211.0
70215,7,215,32000,7,6.0,5,5.0,216.0
70216,7,216,32200,7,2.0,5,0.0,216.0
70217,7,217,32400,7,2.0,5,1.0,217.0
70218,7,218,32600,7,3.0,5,0.0,217.0
70219,7,219,32800,7,3.0,5,0.0,217.0
70220,7,220,33000,7,6.0,5,2.0,219.0
70221,7,221,33200,7,2.0,5,0.0,219.0
70222,7,222,33400,7,2.0,5,1.0,220.0
70223,7,223,33600,7,3.0,5,0.0,220.0
70224,7,224,33800,7,3.0,5,0.0,220.0
70225,7,225,34000,7,6.0,5,5.0,225.0
70226,7,226,34200,7,2.0,5,0.0,225.0
70227,7,227,34400,7,2.0,5,1.0,226.0
70228,7,228,34600,7,3.0,5,0.0,226.0
70229,7,229,34800,7,3.0,5,0.0,226.0
70230,7,230,35000,7,6.0,5,2.0,228.0
70231,7,231,35200,7,2.0,5,0.0,228.0
70232,7,232,35400,7,2.0,5,1.0,229.0
70233,7,233,35600,7,3.0,5,0.0,229.0
70234,7,234,35800,7,3.0,5,0.0,229.0
70235,7,235,36000,7,6.0,5,5.0,234.0
70236,7,236,36200,7,2.0,5,0.0,234.0
70237,7,237,36400,7,2.0,5,1.0,235.0
70238,7,238,36600,7,3.0,5,0.0,235.0
70239,7,239,36800,7,3.0,5,0.0,235.0
70240,7,240,37000,7,6.0,5,2.0,237.0
70241,7,241,37200,7,2.0,5,0.0,237.0
70242,7,242,37400,7,2.0,5,1.0,238.0
70243,7,243,37600,7,3.0,5,0.0,238.0
70244,7,244,37800,7,3.0,5,0.0,238.0
70245,7,245,38000,7,6.0,5,5.0,243.0
70246,7,246,38200,7,5.0,5,0.0,243.0
70247,7,247,38400,7,5.0,5,1.0,244.0
70248,7,248,38600,7,5.0,5,0.0,244.0
70249,7,249,38800,7,7.0,5,0.0,244.0
70250,7,250,39000,7,10.0,5,2.0,246.0
70251,7,251,39200,7,5.0,5,0.0,246.0
70252,7,252,39400,7,5.0,5,1.0,247.0
70253,7,253,39600,7,5.0,5,0.0,247.0
70254,7,254,39800,7,7.0,5,0.0,247.0
70255,7,255,40000,7,10.0,5,6.0,253.0
70256,7,256,40200,7,5.0,5,0.0,253.0
70257,7,257,40400,7,5.0,5,1.0,254.0
70258,7,258,40600,7,5.0,5,0.0,254.0
70259,7,259,40800,7,7.0,5,0.0,254.0
70260,7,260,41000,7,10.0,5,2.0,256.0
70261,7,261,41200,7,5.0,5,0.0,256.0
70262,7,262,41400,7,5.0,5,1.0,257.0
70263,7,263,41600,7,5.0,5,0.0,257.0
70264,7,264,41800,7,7.0,5,0.0,257.0
70265,7,265,42000,7,10.0,5,5.0,262.0
70266,7,266,42200,7,5.0,5,0.0,262.0
70267,7,267,42400,7,5.0,5,1.0,263.0
70268,7,268,42600,7,5.0,5,0.0,263.0
70269,7,269,42800,7,7.0,5,0.0,263.0
70270,7,270,43000,7,10.0,5,2.0,265.0
70271,7,271,43200,7,7.0,5,0.0,265.0
70272,7,272,43400,7,8.0,5,1.0,266.0
70273,7,273,43600,7,9.0,5,0.0,266.0
70274,7,274,43800,7,10.0,5,0.0,266.0
70275,7,275,44000,7,11.0,5,5.0,271.0
70276,7,276,44200,7,7.0,5,0.0,271.0
70277,7,277,44400,7,8.0,5,1.0,272.0
70278,7,278,44600,7,9.0,5,0.0,272.0
70279,7,279,44800,7,10.0,5,0.0,272.0
70280,7,280,45000,7,11.0,5,2.0,274.0
70281,7,281,45200,7,7.0,5,0.0,274.0
70282,7,282,45400,7,8.0,5,1.0,275.0
70283,7,283,45600,7,9.0,5,0.0,275.0
70284,7,284,45800,7,10.0,5,0.0,275.0
70285,7,285,46000,7,11.0,5,5.0,280.0
70286,7,286,46200,7,7.0,5,0.0,280.0
70287,7,287,46400,7,8.0,5,1.0,281.0
70288,7,288,46600,7,9.0,5,0.0,281.0
70289,7,289,46800,7,10.0,5,0.0,281.0
70290,7,290,47000,7,11.0,5,2.0,283.0
70291,7,291,47200,7,7.0,5,0.0,283.0
70292,7,292,47400,7,8.0,5,1.0,284.0
70293,7,293,47600,7,9.0,5,0.0,284.0
70294,7,294,47800,7,10.0,5,0.0,284.0
70295,7,295,48000,7,11.0,5,5.0,289.0
70296,7,296,48200,7,7.0,5,0.0,289.0
70297,7,297,48400,7,8.0,5,1.0,290.0
70298,7,298,48600,7,9.0,5,0.0,290.0
70299,7,299,48800,7,10.0,5,0.0,290.0
70300,7,300,49000,7,11.0,5,2.0,292.0
70301,7,301,49200,7,7.0,5,0.0,292.0
70302,7,302,49400,7,8.0,5,1.0,293.0
70303,7,303,49600,7,9.0,5,0.0,293.0
70304,7,304,49800,7,10.0,5,0.0,293.0
70305,7,305,50000,7,11.0,5,6.0,299.0
70306,7,306,50200,7,7.0,5,0.0,299.0
70307,7,307,50400,7,8.0,5,1.0,300.0
70308,7,308,50600,7,9.0,5,0.0,300.0
70309,7,309,50800,7,10.0,5,0.0,300.0
70310,7,310,51000,7,11.0,5,2.0,302.0
70311,7,311,51200,7,7.0,5,0.0,302.0
70312,7,312,51400,7,8.0,5,1.0,303.0
70313,7,313,51600,7,9.0,5,0.0,303.0
70314,7,314,51800,7,10.0,5,0.0,303.0
70315,7,315,52000,7,11.0,5,5.0,308.0
70316,7,316,52200,7,7.0,5,0.0,308.0
70317,7,317,52400,7,8.0,5,1.0,309.0
70318,7,318,52600,7,9.0,5,0.0,309.0
70319,7,319,52800,7,10.0,5,0.0,309.0
70320,7,320,53000,7,11.0,5,2.0,311.0
70321,7,321,53200,7,7.0,5,0.0,311.0
70322,7,322,53400,7,8.0,5,1.0,312.0
70323,7,323,53600,7,9.0,5,0.0,312.0
70324,7,324,53800,7,10.0,5,0.0,312.0
70325,7,325,54000,7,11.0,5,5.0,317.0
70326,7,326,54200,7,7.0,5,0.0,317.0
70327,7,327,54400,7,8.0,5,1.0,318.0
70328,7,328,54600,7,9.0,5,0.0,318.0
70329,7,329,54800,7,10.0,5,0.0,318.0
70330,7,330,55000,7,11.0,5,2.0,320.0
80001,8,1,1,408,1.0,4,20.0,20.0
80002,8,2,25,8,1.0,4,1.0,21.0
80003,8,3,50,408,2.0,4,0.0,21.0
80004,8,4,75,8,2.0,4,0.0,21.0
80005,8,5,100,408,4.0,4,2.0,23.0
80006,8,6,150,408,4.0,4,0.0,23.0
80007,8,7,200,408,2.0,4,1.0,24.0
80008,8,8,300,408,2.0,4,0.0,24.0
80009,8,9,400,408,2.0,4,0.0,24.0
80010,8,10,500,408,3.0,4,2.0,26.0
80011,8,11,600,408,2.0,4,0.0,26.0
80012,8,12,700,8,2.0,4,1.0,27.0
80013,8,13,800,8,2.0,4,0.0,27.0
80014,8,14,900,8,2.0,4,0.0,27.0
80015,8,15,1000,408,3.0,4,4.0,31.0
80016,8,16,1100,8,2.0,4,0.0,31.0
80017,8,17,1200,8,2.0,4,1.0,32.0
80018,8,18,1300,8,2.0,4,0.0,32.0
80019,8,19,1400,8,2.0,4,0.0,32.0
80020,8,20,1500,8,3.0,4,2.0,34.0
80021,8,21,1600,8,2.0,4,0.0,34.0
80022,8,22,1700,8,2.0,4,1.0,35.0
80023,8,23,1800,8,2.0,4,0.0,35.0
80024,8,24,1900,8,2.0,4,0.0,35.0
80025,8,25,2000,8,3.0,4,4.0,39.0
80026,8,26,2100,8,2.0,4,0.0,39.0
80027,8,27,2200,8,2.0,4,1.0,40.0
80028,8,28,2300,8,2.0,4,0.0,40.0
80029,8,29,2400,8,2.0,4,0.0,40.0
80030,8,30,2500,8,3.0,4,2.0,42.0
80031,8,31,2600,8,2.0,4,0.0,42.0
80032,8,32,2700,8,1.5,4,1.0,43.0
80033,8,33,2800,8,2.0,4,0.0,43.0
80034,8,34,2900,8,1.5,4,0.0,43.0
80035,8,35,3000,8,3.0,4,4.0,47.0
80036,8,36,3100,8,1.5,4,0.0,47.0
80037,8,37,3200,8,2.0,4,1.0,48.0
80038,8,38,3300,8,1.5,4,0.0,48.0
80039,8,39,3400,8,2.0,4,0.0,48.0
80040,8,40,3500,8,3.0,4,2.0,50.0
80041,8,41,3600,8,2.0,4,0.0,50.0
80042,8,42,3700,8,1.5,4,1.0,51.0
80043,8,43,3800,8,2.0,4,0.0,51.0
80044,8,44,3900,8,1.5,4,0.0,51.0
80045,8,45,4000,8,3.0,4,4.0,55.0
80046,8,46,4100,8,1.5,4,0.0,55.0
80047,8,47,4200,8,1.5,4,1.0,56.0
80048,8,48,4300,8,1.5,4,0.0,56.0
80049,8,49,4400,8,1.5,4,0.0,56.0
80050,8,50,4500,8,3.0,4,2.0,58.0
80051,8,51,4600,8,1.5,4,0.0,58.0
80052,8,52,4700,8,1.5,4,1.0,59.0
80053,8,53,4800,8,1.5,4,0.0,59.0
80054,8,54,4900,8,1.5,4,0.0,59.0
80055,8,55,5000,8,3.0,4,4.0,63.0
80056,8,56,5100,8,1.5,4,0.0,63.0
80057,8,57,5200,8,2.0,4,1.0,64.0
80058,8,58,5300,8,1.5,4,0.0,64.0
80059,8,59,5400,8,2.0,4,0.0,64.0
80060,8,60,5500,8,3.0,4,2.0,66.0
80061,8,61,5600,8,2.0,4,0.0,66.0
80062,8,62,5700,8,1.5,4,1.0,67.0
80063,8,63,5800,8,2.0,4,0.0,67.0
80064,8,64,5900,8,1.5,4,0.0,67.0
80065,8,65,6000,8,3.0,4,4.0,71.0
80066,8,66,6100,8,1.5,4,0.0,71.0
80067,8,67,6200,8,1.5,4,1.0,72.0
80068,8,68,6300,8,1.5,4,0.0,72.0
80069,8,69,6400,8,1.5,4,0.0,72.0
80070,8,70,6500,8,4.0,4,2.0,74.0
80071,8,71,6600,8,1.5,4,0.0,74.0
80072,8,72,6700,8,1.5,4,1.0,75.0
80073,8,73,6800,8,2.0,4,0.0,75.0
80074,8,74,6900,8,1.5,4,0.0,75.0
80075,8,75,7000,8,4.0,4,4.0,79.0
80076,8,76,7100,8,1.5,4,0.0,79.0
80077,8,77,7200,8,2.0,4,1.0,80.0
80078,8,78,7300,8,1.5,4,0.0,80.0
80079,8,79,7400,8,2.0,4,0.0,80.0
80080,8,80,7500,8,3.0,4,2.0,82.0
80081,8,81,7600,8,1.5,4,0.0,82.0
80082,8,82,7700,8,1.5,4,1.0,83.0
80083,8,83,7800,8,2.0,4,0.0,83.0
80084,8,84,7900,8,1.5,4,0.0,83.0
80085,8,85,8000,8,3.0,4,4.0,87.0
80086,8,86,8100,8,2.0,4,0.0,87.0
80087,8,87,8200,8,2.0,4,1.0,88.0
80088,8,88,8300,8,2.0,4,0.0,88.0
80089,8,89,8400,8,2.0,4,0.0,88.0
80090,8,90,8500,8,3.0,4,2.0,90.0
80091,8,91,8600,8,2.0,4,0.0,90.0
80092,8,92,8700,8,2.0,4,1.0,91.0
80093,8,93,8800,8,2.0,4,0.0,91.0
80094,8,94,8900,8,2.0,4,0.0,91.0
80095,8,95,9000,8,3.0,4,4.0,95.0
80096,8,96,9100,8,1.5,4,0.0,95.0
80097,8,97,9200,8,2.0,4,1.0,96.0
80098,8,98,9300,8,1.5,4,0.0,96.0
80099,8,99,9400,8,1.5,4,0.0,96.0
80100,8,100,9500,8,3.0,4,2.0,98.0
80101,8,101,9600,8,1.5,4,0.0,98.0
80102,8,102,9700,8,1.5,4,1.0,99.0
80103,8,103,9800,8,2.0,4,0.0,99.0
80104,8,104,9900,8,1.5,4,0.0,99.0
80105,8,105,10000,8,3.0,4,4.0,103.0
80106,8,106,10200,8,2.0,4,0.0,103.0
80107,8,107,10400,8,2.0,4,1.0,104.0
80108,8,108,10600,8,2.0,4,0.0,104.0
80109,8,109,10800,8,2.0,4,0.0,104.0
80110,8,110,11000,8,5.0,4,2.0,106.0
80111,8,111,11200,8,3.0,4,0.0,106.0
80112,8,112,11400,8,2.0,4,1.0,107.0
80113,8,113,11600,8,3.0,4,0.0,107.0
80114,8,114,11800,8,2.0,4,0.0,107.0
80115,8,115,12000,8,5.0,4,4.0,111.0
80116,8,116,12200,8,2.0,4,0.0,111.0
80117,8,117,12400,8,2.0,4,1.0,112.0
80118,8,118,12600,8,2.0,4,0.0,112.0
80119,8,119,12800,8,2.0,4,0.0,112.0
80120,8,120,13000,8,5.0,4,2.0,114.0
80121,8,121,13200,8,3.0,4,0.0,114.0
80122,8,122,13400,8,2.0,4,1.0,115.0
80123,8,123,13600,8,3.0,4,0.0,115.0
80124,8,124,13800,8,2.0,4,0.0,115.0
80125,8,125,14000,8,5.0,4,4.0,119.0
80126,8,126,14200,8,2.0,4,0.0,119.0
80127,8,127,14400,8,2.0,4,1.0,120.0
80128,8,128,14600,8,2.0,4,0.0,120.0
80129,8,129,14800,8,2.0,4,0.0,120.0
80130,8,130,15000,8,5.0,4,2.0,122.0
80131,8,131,15200,8,3.0,4,0.0,122.0
80132,8,132,15400,8,2.0,4,1.0,123.0
80133,8,133,15600,8,3.0,4,0.0,123.0
80134,8,134,15800,8,2.0,4,0.0,123.0
80135,8,135,16000,8,5.0,4,4.0,127.0
80136,8,136,16200,8,2.0,4,0.0,127.0
80137,8,137,16400,8,2.0,4,1.0,128.0
80138,8,138,16600,8,2.0,4,0.0,128.0
80139,8,139,16800,8,2.0,4,0.0,128.0
80140,8,140,17000,8,5.0,4,2.0,130.0
80141,8,141,17200,8,3.0,4,0.0,130.0
80142,8,142,17400,8,2.0,4,1.0,131.0
80143,8,143,17600,8,3.0,4,0.0,131.0
80144,8,144,17800,8,2.0,4,0.0,131.0
80145,8,145,18000,8,5.0,4,4.0,135.0
80146,8,146,18200,8,2.0,4,0.0,135.0
80147,8,147,18400,8,2.0,4,1.0,136.0
80148,8,148,18600,8,2.0,4,0.0,136.0
80149,8,149,18800,8,2.0,4,0.0,136.0
80150,8,150,19000,8,5.0,4,2.0,138.0
80151,8,151,19200,8,3.0,4,0.0,138.0
80152,8,152,19400,8,2.0,4,1.0,139.0
80153,8,153,19600,8,3.0,4,0.0,139.0
80154,8,154,19800,8,2.0,4,0.0,139.0
80155,8,155,20000,8,5.0,4,4.0,143.0
80156,8,156,20200,8,3.0,4,0.0,143.0
80157,8,157,20400,8,2.0,4,1.0,144.0
80158,8,158,20600,8,3.0,4,0.0,144.0
80159,8,159,20800,8,2.0,4,0.0,144.0
80160,8,160,21000,8,5.0,4,2.0,146.0
80161,8,161,21200,8,3.0,4,0.0,146.0
80162,8,162,21400,8,2.0,4,1.0,147.0
80163,8,163,21600,8,3.0,4,0.0,147.0
80164,8,164,21800,8,2.0,4,0.0,147.0
80165,8,165,22000,8,5.0,4,4.0,151.0
80166,8,166,22200,8,3.0,4,0.0,151.0
80167,8,167,22400,8,2.0,4,1.0,152.0
80168,8,168,22600,8,3.0,4,0.0,152.0
80169,8,169,22800,8,2.0,4,0.0,152.0
80170,8,170,23000,8,5.0,4,2.0,154.0
80171,8,171,23200,8,3.0,4,0.0,154.0
80172,8,172,23400,8,2.0,4,1.0,155.0
80173,8,173,23600,8,3.0,4,0.0,155.0
80174,8,174,23800,8,2.0,4,0.0,155.0
80175,8,175,24000,8,5.0,4,4.0,159.0
80176,8,176,24200,8,3.0,4,0.0,159.0
80177,8,177,24400,8,2.0,4,1.0,160.0
80178,8,178,24600,8,3.0,4,0.0,160.0
80179,8,179,24800,8,2.0,4,0.0,160.0
80180,8,180,25000,8,5.0,4,2.0,162.0
80181,8,181,25200,8,2.0,4,0.0,162.0
80182,8,182,25400,8,2.0,4,1.0,163.0
80183,8,183,25600,8,3.0,4,0.0,163.0
80184,8,184,25800,8,3.0,4,0.0,163.0
80185,8,185,26000,8,5.0,4,4.0,167.0
80186,8,186,26200,8,2.0,4,0.0,167.0
80187,8,187,26400,8,2.0,4,1.0,168.0
80188,8,188,26600,8,3.0,4,0.0,168.0
80189,8,189,26800,8,3.0,4,0.0,168.0
80190,8,190,27000,8,5.0,4,2.0,170.0
80191,8,191,27200,8,2.0,4,0.0,170.0
80192,8,192,27400,8,2.0,4,1.0,171.0
80193,8,193,27600,8,3.0,4,0.0,171.0
80194,8,194,27800,8,3.0,4,0.0,171.0
80195,8,195,28000,8,5.0,4,5.0,176.0
80196,8,196,28200,8,2.0,4,0.0,176.0
80197,8,197,28400,8,2.0,4,1.0,177.0
80198,8,198,28600,8,3.0,4,0.0,177.0
80199,8,199,28800,8,3.0,4,0.0,177.0
80200,8,200,29000,8,5.0,4,2.0,179.0
80201,8,201,29200,8,2.0,4,0.0,179.0
80202,8,202,29400,8,2.0,4,1.0,180.0
80203,8,203,29600,8,3.0,4,0.0,180.0
80204,8,204,29800,8,3.0,4,0.0,180.0
80205,8,205,30000,8,5.0,4,5.0,185.0
80206,8,206,30200,8,2.0,4,0.0,185.0
80207,8,207,30400,8,2.0,4,1.0,186.0
80208,8,208,30600,8,3.0,4,0.0,186.0
80209,8,209,30800,8,3.0,4,0.0,186.0
80210,8,210,31000,8,5.0,4,2.0,188.0
80211,8,211,31200,8,2.0,4,0.0,188.0
80212,8,212,31400,8,2.0,4,1.0,189.0
80213,8,213,31600,8,3.0,4,0.0,189.0
80214,8,214,31800,8,3.0,4,0.0,189.0
80215,8,215,32000,8,5.0,4,5.0,194.0
80216,8,216,32200,8,2.0,4,0.0,194.0
80217,8,217,32400,8,2.0,4,1.0,195.0
80218,8,218,32600,8,3.0,4,0.0,195.0
80219,8,219,32800,8,3.0,4,0.0,195.0
80220,8,220,33000,8,5.0,4,2.0,197.0
80221,8,221,33200,8,2.0,4,0.0,197.0
80222,8,222,33400,8,2.0,4,1.0,198.0
80223,8,223,33600,8,3.0,4,0.0,198.0
80224,8,224,33800,8,3.0,4,0.0,198.0
80225,8,225,34000,8,5.0,4,5.0,203.0
80226,8,226,34200,8,2.0,4,0.0,203.0
80227,8,227,34400,8,2.0,4,1.0,204.0
80228,8,228,34600,8,3.0,4,0.0,204.0
80229,8,229,34800,8,3.0,4,0.0,204.0
80230,8,230,35000,8,5.0,4,2.0,206.0
80231,8,231,35200,8,2.0,4,0.0,206.0
80232,8,232,35400,8,2.0,4,1.0,207.0
80233,8,233,35600,8,3.0,4,0.0,207.0
80234,8,234,35800,8,3.0,4,0.0,207.0
80235,8,235,36000,8,5.0,4,5.0,212.0
80236,8,236,36200,8,2.0,4,0.0,212.0
80237,8,237,36400,8,2.0,4,1.0,213.0
80238,8,238,36600,8,3.0,4,0.0,213.0
80239,8,239,36800,8,3.0,4,0.0,213.0
80240,8,240,37000,8,5.0,4,2.0,215.0
80241,8,241,37200,8,2.0,4,0.0,215.0
80242,8,242,37400,8,2.0,4,1.0,216.0
80243,8,243,37600,8,3.0,4,0.0,216.0
80244,8,244,37800,8,3.0,4,0.0,216.0
80245,8,245,38000,8,5.0,4,5.0,221.0
80246,8,246,38200,8,3.0,4,0.0,221.0
80247,8,247,38400,8,3.0,4,1.0,222.0
80248,8,248,38600,8,5.0,4,0.0,222.0
80249,8,249,38800,8,5.0,4,0.0,222.0
80250,8,250,39000,8,8.0,4,2.0,224.0
80251,8,251,39200,8,3.0,4,0.0,224.0
80252,8,252,39400,8,3.0,4,1.0,225.0
80253,8,253,39600,8,5.0,4,0.0,225.0
80254,8,254,39800,8,5.0,4,0.0,225.0
80255,8,255,40000,8,8.0,4,5.0,230.0
80256,8,256,40200,8,3.0,4,0.0,230.0
80257,8,257,40400,8,3.0,4,1.0,231.0
80258,8,258,40600,8,5.0,4,0.0,231.0
80259,8,259,40800,8,5.0,4,0.0,231.0
80260,8,260,41000,8,8.0,4,2.0,233.0
80261,8,261,41200,8,3.0,4,0.0,233.0
80262,8,262,41400,8,3.0,4,1.0,234.0
80263,8,263,41600,8,5.0,4,0.0,234.0
80264,8,264,41800,8,5.0,4,0.0,234.0
80265,8,265,42000,8,8.0,4,5.0,239.0
80266,8,266,42200,8,3.0,4,0.0,239.0
80267,8,267,42400,8,3.0,4,1.0,240.0
80268,8,268,42600,8,5.0,4,0.0,240.0
80269,8,269,42800,8,5.0,4,0.0,240.0
80270,8,270,43000,8,8.0,4,2.0,242.0
80271,8,271,43200,8,3.0,4,0.0,242.0
80272,8,272,43400,8,3.0,4,1.0,243.0
80273,8,273,43600,8,5.0,4,0.0,243.0
80274,8,274,43800,8,5.0,4,0.0,243.0
80275,8,275,44000,8,8.0,4,5.0,248.0
80276,8,276,44200,8,3.0,4,0.0,248.0
80277,8,277,44400,8,3.0,4,1.0,249.0
80278,8,278,44600,8,5.0,4,0.0,249.0
80279,8,279,44800,8,5.0,4,0.0,249.0
80280,8,280,45000,8,8.0,4,2.0,251.0
80281,8,281,45200,8,3.0,4,0.0,251.0
80282,8,282,45400,8,3.0,4,1.0,252.0
80283,8,283,45600,8,5.0,4,0.0,252.0
80284,8,284,45800,8,5.0,4,0.0,252.0
80285,8,285,46000,8,8.0,4,5.0,257.0
80286,8,286,46200,8,3.0,4,0.0,257.0
80287,8,287,46400,8,3.0,4,1.0,258.0
80288,8,288,46600,8,5.0,4,0.0,258.0
80289,8,289,46800,8,5.0,4,0.0,258.0
80290,8,290,47000,8,8.0,4,2.0,260.0
80291,8,291,47200,8,3.0,4,0.0,260.0
80292,8,292,47400,8,3.0,4,1.0,261.0
80293,8,293,47600,8,5.0,4,0.0,261.0
80294,8,294,47800,8,5.0,4,0.0,261.0
80295,8,295,48000,8,8.0,4,5.0,266.0
80296,8,296,48200,8,5.0,4,0.0,266.0
80297,8,297,48400,8,5.0,4,1.0,267.0
80298,8,298,48600,8,8.0,4,0.0,267.0
80299,8,299,48800,8,8.0,4,0.0,267.0
80300,8,300,49000,8,10.0,4,2.0,269.0
80301,8,301,49200,8,5.0,4,0.0,269.0
80302,8,302,49400,8,5.0,4,1.0,270.0
80303,8,303,49600,8,8.0,4,0.0,270.0
80304,8,304,49800,8,8.0,4,0.0,270.0
80305,8,305,50000,8,10.0,4,5.0,275.0
80306,8,306,50200,8,3.0,4,0.0,275.0
80307,8,307,50400,8,3.0,4,1.0,276.0
80308,8,308,50600,8,5.0,4,0.0,276.0
80309,8,309,50800,8,5.0,4,0.0,276.0
80310,8,310,51000,8,8.0,4,2.0,278.0
80311,8,311,51200,8,3.0,4,0.0,278.0
80312,8,312,51400,8,3.0,4,1.0,279.0
80313,8,313,51600,8,5.0,4,0.0,279.0
80314,8,314,51800,8,5.0,4,0.0,279.0
80315,8,315,52000,8,8.0,4,5.0,284.0
80316,8,316,52200,8,3.0,4,0.0,284.0
80317,8,317,52400,8,3.0,4,1.0,285.0
80318,8,318,52600,8,5.0,4,0.0,285.0
80319,8,319,52800,8,5.0,4,0.0,285.0
80320,8,320,53000,8,8.0,4,2.0,287.0
80321,8,321,53200,8,5.0,4,0.0,287.0
80322,8,322,53400,8,5.0,4,1.0,288.0
80323,8,323,53600,8,8.0,4,0.0,288.0
80324,8,324,53800,8,8.0,4,0.0,288.0
80325,8,325,54000,8,10.0,4,5.0,293.0
80326,8,326,54200,8,5.0,4,0.0,293.0
80327,8,327,54400,8,5.0,4,1.0,294.0
80328,8,328,54600,8,8.0,4,0.0,294.0
80329,8,329,54800,8,8.0,4,0.0,294.0
80330,8,330,55000,8,10.0,4,2.0,296.0
80331,8,331,55200,8,3.0,4,0.0,296.0
80332,8,332,55400,8,3.0,4,1.0,297.0
80333,8,333,55600,8,5.0,4,0.0,297.0
80334,8,334,55800,8,5.0,4,0.0,297.0
80335,8,335,56000,8,8.0,4,5.0,302.0
80336,8,336,56200,8,3.0,4,0.0,302.0
80337,8,337,56400,8,3.0,4,1.0,303.0
80338,8,338,56600,8,5.0,4,0.0,303.0
80339,8,339,56800,8,5.0,4,0.0,303.0
80340,8,340,57000,8,8.0,4,2.0,305.0
80341,8,341,57200,8,5.0,4,0.0,305.0
80342,8,342,57400,8,5.0,4,1.0,306.0
80343,8,343,57600,8,8.0,4,0.0,306.0
80344,8,344,57800,8,8.0,4,0.0,306.0
80345,8,345,58000,8,9.0,4,5.0,311.0
80346,8,346,58200,8,3.0,4,0.0,311.0
80347,8,347,58400,8,3.0,4,1.0,312.0
80348,8,348,58600,8,5.0,4,0.0,312.0
80349,8,349,58800,8,5.0,4,0.0,312.0
80350,8,350,59000,8,8.0,4,2.0,314.0
80351,8,351,59200,8,3.0,4,0.0,314.0
80352,8,352,59400,8,3.0,4,1.0,315.0
80353,8,353,59600,8,5.0,4,0.0,315.0
80354,8,354,59800,8,5.0,4,0.0,315.0
80355,8,355,60000,8,8.0,4,5.0,320.0
90001,9,1,1,409,1.0,7,20.0,20.0
90002,9,2,25,9,1.0,7,1.0,21.0
90003,9,3,50,409,2.0,7,0.0,21.0
90004,9,4,75,9,2.0,7,0.0,21.0
90005,9,5,100,409,4.0,7,2.0,23.0
90006,9,6,150,409,2.0,7,0.0,23.0
90007,9,7,200,409,2.0,7,1.0,24.0
90008,9,8,300,409,2.0,7,0.0,24.0
90009,9,9,400,409,2.0,7,0.0,24.0
90010,9,10,500,409,3.0,7,3.0,27.0
90011,9,11,600,409,2.0,7,0.0,27.0
90012,9,12,700,409,2.0,7,1.0,28.0
90013,9,13,800,409,2.0,7,0.0,28.0
90014,9,14,900,409,2.0,7,0.0,28.0
90015,9,15,1000,409,3.0,7,4.0,32.0
90016,9,16,1100,9,2.0,7,0.0,32.0
90017,9,17,1200,9,2.0,7,1.0,33.0
90018,9,18,1300,9,2.0,7,0.0,33.0
90019,9,19,1400,9,2.0,7,0.0,33.0
90020,9,20,1500,9,3.0,7,2.0,35.0
90021,9,21,1600,9,2.0,7,0.0,35.0
90022,9,22,1700,9,2.0,7,1.0,36.0
90023,9,23,1800,9,2.0,7,0.0,36.0
90024,9,24,1900,9,2.0,7,0.0,36.0
90025,9,25,2000,9,3.0,7,4.0,40.0
90026,9,26,2100,9,2.0,7,0.0,40.0
90027,9,27,2200,9,2.0,7,1.0,41.0
90028,9,28,2300,9,2.0,7,0.0,41.0
90029,9,29,2400,9,2.0,7,0.0,41.0
90030,9,30,2500,9,3.0,7,2.0,43.0
90031,9,31,2600,9,2.0,7,0.0,43.0
90032,9,32,2700,9,1.5,7,1.0,44.0
90033,9,33,2800,9,2.0,7,0.0,44.0
90034,9,34,2900,9,2.0,7,0.0,44.0
90035,9,35,3000,9,3.0,7,4.0,48.0
90036,9,36,3100,9,1.5,7,0.0,48.0
90037,9,37,3200,9,2.0,7,1.0,49.0
90038,9,38,3300,9,1.5,7,0.0,49.0
90039,9,39,3400,9,2.0,7,0.0,49.0
90040,9,40,3500,9,3.0,7,2.0,51.0
90041,9,41,3600,9,2.0,7,0.0,51.0
90042,9,42,3700,9,1.5,7,1.0,52.0
90043,9,43,3800,9,1.5,7,0.0,52.0
90044,9,44,3900,9,1.5,7,0.0,52.0
90045,9,45,4000,9,3.0,7,4.0,56.0
90046,9,46,4100,9,1.5,7,0.0,56.0
90047,9,47,4200,9,2.0,7,1.0,57.0
90048,9,48,4300,9,1.5,7,0.0,57.0
90049,9,49,4400,9,2.0,7,0.0,57.0
90050,9,50,4500,9,3.0,7,2.0,59.0
90051,9,51,4600,9,1.5,7,0.0,59.0
90052,9,52,4700,9,1.5,7,1.0,60.0
90053,9,53,4800,9,1.5,7,0.0,60.0
90054,9,54,4900,9,1.5,7,0.0,60.0
90055,9,55,5000,9,3.0,7,4.0,64.0
90056,9,56,5100,9,1.5,7,0.0,64.0
90057,9,57,5200,9,1.5,7,1.0,65.0
90058,9,58,5300,9,1.5,7,0.0,65.0
90059,9,59,5400,9,1.5,7,0.0,65.0
90060,9,60,5500,9,3.0,7,2.0,67.0
90061,9,61,5600,9,1.5,7,0.0,67.0
90062,9,62,5700,9,1.5,7,1.0,68.0
90063,9,63,5800,9,1.5,7,0.0,68.0
90064,9,64,5900,9,1.5,7,0.0,68.0
90065,9,65,6000,9,3.0,7,4.0,72.0
90066,9,66,6100,9,1.5,7,0.0,72.0
90067,9,67,6200,9,2.0,7,1.0,73.0
90068,9,68,6300,9,1.5,7,0.0,73.0
90069,9,69,6400,9,2.0,7,0.0,73.0
90070,9,70,6500,9,3.0,7,2.0,75.0
90071,9,71,6600,9,1.5,7,0.0,75.0
90072,9,72,6700,9,1.5,7,1.0,76.0
90073,9,73,6800,9,1.5,7,0.0,76.0
90074,9,74,6900,9,1.5,7,0.0,76.0
90075,9,75,7000,9,3.0,7,4.0,80.0
90076,9,76,7100,9,1.5,7,0.0,80.0
90077,9,77,7200,9,2.0,7,1.0,81.0
90078,9,78,7300,9,1.5,7,0.0,81.0
90079,9,79,7400,9,2.0,7,0.0,81.0
90080,9,80,7500,9,3.0,7,2.0,83.0
90081,9,81,7600,9,1.5,7,0.0,83.0
90082,9,82,7700,9,1.5,7,1.0,84.0
90083,9,83,7800,9,1.5,7,0.0,84.0
90084,9,84,7900,9,1.5,7,0.0,84.0
90085,9,85,8000,9,3.0,7,4.0,88.0
90086,9,86,8100,9,1.5,7,0.0,88.0
90087,9,87,8200,9,2.0,7,1.0,89.0
90088,9,88,8300,9,1.5,7,0.0,89.0
90089,9,89,8400,9,2.0,7,0.0,89.0
90090,9,90,8500,9,3.0,7,2.0,91.0
90091,9,91,8600,9,2.0,7,0.0,91.0
90092,9,92,8700,9,2.0,7,1.0,92.0
90093,9,93,8800,9,2.0,7,0.0,92.0
90094,9,94,8900,9,2.0,7,0.0,92.0
90095,9,95,9000,9,3.0,7,4.0,96.0
90096,9,96,9100,9,1.5,7,0.0,96.0
90097,9,97,9200,9,2.0,7,1.0,97.0
90098,9,98,9300,9,1.5,7,0.0,97.0
90099,9,99,9400,9,1.5,7,0.0,97.0
90100,9,100,9500,9,3.0,7,2.0,99.0
90101,9,101,9600,9,1.5,7,0.0,99.0
90102,9,102,9700,9,1.5,7,1.0,100.0
90103,9,103,9800,9,2.0,7,0.0,100.0
90104,9,104,9900,9,1.5,7,0.0,100.0
90105,9,105,10000,9,3.0,7,4.0,104.0
90106,9,106,10200,9,2.0,7,0.0,104.0
90107,9,107,10400,9,2.0,7,1.0,105.0
90108,9,108,10600,9,2.0,7,0.0,105.0
90109,9,109,10800,9,2.0,7,0.0,105.0
90110,9,110,11000,9,4.0,7,2.0,107.0
90111,9,111,11200,9,3.0,7,0.0,107.0
90112,9,112,11400,9,2.0,7,1.0,108.0
90113,9,113,11600,9,3.0,7,0.0,108.0
90114,9,114,11800,9,2.0,7,0.0,108.0
90115,9,115,12000,9,4.0,7,4.0,112.0
90116,9,116,12200,9,2.0,7,0.0,112.0
90117,9,117,12400,9,2.0,7,1.0,113.0
90118,9,118,12600,9,2.0,7,0.0,113.0
90119,9,119,12800,9,2.0,7,0.0,113.0
90120,9,120,13000,9,4.0,7,2.0,115.0
90121,9,121,13200,9,3.0,7,0.0,115.0
90122,9,122,13400,9,2.0,7,1.0,116.0
90123,9,123,13600,9,3.0,7,0.0,116.0
90124,9,124,13800,9,2.0,7,0.0,116.0
90125,9,125,14000,9,4.0,7,4.0,120.0
90126,9,126,14200,9,2.0,7,0.0,120.0
90127,9,127,14400,9,2.0,7,1.0,121.0
90128,9,128,14600,9,2.0,7,0.0,121.0
90129,9,129,14800,9,2.0,7,0.0,121.0
90130,9,130,15000,9,5.0,7,2.0,123.0
90131,9,131,15200,9,3.0,7,0.0,123.0
90132,9,132,15400,9,2.0,7,1.0,124.0
90133,9,133,15600,9,3.0,7,0.0,124.0
90134,9,134,15800,9,2.0,7,0.0,124.0
90135,9,135,16000,9,5.0,7,4.0,128.0
90136,9,136,16200,9,2.0,7,0.0,128.0
90137,9,137,16400,9,2.0,7,1.0,129.0
90138,9,138,16600,9,2.0,7,0.0,129.0
90139,9,139,16800,9,2.0,7,0.0,129.0
90140,9,140,17000,9,5.0,7,2.0,131.0
90141,9,141,17200,9,3.0,7,0.0,131.0
90142,9,142,17400,9,2.0,7,1.0,132.0
90143,9,143,17600,9,3.0,7,0.0,132.0
90144,9,144,17800,9,2.0,7,0.0,132.0
90145,9,145,18000,9,5.0,7,4.0,136.0
90146,9,146,18200,9,2.0,7,0.0,136.0
90147,9,147,18400,9,2.0,7,1.0,137.0
90148,9,148,18600,9,2.0,7,0.0,137.0
90149,9,149,18800,9,2.0,7,0.0,137.0
90150,9,150,19000,9,5.0,7,2.0,139.0
90151,9,151,19200,9,3.0,7,0.0,139.0
90152,9,152,19400,9,2.0,7,1.0,140.0
90153,9,153,19600,9,3.0,7,0.0,140.0
90154,9,154,19800,9,2.0,7,0.0,140.0
90155,9,155,20000,9,5.0,7,4.0,144.0
90156,9,156,20200,9,2.0,7,0.0,144.0
90157,9,157,20400,9,2.0,7,1.0,145.0
90158,9,158,20600,9,2.0,7,0.0,145.0
90159,9,159,20800,9,2.0,7,0.0,145.0
90160,9,160,21000,9,5.0,7,2.0,147.0
90161,9,161,21200,9,2.0,7,0.0,147.0
90162,9,162,21400,9,2.0,7,1.0,148.0
90163,9,163,21600,9,2.0,7,0.0,148.0
90164,9,164,21800,9,2.0,7,0.0,148.0
90165,9,165,22000,9,5.0,7,4.0,152.0
90166,9,166,22200,9,2.0,7,0.0,152.0
90167,9,167,22400,9,2.0,7,1.0,153.0
90168,9,168,22600,9,2.0,7,0.0,153.0
90169,9,169,22800,9,2.0,7,0.0,153.0
90170,9,170,23000,9,5.0,7,2.0,155.0
90171,9,171,23200,9,2.0,7,0.0,155.0
90172,9,172,23400,9,2.0,7,1.0,156.0
90173,9,173,23600,9,2.0,7,0.0,156.0
90174,9,174,23800,9,2.0,7,0.0,156.0
90175,9,175,24000,9,5.0,7,4.0,160.0
90176,9,176,24200,9,2.0,7,0.0,160.0
90177,9,177,24400,9,2.0,7,1.0,161.0
90178,9,178,24600,9,2.0,7,0.0,161.0
90179,9,179,24800,9,2.0,7,0.0,161.0
90180,9,180,25000,9,5.0,7,2.0,163.0
90181,9,181,25200,9,2.0,7,0.0,163.0
90182,9,182,25400,9,2.0,7,1.0,164.0
90183,9,183,25600,9,2.0,7,0.0,164.0
90184,9,184,25800,9,2.0,7,0.0,164.0
90185,9,185,26000,9,5.0,7,4.0,168.0
90186,9,186,26200,9,2.0,7,0.0,168.0
90187,9,187,26400,9,2.0,7,1.0,169.0
90188,9,188,26600,9,2.0,7,0.0,169.0
90189,9,189,26800,9,2.0,7,0.0,169.0
90190,9,190,27000,9,5.0,7,2.0,171.0
90191,9,191,27200,9,2.0,7,0.0,171.0
90192,9,192,27400,9,2.0,7,1.0,172.0
90193,9,193,27600,9,2.0,7,0.0,172.0
90194,9,194,27800,9,2.0,7,0.0,172.0
90195,9,195,28000,9,5.0,7,4.0,176.0
90196,9,196,28200,9,2.0,7,0.0,176.0
90197,9,197,28400,9,2.0,7,1.0,177.0
90198,9,198,28600,9,3.0,7,0.0,177.0
90199,9,199,28800,9,3.0,7,0.0,177.0
90200,9,200,29000,9,5.0,7,2.0,179.0
90201,9,201,29200,9,2.0,7,0.0,179.0
90202,9,202,29400,9,3.0,7,1.0,180.0
90203,9,203,29600,9,2.0,7,0.0,180.0
90204,9,204,29800,9,3.0,7,0.0,180.0
90205,9,205,30000,9,5.0,7,4.0,184.0
90206,9,206,30200,9,2.0,7,0.0,184.0
90207,9,207,30400,9,2.0,7,1.0,185.0
90208,9,208,30600,9,3.0,7,0.0,185.0
90209,9,209,30800,9,3.0,7,0.0,185.0
90210,9,210,31000,9,5.0,7,2.0,187.0
90211,9,211,31200,9,2.0,7,0.0,187.0
90212,9,212,31400,9,3.0,7,1.0,188.0
90213,9,213,31600,9,2.0,7,0.0,188.0
90214,9,214,31800,9,3.0,7,0.0,188.0
90215,9,215,32000,9,5.0,7,4.0,192.0
90216,9,216,32200,9,2.0,7,0.0,192.0
90217,9,217,32400,9,3.0,7,1.0,193.0
90218,9,218,32600,9,2.0,7,0.0,193.0
90219,9,219,32800,9,3.0,7,0.0,193.0
90220,9,220,33000,9,5.0,7,2.0,195.0
90221,9,221,33200,9,2.0,7,0.0,195.0
90222,9,222,33400,9,3.0,7,1.0,196.0
90223,9,223,33600,9,2.0,7,0.0,196.0
90224,9,224,33800,9,3.0,7,0.0,196.0
90225,9,225,34000,9,5.0,7,4.0,200.0
90226,9,226,34200,9,2.0,7,0.0,200.0
90227,9,227,34400,9,3.0,7,1.0,201.0
90228,9,228,34600,9,2.0,7,0.0,201.0
90229,9,229,34800,9,3.0,7,0.0,201.0
90230,9,230,35000,9,5.0,7,2.0,203.0
90231,9,231,35200,9,2.0,7,0.0,203.0
90232,9,232,35400,9,3.0,7,1.0,204.0
90233,9,233,35600,9,2.0,7,0.0,204.0
90234,9,234,35800,9,3.0,7,0.0,204.0
90235,9,235,36000,9,5.0,7,4.0,208.0
90236,9,236,36200,9,2.0,7,0.0,208.0
90237,9,237,36400,9,3.0,7,1.0,209.0
90238,9,238,36600,9,2.0,7,0.0,209.0
90239,9,239,36800,9,3.0,7,0.0,209.0
90240,9,240,37000,9,5.0,7,2.0,211.0
90241,9,241,37200,9,2.0,7,0.0,211.0
90242,9,242,37400,9,3.0,7,1.0,212.0
90243,9,243,37600,9,2.0,7,0.0,212.0
90244,9,244,37800,9,3.0,7,0.0,212.0
90245,9,245,38000,9,5.0,7,4.0,216.0
90246,9,246,38200,9,2.0,7,0.0,216.0
90247,9,247,38400,9,3.0,7,1.0,217.0
90248,9,248,38600,9,2.0,7,0.0,217.0
90249,9,249,38800,9,3.0,7,0.0,217.0
90250,9,250,39000,9,5.0,7,2.0,219.0
90251,9,251,39200,9,2.0,7,0.0,219.0
90252,9,252,39400,9,3.0,7,1.0,220.0
90253,9,253,39600,9,2.0,7,0.0,220.0
90254,9,254,39800,9,3.0,7,0.0,220.0
90255,9,255,40000,9,5.0,7,4.0,224.0
90256,9,256,40200,9,2.0,7,0.0,224.0
90257,9,257,40400,9,3.0,7,1.0,225.0
90258,9,258,40600,9,2.0,7,0.0,225.0
90259,9,259,40800,9,3.0,7,0.0,225.0
90260,9,260,41000,9,5.0,7,2.0,227.0
90261,9,261,41200,9,2.0,7,0.0,227.0
90262,9,262,41400,9,3.0,7,1.0,228.0
90263,9,263,41600,9,2.0,7,0.0,228.0
90264,9,264,41800,9,3.0,7,0.0,228.0
90265,9,265,42000,9,5.0,7,4.0,232.0
90266,9,266,42200,9,2.0,7,0.0,232.0
90267,9,267,42400,9,3.0,7,1.0,233.0
90268,9,268,42600,9,2.0,7,0.0,233.0
90269,9,269,42800,9,3.0,7,0.0,233.0
90270,9,270,43000,9,5.0,7,2.0,235.0
90271,9,271,43200,9,2.0,7,0.0,235.0
90272,9,272,43400,9,3.0,7,1.0,236.0
90273,9,273,43600,9,2.0,7,0.0,236.0
90274,9,274,43800,9,3.0,7,0.0,236.0
90275,9,275,44000,9,5.0,7,4.0,240.0
90276,9,276,44200,9,2.0,7,0.0,240.0
90277,9,277,44400,9,3.0,7,1.0,241.0
90278,9,278,44600,9,2.0,7,0.0,241.0
90279,9,279,44800,9,3.0,7,0.0,241.0
90280,9,280,45000,9,5.0,7,2.0,243.0
90281,9,281,45200,9,2.0,7,0.0,243.0
90282,9,282,45400,9,3.0,7,1.0,244.0
90283,9,283,45600,9,2.0,7,0.0,244.0
90284,9,284,45800,9,3.0,7,0.0,244.0
90285,9,285,46000,9,5.0,7,4.0,248.0
90286,9,286,46200,9,2.0,7,0.0,248.0
90287,9,287,46400,9,3.0,7,1.0,249.0
90288,9,288,46600,9,2.0,7,0.0,249.0
90289,9,289,46800,9,3.0,7,0.0,249.0
90290,9,290,47000,9,5.0,7,2.0,251.0
90291,9,291,47200,9,2.0,7,0.0,251.0
90292,9,292,47400,9,3.0,7,1.0,252.0
90293,9,293,47600,9,2.0,7,0.0,252.0
90294,9,294,47800,9,3.0,7,0.0,252.0
90295,9,295,48000,9,5.0,7,4.0,256.0
90296,9,296,48200,9,3.0,7,0.0,256.0
90297,9,297,48400,9,3.0,7,1.0,257.0
90298,9,298,48600,9,5.0,7,0.0,257.0
90299,9,299,48800,9,5.0,7,0.0,257.0
90300,9,300,49000,9,7.0,7,2.0,259.0
90301,9,301,49200,9,3.0,7,0.0,259.0
90302,9,302,49400,9,3.0,7,1.0,260.0
90303,9,303,49600,9,5.0,7,0.0,260.0
90304,9,304,49800,9,5.0,7,0.0,260.0
90305,9,305,50000,9,7.0,7,4.0,264.0
90306,9,306,50200,9,3.0,7,0.0,264.0
90307,9,307,50400,9,3.0,7,1.0,265.0
90308,9,308,50600,9,5.0,7,0.0,265.0
90309,9,309,50800,9,5.0,7,0.0,265.0
90310,9,310,51000,9,7.0,7,2.0,267.0
90311,9,311,51200,9,3.0,7,0.0,267.0
90312,9,312,51400,9,3.0,7,1.0,268.0
90313,9,313,51600,9,5.0,7,0.0,268.0
90314,9,314,51800,9,5.0,7,0.0,268.0
90315,9,315,52000,9,7.0,7,4.0,272.0
90316,9,316,52200,9,9.0,7,0.0,272.0
90317,9,317,52400,9,9.0,7,1.0,273.0
90318,9,318,52600,9,9.0,7,0.0,273.0
90319,9,319,52800,9,10.0,7,0.0,273.0
90320,9,320,53000,9,11.0,7,2.0,275.0
90321,9,321,53200,9,9.0,7,0.0,275.0
90322,9,322,53400,9,9.0,7,1.0,276.0
90323,9,323,53600,9,9.0,7,0.0,276.0
90324,9,324,53800,9,10.0,7,0.0,276.0
90325,9,325,54000,9,11.0,7,4.0,280.0
90326,9,326,54200,9,9.0,7,0.0,280.0
90327,9,327,54400,9,9.0,7,1.0,281.0
90328,9,328,54600,9,9.0,7,0.0,281.0
90329,9,329,54800,9,10.0,7,0.0,281.0
90330,9,330,55000,9,11.0,7,2.0,283.0
90331,9,331,55200,9,9.0,7,0.0,283.0
90332,9,332,55400,9,9.0,7,1.0,284.0
90333,9,333,55600,9,9.0,7,0.0,284.0
90334,9,334,55800,9,10.0,7,0.0,284.0
90335,9,335,56000,9,11.0,7,4.0,288.0
90336,9,336,56200,9,9.0,7,0.0,288.0
90337,9,337,56400,9,9.0,7,1.0,289.0
90338,9,338,56600,9,9.0,7,0.0,289.0
90339,9,339,56800,9,10.0,7,0.0,289.0
90340,9,340,57000,9,11.0,7,2.0,291.0
90341,9,341,57200,9,9.0,7,0.0,291.0
90342,9,342,57400,9,9.0,7,1.0,292.0
90343,9,343,57600,9,9.0,7,0.0,292.0
90344,9,344,57800,9,10.0,7,0.0,292.0
90345,9,345,58000,9,11.0,7,4.0,296.0
90346,9,346,58200,9,9.0,7,0.0,296.0
90347,9,347,58400,9,9.0,7,1.0,297.0
90348,9,348,58600,9,9.0,7,0.0,297.0
90349,9,349,58800,9,10.0,7,0.0,297.0
90350,9,350,59000,9,11.0,7,2.0,299.0
90351,9,351,59200,9,9.0,7,0.0,299.0
90352,9,352,59400,9,9.0,7,1.0,300.0
90353,9,353,59600,9,9.0,7,0.0,300.0
90354,9,354,59800,9,10.0,7,0.0,300.0
90355,9,355,60000,9,11.0,7,4.0,304.0
90356,9,356,60200,9,9.0,7,0.0,304.0
90357,9,357,60400,9,9.0,7,1.0,305.0
90358,9,358,60600,9,9.0,7,0.0,305.0
90359,9,359,60800,9,10.0,7,0.0,305.0
90360,9,360,61000,9,11.0,7,2.0,307.0
90361,9,361,61200,9,9.0,7,0.0,307.0
90362,9,362,61400,9,9.0,7,1.0,308.0
90363,9,363,61600,9,9.0,7,0.0,308.0
90364,9,364,61800,9,10.0,7,0.0,308.0
90365,9,365,62000,9,11.0,7,4.0,312.0
90366,9,366,62200,9,9.0,7,0.0,312.0
90367,9,367,62400,9,9.0,7,1.0,313.0
90368,9,368,62600,9,9.0,7,0.0,313.0
90369,9,369,62800,9,10.0,7,0.0,313.0
90370,9,370,63000,9,11.0,7,2.0,315.0
90371,9,371,63200,9,9.0,7,0.0,315.0
90372,9,372,63400,9,9.0,7,1.0,316.0
90373,9,373,63600,9,9.0,7,0.0,316.0
90374,9,374,63800,9,10.0,7,0.0,316.0
90375,9,375,64000,9,11.0,7,4.0,320.0
100001,10,1,1,410,1.0,10,20.0,20.0
100002,10,2,25,10,1.0,10,1.0,21.0
100003,10,3,50,410,2.0,10,0.0,21.0
100004,10,4,75,10,2.0,10,0.0,21.0
100005,10,5,100,410,4.0,10,2.0,23.0
100006,10,6,150,410,4.0,10,0.0,23.0
100007,10,7,200,410,2.0,10,1.0,24.0
100008,10,8,300,410,2.0,10,0.0,24.0
100009,10,9,400,410,2.0,10,0.0,24.0
100010,10,10,500,410,3.0,10,2.0,26.0
100011,10,11,600,410,2.0,10,0.0,26.0
100012,10,12,700,410,2.0,10,1.0,27.0
100013,10,13,800,410,2.0,10,0.0,27.0
100014,10,14,900,410,2.0,10,0.0,27.0
100015,10,15,1000,410,3.0,10,3.0,30.0
100016,10,16,1100,410,2.0,10,0.0,30.0
100017,10,17,1200,10,2.0,10,1.0,31.0
100018,10,18,1300,10,2.0,10,0.0,31.0
100019,10,19,1400,10,2.0,10,0.0,31.0
100020,10,20,1500,10,3.0,10,2.0,33.0
100021,10,21,1600,10,2.0,10,0.0,33.0
100022,10,22,1700,10,2.0,10,1.0,34.0
100023,10,23,1800,10,2.0,10,0.0,34.0
100024,10,24,1900,10,2.0,10,0.0,34.0
100025,10,25,2000,10,3.0,10,3.0,37.0
100026,10,26,2100,10,2.0,10,0.0,37.0
100027,10,27,2200,10,2.0,10,1.0,38.0
100028,10,28,2300,10,1.5,10,0.0,38.0
100029,10,29,2400,10,2.0,10,0.0,38.0
100030,10,30,2500,10,3.0,10,2.0,40.0
100031,10,31,2600,10,2.0,10,0.0,40.0
100032,10,32,2700,10,1.5,10,1.0,41.0
100033,10,33,2800,10,2.0,10,0.0,41.0
100034,10,34,2900,10,1.5,10,0.0,41.0
100035,10,35,3000,10,3.0,10,3.0,44.0
100036,10,36,3100,10,1.5,10,0.0,44.0
100037,10,37,3200,10,2.0,10,1.0,45.0
100038,10,38,3300,10,1.5,10,0.0,45.0
100039,10,39,3400,10,2.0,10,0.0,45.0
100040,10,40,3500,10,3.0,10,2.0,47.0
100041,10,41,3600,10,2.0,10,0.0,47.0
100042,10,42,3700,10,1.5,10,1.0,48.0
100043,10,43,3800,10,2.0,10,0.0,48.0
100044,10,44,3900,10,1.5,10,0.0,48.0
100045,10,45,4000,10,3.0,10,3.0,51.0
100046,10,46,4100,10,1.5,10,0.0,51.0
100047,10,47,4200,10,2.0,10,1.0,52.0
100048,10,48,4300,10,2.0,10,0.0,52.0
100049,10,49,4400,10,2.0,10,0.0,52.0
100050,10,50,4500,10,3.0,10,2.0,54.0
100051,10,51,4600,10,1.5,10,0.0,54.0
100052,10,52,4700,10,2.0,10,1.0,55.0
100053,10,53,4800,10,1.5,10,0.0,55.0
100054,10,54,4900,10,2.0,10,0.0,55.0
100055,10,55,5000,10,3.0,10,3.0,58.0
100056,10,56,5100,10,1.5,10,0.0,58.0
100057,10,57,5200,10,2.0,10,1.0,59.0
100058,10,58,5300,10,1.5,10,0.0,59.0
100059,10,59,5400,10,2.0,10,0.0,59.0
100060,10,60,5500,10,3.0,10,2.0,61.0
100061,10,61,5600,10,1.5,10,0.0,61.0
100062,10,62,5700,10,1.5,10,1.0,62.0
100063,10,63,5800,10,1.5,10,0.0,62.0
100064,10,64,5900,10,1.5,10,0.0,62.0
100065,10,65,6000,10,3.0,10,3.0,65.0
100066,10,66,6100,10,1.5,10,0.0,65.0
100067,10,67,6200,10,2.0,10,1.0,66.0
100068,10,68,6300,10,1.5,10,0.0,66.0
100069,10,69,6400,10,2.0,10,0.0,66.0
100070,10,70,6500,10,3.0,10,2.0,68.0
100071,10,71,6600,10,1.5,10,0.0,68.0
100072,10,72,6700,10,1.5,10,1.0,69.0
100073,10,73,6800,10,2.0,10,0.0,69.0
100074,10,74,6900,10,1.5,10,0.0,69.0
100075,10,75,7000,10,3.0,10,3.0,72.0
100076,10,76,7100,10,1.5,10,0.0,72.0
100077,10,77,7200,10,2.0,10,1.0,73.0
100078,10,78,7300,10,1.5,10,0.0,73.0
100079,10,79,7400,10,2.0,10,0.0,73.0
100080,10,80,7500,10,3.0,10,2.0,75.0
100081,10,81,7600,10,1.5,10,0.0,75.0
100082,10,82,7700,10,2.0,10,1.0,76.0
100083,10,83,7800,10,1.5,10,0.0,76.0
100084,10,84,7900,10,2.0,10,0.0,76.0
100085,10,85,8000,10,3.0,10,3.0,79.0
100086,10,86,8100,10,1.5,10,0.0,79.0
100087,10,87,8200,10,2.0,10,1.0,80.0
100088,10,88,8300,10,1.5,10,0.0,80.0
100089,10,89,8400,10,2.0,10,0.0,80.0
100090,10,90,8500,10,3.0,10,2.0,82.0
100091,10,91,8600,10,1.5,10,0.0,82.0
100092,10,92,8700,10,2.0,10,1.0,83.0
100093,10,93,8800,10,1.5,10,0.0,83.0
100094,10,94,8900,10,1.5,10,0.0,83.0
100095,10,95,9000,10,3.0,10,3.0,86.0
100096,10,96,9100,10,1.5,10,0.0,86.0
100097,10,97,9200,10,2.0,10,1.0,87.0
100098,10,98,9300,10,1.5,10,0.0,87.0
100099,10,99,9400,10,1.5,10,0.0,87.0
100100,10,100,9500,10,3.0,10,2.0,89.0
100101,10,101,9600,10,1.5,10,0.0,89.0
100102,10,102,9700,10,1.5,10,1.0,90.0
100103,10,103,9800,10,2.0,10,0.0,90.0
100104,10,104,9900,10,1.5,10,0.0,90.0
100105,10,105,10000,10,3.0,10,3.0,93.0
100106,10,106,10200,10,2.0,10,0.0,93.0
100107,10,107,10400,10,2.0,10,1.0,94.0
100108,10,108,10600,10,2.0,10,0.0,94.0
100109,10,109,10800,10,2.0,10,0.0,94.0
100110,10,110,11000,10,5.0,10,2.0,96.0
100111,10,111,11200,10,3.0,10,0.0,96.0
100112,10,112,11400,10,2.0,10,1.0,97.0
100113,10,113,11600,10,3.0,10,0.0,97.0
100114,10,114,11800,10,2.0,10,0.0,97.0
100115,10,115,12000,10,5.0,10,3.0,100.0
100116,10,116,12200,10,2.0,10,0.0,100.0
100117,10,117,12400,10,2.0,10,1.0,101.0
100118,10,118,12600,10,2.0,10,0.0,101.0
100119,10,119,12800,10,2.0,10,0.0,101.0
100120,10,120,13000,10,5.0,10,2.0,103.0
100121,10,121,13200,10,3.0,10,0.0,103.0
100122,10,122,13400,10,2.0,10,1.0,104.0
100123,10,123,13600,10,3.0,10,0.0,104.0
100124,10,124,13800,10,2.0,10,0.0,104.0
100125,10,125,14000,10,5.0,10,3.0,107.0
100126,10,126,14200,10,2.0,10,0.0,107.0
100127,10,127,14400,10,2.0,10,1.0,108.0
100128,10,128,14600,10,2.0,10,0.0,108.0
100129,10,129,14800,10,2.0,10,0.0,108.0
100130,10,130,15000,10,5.0,10,2.0,110.0
100131,10,131,15200,10,3.0,10,0.0,110.0
100132,10,132,15400,10,2.0,10,1.0,111.0
100133,10,133,15600,10,3.0,10,0.0,111.0
100134,10,134,15800,10,2.0,10,0.0,111.0
100135,10,135,16000,10,5.0,10,3.0,114.0
100136,10,136,16200,10,2.0,10,0.0,114.0
100137,10,137,16400,10,2.0,10,1.0,115.0
100138,10,138,16600,10,2.0,10,0.0,115.0
100139,10,139,16800,10,2.0,10,0.0,115.0
100140,10,140,17000,10,6.0,10,2.0,117.0
100141,10,141,17200,10,3.0,10,0.0,117.0
100142,10,142,17400,10,2.0,10,1.0,118.0
100143,10,143,17600,10,3.0,10,0.0,118.0
100144,10,144,17800,10,2.0,10,0.0,118.0
100145,10,145,18000,10,6.0,10,3.0,121.0
100146,10,146,18200,10,2.0,10,0.0,121.0
100147,10,147,18400,10,2.0,10,1.0,122.0
100148,10,148,18600,10,2.0,10,0.0,122.0
100149,10,149,18800,10,2.0,10,0.0,122.0
100150,10,150,19000,10,5.0,10,2.0,124.0
100151,10,151,19200,10,3.0,10,0.0,124.0
100152,10,152,19400,10,2.0,10,1.0,125.0
100153,10,153,19600,10,3.0,10,0.0,125.0
100154,10,154,19800,10,2.0,10,0.0,125.0
100155,10,155,20000,10,5.0,10,3.0,128.0
100156,10,156,20200,10,2.0,10,0.0,128.0
100157,10,157,20400,10,3.0,10,1.0,129.0
100158,10,158,20600,10,2.0,10,0.0,129.0
100159,10,159,20800,10,3.0,10,0.0,129.0
100160,10,160,21000,10,5.0,10,2.0,131.0
100161,10,161,21200,10,2.0,10,0.0,131.0
100162,10,162,21400,10,3.0,10,1.0,132.0
100163,10,163,21600,10,2.0,10,0.0,132.0
100164,10,164,21800,10,3.0,10,0.0,132.0
100165,10,165,22000,10,5.0,10,3.0,135.0
100166,10,166,22200,10,2.0,10,0.0,135.0
100167,10,167,22400,10,2.0,10,1.0,136.0
100168,10,168,22600,10,2.0,10,0.0,136.0
100169,10,169,22800,10,2.0,10,0.0,136.0
100170,10,170,23000,10,5.0,10,2.0,138.0
100171,10,171,23200,10,2.0,10,0.0,138.0
100172,10,172,23400,10,2.0,10,1.0,139.0
100173,10,173,23600,10,2.0,10,0.0,139.0
100174,10,174,23800,10,2.0,10,0.0,139.0
100175,10,175,24000,10,3.0,10,3.0,142.0
100176,10,176,24200,10,2.0,10,0.0,142.0
100177,10,177,24400,10,2.0,10,1.0,143.0
100178,10,178,24600,10,2.0,10,0.0,143.0
100179,10,179,24800,10,2.0,10,0.0,143.0
100180,10,180,25000,10,5.0,10,2.0,145.0
100181,10,181,25200,10,2.0,10,0.0,145.0
100182,10,182,25400,10,2.0,10,1.0,146.0
100183,10,183,25600,10,2.0,10,0.0,146.0
100184,10,184,25800,10,2.0,10,0.0,146.0
100185,10,185,26000,10,5.0,10,3.0,149.0
100186,10,186,26200,10,2.0,10,0.0,149.0
100187,10,187,26400,10,2.0,10,1.0,150.0
100188,10,188,26600,10,2.0,10,0.0,150.0
100189,10,189,26800,10,2.0,10,0.0,150.0
100190,10,190,27000,10,5.0,10,2.0,152.0
100191,10,191,27200,10,2.0,10,0.0,152.0
100192,10,192,27400,10,2.0,10,1.0,153.0
100193,10,193,27600,10,2.0,10,0.0,153.0
100194,10,194,27800,10,2.0,10,0.0,153.0
100195,10,195,28000,10,5.0,10,3.0,156.0
100196,10,196,28200,10,2.0,10,0.0,156.0
100197,10,197,28400,10,2.0,10,1.0,157.0
100198,10,198,28600,10,2.0,10,0.0,157.0
100199,10,199,28800,10,2.0,10,0.0,157.0
100200,10,200,29000,10,5.0,10,2.0,159.0
100201,10,201,29200,10,2.0,10,0.0,159.0
100202,10,202,29400,10,2.0,10,1.0,160.0
100203,10,203,29600,10,2.0,10,0.0,160.0
100204,10,204,29800,10,2.0,10,0.0,160.0
100205,10,205,30000,10,5.0,10,3.0,163.0
100206,10,206,30200,10,2.0,10,0.0,163.0
100207,10,207,30400,10,3.0,10,1.0,164.0
100208,10,208,30600,10,2.0,10,0.0,164.0
100209,10,209,30800,10,3.0,10,0.0,164.0
100210,10,210,31000,10,5.0,10,2.0,166.0
100211,10,211,31200,10,2.0,10,0.0,166.0
100212,10,212,31400,10,2.0,10,1.0,167.0
100213,10,213,31600,10,3.0,10,0.0,167.0
100214,10,214,31800,10,3.0,10,0.0,167.0
100215,10,215,32000,10,5.0,10,3.0,170.0
100216,10,216,32200,10,2.0,10,0.0,170.0
100217,10,217,32400,10,3.0,10,1.0,171.0
100218,10,218,32600,10,2.0,10,0.0,171.0
100219,10,219,32800,10,3.0,10,0.0,171.0
100220,10,220,33000,10,5.0,10,2.0,173.0
100221,10,221,33200,10,2.0,10,0.0,173.0
100222,10,222,33400,10,2.0,10,1.0,174.0
100223,10,223,33600,10,3.0,10,0.0,174.0
100224,10,224,33800,10,3.0,10,0.0,174.0
100225,10,225,34000,10,5.0,10,3.0,177.0
100226,10,226,34200,10,2.0,10,0.0,177.0
100227,10,227,34400,10,3.0,10,1.0,178.0
100228,10,228,34600,10,2.0,10,0.0,178.0
100229,10,229,34800,10,3.0,10,0.0,178.0
100230,10,230,35000,10,5.0,10,2.0,180.0
100231,10,231,35200,10,2.0,10,0.0,180.0
100232,10,232,35400,10,3.0,10,1.0,181.0
100233,10,233,35600,10,2.0,10,0.0,181.0
100234,10,234,35800,10,3.0,10,0.0,181.0
100235,10,235,36000,10,5.0,10,3.0,184.0
100236,10,236,36200,10,2.0,10,0.0,184.0
100237,10,237,36400,10,2.0,10,1.0,185.0
100238,10,238,36600,10,3.0,10,0.0,185.0
100239,10,239,36800,10,3.0,10,0.0,185.0
100240,10,240,37000,10,5.0,10,2.0,187.0
100241,10,241,37200,10,2.0,10,0.0,187.0
100242,10,242,37400,10,3.0,10,1.0,188.0
100243,10,243,37600,10,2.0,10,0.0,188.0
100244,10,244,37800,10,3.0,10,0.0,188.0
100245,10,245,38000,10,5.0,10,3.0,191.0
100246,10,246,38200,10,2.0,10,0.0,191.0
100247,10,247,38400,10,2.0,10,1.0,192.0
100248,10,248,38600,10,3.0,10,0.0,192.0
100249,10,249,38800,10,3.0,10,0.0,192.0
100250,10,250,39000,10,5.0,10,2.0,194.0
100251,10,251,39200,10,2.0,10,0.0,194.0
100252,10,252,39400,10,3.0,10,1.0,195.0
100253,10,253,39600,10,2.0,10,0.0,195.0
100254,10,254,39800,10,3.0,10,0.0,195.0
100255,10,255,40000,10,5.0,10,3.0,198.0
100256,10,256,40200,10,2.0,10,0.0,198.0
100257,10,257,40400,10,2.0,10,1.0,199.0
100258,10,258,40600,10,3.0,10,0.0,199.0
100259,10,259,40800,10,3.0,10,0.0,199.0
100260,10,260,41000,10,5.0,10,2.0,201.0
100261,10,261,41200,10,2.0,10,0.0,201.0
100262,10,262,41400,10,3.0,10,1.0,202.0
100263,10,263,41600,10,2.0,10,0.0,202.0
100264,10,264,41800,10,3.0,10,0.0,202.0
100265,10,265,42000,10,5.0,10,3.0,205.0
100266,10,266,42200,10,2.0,10,0.0,205.0
100267,10,267,42400,10,2.0,10,1.0,206.0
100268,10,268,42600,10,3.0,10,0.0,206.0
100269,10,269,42800,10,3.0,10,0.0,206.0
100270,10,270,43000,10,5.0,10,2.0,208.0
100271,10,271,43200,10,2.0,10,0.0,208.0
100272,10,272,43400,10,2.0,10,1.0,209.0
100273,10,273,43600,10,3.0,10,0.0,209.0
100274,10,274,43800,10,3.0,10,0.0,209.0
100275,10,275,44000,10,5.0,10,3.0,212.0
100276,10,276,44200,10,2.0,10,0.0,212.0
100277,10,277,44400,10,2.0,10,1.0,213.0
100278,10,278,44600,10,3.0,10,0.0,213.0
100279,10,279,44800,10,3.0,10,0.0,213.0
100280,10,280,45000,10,5.0,10,2.0,215.0
100281,10,281,45200,10,2.0,10,0.0,215.0
100282,10,282,45400,10,2.0,10,1.0,216.0
100283,10,283,45600,10,3.0,10,0.0,216.0
100284,10,284,45800,10,3.0,10,0.0,216.0
100285,10,285,46000,10,5.0,10,3.0,219.0
100286,10,286,46200,10,2.0,10,0.0,219.0
100287,10,287,46400,10,2.0,10,1.0,220.0
100288,10,288,46600,10,3.0,10,0.0,220.0
100289,10,289,46800,10,3.0,10,0.0,220.0
100290,10,290,47000,10,5.0,10,2.0,222.0
100291,10,291,47200,10,2.0,10,0.0,222.0
100292,10,292,47400,10,2.0,10,1.0,223.0
100293,10,293,47600,10,3.0,10,0.0,223.0
100294,10,294,47800,10,3.0,10,0.0,223.0
100295,10,295,48000,10,5.0,10,3.0,226.0
100296,10,296,48200,10,3.0,10,0.0,226.0
100297,10,297,48400,10,3.0,10,1.0,227.0
100298,10,298,48600,10,5.0,10,0.0,227.0
100299,10,299,48800,10,5.0,10,0.0,227.0
100300,10,300,49000,10,9.0,10,2.0,229.0
100301,10,301,49200,10,3.0,10,0.0,229.0
100302,10,302,49400,10,3.0,10,1.0,230.0
100303,10,303,49600,10,5.0,10,0.0,230.0
100304,10,304,49800,10,5.0,10,0.0,230.0
100305,10,305,50000,10,9.0,10,3.0,233.0
100306,10,306,50200,10,3.0,10,0.0,233.0
100307,10,307,50400,10,3.0,10,1.0,234.0
100308,10,308,50600,10,5.0,10,0.0,234.0
100309,10,309,50800,10,5.0,10,0.0,234.0
100310,10,310,51000,10,9.0,10,2.0,236.0
100311,10,311,51200,10,3.0,10,0.0,236.0
100312,10,312,51400,10,3.0,10,1.0,237.0
100313,10,313,51600,10,5.0,10,0.0,237.0
100314,10,314,51800,10,5.0,10,0.0,237.0
100315,10,315,52000,10,9.0,10,3.0,240.0
100316,10,316,52200,10,3.0,10,0.0,240.0
100317,10,317,52400,10,3.0,10,1.0,241.0
100318,10,318,52600,10,5.0,10,0.0,241.0
100319,10,319,52800,10,5.0,10,0.0,241.0
100320,10,320,53000,10,9.0,10,2.0,243.0
100321,10,321,53200,10,3.0,10,0.0,243.0
100322,10,322,53400,10,3.0,10,1.0,244.0
100323,10,323,53600,10,5.0,10,0.0,244.0
100324,10,324,53800,10,5.0,10,0.0,244.0
100325,10,325,54000,10,9.0,10,3.0,247.0
100326,10,326,54200,10,3.0,10,0.0,247.0
100327,10,327,54400,10,3.0,10,1.0,248.0
100328,10,328,54600,10,5.0,10,0.0,248.0
100329,10,329,54800,10,5.0,10,0.0,248.0
100330,10,330,55000,10,9.0,10,2.0,250.0
100331,10,331,55200,10,3.0,10,0.0,250.0
100332,10,332,55400,10,3.0,10,1.0,251.0
100333,10,333,55600,10,5.0,10,0.0,251.0
100334,10,334,55800,10,5.0,10,0.0,251.0
100335,10,335,56000,10,9.0,10,3.0,254.0
100336,10,336,56200,10,3.0,10,0.0,254.0
100337,10,337,56400,10,3.0,10,1.0,255.0
100338,10,338,56600,10,5.0,10,0.0,255.0
100339,10,339,56800,10,5.0,10,0.0,255.0
100340,10,340,57000,10,9.0,10,2.0,257.0
100341,10,341,57200,10,3.0,10,0.0,257.0
100342,10,342,57400,10,3.0,10,1.0,258.0
100343,10,343,57600,10,5.0,10,0.0,258.0
100344,10,344,57800,10,5.0,10,0.0,258.0
100345,10,345,58000,10,9.0,10,3.0,261.0
100346,10,346,58200,10,8.0,10,0.0,261.0
100347,10,347,58400,10,8.0,10,1.0,262.0
100348,10,348,58600,10,9.0,10,0.0,262.0
100349,10,349,58800,10,9.0,10,0.0,262.0
100350,10,350,59000,10,10.0,10,2.0,264.0
100351,10,351,59200,10,8.0,10,0.0,264.0
100352,10,352,59400,10,9.0,10,1.0,265.0
100353,10,353,59600,10,10.0,10,0.0,265.0
100354,10,354,59800,10,12.0,10,0.0,265.0
100355,10,355,60000,10,15.0,10,3.0,268.0
100356,10,356,60200,10,10.0,10,0.0,268.0
100357,10,357,60400,10,11.0,10,1.0,269.0
100358,10,358,60600,10,12.0,10,0.0,269.0
100359,10,359,60800,10,13.0,10,0.0,269.0
100360,10,360,61000,10,15.0,10,2.0,271.0
100361,10,361,61200,10,13.0,10,0.0,271.0
100362,10,362,61400,10,13.0,10,1.0,272.0
100363,10,363,61600,10,13.0,10,0.0,272.0
100364,10,364,61800,10,13.0,10,0.0,272.0
100365,10,365,62000,10,13.0,10,3.0,275.0
100366,10,366,62200,10,9.0,10,0.0,275.0
100367,10,367,62400,10,9.0,10,1.0,276.0
100368,10,368,62600,10,9.0,10,0.0,276.0
100369,10,369,62800,10,9.0,10,0.0,276.0
100370,10,370,63000,10,15.0,10,2.0,278.0
100371,10,371,63200,10,9.0,10,0.0,278.0
100372,10,372,63400,10,9.0,10,1.0,279.0
100373,10,373,63600,10,9.0,10,0.0,279.0
100374,10,374,63800,10,9.0,10,0.0,279.0
100375,10,375,64000,10,15.0,10,3.0,282.0
100376,10,376,64200,10,9.0,10,0.0,282.0
100377,10,377,64400,10,9.0,10,1.0,283.0
100378,10,378,64600,10,9.0,10,0.0,283.0
100379,10,379,64800,10,9.0,10,0.0,283.0
100380,10,380,65000,10,15.0,10,2.0,285.0
100381,10,381,65200,10,9.0,10,0.0,285.0
100382,10,382,65400,10,9.0,10,1.0,286.0
100383,10,383,65600,10,9.0,10,0.0,286.0
100384,10,384,65800,10,9.0,10,0.0,286.0
100385,10,385,66000,10,15.0,10,3.0,289.0
100386,10,386,66200,10,9.0,10,0.0,289.0
100387,10,387,66400,10,9.0,10,1.0,290.0
100388,10,388,66600,10,9.0,10,0.0,290.0
100389,10,389,66800,10,9.0,10,0.0,290.0
100390,10,390,67000,10,15.0,10,2.0,292.0
100391,10,391,67200,10,9.0,10,0.0,292.0
100392,10,392,67400,10,9.0,10,1.0,293.0
100393,10,393,67600,10,9.0,10,0.0,293.0
100394,10,394,67800,10,9.0,10,0.0,293.0
100395,10,395,68000,10,15.0,10,3.0,296.0
100396,10,396,68200,10,9.0,10,0.0,296.0
100397,10,397,68400,10,9.0,10,1.0,297.0
100398,10,398,68600,10,9.0,10,0.0,297.0
100399,10,399,68800,10,9.0,10,0.0,297.0
100400,10,400,69000,10,15.0,10,2.0,299.0
100401,10,401,69200,10,9.0,10,0.0,299.0
100402,10,402,69400,10,9.0,10,1.0,300.0
100403,10,403,69600,10,9.0,10,0.0,300.0
100404,10,404,69800,10,9.0,10,0.0,300.0
100405,10,405,70000,10,15.0,10,3.0,303.0
100406,10,406,70200,10,9.0,10,0.0,303.0
100407,10,407,70400,10,9.0,10,1.0,304.0
100408,10,408,70600,10,9.0,10,0.0,304.0
100409,10,409,70800,10,9.0,10,0.0,304.0
100410,10,410,71000,10,15.0,10,2.0,306.0
100411,10,411,71200,10,9.0,10,0.0,306.0
100412,10,412,71400,10,9.0,10,1.0,307.0
100413,10,413,71600,10,9.0,10,0.0,307.0
100414,10,414,71800,10,9.0,10,0.0,307.0
100415,10,415,72000,10,15.0,10,3.0,310.0
100416,10,416,72200,10,9.0,10,0.0,310.0
100417,10,417,72400,10,9.0,10,1.0,311.0
100418,10,418,72600,10,9.0,10,0.0,311.0
100419,10,419,72800,10,9.0,10,0.0,311.0
100420,10,420,73000,10,15.0,10,2.0,313.0
100421,10,421,73200,10,9.0,10,0.0,313.0
100422,10,422,73400,10,9.0,10,1.0,314.0
100423,10,423,73600,10,9.0,10,0.0,314.0
100424,10,424,73800,10,9.0,10,0.0,314.0
100425,10,425,74000,10,15.0,10,3.0,317.0
100426,10,426,74200,10,9.0,10,0.0,317.0
100427,10,427,74400,10,9.0,10,1.0,318.0
100428,10,428,74600,10,9.0,10,0.0,318.0
100429,10,429,74800,10,9.0,10,0.0,318.0
100430,10,430,75000,10,15.0,10,2.0,320.0
