Id,CardId,Star,ClubId,Ability,Position
10100,103010,2,101,"{""1"":55,""2"":34,""3"":61,""4"":70,""5"":66,""6"":47,""7"":24,""8"":29,""9"":61,""10"":55}",1
10101,103030,2,101,"{""1"":59,""2"":37,""3"":53,""4"":65,""5"":75,""6"":56,""7"":37,""8"":20,""9"":64,""10"":55}",2
10102,102004,2,101,"{""1"":44,""2"":43,""3"":38,""4"":46,""5"":40,""6"":38,""7"":34,""8"":41,""9"":50,""10"":47}",3
10103,103015,2,101,"{""1"":49,""2"":60,""3"":38,""4"":43,""5"":34,""6"":53,""7"":62,""8"":76,""9"":44,""10"":54}",4
10104,104015,2,101,"{""1"":64,""2"":78,""3"":43,""4"":49,""5"":33,""6"":63,""7"":89,""8"":88,""9"":53,""10"":71}",5
10105,103004,2,101,"{""1"":53,""2"":35,""3"":67,""4"":68,""5"":66,""6"":47,""7"":24,""8"":32,""9"":69,""10"":56}",1
10106,104017,2,101,"{""1"":77,""2"":44,""3"":69,""4"":76,""5"":89,""6"":68,""7"":47,""8"":24,""9"":75,""10"":64}",2
10107,101015,2,101,"{""1"":29,""2"":31,""3"":37,""4"":39,""5"":29,""6"":29,""7"":29,""8"":36,""9"":39,""10"":36}",3
10108,103035,2,101,"{""1"":40,""2"":60,""3"":37,""4"":45,""5"":30,""6"":52,""7"":69,""8"":75,""9"":44,""10"":53}",4
10109,103003,2,101,"{""1"":45,""2"":68,""3"":36,""4"":42,""5"":34,""6"":56,""7"":72,""8"":76,""9"":44,""10"":56}",5
10200,103005,2,102,"{""1"":50,""2"":39,""3"":70,""4"":66,""5"":79,""6"":55,""7"":24,""8"":31,""9"":68,""10"":50}",1
10201,104016,2,102,"{""1"":81,""2"":42,""3"":73,""4"":75,""5"":72,""6"":53,""7"":37,""8"":29,""9"":76,""10"":63}",2
10202,102015,2,102,"{""1"":43,""2"":40,""3"":37,""4"":46,""5"":42,""6"":41,""7"":36,""8"":45,""9"":47,""10"":47}",3
10203,103033,2,102,"{""1"":43,""2"":64,""3"":37,""4"":43,""5"":30,""6"":51,""7"":67,""8"":72,""9"":44,""10"":56}",4
10204,103023,2,102,"{""1"":39,""2"":65,""3"":34,""4"":42,""5"":32,""6"":54,""7"":72,""8"":80,""9"":46,""10"":57}",5
10205,103028,2,102,"{""1"":51,""2"":36,""3"":63,""4"":69,""5"":67,""6"":48,""7"":24,""8"":31,""9"":67,""10"":52}",1
10206,104020,2,102,"{""1"":78,""2"":42,""3"":63,""4"":77,""5"":85,""6"":64,""7"":44,""8"":31,""9"":73,""10"":64}",2
10207,101005,2,102,"{""1"":32,""2"":36,""3"":33,""4"":39,""5"":38,""6"":37,""7"":29,""8"":38,""9"":38,""10"":41}",3
10208,102012,2,102,"{""1"":41,""2"":53,""3"":32,""4"":38,""5"":23,""6"":36,""7"":46,""8"":53,""9"":39,""10"":49}",4
10209,104005,2,102,"{""1"":55,""2"":89,""3"":45,""4"":49,""5"":39,""6"":63,""7"":83,""8"":92,""9"":55,""10"":71}",5
10300,103024,2,103,"{""1"":50,""2"":35,""3"":55,""4"":66,""5"":82,""6"":58,""7"":27,""8"":29,""9"":64,""10"":51}",1
10301,104016,2,103,"{""1"":81,""2"":42,""3"":73,""4"":75,""5"":72,""6"":53,""7"":37,""8"":29,""9"":76,""10"":63}",2
10302,103037,2,103,"{""1"":50,""2"":49,""3"":41,""4"":55,""5"":47,""6"":51,""7"":51,""8"":53,""9"":54,""10"":56}",3
10303,101013,2,103,"{""1"":26,""2"":37,""3"":26,""4"":32,""5"":19,""6"":29,""7"":37,""8"":50,""9"":33,""10"":43}",4
10304,103001,2,103,"{""1"":48,""2"":70,""3"":34,""4"":42,""5"":32,""6"":56,""7"":76,""8"":79,""9"":46,""10"":58}",5
10305,104006,2,103,"{""1"":67,""2"":47,""3"":79,""4"":77,""5"":90,""6"":64,""7"":31,""8"":41,""9"":78,""10"":65}",1
10306,102006,2,103,"{""1"":50,""2"":28,""3"":47,""4"":56,""5"":58,""6"":41,""7"":27,""8"":18,""9"":58,""10"":46}",2
10307,102015,2,103,"{""1"":43,""2"":40,""3"":37,""4"":46,""5"":42,""6"":41,""7"":36,""8"":45,""9"":47,""10"":47}",3
10308,103036,2,103,"{""1"":45,""2"":66,""3"":39,""4"":43,""5"":28,""6"":45,""7"":59,""8"":68,""9"":46,""10"":56}",4
10309,103003,2,103,"{""1"":45,""2"":68,""3"":36,""4"":42,""5"":34,""6"":56,""7"":72,""8"":76,""9"":44,""10"":56}",5
10400,103007,2,104,"{""1"":49,""2"":38,""3"":69,""4"":65,""5"":75,""6"":53,""7"":24,""8"":29,""9"":67,""10"":52}",1
10401,104024,2,104,"{""1"":79,""2"":45,""3"":75,""4"":76,""5"":78,""6"":58,""7"":38,""8"":24,""9"":80,""10"":61}",2
10402,104028,2,104,"{""1"":69,""2"":59,""3"":52,""4"":64,""5"":61,""6"":59,""7"":48,""8"":53,""9"":65,""10"":66}",3
10403,102009,2,104,"{""1"":36,""2"":54,""3"":31,""4"":38,""5"":25,""6"":41,""7"":54,""8"":67,""9"":39,""10"":50}",4
10404,103017,2,104,"{""1"":42,""2"":63,""3"":34,""4"":42,""5"":30,""6"":54,""7"":73,""8"":71,""9"":50,""10"":60}",5
10405,103026,2,104,"{""1"":57,""2"":35,""3"":63,""4"":67,""5"":64,""6"":44,""7"":24,""8"":29,""9"":64,""10"":53}",1
10406,101014,2,104,"{""1"":33,""2"":24,""3"":35,""4"":47,""5"":41,""6"":30,""7"":23,""8"":17,""9"":48,""10"":36}",2
10407,104030,2,104,"{""1"":67,""2"":56,""3"":55,""4"":64,""5"":58,""6"":58,""7"":53,""8"":56,""9"":67,""10"":68}",3
10408,101001,2,104,"{""1"":31,""2"":43,""3"":27,""4"":32,""5"":21,""6"":34,""7"":44,""8"":56,""9"":31,""10"":41}",4
10409,104026,2,104,"{""1"":54,""2"":80,""3"":41,""4"":49,""5"":40,""6"":70,""7"":91,""8"":92,""9"":58,""10"":67}",5
10500,104004,2,105,"{""1"":67,""2"":41,""3"":83,""4"":79,""5"":96,""6"":66,""7"":28,""8"":33,""9"":77,""10"":64}",1
10501,101011,2,105,"{""1"":36,""2"":23,""3"":36,""4"":47,""5"":43,""6"":31,""7"":23,""8"":14,""9"":49,""10"":38}",2
10502,101007,2,105,"{""1"":32,""2"":32,""3"":32,""4"":39,""5"":31,""6"":31,""7"":29,""8"":35,""9"":41,""10"":40}",3
10503,102009,2,105,"{""1"":36,""2"":54,""3"":31,""4"":38,""5"":25,""6"":41,""7"":54,""8"":67,""9"":39,""10"":50}",4
10504,103023,2,105,"{""1"":39,""2"":65,""3"":34,""4"":42,""5"":32,""6"":54,""7"":72,""8"":80,""9"":46,""10"":57}",5
10505,103021,2,105,"{""1"":55,""2"":38,""3"":61,""4"":68,""5"":69,""6"":49,""7"":24,""8"":29,""9"":66,""10"":54}",1
10506,101011,2,105,"{""1"":36,""2"":23,""3"":36,""4"":47,""5"":43,""6"":31,""7"":23,""8"":14,""9"":49,""10"":38}",2
10507,101012,2,105,"{""1"":30,""2"":34,""3"":31,""4"":40,""5"":35,""6"":35,""7"":31,""8"":36,""9"":39,""10"":38}",3
10508,104001,2,105,"{""1"":60,""2"":86,""3"":43,""4"":49,""5"":34,""6"":58,""7"":76,""8"":84,""9"":55,""10"":67}",4
10509,104019,2,105,"{""1"":61,""2"":76,""3"":47,""4"":49,""5"":44,""6"":62,""7"":73,""8"":75,""9"":54,""10"":68}",5
10600,102002,2,106,"{""1"":47,""2"":29,""3"":55,""4"":58,""5"":49,""6"":34,""7"":21,""8"":24,""9"":55,""10"":45}",1
10601,104017,2,106,"{""1"":77,""2"":44,""3"":69,""4"":76,""5"":89,""6"":68,""7"":47,""8"":24,""9"":75,""10"":64}",2
10602,102004,2,106,"{""1"":44,""2"":43,""3"":38,""4"":46,""5"":40,""6"":38,""7"":34,""8"":41,""9"":50,""10"":47}",3
10603,103014,2,106,"{""1"":48,""2"":62,""3"":38,""4"":43,""5"":29,""6"":53,""7"":72,""8"":72,""9"":42,""10"":55}",4
10604,104019,2,106,"{""1"":61,""2"":76,""3"":47,""4"":49,""5"":44,""6"":62,""7"":73,""8"":75,""9"":54,""10"":68}",5
10605,104002,2,106,"{""1"":76,""2"":44,""3"":79,""4"":79,""5"":78,""6"":55,""7"":28,""8"":40,""9"":76,""10"":64}",1
10606,103019,2,106,"{""1"":66,""2"":35,""3"":54,""4"":64,""5"":61,""6"":44,""7"":32,""8"":23,""9"":64,""10"":55}",2
10607,104003,2,106,"{""1"":74,""2"":61,""3"":56,""4"":63,""5"":55,""6"":59,""7"":58,""8"":61,""9"":64,""10"":66}",3
10608,102003,2,106,"{""1"":38,""2"":53,""3"":31,""4"":38,""5"":30,""6"":44,""7"":44,""8"":60,""9"":37,""10"":46}",4
10609,104009,2,106,"{""1"":59,""2"":82,""3"":46,""4"":49,""5"":41,""6"":74,""7"":96,""8"":98,""9"":54,""10"":73}",5
10700,103006,2,107,"{""1"":84,""2"":71,""3"":142,""4"":138,""5"":167,""6"":114,""7"":48,""8"":58,""9"":130,""10"":102}",1
10701,104020,2,107,"{""1"":156,""2"":84,""3"":127,""4"":153,""5"":170,""6"":128,""7"":88,""8"":61,""9"":145,""10"":128}",2
10702,102004,2,107,"{""1"":89,""2"":85,""3"":76,""4"":92,""5"":79,""6"":77,""7"":68,""8"":83,""9"":100,""10"":95}",3
10703,101013,2,107,"{""1"":52,""2"":75,""3"":52,""4"":63,""5"":37,""6"":58,""7"":75,""8"":99,""9"":66,""10"":86}",4
10704,103023,2,107,"{""1"":78,""2"":130,""3"":67,""4"":84,""5"":65,""6"":108,""7"":144,""8"":160,""9"":91,""10"":114}",5
10705,104002,2,107,"{""1"":151,""2"":88,""3"":157,""4"":157,""5"":156,""6"":109,""7"":56,""8"":81,""9"":153,""10"":128}",1
10706,101011,2,107,"{""1"":72,""2"":46,""3"":73,""4"":94,""5"":86,""6"":62,""7"":46,""8"":29,""9"":98,""10"":76}",2
10707,104013,2,107,"{""1"":126,""2"":112,""3"":112,""4"":126,""5"":116,""6"":120,""7"":113,""8"":115,""9"":131,""10"":132}",3
10708,103039,2,107,"{""1"":93,""2"":120,""3"":78,""4"":87,""5"":61,""6"":96,""7"":122,""8"":129,""9"":88,""10"":112}",4
10709,104022,2,107,"{""1"":118,""2"":157,""3"":94,""4"":99,""5"":67,""6"":107,""7"":150,""8"":156,""9"":109,""10"":138}",5
10800,103026,2,108,"{""1"":115,""2"":70,""3"":126,""4"":134,""5"":128,""6"":89,""7"":48,""8"":59,""9"":128,""10"":107}",1
10801,103019,2,108,"{""1"":132,""2"":69,""3"":108,""4"":128,""5"":122,""6"":89,""7"":63,""8"":45,""9"":128,""10"":109}",2
10802,104010,2,108,"{""1"":128,""2"":113,""3"":100,""4"":126,""5"":125,""6"":120,""7"":101,""8"":148,""9"":131,""10"":127}",3
10803,103035,2,108,"{""1"":80,""2"":121,""3"":75,""4"":91,""5"":61,""6"":103,""7"":137,""8"":150,""9"":88,""10"":106}",4
10804,103003,2,108,"{""1"":90,""2"":135,""3"":72,""4"":84,""5"":69,""6"":112,""7"":144,""8"":153,""9"":88,""10"":112}",5
10805,103024,2,108,"{""1"":100,""2"":70,""3"":109,""4"":132,""5"":164,""6"":116,""7"":53,""8"":59,""9"":128,""10"":102}",1
10806,102005,2,108,"{""1"":110,""2"":57,""3"":78,""4"":112,""5"":94,""6"":70,""7"":55,""8"":35,""9"":112,""10"":94}",2
10807,104029,2,108,"{""1"":136,""2"":107,""3"":104,""4"":127,""5"":115,""6"":112,""7"":101,""8"":121,""9"":128,""10"":126}",3
10808,103015,2,108,"{""1"":98,""2"":121,""3"":76,""4"":87,""5"":69,""6"":107,""7"":123,""8"":151,""9"":87,""10"":108}",4
10809,103003,2,108,"{""1"":90,""2"":135,""3"":72,""4"":84,""5"":69,""6"":112,""7"":144,""8"":153,""9"":88,""10"":112}",5
10900,103021,2,109,"{""1"":166,""2"":114,""3"":184,""4"":205,""5"":207,""6"":146,""7"":71,""8"":87,""9"":197,""10"":162}",1
10901,104014,2,109,"{""1"":217,""2"":127,""3"":202,""4"":230,""5"":204,""6"":160,""7"":127,""8"":87,""9"":225,""10"":193}",2
10902,104013,2,109,"{""1"":189,""2"":167,""3"":167,""4"":189,""5"":175,""6"":180,""7"":169,""8"":173,""9"":196,""10"":198}",3
10903,101008,2,109,"{""1"":84,""2"":134,""3"":78,""4"":95,""5"":56,""6"":86,""7"":117,""8"":159,""9"":94,""10"":121}",4
10904,103018,2,109,"{""1"":134,""2"":186,""3"":103,""4"":125,""5"":102,""6"":160,""7"":201,""8"":227,""9"":140,""10"":171}",5
10905,103007,2,109,"{""1"":147,""2"":114,""3"":207,""4"":195,""5"":226,""6"":158,""7"":71,""8"":88,""9"":201,""10"":155}",1
10906,104020,2,109,"{""1"":234,""2"":125,""3"":190,""4"":230,""5"":255,""6"":193,""7"":132,""8"":92,""9"":218,""10"":193}",2
10907,103031,2,109,"{""1"":164,""2"":131,""3"":133,""4"":160,""5"":133,""6"":142,""7"":142,""8"":166,""9"":162,""10"":162}",3
10908,101001,2,109,"{""1"":92,""2"":130,""3"":81,""4"":95,""5"":62,""6"":101,""7"":133,""8"":169,""9"":92,""10"":122}",4
10909,103009,2,109,"{""1"":126,""2"":197,""3"":110,""4"":125,""5"":105,""6"":169,""7"":215,""8"":186,""9"":148,""10"":169}",5
11000,104033,2,110,"{""1"":200,""2"":138,""3"":230,""4"":236,""5"":267,""6"":191,""7"":94,""8"":121,""9"":238,""10"":191}",1
11001,103038,2,110,"{""1"":170,""2"":108,""3"":168,""4"":195,""5"":197,""6"":151,""7"":111,""8"":64,""9"":192,""10"":162}",2
11002,104028,2,110,"{""1"":207,""2"":176,""3"":157,""4"":191,""5"":184,""6"":176,""7"":144,""8"":158,""9"":196,""10"":198}",3
11003,104007,2,110,"{""1"":194,""2"":229,""3"":126,""4"":155,""5"":99,""6"":167,""7"":227,""8"":277,""9"":158,""10"":221}",4
11004,104026,2,110,"{""1"":162,""2"":240,""3"":124,""4"":148,""5"":121,""6"":211,""7"":274,""8"":277,""9"":173,""10"":200}",5
11005,103026,2,110,"{""1"":172,""2"":105,""3"":188,""4"":201,""5"":192,""6"":133,""7"":71,""8"":88,""9"":192,""10"":160}",1
11006,104017,2,110,"{""1"":230,""2"":131,""3"":206,""4"":228,""5"":267,""6"":205,""7"":141,""8"":73,""9"":225,""10"":193}",2
11007,101012,2,110,"{""1"":90,""2"":101,""3"":92,""4"":119,""5"":106,""6"":104,""7"":92,""8"":108,""9"":117,""10"":115}",3
11008,103039,2,110,"{""1"":139,""2"":179,""3"":117,""4"":130,""5"":91,""6"":144,""7"":183,""8"":194,""9"":132,""10"":167}",4
11009,104026,2,110,"{""1"":162,""2"":240,""3"":124,""4"":148,""5"":121,""6"":211,""7"":274,""8"":277,""9"":173,""10"":200}",5
20100,104004,2,201,"{""1"":135,""2"":82,""3"":166,""4"":157,""5"":191,""6"":132,""7"":56,""8"":66,""9"":154,""10"":128}",1
20101,102008,2,201,"{""1"":105,""2"":67,""3"":75,""4"":112,""5"":112,""6"":83,""7"":55,""8"":40,""9"":115,""10"":94}",2
20102,104029,2,201,"{""1"":136,""2"":107,""3"":104,""4"":127,""5"":115,""6"":112,""7"":101,""8"":121,""9"":128,""10"":126}",3
20103,102003,2,201,"{""1"":77,""2"":105,""3"":62,""4"":75,""5"":59,""6"":88,""7"":89,""8"":121,""9"":75,""10"":92}",4
20104,104019,2,201,"{""1"":122,""2"":151,""3"":95,""4"":99,""5"":87,""6"":125,""7"":145,""8"":150,""9"":108,""10"":136}",5
20105,102002,2,201,"{""1"":93,""2"":58,""3"":110,""4"":116,""5"":99,""6"":68,""7"":41,""8"":48,""9"":111,""10"":90}",1
20106,104016,2,201,"{""1"":161,""2"":84,""3"":145,""4"":150,""5"":144,""6"":106,""7"":75,""8"":58,""9"":153,""10"":126}",2
20107,104003,2,201,"{""1"":148,""2"":122,""3"":113,""4"":126,""5"":110,""6"":118,""7"":116,""8"":122,""9"":128,""10"":132}",3
20108,103022,2,201,"{""1"":81,""2"":127,""3"":73,""4"":87,""5"":60,""6"":108,""7"":144,""8"":166,""9"":90,""10"":113}",4
20109,103001,2,201,"{""1"":95,""2"":140,""3"":67,""4"":84,""5"":63,""6"":113,""7"":151,""8"":158,""9"":92,""10"":116}",5
20200,102010,2,202,"{""1"":93,""2"":59,""3"":105,""4"":115,""5"":109,""6"":78,""7"":41,""8"":48,""9"":118,""10"":91}",1
20201,102008,2,202,"{""1"":105,""2"":67,""3"":75,""4"":112,""5"":112,""6"":83,""7"":55,""8"":40,""9"":115,""10"":94}",2
20202,104010,2,202,"{""1"":128,""2"":113,""3"":100,""4"":126,""5"":125,""6"":120,""7"":101,""8"":148,""9"":131,""10"":127}",3
20203,102013,2,202,"{""1"":71,""2"":109,""3"":63,""4"":77,""5"":44,""6"":73,""7"":105,""8"":128,""9"":77,""10"":91}",4
20204,103023,2,202,"{""1"":78,""2"":130,""3"":67,""4"":84,""5"":65,""6"":108,""7"":144,""8"":160,""9"":91,""10"":114}",5
20205,102010,2,202,"{""1"":93,""2"":59,""3"":105,""4"":115,""5"":109,""6"":78,""7"":41,""8"":48,""9"":118,""10"":91}",1
20206,104017,2,202,"{""1"":153,""2"":87,""3"":137,""4"":152,""5"":178,""6"":137,""7"":94,""8"":49,""9"":150,""10"":128}",2
20207,101002,2,202,"{""1"":68,""2"":67,""3"":61,""4"":79,""5"":67,""6"":76,""7"":77,""8"":68,""9"":84,""10"":76}",3
20208,103020,2,202,"{""1"":93,""2"":122,""3"":72,""4"":90,""5"":62,""6"":101,""7"":129,""8"":139,""9"":91,""10"":107}",4
20209,104015,2,202,"{""1"":129,""2"":157,""3"":86,""4"":99,""5"":66,""6"":126,""7"":178,""8"":176,""9"":106,""10"":142}",5
20300,104033,2,203,"{""1"":134,""2"":92,""3"":153,""4"":157,""5"":178,""6"":127,""7"":63,""8"":81,""9"":158,""10"":127}",1
20301,103032,2,203,"{""1"":121,""2"":76,""3"":104,""4"":130,""5"":129,""6"":100,""7"":72,""8"":43,""9"":135,""10"":109}",2
20302,102004,2,203,"{""1"":89,""2"":85,""3"":76,""4"":92,""5"":79,""6"":77,""7"":68,""8"":83,""9"":100,""10"":95}",3
20303,102013,2,203,"{""1"":71,""2"":109,""3"":63,""4"":77,""5"":44,""6"":73,""7"":105,""8"":128,""9"":77,""10"":91}",4
20304,103003,2,203,"{""1"":90,""2"":135,""3"":72,""4"":84,""5"":69,""6"":112,""7"":144,""8"":153,""9"":88,""10"":112}",5
20305,103008,2,203,"{""1"":84,""2"":72,""3"":132,""4"":137,""5"":168,""6"":116,""7"":49,""8"":57,""9"":127,""10"":100}",1
20306,104014,2,203,"{""1"":145,""2"":84,""3"":135,""4"":153,""5"":136,""6"":107,""7"":84,""8"":58,""9"":150,""10"":128}",2
20307,104003,2,203,"{""1"":148,""2"":122,""3"":113,""4"":126,""5"":110,""6"":118,""7"":116,""8"":122,""9"":128,""10"":132}",3
20308,103002,2,203,"{""1"":84,""2"":124,""3"":91,""4"":87,""5"":75,""6"":116,""7"":131,""8"":124,""9"":99,""10"":108}",4
20309,103018,2,203,"{""1"":90,""2"":124,""3"":68,""4"":84,""5"":68,""6"":107,""7"":134,""8"":151,""9"":93,""10"":114}",5
20400,103006,2,204,"{""1"":84,""2"":71,""3"":142,""4"":138,""5"":167,""6"":114,""7"":48,""8"":58,""9"":130,""10"":102}",1
20401,102008,2,204,"{""1"":105,""2"":67,""3"":75,""4"":112,""5"":112,""6"":83,""7"":55,""8"":40,""9"":115,""10"":94}",2
20402,103011,2,204,"{""1"":107,""2"":89,""3"":82,""4"":110,""5"":92,""6"":92,""7"":86,""8"":103,""9"":119,""10"":109}",3
20403,101013,2,204,"{""1"":52,""2"":75,""3"":52,""4"":63,""5"":37,""6"":58,""7"":75,""8"":99,""9"":66,""10"":86}",4
20404,103009,2,204,"{""1"":84,""2"":131,""3"":73,""4"":84,""5"":70,""6"":113,""7"":144,""8"":124,""9"":99,""10"":113}",5
20405,102002,2,204,"{""1"":93,""2"":58,""3"":110,""4"":116,""5"":99,""6"":68,""7"":41,""8"":48,""9"":111,""10"":90}",1
20406,104027,2,204,"{""1"":152,""2"":92,""3"":127,""4"":153,""5"":170,""6"":122,""7"":75,""8"":59,""9"":166,""10"":131}",2
20407,104013,2,204,"{""1"":126,""2"":112,""3"":112,""4"":126,""5"":116,""6"":120,""7"":113,""8"":115,""9"":131,""10"":132}",3
20408,104001,2,204,"{""1"":120,""2"":171,""3"":85,""4"":99,""5"":68,""6"":115,""7"":151,""8"":168,""9"":109,""10"":133}",4
20409,103001,2,204,"{""1"":95,""2"":140,""3"":67,""4"":84,""5"":63,""6"":113,""7"":151,""8"":158,""9"":92,""10"":116}",5
20500,104002,2,205,"{""1"":151,""2"":88,""3"":157,""4"":157,""5"":156,""6"":109,""7"":56,""8"":81,""9"":153,""10"":128}",1
20501,104017,2,205,"{""1"":153,""2"":87,""3"":137,""4"":152,""5"":178,""6"":137,""7"":94,""8"":49,""9"":150,""10"":128}",2
20502,101015,2,205,"{""1"":58,""2"":62,""3"":74,""4"":78,""5"":58,""6"":58,""7"":59,""8"":72,""9"":78,""10"":72}",3
20503,101003,2,205,"{""1"":60,""2"":75,""3"":53,""4"":65,""5"":44,""6"":70,""7"":87,""8"":104,""9"":67,""10"":82}",4
20504,103017,2,205,"{""1"":84,""2"":127,""3"":67,""4"":84,""5"":60,""6"":108,""7"":147,""8"":143,""9"":100,""10"":120}",5
20505,103005,2,205,"{""1"":100,""2"":79,""3"":141,""4"":131,""5"":157,""6"":110,""7"":48,""8"":62,""9"":135,""10"":101}",1
20506,102005,2,205,"{""1"":110,""2"":57,""3"":78,""4"":112,""5"":94,""6"":70,""7"":55,""8"":35,""9"":112,""10"":94}",2
20507,103031,2,205,"{""1"":109,""2"":88,""3"":89,""4"":107,""5"":89,""6"":95,""7"":95,""8"":110,""9"":108,""10"":108}",3
20508,103039,2,205,"{""1"":93,""2"":120,""3"":78,""4"":87,""5"":61,""6"":96,""7"":122,""8"":129,""9"":88,""10"":112}",4
20509,103009,2,205,"{""1"":84,""2"":131,""3"":73,""4"":84,""5"":70,""6"":113,""7"":144,""8"":124,""9"":99,""10"":113}",5
20600,102002,2,206,"{""1"":93,""2"":58,""3"":110,""4"":116,""5"":99,""6"":68,""7"":41,""8"":48,""9"":111,""10"":90}",1
20601,102006,2,206,"{""1"":101,""2"":57,""3"":94,""4"":112,""5"":115,""6"":83,""7"":55,""8"":37,""9"":115,""10"":92}",2
20602,104010,2,206,"{""1"":128,""2"":113,""3"":100,""4"":126,""5"":125,""6"":120,""7"":101,""8"":148,""9"":131,""10"":127}",3
20603,101008,2,206,"{""1"":56,""2"":89,""3"":52,""4"":63,""5"":37,""6"":58,""7"":78,""8"":106,""9"":62,""10"":80}",4
20604,104015,2,206,"{""1"":129,""2"":157,""3"":86,""4"":99,""5"":66,""6"":126,""7"":178,""8"":176,""9"":106,""10"":142}",5
20605,103008,2,206,"{""1"":84,""2"":72,""3"":132,""4"":137,""5"":168,""6"":116,""7"":49,""8"":57,""9"":127,""10"":100}",1
20606,103038,2,206,"{""1"":113,""2"":72,""3"":112,""4"":130,""5"":131,""6"":101,""7"":74,""8"":43,""9"":128,""10"":108}",2
20607,101012,2,206,"{""1"":60,""2"":67,""3"":61,""4"":79,""5"":71,""6"":70,""7"":61,""8"":72,""9"":78,""10"":77}",3
20608,103035,2,206,"{""1"":80,""2"":121,""3"":75,""4"":91,""5"":61,""6"":103,""7"":137,""8"":150,""9"":88,""10"":106}",4
20609,104015,2,206,"{""1"":129,""2"":157,""3"":86,""4"":99,""5"":66,""6"":126,""7"":178,""8"":176,""9"":106,""10"":142}",5
20700,103006,2,207,"{""1"":127,""2"":107,""3"":213,""4"":207,""5"":250,""6"":171,""7"":71,""8"":87,""9"":194,""10"":153}",1
20701,104016,2,207,"{""1"":242,""2"":125,""3"":218,""4"":226,""5"":215,""6"":158,""7"":112,""8"":86,""9"":229,""10"":189}",2
20702,103031,2,207,"{""1"":164,""2"":131,""3"":133,""4"":160,""5"":133,""6"":142,""7"":142,""8"":166,""9"":162,""10"":162}",3
20703,103020,2,207,"{""1"":139,""2"":184,""3"":109,""4"":135,""5"":92,""6"":151,""7"":194,""8"":209,""9"":137,""10"":160}",4
20704,103023,2,207,"{""1"":117,""2"":194,""3"":101,""4"":125,""5"":97,""6"":162,""7"":215,""8"":239,""9"":137,""10"":171}",5
20705,104012,2,207,"{""1"":214,""2"":127,""3"":255,""4"":234,""5"":275,""6"":196,""7"":95,""8"":121,""9"":227,""10"":191}",1
20706,103038,2,207,"{""1"":170,""2"":108,""3"":168,""4"":195,""5"":197,""6"":151,""7"":111,""8"":64,""9"":192,""10"":162}",2
20707,104013,2,207,"{""1"":189,""2"":167,""3"":167,""4"":189,""5"":175,""6"":180,""7"":169,""8"":173,""9"":196,""10"":198}",3
20708,102009,2,207,"{""1"":107,""2"":162,""3"":92,""4"":113,""5"":74,""6"":122,""7"":161,""8"":202,""9"":117,""10"":151}",4
20709,104015,2,207,"{""1"":193,""2"":235,""3"":129,""4"":148,""5"":98,""6"":189,""7"":267,""8"":265,""9"":158,""10"":212}",5
20800,101010,2,208,"{""1"":104,""2"":75,""3"":122,""4"":149,""5"":124,""6"":88,""7"":52,""8"":67,""9"":138,""10"":110}",1
20801,103032,2,208,"{""1"":182,""2"":114,""3"":156,""4"":195,""5"":194,""6"":149,""7"":108,""8"":65,""9"":203,""10"":164}",2
20802,102011,2,208,"{""1"":137,""2"":117,""3"":110,""4"":137,""5"":106,""6"":108,""7"":106,""8"":126,""9"":144,""10"":135}",3
20803,103039,2,208,"{""1"":139,""2"":179,""3"":117,""4"":130,""5"":91,""6"":144,""7"":183,""8"":194,""9"":132,""10"":167}",4
20804,103018,2,208,"{""1"":134,""2"":186,""3"":103,""4"":125,""5"":102,""6"":160,""7"":201,""8"":227,""9"":140,""10"":171}",5
20805,102002,2,208,"{""1"":140,""2"":86,""3"":166,""4"":174,""5"":148,""6"":103,""7"":62,""8"":72,""9"":166,""10"":135}",1
20806,104024,2,208,"{""1"":236,""2"":134,""3"":226,""4"":228,""5"":234,""6"":173,""7"":115,""8"":71,""9"":240,""10"":182}",2
20807,103027,2,208,"{""1"":160,""2"":139,""3"":122,""4"":166,""5"":160,""6"":155,""7"":126,""8"":135,""9"":167,""10"":162}",3
20808,101013,2,208,"{""1"":78,""2"":112,""3"":78,""4"":95,""5"":56,""6"":86,""7"":112,""8"":149,""9"":99,""10"":130}",4
20809,104019,2,208,"{""1"":183,""2"":227,""3"":142,""4"":148,""5"":131,""6"":187,""7"":218,""8"":224,""9"":163,""10"":203}",5
20900,102002,2,209,"{""1"":186,""2"":115,""3"":221,""4"":232,""5"":198,""6"":137,""7"":82,""8"":96,""9"":222,""10"":180}",1
20901,104016,2,209,"{""1"":323,""2"":167,""3"":290,""4"":301,""5"":287,""6"":211,""7"":150,""8"":115,""9"":305,""10"":252}",2
20902,104010,2,209,"{""1"":257,""2"":226,""3"":199,""4"":252,""5"":250,""6"":240,""7"":202,""8"":295,""9"":262,""10"":254}",3
20903,102007,2,209,"{""1"":156,""2"":210,""3"":123,""4"":153,""5"":106,""6"":158,""7"":184,""8"":255,""9"":161,""10"":185}",4
20904,104022,2,209,"{""1"":235,""2"":314,""3"":188,""4"":198,""5"":134,""6"":214,""7"":300,""8"":312,""9"":219,""10"":276}",5
20905,101004,2,209,"{""1"":129,""2"":96,""3"":155,""4"":204,""5"":207,""6"":144,""7"":71,""8"":99,""9"":190,""10"":154}",1
20906,101014,2,209,"{""1"":132,""2"":98,""3"":140,""4"":188,""5"":165,""6"":120,""7"":92,""8"":68,""9"":193,""10"":144}",2
20907,103027,2,209,"{""1"":214,""2"":185,""3"":163,""4"":221,""5"":214,""6"":206,""7"":168,""8"":180,""9"":223,""10"":216}",3
20908,102009,2,209,"{""1"":143,""2"":216,""3"":123,""4"":151,""5"":98,""6"":163,""7"":215,""8"":269,""9"":156,""10"":202}",4
20909,104015,2,209,"{""1"":257,""2"":314,""3"":171,""4"":198,""5"":131,""6"":252,""7"":356,""8"":353,""9"":211,""10"":283}",5
21000,104002,2,210,"{""1"":302,""2"":177,""3"":315,""4"":315,""5"":311,""6"":218,""7"":112,""8"":161,""9"":305,""10"":257}",1
21001,104020,2,210,"{""1"":312,""2"":167,""3"":253,""4"":306,""5"":340,""6"":257,""7"":177,""8"":122,""9"":291,""10"":257}",2
21002,104030,2,210,"{""1"":266,""2"":226,""3"":218,""4"":257,""5"":230,""6"":230,""7"":211,""8"":223,""9"":266,""10"":274}",3
21003,103020,2,210,"{""1"":186,""2"":245,""3"":145,""4"":180,""5"":123,""6"":202,""7"":259,""8"":279,""9"":182,""10"":214}",4
21004,104009,2,210,"{""1"":235,""2"":328,""3"":186,""4"":198,""5"":163,""6"":295,""7"":384,""8"":393,""9"":217,""10"":293}",5
21005,103006,2,210,"{""1"":169,""2"":142,""3"":284,""4"":276,""5"":334,""6"":228,""7"":95,""8"":116,""9"":259,""10"":204}",1
21006,102005,2,210,"{""1"":221,""2"":113,""3"":156,""4"":224,""5"":187,""6"":139,""7"":109,""8"":71,""9"":225,""10"":187}",2
21007,103031,2,210,"{""1"":218,""2"":175,""3"":178,""4"":214,""5"":178,""6"":190,""7"":190,""8"":221,""9"":216,""10"":216}",3
21008,103014,2,210,"{""1"":190,""2"":248,""3"":151,""4"":173,""5"":117,""6"":214,""7"":287,""8"":289,""9"":169,""10"":221}",4
21009,104015,2,210,"{""1"":257,""2"":314,""3"":171,""4"":198,""5"":131,""6"":252,""7"":356,""8"":353,""9"":211,""10"":283}",5
30100,103004,2,301,"{""1"":159,""2"":104,""3"":201,""4"":205,""5"":199,""6"":140,""7"":71,""8"":95,""9"":207,""10"":167}",1
30101,103019,2,301,"{""1"":199,""2"":104,""3"":162,""4"":193,""5"":183,""6"":133,""7"":95,""8"":68,""9"":192,""10"":164}",2
30102,103011,2,301,"{""1"":160,""2"":133,""3"":122,""4"":166,""5"":139,""6"":139,""7"":130,""8"":155,""9"":178,""10"":164}",3
30103,103002,2,301,"{""1"":126,""2"":186,""3"":136,""4"":130,""5"":112,""6"":175,""7"":197,""8"":186,""9"":148,""10"":162}",4
30104,103012,2,301,"{""1"":136,""2"":190,""3"":103,""4"":125,""5"":92,""6"":149,""7"":201,""8"":249,""9"":135,""10"":180}",5
30105,104033,2,301,"{""1"":200,""2"":138,""3"":230,""4"":236,""5"":267,""6"":191,""7"":94,""8"":121,""9"":238,""10"":191}",1
30106,102008,2,301,"{""1"":157,""2"":101,""3"":113,""4"":168,""5"":168,""6"":124,""7"":82,""8"":60,""9"":173,""10"":140}",2
30107,101005,2,301,"{""1"":95,""2"":108,""3"":99,""4"":117,""5"":115,""6"":110,""7"":86,""8"":115,""9"":115,""10"":122}",3
30108,103020,2,301,"{""1"":139,""2"":184,""3"":109,""4"":135,""5"":92,""6"":151,""7"":194,""8"":209,""9"":137,""10"":160}",4
30109,103012,2,301,"{""1"":136,""2"":190,""3"":103,""4"":125,""5"":92,""6"":149,""7"":201,""8"":249,""9"":135,""10"":180}",5
30200,103008,2,302,"{""1"":127,""2"":108,""3"":199,""4"":205,""5"":253,""6"":175,""7"":73,""8"":86,""9"":190,""10"":149}",1
30201,101011,2,302,"{""1"":108,""2"":69,""3"":109,""4"":141,""5"":129,""6"":94,""7"":69,""8"":43,""9"":147,""10"":113}",2
30202,103025,2,302,"{""1"":153,""2"":162,""3"":140,""4"":160,""5"":140,""6"":146,""7"":142,""8"":149,""9"":173,""10"":164}",3
30203,103034,2,302,"{""1"":118,""2"":194,""3"":115,""4"":136,""5"":106,""6"":160,""7"":176,""8"":229,""9"":132,""10"":167}",4
30204,104011,2,302,"{""1"":191,""2"":253,""3"":121,""4"":148,""5"":122,""6"":189,""7"":239,""8"":287,""9"":177,""10"":211}",5
30205,102014,2,302,"{""1"":132,""2"":84,""3"":147,""4"":186,""5"":170,""6"":119,""7"":62,""8"":74,""9"":171,""10"":140}",1
30206,103019,2,302,"{""1"":199,""2"":104,""3"":162,""4"":193,""5"":183,""6"":133,""7"":95,""8"":68,""9"":192,""10"":164}",2
30207,101012,2,302,"{""1"":90,""2"":101,""3"":92,""4"":119,""5"":106,""6"":104,""7"":92,""8"":108,""9"":117,""10"":115}",3
30208,103013,2,302,"{""1"":143,""2"":190,""3"":133,""4"":130,""5"":92,""6"":153,""7"":199,""8"":194,""9"":130,""10"":171}",4
30209,103017,2,302,"{""1"":126,""2"":190,""3"":101,""4"":125,""5"":91,""6"":162,""7"":220,""8"":214,""9"":150,""10"":180}",5
30300,103010,2,303,"{""1"":166,""2"":102,""3"":182,""4"":211,""5"":199,""6"":140,""7"":71,""8"":87,""9"":184,""10"":164}",1
30301,101011,2,303,"{""1"":108,""2"":69,""3"":109,""4"":141,""5"":129,""6"":94,""7"":69,""8"":43,""9"":147,""10"":113}",2
30302,101015,2,303,"{""1"":86,""2"":94,""3"":112,""4"":117,""5"":86,""6"":86,""7"":88,""8"":108,""9"":117,""10"":108}",3
30303,103014,2,303,"{""1"":143,""2"":186,""3"":113,""4"":130,""5"":88,""6"":160,""7"":215,""8"":217,""9"":127,""10"":166}",4
30304,103012,2,303,"{""1"":136,""2"":190,""3"":103,""4"":125,""5"":92,""6"":149,""7"":201,""8"":249,""9"":135,""10"":180}",5
30305,103005,2,303,"{""1"":149,""2"":118,""3"":211,""4"":197,""5"":236,""6"":166,""7"":71,""8"":93,""9"":203,""10"":151}",1
30306,104020,2,303,"{""1"":234,""2"":125,""3"":190,""4"":230,""5"":255,""6"":193,""7"":132,""8"":92,""9"":218,""10"":193}",2
30307,104028,2,303,"{""1"":207,""2"":176,""3"":157,""4"":191,""5"":184,""6"":176,""7"":144,""8"":158,""9"":196,""10"":198}",3
30308,101003,2,303,"{""1"":91,""2"":112,""3"":79,""4"":98,""5"":66,""6"":104,""7"":131,""8"":156,""9"":101,""10"":122}",4
30309,104005,2,303,"{""1"":165,""2"":266,""3"":135,""4"":148,""5"":116,""6"":189,""7"":250,""8"":277,""9"":164,""10"":212}",5
30400,104006,2,304,"{""1"":202,""2"":141,""3"":238,""4"":230,""5"":270,""6"":193,""7"":92,""8"":123,""9"":235,""10"":196}",1
30401,102005,2,304,"{""1"":166,""2"":85,""3"":117,""4"":168,""5"":140,""6"":104,""7"":82,""8"":53,""9"":168,""10"":140}",2
30402,104028,2,304,"{""1"":207,""2"":176,""3"":157,""4"":191,""5"":184,""6"":176,""7"":144,""8"":158,""9"":196,""10"":198}",3
30403,103022,2,304,"{""1"":122,""2"":190,""3"":110,""4"":130,""5"":90,""6"":162,""7"":215,""8"":249,""9"":135,""10"":169}",4
30404,104026,2,304,"{""1"":162,""2"":240,""3"":124,""4"":148,""5"":121,""6"":211,""7"":274,""8"":277,""9"":173,""10"":200}",5
30405,101004,2,304,"{""1"":96,""2"":72,""3"":116,""4"":153,""5"":156,""6"":108,""7"":53,""8"":74,""9"":143,""10"":115}",1
30406,104024,2,304,"{""1"":236,""2"":134,""3"":226,""4"":228,""5"":234,""6"":173,""7"":115,""8"":71,""9"":240,""10"":182}",2
30407,104029,2,304,"{""1"":203,""2"":160,""3"":157,""4"":191,""5"":173,""6"":167,""7"":151,""8"":182,""9"":193,""10"":189}",3
30408,102009,2,304,"{""1"":107,""2"":162,""3"":92,""4"":113,""5"":74,""6"":122,""7"":161,""8"":202,""9"":117,""10"":151}",4
30409,104015,2,304,"{""1"":193,""2"":235,""3"":129,""4"":148,""5"":98,""6"":189,""7"":267,""8"":265,""9"":158,""10"":212}",5
30500,104025,2,305,"{""1"":197,""2"":135,""3"":242,""4"":242,""5"":270,""6"":189,""7"":84,""8"":107,""9"":231,""10"":187}",1
30501,104020,2,305,"{""1"":234,""2"":125,""3"":190,""4"":230,""5"":255,""6"":193,""7"":132,""8"":92,""9"":218,""10"":193}",2
30502,103025,2,305,"{""1"":153,""2"":162,""3"":140,""4"":160,""5"":140,""6"":146,""7"":142,""8"":149,""9"":173,""10"":164}",3
30503,103013,2,305,"{""1"":143,""2"":190,""3"":133,""4"":130,""5"":92,""6"":153,""7"":199,""8"":194,""9"":130,""10"":171}",4
30504,104019,2,305,"{""1"":183,""2"":227,""3"":142,""4"":148,""5"":131,""6"":187,""7"":218,""8"":224,""9"":163,""10"":203}",5
30505,101010,2,305,"{""1"":104,""2"":75,""3"":122,""4"":149,""5"":124,""6"":88,""7"":52,""8"":67,""9"":138,""10"":110}",1
30506,103019,2,305,"{""1"":199,""2"":104,""3"":162,""4"":193,""5"":183,""6"":133,""7"":95,""8"":68,""9"":192,""10"":164}",2
30507,104029,2,305,"{""1"":203,""2"":160,""3"":157,""4"":191,""5"":173,""6"":167,""7"":151,""8"":182,""9"":193,""10"":189}",3
30508,103035,2,305,"{""1"":120,""2"":181,""3"":112,""4"":136,""5"":91,""6"":155,""7"":206,""8"":224,""9"":132,""10"":158}",4
30509,103012,2,305,"{""1"":136,""2"":190,""3"":103,""4"":125,""5"":92,""6"":149,""7"":201,""8"":249,""9"":135,""10"":180}",5
30600,103006,2,306,"{""1"":127,""2"":107,""3"":213,""4"":207,""5"":250,""6"":171,""7"":71,""8"":87,""9"":194,""10"":153}",1
30601,103032,2,306,"{""1"":182,""2"":114,""3"":156,""4"":195,""5"":194,""6"":149,""7"":108,""8"":65,""9"":203,""10"":164}",2
30602,103025,2,306,"{""1"":153,""2"":162,""3"":140,""4"":160,""5"":140,""6"":146,""7"":142,""8"":149,""9"":173,""10"":164}",3
30603,101003,2,306,"{""1"":91,""2"":112,""3"":79,""4"":98,""5"":66,""6"":104,""7"":131,""8"":156,""9"":101,""10"":122}",4
30604,103012,2,306,"{""1"":136,""2"":190,""3"":103,""4"":125,""5"":92,""6"":149,""7"":201,""8"":249,""9"":135,""10"":180}",5
30605,103008,2,306,"{""1"":127,""2"":108,""3"":199,""4"":205,""5"":253,""6"":175,""7"":73,""8"":86,""9"":190,""10"":149}",1
30606,102005,2,306,"{""1"":166,""2"":85,""3"":117,""4"":168,""5"":140,""6"":104,""7"":82,""8"":53,""9"":168,""10"":140}",2
30607,102015,2,306,"{""1"":128,""2"":121,""3"":112,""4"":139,""5"":126,""6"":122,""7"":108,""8"":135,""9"":140,""10"":140}",3
30608,104001,2,306,"{""1"":180,""2"":257,""3"":128,""4"":148,""5"":102,""6"":173,""7"":227,""8"":252,""9"":164,""10"":200}",4
30609,103023,2,306,"{""1"":117,""2"":194,""3"":101,""4"":125,""5"":97,""6"":162,""7"":215,""8"":239,""9"":137,""10"":171}",5
30700,103040,2,307,"{""1"":227,""2"":142,""3"":221,""4"":282,""5"":262,""6"":187,""7"":95,""8"":121,""9"":262,""10"":223}",1
30701,102005,2,307,"{""1"":221,""2"":113,""3"":156,""4"":224,""5"":187,""6"":139,""7"":109,""8"":71,""9"":225,""10"":187}",2
30702,104003,2,307,"{""1"":295,""2"":245,""3"":226,""4"":252,""5"":221,""6"":235,""7"":233,""8"":245,""9"":257,""10"":264}",3
30703,102003,2,307,"{""1"":153,""2"":210,""3"":123,""4"":151,""5"":119,""6"":175,""7"":178,""8"":242,""9"":150,""10"":185}",4
30704,104008,2,307,"{""1"":246,""2"":328,""3"":171,""4"":198,""5"":153,""6"":271,""7"":359,""8"":339,""9"":219,""10"":274}",5
30705,103007,2,307,"{""1"":197,""2"":152,""3"":276,""4"":259,""5"":301,""6"":211,""7"":95,""8"":118,""9"":268,""10"":206}",1
30706,102005,2,307,"{""1"":221,""2"":113,""3"":156,""4"":224,""5"":187,""6"":139,""7"":109,""8"":71,""9"":225,""10"":187}",2
30707,104030,2,307,"{""1"":266,""2"":226,""3"":218,""4"":257,""5"":230,""6"":230,""7"":211,""8"":223,""9"":266,""10"":274}",3
30708,102007,2,307,"{""1"":156,""2"":210,""3"":123,""4"":153,""5"":106,""6"":158,""7"":184,""8"":255,""9"":161,""10"":185}",4
30709,103001,2,307,"{""1"":190,""2"":279,""3"":135,""4"":167,""5"":126,""6"":226,""7"":303,""8"":316,""9"":184,""10"":233}",5
30800,104004,2,308,"{""1"":270,""2"":163,""3"":331,""4"":315,""5"":382,""6"":264,""7"":112,""8"":133,""9"":308,""10"":257}",1
30801,103030,2,308,"{""1"":235,""2"":150,""3"":211,""4"":259,""5"":300,""6"":223,""7"":148,""8"":79,""9"":256,""10"":221}",2
30802,101012,2,308,"{""1"":120,""2"":134,""3"":122,""4"":158,""5"":142,""6"":139,""7"":122,""8"":144,""9"":156,""10"":154}",3
30803,103036,2,308,"{""1"":179,""2"":265,""3"":156,""4"":173,""5"":114,""6"":180,""7"":234,""8"":272,""9"":182,""10"":223}",4
30804,104009,2,308,"{""1"":235,""2"":328,""3"":186,""4"":198,""5"":163,""6"":295,""7"":384,""8"":393,""9"":217,""10"":293}",5
30805,104018,2,308,"{""1"":295,""2"":175,""3"":323,""4"":326,""5"":305,""6"":214,""7"":112,""8"":133,""9"":325,""10"":264}",1
30806,102008,2,308,"{""1"":210,""2"":134,""3"":150,""4"":224,""5"":225,""6"":166,""7"":109,""8"":80,""9"":230,""10"":187}",2
30807,102011,2,308,"{""1"":182,""2"":156,""3"":146,""4"":182,""5"":142,""6"":144,""7"":142,""8"":168,""9"":192,""10"":180}",3
30808,102003,2,308,"{""1"":153,""2"":210,""3"":123,""4"":151,""5"":119,""6"":175,""7"":178,""8"":242,""9"":150,""10"":185}",4
30809,103017,2,308,"{""1"":168,""2"":253,""3"":135,""4"":167,""5"":121,""6"":216,""7"":293,""8"":286,""9"":200,""10"":240}",5
30900,103005,2,309,"{""1"":249,""2"":197,""3"":352,""4"":328,""5"":393,""6"":276,""7"":119,""8"":155,""9"":338,""10"":252}",1
30901,104016,2,309,"{""1"":404,""2"":209,""3"":363,""4"":376,""5"":359,""6"":264,""7"":187,""8"":144,""9"":382,""10"":315}",2
30902,103027,2,309,"{""1"":267,""2"":231,""3"":204,""4"":276,""5"":267,""6"":258,""7"":210,""8"":225,""9"":279,""10"":270}",3
30903,103002,2,309,"{""1"":211,""2"":310,""3"":227,""4"":217,""5"":187,""6"":291,""7"":328,""8"":311,""9"":247,""10"":270}",4
30904,104019,2,309,"{""1"":305,""2"":378,""3"":237,""4"":247,""5"":218,""6"":312,""7"":363,""8"":374,""9"":271,""10"":339}",5
30905,103028,2,309,"{""1"":255,""2"":178,""3"":314,""4"":345,""5"":336,""6"":240,""7"":119,""8"":153,""9"":335,""10"":258}",1
30906,104014,2,309,"{""1"":362,""2"":211,""3"":337,""4"":383,""5"":339,""6"":267,""7"":211,""8"":146,""9"":374,""10"":321}",2
30907,104013,2,309,"{""1"":315,""2"":279,""3"":279,""4"":315,""5"":291,""6"":300,""7"":282,""8"":288,""9"":327,""10"":330}",3
30908,102009,2,309,"{""1"":178,""2"":270,""3"":154,""4"":189,""5"":123,""6"":204,""7"":269,""8"":336,""9"":194,""10"":252}",4
30909,103001,2,309,"{""1"":238,""2"":349,""3"":168,""4"":209,""5"":158,""6"":282,""7"":378,""8"":395,""9"":230,""10"":291}",5
31000,104033,2,310,"{""1"":334,""2"":230,""3"":383,""4"":393,""5"":446,""6"":318,""7"":157,""8"":202,""9"":396,""10"":318}",1
31001,104020,2,310,"{""1"":390,""2"":209,""3"":317,""4"":383,""5"":425,""6"":321,""7"":221,""8"":153,""9"":364,""10"":321}",2
31002,102004,2,310,"{""1"":222,""2"":213,""3"":189,""4"":231,""5"":198,""6"":192,""7"":171,""8"":207,""9"":249,""10"":237}",3
31003,103039,2,310,"{""1"":232,""2"":299,""3"":194,""4"":217,""5"":152,""6"":240,""7"":304,""8"":323,""9"":221,""10"":279}",4
31004,104009,2,310,"{""1"":294,""2"":410,""3"":232,""4"":247,""5"":204,""6"":369,""7"":480,""8"":491,""9"":271,""10"":366}",5
31005,103028,2,310,"{""1"":255,""2"":178,""3"":314,""4"":345,""5"":336,""6"":240,""7"":119,""8"":153,""9"":335,""10"":258}",1
31006,103032,2,310,"{""1"":304,""2"":190,""3"":261,""4"":324,""5"":324,""6"":249,""7"":180,""8"":108,""9"":338,""10"":273}",2
31007,101005,2,310,"{""1"":159,""2"":180,""3"":165,""4"":195,""5"":192,""6"":183,""7"":144,""8"":192,""9"":192,""10"":204}",3
31008,104001,2,310,"{""1"":300,""2"":428,""3"":213,""4"":247,""5"":170,""6"":288,""7"":378,""8"":420,""9"":274,""10"":333}",4
31009,103023,2,310,"{""1"":194,""2"":324,""3"":168,""4"":209,""5"":162,""6"":270,""7"":359,""8"":399,""9"":228,""10"":285}",5
40100,103028,2,401,"{""1"":204,""2"":142,""3"":251,""4"":276,""5"":269,""6"":192,""7"":95,""8"":123,""9"":268,""10"":206}",1
40101,104017,2,401,"{""1"":306,""2"":175,""3"":275,""4"":304,""5"":356,""6"":274,""7"":188,""8"":97,""9"":300,""10"":257}",2
40102,102004,2,401,"{""1"":178,""2"":170,""3"":151,""4"":185,""5"":158,""6"":154,""7"":137,""8"":166,""9"":199,""10"":190}",3
40103,103036,2,401,"{""1"":179,""2"":265,""3"":156,""4"":173,""5"":114,""6"":180,""7"":234,""8"":272,""9"":182,""10"":223}",4
40104,104008,2,401,"{""1"":246,""2"":328,""3"":171,""4"":198,""5"":153,""6"":271,""7"":359,""8"":339,""9"":219,""10"":274}",5
40105,103021,2,401,"{""1"":222,""2"":152,""3"":246,""4"":273,""5"":275,""6"":194,""7"":95,""8"":116,""9"":262,""10"":216}",1
40106,101011,2,401,"{""1"":144,""2"":92,""3"":145,""4"":188,""5"":172,""6"":125,""7"":92,""8"":58,""9"":196,""10"":151}",2
40107,102015,2,401,"{""1"":170,""2"":161,""3"":149,""4"":185,""5"":168,""6"":163,""7"":144,""8"":180,""9"":187,""10"":187}",3
40108,102003,2,401,"{""1"":153,""2"":210,""3"":123,""4"":151,""5"":119,""6"":175,""7"":178,""8"":242,""9"":150,""10"":185}",4
40109,103001,2,401,"{""1"":190,""2"":279,""3"":135,""4"":167,""5"":126,""6"":226,""7"":303,""8"":316,""9"":184,""10"":233}",5
40200,103008,2,402,"{""1"":169,""2"":144,""3"":265,""4"":273,""5"":337,""6"":233,""7"":98,""8"":114,""9"":253,""10"":199}",1
40201,103032,2,402,"{""1"":243,""2"":152,""3"":209,""4"":259,""5"":259,""6"":199,""7"":144,""8"":86,""9"":271,""10"":218}",2
40202,102004,2,402,"{""1"":178,""2"":170,""3"":151,""4"":185,""5"":158,""6"":154,""7"":137,""8"":166,""9"":199,""10"":190}",3
40203,103033,2,402,"{""1"":171,""2"":256,""3"":149,""4"":173,""5"":120,""6"":204,""7"":268,""8"":289,""9"":175,""10"":223}",4
40204,104026,2,402,"{""1"":216,""2"":320,""3"":165,""4"":198,""5"":161,""6"":281,""7"":365,""8"":370,""9"":230,""10"":266}",5
40205,104025,2,402,"{""1"":262,""2"":180,""3"":323,""4"":323,""5"":360,""6"":252,""7"":112,""8"":143,""9"":308,""10"":250}",1
40206,104016,2,402,"{""1"":323,""2"":167,""3"":290,""4"":301,""5"":287,""6"":211,""7"":150,""8"":115,""9"":305,""10"":252}",2
40207,103031,2,402,"{""1"":218,""2"":175,""3"":178,""4"":214,""5"":178,""6"":190,""7"":190,""8"":221,""9"":216,""10"":216}",3
40208,104001,2,402,"{""1"":240,""2"":343,""3"":171,""4"":198,""5"":136,""6"":230,""7"":303,""8"":336,""9"":219,""10"":266}",4
40209,103001,2,402,"{""1"":190,""2"":279,""3"":135,""4"":167,""5"":126,""6"":226,""7"":303,""8"":316,""9"":184,""10"":233}",5
40300,104002,2,403,"{""1"":302,""2"":177,""3"":315,""4"":315,""5"":311,""6"":218,""7"":112,""8"":161,""9"":305,""10"":257}",1
40301,104017,2,403,"{""1"":306,""2"":175,""3"":275,""4"":304,""5"":356,""6"":274,""7"":188,""8"":97,""9"":300,""10"":257}",2
40302,104028,2,403,"{""1"":276,""2"":235,""3"":209,""4"":254,""5"":245,""6"":235,""7"":192,""8"":211,""9"":262,""10"":264}",3
40303,102001,2,403,"{""1"":173,""2"":179,""3"":138,""4"":151,""5"":105,""6"":158,""7"":187,""8"":249,""9"":154,""10"":197}",4
40304,104009,2,403,"{""1"":235,""2"":328,""3"":186,""4"":198,""5"":163,""6"":295,""7"":384,""8"":393,""9"":217,""10"":293}",5
40305,104004,2,403,"{""1"":270,""2"":163,""3"":331,""4"":315,""5"":382,""6"":264,""7"":112,""8"":133,""9"":308,""10"":257}",1
40306,103019,2,403,"{""1"":265,""2"":138,""3"":216,""4"":257,""5"":243,""6"":178,""7"":127,""8"":90,""9"":256,""10"":218}",2
40307,101002,2,403,"{""1"":137,""2"":134,""3"":122,""4"":158,""5"":134,""6"":151,""7"":154,""8"":137,""9"":168,""10"":151}",3
40308,102013,2,403,"{""1"":143,""2"":219,""3"":125,""4"":153,""5"":89,""6"":146,""7"":209,""8"":255,""9"":154,""10"":182}",4
40309,103017,2,403,"{""1"":168,""2"":253,""3"":135,""4"":167,""5"":121,""6"":216,""7"":293,""8"":286,""9"":200,""10"":240}",5
40400,104002,2,404,"{""1"":302,""2"":177,""3"":315,""4"":315,""5"":311,""6"":218,""7"":112,""8"":161,""9"":305,""10"":257}",1
40401,102008,2,404,"{""1"":210,""2"":134,""3"":150,""4"":224,""5"":225,""6"":166,""7"":109,""8"":80,""9"":230,""10"":187}",2
40402,103025,2,404,"{""1"":204,""2"":216,""3"":187,""4"":214,""5"":187,""6"":194,""7"":190,""8"":199,""9"":230,""10"":218}",3
40403,103034,2,404,"{""1"":158,""2"":259,""3"":153,""4"":182,""5"":142,""6"":214,""7"":234,""8"":306,""9"":177,""10"":223}",4
40404,104008,2,404,"{""1"":246,""2"":328,""3"":171,""4"":198,""5"":153,""6"":271,""7"":359,""8"":339,""9"":219,""10"":274}",5
40405,104025,2,404,"{""1"":262,""2"":180,""3"":323,""4"":323,""5"":360,""6"":252,""7"":112,""8"":143,""9"":308,""10"":250}",1
40406,103019,2,404,"{""1"":265,""2"":138,""3"":216,""4"":257,""5"":243,""6"":178,""7"":127,""8"":90,""9"":256,""10"":218}",2
40407,103027,2,404,"{""1"":214,""2"":185,""3"":163,""4"":221,""5"":214,""6"":206,""7"":168,""8"":180,""9"":223,""10"":216}",3
40408,103020,2,404,"{""1"":186,""2"":245,""3"":145,""4"":180,""5"":123,""6"":202,""7"":259,""8"":279,""9"":182,""10"":214}",4
40409,103023,2,404,"{""1"":156,""2"":259,""3"":135,""4"":167,""5"":129,""6"":216,""7"":287,""8"":319,""9"":182,""10"":228}",5
40500,102010,2,405,"{""1"":186,""2"":117,""3"":210,""4"":229,""5"":217,""6"":156,""7"":82,""8"":96,""9"":236,""10"":182}",1
40501,102005,2,405,"{""1"":221,""2"":113,""3"":156,""4"":224,""5"":187,""6"":139,""7"":109,""8"":71,""9"":225,""10"":187}",2
40502,101002,2,405,"{""1"":137,""2"":134,""3"":122,""4"":158,""5"":134,""6"":151,""7"":154,""8"":137,""9"":168,""10"":151}",3
40503,103039,2,405,"{""1"":186,""2"":239,""3"":156,""4"":173,""5"":122,""6"":192,""7"":243,""8"":259,""9"":177,""10"":223}",4
40504,103003,2,405,"{""1"":179,""2"":271,""3"":145,""4"":167,""5"":138,""6"":223,""7"":287,""8"":306,""9"":177,""10"":223}",5
40505,104002,2,405,"{""1"":302,""2"":177,""3"":315,""4"":315,""5"":311,""6"":218,""7"":112,""8"":161,""9"":305,""10"":257}",1
40506,104014,2,405,"{""1"":290,""2"":169,""3"":269,""4"":306,""5"":271,""6"":214,""7"":169,""8"":116,""9"":300,""10"":257}",2
40507,101015,2,405,"{""1"":115,""2"":125,""3"":149,""4"":156,""5"":115,""6"":115,""7"":118,""8"":144,""9"":156,""10"":144}",3
40508,102009,2,405,"{""1"":143,""2"":216,""3"":123,""4"":151,""5"":98,""6"":163,""7"":215,""8"":269,""9"":156,""10"":202}",4
40509,103023,2,405,"{""1"":156,""2"":259,""3"":135,""4"":167,""5"":129,""6"":216,""7"":287,""8"":319,""9"":182,""10"":228}",5
40600,104033,2,406,"{""1"":267,""2"":184,""3"":306,""4"":315,""5"":356,""6"":254,""7"":125,""8"":161,""9"":317,""10"":254}",1
40601,101011,2,406,"{""1"":144,""2"":92,""3"":145,""4"":188,""5"":172,""6"":125,""7"":92,""8"":58,""9"":196,""10"":151}",2
40602,104010,2,406,"{""1"":257,""2"":226,""3"":199,""4"":252,""5"":250,""6"":240,""7"":202,""8"":295,""9"":262,""10"":254}",3
40603,103035,2,406,"{""1"":160,""2"":242,""3"":149,""4"":182,""5"":122,""6"":206,""7"":275,""8"":299,""9"":177,""10"":211}",4
40604,103001,2,406,"{""1"":190,""2"":279,""3"":135,""4"":167,""5"":126,""6"":226,""7"":303,""8"":316,""9"":184,""10"":233}",5
40605,102002,2,406,"{""1"":186,""2"":115,""3"":221,""4"":232,""5"":198,""6"":137,""7"":82,""8"":96,""9"":222,""10"":180}",1
40606,102005,2,406,"{""1"":221,""2"":113,""3"":156,""4"":224,""5"":187,""6"":139,""7"":109,""8"":71,""9"":225,""10"":187}",2
40607,104028,2,406,"{""1"":276,""2"":235,""3"":209,""4"":254,""5"":245,""6"":235,""7"":192,""8"":211,""9"":262,""10"":264}",3
40608,103033,2,406,"{""1"":171,""2"":256,""3"":149,""4"":173,""5"":120,""6"":204,""7"":268,""8"":289,""9"":175,""10"":223}",4
40609,103017,2,406,"{""1"":168,""2"":253,""3"":135,""4"":167,""5"":121,""6"":216,""7"":293,""8"":286,""9"":200,""10"":240}",5
40700,104033,2,407,"{""1"":334,""2"":230,""3"":383,""4"":393,""5"":446,""6"":318,""7"":157,""8"":202,""9"":396,""10"":318}",1
40701,104016,2,407,"{""1"":404,""2"":209,""3"":363,""4"":376,""5"":359,""6"":264,""7"":187,""8"":144,""9"":382,""10"":315}",2
40702,103025,2,407,"{""1"":255,""2"":270,""3"":234,""4"":267,""5"":234,""6"":243,""7"":237,""8"":249,""9"":288,""10"":273}",3
40703,102003,2,407,"{""1"":192,""2"":263,""3"":154,""4"":189,""5"":148,""6"":219,""7"":222,""8"":302,""9"":187,""10"":231}",4
40704,104005,2,407,"{""1"":275,""2"":443,""3"":224,""4"":247,""5"":193,""6"":315,""7"":417,""8"":462,""9"":274,""10"":354}",5
40705,104002,2,407,"{""1"":378,""2"":221,""3"":393,""4"":393,""5"":389,""6"":273,""7"":140,""8"":202,""9"":382,""10"":321}",1
40706,102008,2,407,"{""1"":262,""2"":168,""3"":188,""4"":279,""5"":281,""6"":207,""7"":137,""8"":101,""9"":288,""10"":234}",2
40707,101015,2,407,"{""1"":144,""2"":156,""3"":186,""4"":195,""5"":144,""6"":144,""7"":147,""8"":180,""9"":195,""10"":180}",3
40708,103022,2,407,"{""1"":203,""2"":317,""3"":184,""4"":217,""5"":150,""6"":270,""7"":359,""8"":416,""9"":226,""10"":282}",4
40709,103001,2,407,"{""1"":238,""2"":349,""3"":168,""4"":209,""5"":158,""6"":282,""7"":378,""8"":395,""9"":230,""10"":291}",5
40800,104004,2,408,"{""1"":337,""2"":204,""3"":414,""4"":393,""5"":478,""6"":330,""7"":140,""8"":166,""9"":385,""10"":321}",1
40801,103032,2,408,"{""1"":304,""2"":190,""3"":261,""4"":324,""5"":324,""6"":249,""7"":180,""8"":108,""9"":338,""10"":273}",2
40802,104003,2,408,"{""1"":369,""2"":306,""3"":282,""4"":315,""5"":276,""6"":294,""7"":291,""8"":306,""9"":321,""10"":330}",3
40803,103033,2,408,"{""1"":213,""2"":320,""3"":186,""4"":217,""5"":150,""6"":255,""7"":335,""8"":361,""9"":218,""10"":279}",4
40804,103001,2,408,"{""1"":238,""2"":349,""3"":168,""4"":209,""5"":158,""6"":282,""7"":378,""8"":395,""9"":230,""10"":291}",5
40805,102014,2,408,"{""1"":221,""2"":139,""3"":245,""4"":311,""5"":284,""6"":198,""7"":103,""8"":124,""9"":284,""10"":234}",1
40806,104016,2,408,"{""1"":404,""2"":209,""3"":363,""4"":376,""5"":359,""6"":264,""7"":187,""8"":144,""9"":382,""10"":315}",2
40807,101012,2,408,"{""1"":150,""2"":168,""3"":153,""4"":198,""5"":177,""6"":174,""7"":153,""8"":180,""9"":195,""10"":192}",3
40808,103029,2,408,"{""1"":240,""2"":302,""3"":181,""4"":217,""5"":140,""6"":231,""7"":304,""8"":370,""9"":230,""10"":285}",4
40809,103003,2,408,"{""1"":224,""2"":338,""3"":181,""4"":209,""5"":172,""6"":279,""7"":359,""8"":382,""9"":221,""10"":279}",5
40900,104006,2,409,"{""1"":404,""2"":282,""3"":476,""4"":460,""5"":539,""6"":385,""7"":184,""8"":247,""9"":471,""10"":392}",1
40901,101011,2,409,"{""1"":215,""2"":138,""3"":218,""4"":282,""5"":257,""6"":187,""7"":138,""8"":86,""9"":294,""10"":227}",2
40902,102015,2,409,"{""1"":256,""2"":241,""3"":223,""4"":277,""5"":252,""6"":245,""7"":216,""8"":270,""9"":281,""10"":281}",3
40903,101008,2,409,"{""1"":168,""2"":268,""3"":156,""4"":190,""5"":112,""6"":173,""7"":234,""8"":318,""9"":187,""10"":241}",4
40904,104008,2,409,"{""1"":369,""2"":492,""3"":257,""4"":297,""5"":229,""6"":407,""7"":538,""8"":509,""9"":328,""10"":410}",5
40905,102002,2,409,"{""1"":280,""2"":173,""3"":331,""4"":348,""5"":296,""6"":205,""7"":123,""8"":144,""9"":333,""10"":270}",1
40906,103038,2,409,"{""1"":339,""2"":216,""3"":337,""4"":389,""5"":393,""6"":302,""7"":222,""8"":128,""9"":384,""10"":324}",2
40907,101015,2,409,"{""1"":173,""2"":187,""3"":223,""4"":234,""5"":173,""6"":173,""7"":176,""8"":216,""9"":234,""10"":216}",3
40908,101008,2,409,"{""1"":168,""2"":268,""3"":156,""4"":190,""5"":112,""6"":173,""7"":234,""8"":318,""9"":187,""10"":241}",4
40909,104008,2,409,"{""1"":369,""2"":492,""3"":257,""4"":297,""5"":229,""6"":407,""7"":538,""8"":509,""9"":328,""10"":410}",5
41000,103005,2,410,"{""1"":299,""2"":236,""3"":422,""4"":393,""5"":471,""6"":331,""7"":143,""8"":186,""9"":406,""10"":302}",1
41001,101014,2,410,"{""1"":199,""2"":147,""3"":210,""4"":282,""5"":248,""6"":180,""7"":138,""8"":103,""9"":289,""10"":216}",2
41002,102011,2,410,"{""1"":274,""2"":234,""3"":220,""4"":274,""5"":212,""6"":216,""7"":212,""8"":252,""9"":288,""10"":270}",3
41003,102012,2,410,"{""1"":243,""2"":320,""3"":194,""4"":226,""5"":140,""6"":216,""7"":276,""8"":318,""9"":236,""10"":292}",4
41004,104005,2,410,"{""1"":330,""2"":531,""3"":269,""4"":297,""5"":232,""6"":378,""7"":501,""8"":554,""9"":328,""10"":425}",5
41005,103010,2,410,"{""1"":333,""2"":204,""3"":364,""4"":422,""5"":399,""6"":281,""7"":143,""8"":174,""9"":367,""10"":328}",1
41006,104014,2,410,"{""1"":435,""2"":253,""3"":404,""4"":460,""5"":407,""6"":320,""7"":253,""8"":175,""9"":449,""10"":385}",2
41007,103011,2,410,"{""1"":320,""2"":266,""3"":245,""4"":331,""5"":277,""6"":277,""7"":259,""8"":310,""9"":356,""10"":328}",3
41008,103036,2,410,"{""1"":269,""2"":397,""3"":233,""4"":260,""5"":171,""6"":270,""7"":351,""8"":408,""9"":274,""10"":335}",4
41009,104015,2,410,"{""1"":386,""2"":471,""3"":257,""4"":297,""5"":197,""6"":378,""7"":534,""8"":529,""9"":317,""10"":425}",5
50100,104002,2,501,"{""1"":378,""2"":221,""3"":393,""4"":393,""5"":389,""6"":273,""7"":140,""8"":202,""9"":382,""10"":321}",1
50101,103032,2,501,"{""1"":304,""2"":190,""3"":261,""4"":324,""5"":324,""6"":249,""7"":180,""8"":108,""9"":338,""10"":273}",2
50102,101005,2,501,"{""1"":159,""2"":180,""3"":165,""4"":195,""5"":192,""6"":183,""7"":144,""8"":192,""9"":192,""10"":204}",3
50103,104007,2,501,"{""1"":324,""2"":382,""3"":211,""4"":258,""5"":166,""6"":279,""7"":378,""8"":462,""9"":264,""10"":369}",4
50104,103012,2,501,"{""1"":227,""2"":317,""3"":171,""4"":209,""5"":153,""6"":249,""7"":335,""8"":416,""9"":226,""10"":300}",5
50105,104018,2,501,"{""1"":369,""2"":218,""3"":404,""4"":407,""5"":381,""6"":267,""7"":140,""8"":166,""9"":407,""10"":330}",1
50106,102006,2,501,"{""1"":252,""2"":142,""3"":234,""4"":279,""5"":289,""6"":207,""7"":137,""8"":92,""9"":288,""10"":231}",2
50107,104013,2,501,"{""1"":315,""2"":279,""3"":279,""4"":315,""5"":291,""6"":300,""7"":282,""8"":288,""9"":327,""10"":330}",3
50108,103002,2,501,"{""1"":211,""2"":310,""3"":227,""4"":217,""5"":187,""6"":291,""7"":328,""8"":311,""9"":247,""10"":270}",4
50109,104005,2,501,"{""1"":275,""2"":443,""3"":224,""4"":247,""5"":193,""6"":315,""7"":417,""8"":462,""9"":274,""10"":354}",5
50200,104004,2,502,"{""1"":337,""2"":204,""3"":414,""4"":393,""5"":478,""6"":330,""7"":140,""8"":166,""9"":385,""10"":321}",1
50201,102005,2,502,"{""1"":276,""2"":142,""3"":195,""4"":279,""5"":234,""6"":174,""7"":137,""8"":89,""9"":281,""10"":234}",2
50202,104030,2,502,"{""1"":333,""2"":282,""3"":273,""4"":321,""5"":288,""6"":288,""7"":264,""8"":279,""9"":333,""10"":342}",3
50203,103033,2,502,"{""1"":213,""2"":320,""3"":186,""4"":217,""5"":150,""6"":255,""7"":335,""8"":361,""9"":218,""10"":279}",4
50204,103009,2,502,"{""1"":211,""2"":328,""3"":184,""4"":209,""5"":174,""6"":282,""7"":359,""8"":311,""9"":247,""10"":282}",5
50205,102010,2,502,"{""1"":233,""2"":146,""3"":262,""4"":286,""5"":271,""6"":195,""7"":103,""8"":120,""9"":295,""10"":228}",1
50206,103032,2,502,"{""1"":304,""2"":190,""3"":261,""4"":324,""5"":324,""6"":249,""7"":180,""8"":108,""9"":338,""10"":273}",2
50207,104030,2,502,"{""1"":333,""2"":282,""3"":273,""4"":321,""5"":288,""6"":288,""7"":264,""8"":279,""9"":333,""10"":342}",3
50208,103033,2,502,"{""1"":213,""2"":320,""3"":186,""4"":217,""5"":150,""6"":255,""7"":335,""8"":361,""9"":218,""10"":279}",4
50209,104019,2,502,"{""1"":305,""2"":378,""3"":237,""4"":247,""5"":218,""6"":312,""7"":363,""8"":374,""9"":271,""10"":339}",5
50300,104033,2,503,"{""1"":334,""2"":230,""3"":383,""4"":393,""5"":446,""6"":318,""7"":157,""8"":202,""9"":396,""10"":318}",1
50301,104016,2,503,"{""1"":404,""2"":209,""3"":363,""4"":376,""5"":359,""6"":264,""7"":187,""8"":144,""9"":382,""10"":315}",2
50302,104030,2,503,"{""1"":333,""2"":282,""3"":273,""4"":321,""5"":288,""6"":288,""7"":264,""8"":279,""9"":333,""10"":342}",3
50303,104001,2,503,"{""1"":300,""2"":428,""3"":213,""4"":247,""5"":170,""6"":288,""7"":378,""8"":420,""9"":274,""10"":333}",4
50304,104011,2,503,"{""1"":319,""2"":421,""3"":201,""4"":247,""5"":204,""6"":315,""7"":398,""8"":479,""9"":295,""10"":351}",5
50305,101010,2,503,"{""1"":173,""2"":125,""3"":204,""4"":248,""5"":207,""6"":147,""7"":86,""8"":111,""9"":230,""10"":183}",1
50306,101009,2,503,"{""1"":190,""2"":127,""3"":172,""4"":235,""5"":222,""6"":165,""7"":115,""8"":83,""9"":230,""10"":192}",2
50307,103011,2,503,"{""1"":267,""2"":222,""3"":204,""4"":276,""5"":231,""6"":231,""7"":216,""8"":258,""9"":297,""10"":273}",3
50308,101006,2,503,"{""1"":149,""2"":205,""3"":138,""4"":161,""5"":98,""6"":156,""7"":203,""8"":265,""9"":156,""10"":207}",4
50309,104005,2,503,"{""1"":275,""2"":443,""3"":224,""4"":247,""5"":193,""6"":315,""7"":417,""8"":462,""9"":274,""10"":354}",5
50400,104033,2,504,"{""1"":334,""2"":230,""3"":383,""4"":393,""5"":446,""6"":318,""7"":157,""8"":202,""9"":396,""10"":318}",1
50401,104017,2,504,"{""1"":383,""2"":218,""3"":343,""4"":380,""5"":445,""6"":342,""7"":235,""8"":122,""9"":374,""10"":321}",2
50402,104003,2,504,"{""1"":369,""2"":306,""3"":282,""4"":315,""5"":276,""6"":294,""7"":291,""8"":306,""9"":321,""10"":330}",3
50403,103015,2,504,"{""1"":246,""2"":302,""3"":189,""4"":217,""5"":172,""6"":267,""7"":308,""8"":378,""9"":218,""10"":270}",4
50404,104019,2,504,"{""1"":305,""2"":378,""3"":237,""4"":247,""5"":218,""6"":312,""7"":363,""8"":374,""9"":271,""10"":339}",5
50405,101010,2,504,"{""1"":173,""2"":125,""3"":204,""4"":248,""5"":207,""6"":147,""7"":86,""8"":111,""9"":230,""10"":183}",1
50406,101011,2,504,"{""1"":179,""2"":115,""3"":182,""4"":235,""5"":215,""6"":156,""7"":115,""8"":72,""9"":245,""10"":189}",2
50407,103037,2,504,"{""1"":249,""2"":246,""3"":204,""4"":276,""5"":237,""6"":255,""7"":255,""8"":264,""9"":270,""10"":282}",3
50408,103002,2,504,"{""1"":211,""2"":310,""3"":227,""4"":217,""5"":187,""6"":291,""7"":328,""8"":311,""9"":247,""10"":270}",4
50409,103009,2,504,"{""1"":211,""2"":328,""3"":184,""4"":209,""5"":174,""6"":282,""7"":359,""8"":311,""9"":247,""10"":282}",5
50500,103021,2,505,"{""1"":277,""2"":190,""3"":307,""4"":342,""5"":344,""6"":243,""7"":119,""8"":145,""9"":328,""10"":270}",1
50501,103038,2,505,"{""1"":283,""2"":180,""3"":281,""4"":324,""5"":328,""6"":252,""7"":185,""8"":107,""9"":320,""10"":270}",2
50502,102011,2,505,"{""1"":228,""2"":195,""3"":183,""4"":228,""5"":177,""6"":180,""7"":177,""8"":210,""9"":240,""10"":225}",3
50503,103035,2,505,"{""1"":200,""2"":302,""3"":186,""4"":227,""5"":152,""6"":258,""7"":343,""8"":374,""9"":221,""10"":264}",4
50504,104011,2,505,"{""1"":319,""2"":421,""3"":201,""4"":247,""5"":204,""6"":315,""7"":398,""8"":479,""9"":295,""10"":351}",5
50505,101010,2,505,"{""1"":173,""2"":125,""3"":204,""4"":248,""5"":207,""6"":147,""7"":86,""8"":111,""9"":230,""10"":183}",1
50506,104014,2,505,"{""1"":362,""2"":211,""3"":337,""4"":383,""5"":339,""6"":267,""7"":211,""8"":146,""9"":374,""10"":321}",2
50507,104010,2,505,"{""1"":321,""2"":282,""3"":249,""4"":315,""5"":312,""6"":300,""7"":252,""8"":369,""9"":327,""10"":318}",3
50508,103022,2,505,"{""1"":203,""2"":317,""3"":184,""4"":217,""5"":150,""6"":270,""7"":359,""8"":416,""9"":226,""10"":282}",4
50509,103003,2,505,"{""1"":224,""2"":338,""3"":181,""4"":209,""5"":172,""6"":279,""7"":359,""8"":382,""9"":221,""10"":279}",5
50600,103040,2,506,"{""1"":284,""2"":178,""3"":276,""4"":352,""5"":328,""6"":234,""7"":119,""8"":151,""9"":328,""10"":279}",1
50601,103032,2,506,"{""1"":304,""2"":190,""3"":261,""4"":324,""5"":324,""6"":249,""7"":180,""8"":108,""9"":338,""10"":273}",2
50602,103031,2,506,"{""1"":273,""2"":219,""3"":222,""4"":267,""5"":222,""6"":237,""7"":237,""8"":276,""9"":270,""10"":270}",3
50603,103015,2,506,"{""1"":246,""2"":302,""3"":189,""4"":217,""5"":172,""6"":267,""7"":308,""8"":378,""9"":218,""10"":270}",4
50604,103001,2,506,"{""1"":238,""2"":349,""3"":168,""4"":209,""5"":158,""6"":282,""7"":378,""8"":395,""9"":230,""10"":291}",5
50605,104025,2,506,"{""1"":328,""2"":226,""3"":404,""4"":404,""5"":450,""6"":315,""7"":140,""8"":179,""9"":385,""10"":312}",1
50606,104024,2,506,"{""1"":393,""2"":223,""3"":376,""4"":380,""5"":390,""6"":288,""7"":192,""8"":119,""9"":400,""10"":303}",2
50607,102011,2,506,"{""1"":228,""2"":195,""3"":183,""4"":228,""5"":177,""6"":180,""7"":177,""8"":210,""9"":240,""10"":225}",3
50608,101013,2,506,"{""1"":130,""2"":187,""3"":130,""4"":158,""5"":94,""6"":144,""7"":187,""8"":248,""9"":166,""10"":216}",4
50609,104008,2,506,"{""1"":308,""2"":410,""3"":214,""4"":247,""5"":191,""6"":339,""7"":449,""8"":424,""9"":274,""10"":342}",5
50700,103007,2,507,"{""1"":295,""2"":228,""3"":414,""4"":389,""5"":452,""6"":317,""7"":143,""8"":176,""9"":402,""10"":310}",1
50701,104027,2,507,"{""1"":455,""2"":276,""3"":380,""4"":460,""5"":510,""6"":367,""7"":225,""8"":176,""9"":497,""10"":392}",2
50702,103027,2,507,"{""1"":320,""2"":277,""3"":245,""4"":331,""5"":320,""6"":310,""7"":252,""8"":270,""9"":335,""10"":324}",3
50703,103034,2,507,"{""1"":237,""2"":389,""3"":230,""4"":272,""5"":213,""6"":320,""7"":351,""8"":459,""9"":265,""10"":335}",4
50704,104019,2,507,"{""1"":366,""2"":454,""3"":285,""4"":297,""5"":262,""6"":374,""7"":435,""8"":449,""9"":325,""10"":407}",5
50705,103008,2,507,"{""1"":253,""2"":216,""3"":397,""4"":410,""5"":505,""6"":349,""7"":147,""8"":171,""9"":380,""10"":299}",1
50706,102008,2,507,"{""1"":315,""2"":202,""3"":226,""4"":335,""5"":337,""6"":248,""7"":164,""8"":121,""9"":346,""10"":281}",2
50707,101012,2,507,"{""1"":180,""2"":202,""3"":184,""4"":238,""5"":212,""6"":209,""7"":184,""8"":216,""9"":234,""10"":230}",3
50708,102007,2,507,"{""1"":233,""2"":315,""3"":185,""4"":230,""5"":159,""6"":238,""7"":276,""8"":383,""9"":242,""10"":277}",4
50709,104015,2,507,"{""1"":386,""2"":471,""3"":257,""4"":297,""5"":197,""6"":378,""7"":534,""8"":529,""9"":317,""10"":425}",5
50800,104033,2,508,"{""1"":401,""2"":276,""3"":460,""4"":472,""5"":535,""6"":382,""7"":188,""8"":242,""9"":475,""10"":382}",1
50801,101009,2,508,"{""1"":228,""2"":153,""3"":206,""4"":282,""5"":267,""6"":198,""7"":138,""8"":99,""9"":276,""10"":230}",2
50802,104028,2,508,"{""1"":414,""2"":353,""3"":313,""4"":382,""5"":367,""6"":353,""7"":288,""8"":317,""9"":392,""10"":396}",3
50803,101001,2,508,"{""1"":185,""2"":259,""3"":162,""4"":190,""5"":124,""6"":202,""7"":267,""8"":338,""9"":184,""10"":245}",4
50804,104009,2,508,"{""1"":353,""2"":492,""3"":278,""4"":297,""5"":244,""6"":443,""7"":576,""8"":590,""9"":325,""10"":439}",5
50805,103028,2,508,"{""1"":306,""2"":213,""3"":377,""4"":414,""5"":403,""6"":288,""7"":143,""8"":184,""9"":402,""10"":310}",1
50806,103032,2,508,"{""1"":364,""2"":228,""3"":313,""4"":389,""5"":388,""6"":299,""7"":216,""8"":130,""9"":406,""10"":328}",2
50807,101002,2,508,"{""1"":205,""2"":202,""3"":184,""4"":238,""5"":202,""6"":227,""7"":230,""8"":205,""9"":252,""10"":227}",3
50808,102012,2,508,"{""1"":243,""2"":320,""3"":194,""4"":226,""5"":140,""6"":216,""7"":276,""8"":318,""9"":236,""10"":292}",4
50809,104022,2,508,"{""1"":353,""2"":471,""3"":282,""4"":297,""5"":202,""6"":320,""7"":449,""8"":469,""9"":328,""10"":414}",5
50900,101010,2,509,"{""1"":243,""2"":175,""3"":285,""4"":348,""5"":289,""6"":206,""7"":121,""8"":156,""9"":323,""10"":256}",1
50901,102005,2,509,"{""1"":386,""2"":198,""3"":273,""4"":391,""5"":328,""6"":244,""7"":192,""8"":124,""9"":393,""10"":328}",2
50902,103027,2,509,"{""1"":374,""2"":323,""3"":286,""4"":386,""5"":374,""6"":361,""7"":294,""8"":315,""9"":391,""10"":378}",3
50903,104001,2,509,"{""1"":420,""2"":600,""3"":299,""4"":346,""5"":238,""6"":403,""7"":530,""8"":588,""9"":383,""10"":466}",4
50904,103001,2,509,"{""1"":333,""2"":489,""3"":236,""4"":293,""5"":221,""6"":395,""7"":530,""8"":553,""9"":323,""10"":407}",5
50905,101004,2,509,"{""1"":225,""2"":168,""3"":270,""4"":357,""5"":363,""6"":252,""7"":123,""8"":173,""9"":333,""10"":269}",1
50906,101011,2,509,"{""1"":251,""2"":161,""3"":254,""4"":328,""5"":300,""6"":218,""7"":161,""8"":101,""9"":343,""10"":265}",2
50907,103011,2,509,"{""1"":374,""2"":311,""3"":286,""4"":386,""5"":323,""6"":323,""7"":302,""8"":361,""9"":416,""10"":382}",3
50908,101013,2,509,"{""1"":181,""2"":262,""3"":181,""4"":221,""5"":131,""6"":202,""7"":262,""8"":347,""9"":232,""10"":302}",4
50909,103003,2,509,"{""1"":314,""2"":474,""3"":253,""4"":293,""5"":241,""6"":391,""7"":502,""8"":535,""9"":309,""10"":391}",5
51000,102010,2,510,"{""1"":326,""2"":205,""3"":367,""4"":401,""5"":380,""6"":273,""7"":144,""8"":168,""9"":413,""10"":319}",1
51001,104024,2,510,"{""1"":551,""2"":312,""3"":527,""4"":531,""5"":546,""6"":403,""7"":269,""8"":166,""9"":559,""10"":424}",2
51002,103027,2,510,"{""1"":374,""2"":323,""3"":286,""4"":386,""5"":374,""6"":361,""7"":294,""8"":315,""9"":391,""10"":378}",3
51003,103036,2,510,"{""1"":314,""2"":464,""3"":272,""4"":303,""5"":199,""6"":315,""7"":410,""8"":476,""9"":319,""10"":391}",4
51004,103001,2,510,"{""1"":333,""2"":489,""3"":236,""4"":293,""5"":221,""6"":395,""7"":530,""8"":553,""9"":323,""10"":407}",5
51005,104004,2,510,"{""1"":472,""2"":286,""3"":580,""4"":551,""5"":669,""6"":462,""7"":197,""8"":232,""9"":539,""10"":449}",1
51006,103032,2,510,"{""1"":425,""2"":265,""3"":365,""4"":454,""5"":453,""6"":349,""7"":252,""8"":151,""9"":474,""10"":382}",2
51007,104003,2,510,"{""1"":517,""2"":428,""3"":395,""4"":441,""5"":386,""6"":412,""7"":407,""8"":428,""9"":449,""10"":462}",3
51008,103015,2,510,"{""1"":344,""2"":423,""3"":265,""4"":303,""5"":240,""6"":374,""7"":431,""8"":529,""9"":306,""10"":378}",4
51009,103017,2,510,"{""1"":295,""2"":444,""3"":236,""4"":293,""5"":212,""6"":378,""7"":513,""8"":500,""9"":349,""10"":420}",5
60100,104033,2,601,"{""1"":501,""2"":346,""3"":574,""4"":590,""5"":668,""6"":477,""7"":235,""8"":302,""9"":594,""10"":477}",1
60101,102005,2,601,"{""1"":414,""2"":212,""3"":292,""4"":419,""5"":351,""6"":261,""7"":205,""8"":133,""9"":421,""10"":351}",2
60102,102011,2,601,"{""1"":342,""2"":293,""3"":275,""4"":342,""5"":266,""6"":270,""7"":266,""8"":315,""9"":360,""10"":338}",3
60103,103020,2,601,"{""1"":348,""2"":459,""3"":271,""4"":337,""5"":231,""6"":378,""7"":486,""8"":523,""9"":342,""10"":401}",4
60104,104008,2,601,"{""1"":462,""2"":616,""3"":321,""4"":371,""5"":287,""6"":509,""7"":673,""8"":636,""9"":410,""10"":513}",5
60105,103016,2,601,"{""1"":416,""2"":284,""3"":455,""4"":512,""5"":516,""6"":396,""7"":219,""8"":261,""9"":486,""10"":410}",1
60106,104014,2,601,"{""1"":543,""2"":317,""3"":505,""4"":574,""5"":509,""6"":401,""7"":317,""8"":218,""9"":562,""10"":482}",2
60107,103011,2,601,"{""1"":401,""2"":333,""3"":306,""4"":414,""5"":347,""6"":347,""7"":324,""8"":387,""9"":446,""10"":410}",3
60108,102007,2,601,"{""1"":292,""2"":394,""3"":231,""4"":287,""5"":199,""6"":297,""7"":345,""8"":479,""9"":302,""10"":347}",4
60109,104011,2,601,"{""1"":478,""2"":632,""3"":302,""4"":371,""5"":306,""6"":473,""7"":597,""8"":718,""9"":443,""10"":527}",5
60200,104004,2,602,"{""1"":506,""2"":306,""3"":621,""4"":590,""5"":717,""6"":495,""7"":211,""8"":249,""9"":578,""10"":482}",1
60201,102008,2,602,"{""1"":393,""2"":252,""3"":282,""4"":419,""5"":421,""6"":311,""7"":205,""8"":151,""9"":432,""10"":351}",2
60202,101007,2,602,"{""1"":243,""2"":243,""3"":239,""4"":293,""5"":234,""6"":234,""7"":216,""8"":266,""9"":311,""10"":302}",3
60203,104001,2,602,"{""1"":450,""2"":643,""3"":320,""4"":371,""5"":254,""6"":432,""7"":567,""8"":630,""9"":410,""10"":500}",4
60204,104008,2,602,"{""1"":462,""2"":616,""3"":321,""4"":371,""5"":287,""6"":509,""7"":673,""8"":636,""9"":410,""10"":513}",5
60205,103024,2,602,"{""1"":373,""2"":263,""3"":409,""4"":497,""5"":614,""6"":437,""7"":200,""8"":221,""9"":481,""10"":383}",1
60206,102005,2,602,"{""1"":414,""2"":212,""3"":292,""4"":419,""5"":351,""6"":261,""7"":205,""8"":133,""9"":421,""10"":351}",2
60207,104003,2,602,"{""1"":554,""2"":459,""3"":423,""4"":473,""5"":414,""6"":441,""7"":437,""8"":459,""9"":482,""10"":495}",3
60208,103036,2,602,"{""1"":336,""2"":497,""3"":292,""4"":325,""5"":214,""6"":338,""7"":439,""8"":510,""9"":342,""10"":419}",4
60209,104011,2,602,"{""1"":478,""2"":632,""3"":302,""4"":371,""5"":306,""6"":473,""7"":597,""8"":718,""9"":443,""10"":527}",5
60300,103008,2,603,"{""1"":317,""2"":270,""3"":497,""4"":512,""5"":632,""6"":437,""7"":184,""8"":214,""9"":475,""10"":374}",1
60301,104017,2,603,"{""1"":574,""2"":328,""3"":515,""4"":569,""5"":667,""6"":513,""7"":353,""8"":182,""9"":562,""10"":482}",2
60302,103027,2,603,"{""1"":401,""2"":347,""3"":306,""4"":414,""5"":401,""6"":387,""7"":315,""8"":338,""9"":419,""10"":405}",3
60303,103036,2,603,"{""1"":336,""2"":497,""3"":292,""4"":325,""5"":214,""6"":338,""7"":439,""8"":510,""9"":342,""10"":419}",4
60304,104009,2,603,"{""1"":441,""2"":616,""3"":348,""4"":371,""5"":306,""6"":554,""7"":720,""8"":737,""9"":407,""10"":549}",5
60305,104033,2,603,"{""1"":501,""2"":346,""3"":574,""4"":590,""5"":668,""6"":477,""7"":235,""8"":302,""9"":594,""10"":477}",1
60306,104024,2,603,"{""1"":590,""2"":335,""3"":564,""4"":569,""5"":585,""6"":432,""7"":288,""8"":178,""9"":599,""10"":455}",2
60307,101015,2,603,"{""1"":216,""2"":234,""3"":279,""4"":293,""5"":216,""6"":216,""7"":221,""8"":270,""9"":293,""10"":270}",3
60308,104001,2,603,"{""1"":450,""2"":643,""3"":320,""4"":371,""5"":254,""6"":432,""7"":567,""8"":630,""9"":410,""10"":500}",4
60309,104026,2,603,"{""1"":405,""2"":599,""3"":310,""4"":371,""5"":302,""6"":527,""7"":684,""8"":693,""9"":432,""10"":500}",5
60400,101010,2,604,"{""1"":260,""2"":187,""3"":305,""4"":373,""5"":310,""6"":221,""7"":130,""8"":167,""9"":346,""10"":275}",1
60401,102005,2,604,"{""1"":414,""2"":212,""3"":292,""4"":419,""5"":351,""6"":261,""7"":205,""8"":133,""9"":421,""10"":351}",2
60402,102011,2,604,"{""1"":342,""2"":293,""3"":275,""4"":342,""5"":266,""6"":270,""7"":266,""8"":315,""9"":360,""10"":338}",3
60403,101003,2,604,"{""1"":227,""2"":281,""3"":198,""4"":245,""5"":164,""6"":261,""7"":328,""8"":391,""9"":252,""10"":306}",4
60404,104011,2,604,"{""1"":478,""2"":632,""3"":302,""4"":371,""5"":306,""6"":473,""7"":597,""8"":718,""9"":443,""10"":527}",5
60405,103010,2,604,"{""1"":416,""2"":256,""3"":455,""4"":528,""5"":498,""6"":351,""7"":178,""8"":217,""9"":459,""10"":410}",1
60406,104024,2,604,"{""1"":590,""2"":335,""3"":564,""4"":569,""5"":585,""6"":432,""7"":288,""8"":178,""9"":599,""10"":455}",2
60407,101012,2,604,"{""1"":225,""2"":252,""3"":230,""4"":297,""5"":266,""6"":261,""7"":230,""8"":270,""9"":293,""10"":288}",3
60408,101003,2,604,"{""1"":227,""2"":281,""3"":198,""4"":245,""5"":164,""6"":261,""7"":328,""8"":391,""9"":252,""10"":306}",4
60409,104015,2,604,"{""1"":482,""2"":589,""3"":321,""4"":371,""5"":246,""6"":473,""7"":667,""8"":662,""9"":396,""10"":531}",5
60500,104012,2,605,"{""1"":534,""2"":317,""3"":637,""4"":585,""5"":686,""6"":491,""7"":238,""8"":302,""9"":567,""10"":477}",1
60501,101009,2,605,"{""1"":285,""2"":191,""3"":257,""4"":352,""5"":333,""6"":248,""7"":173,""8"":124,""9"":346,""10"":288}",2
60502,103031,2,605,"{""1"":410,""2"":329,""3"":333,""4"":401,""5"":333,""6"":356,""7"":356,""8"":414,""9"":405,""10"":405}",3
60503,102007,2,605,"{""1"":292,""2"":394,""3"":231,""4"":287,""5"":199,""6"":297,""7"":345,""8"":479,""9"":302,""10"":347}",4
60504,103017,2,605,"{""1"":316,""2"":475,""3"":252,""4"":314,""5"":227,""6"":405,""7"":550,""8"":536,""9"":374,""10"":450}",5
60505,103016,2,605,"{""1"":416,""2"":284,""3"":455,""4"":512,""5"":516,""6"":396,""7"":219,""8"":261,""9"":486,""10"":410}",1
60506,104027,2,605,"{""1"":569,""2"":346,""3"":475,""4"":574,""5"":638,""6"":459,""7"":281,""8"":221,""9"":621,""10"":491}",2
60507,104003,2,605,"{""1"":554,""2"":459,""3"":423,""4"":473,""5"":414,""6"":441,""7"":437,""8"":459,""9"":482,""10"":495}",3
60508,103036,2,605,"{""1"":336,""2"":497,""3"":292,""4"":325,""5"":214,""6"":338,""7"":439,""8"":510,""9"":342,""10"":419}",4
60509,103001,2,605,"{""1"":356,""2"":524,""3"":252,""4"":314,""5"":236,""6"":423,""7"":567,""8"":592,""9"":346,""10"":437}",5
60600,104012,2,606,"{""1"":534,""2"":317,""3"":637,""4"":585,""5"":686,""6"":491,""7"":238,""8"":302,""9"":567,""10"":477}",1
60601,101009,2,606,"{""1"":285,""2"":191,""3"":257,""4"":352,""5"":333,""6"":248,""7"":173,""8"":124,""9"":346,""10"":288}",2
60602,103011,2,606,"{""1"":401,""2"":333,""3"":306,""4"":414,""5"":347,""6"":347,""7"":324,""8"":387,""9"":446,""10"":410}",3
60603,103022,2,606,"{""1"":304,""2"":475,""3"":275,""4"":325,""5"":225,""6"":405,""7"":538,""8"":624,""9"":338,""10"":423}",4
60604,103009,2,606,"{""1"":316,""2"":491,""3"":275,""4"":314,""5"":261,""6"":423,""7"":538,""8"":466,""9"":371,""10"":423}",5
60605,103010,2,606,"{""1"":416,""2"":256,""3"":455,""4"":528,""5"":498,""6"":351,""7"":178,""8"":217,""9"":459,""10"":410}",1
60606,101011,2,606,"{""1"":269,""2"":173,""3"":272,""4"":352,""5"":322,""6"":234,""7"":173,""8"":108,""9"":367,""10"":284}",2
60607,104030,2,606,"{""1"":500,""2"":423,""3"":410,""4"":482,""5"":432,""6"":432,""7"":396,""8"":419,""9"":500,""10"":513}",3
60608,101008,2,606,"{""1"":211,""2"":335,""3"":194,""4"":237,""5"":140,""6"":216,""7"":293,""8"":397,""9"":234,""10"":302}",4
60609,103001,2,606,"{""1"":356,""2"":524,""3"":252,""4"":314,""5"":236,""6"":423,""7"":567,""8"":592,""9"":346,""10"":437}",5
60700,104012,2,607,"{""1"":605,""2"":359,""3"":721,""4"":663,""5"":778,""6"":556,""7"":269,""8"":343,""9"":643,""10"":541}",1
60701,103030,2,607,"{""1"":499,""2"":318,""3"":449,""4"":551,""5"":636,""6"":474,""7"":314,""8"":168,""9"":545,""10"":469}",2
60702,101002,2,607,"{""1"":291,""2"":286,""3"":260,""4"":337,""5"":286,""6"":321,""7"":326,""8"":291,""9"":357,""10"":321}",3
60703,101006,2,607,"{""1"":252,""2"":349,""3"":234,""4"":273,""5"":166,""6"":265,""7"":345,""8"":450,""9"":265,""10"":352}",4
60704,103001,2,607,"{""1"":404,""2"":594,""3"":286,""4"":355,""5"":268,""6"":479,""7"":643,""8"":671,""9"":392,""10"":495}",5
60705,103028,2,607,"{""1"":434,""2"":302,""3"":534,""4"":587,""5"":571,""6"":408,""7"":202,""8"":261,""9"":569,""10"":439}",1
60706,103038,2,607,"{""1"":481,""2"":306,""3"":477,""4"":551,""5"":557,""6"":428,""7"":314,""8"":181,""9"":545,""10"":459}",2
60707,104030,2,607,"{""1"":566,""2"":479,""3"":464,""4"":546,""5"":490,""6"":490,""7"":449,""8"":474,""9"":566,""10"":581}",3
60708,101008,2,607,"{""1"":239,""2"":379,""3"":220,""4"":269,""5"":159,""6"":245,""7"":332,""8"":450,""9"":265,""10"":342}",4
60709,104026,2,607,"{""1"":459,""2"":679,""3"":351,""4"":420,""5"":343,""6"":597,""7"":776,""8"":785,""9"":490,""10"":566}",5
60800,101010,2,608,"{""1"":295,""2"":212,""3"":346,""4"":422,""5"":351,""6"":250,""7"":147,""8"":189,""9"":392,""10"":311}",1
60801,103032,2,608,"{""1"":516,""2"":322,""3"":443,""4"":551,""5"":550,""6"":423,""7"":306,""8"":184,""9"":575,""10"":464}",2
60802,104013,2,608,"{""1"":536,""2"":474,""3"":474,""4"":536,""5"":495,""6"":510,""7"":479,""8"":490,""9"":556,""10"":561}",3
60803,103035,2,608,"{""1"":340,""2"":514,""3"":317,""4"":386,""5"":259,""6"":439,""7"":583,""8"":635,""9"":375,""10"":449}",4
60804,104026,2,608,"{""1"":459,""2"":679,""3"":351,""4"":420,""5"":343,""6"":597,""7"":776,""8"":785,""9"":490,""10"":566}",5
60805,103008,2,608,"{""1"":359,""2"":306,""3"":563,""4"":581,""5"":716,""6"":495,""7"":208,""8"":243,""9"":539,""10"":423}",1
60806,101014,2,608,"{""1"":282,""2"":208,""3"":297,""4"":399,""5"":351,""6"":255,""7"":196,""8"":145,""9"":410,""10"":306}",2
60807,103011,2,608,"{""1"":454,""2"":377,""3"":347,""4"":469,""5"":393,""6"":393,""7"":367,""8"":439,""9"":505,""10"":464}",3
60808,103020,2,608,"{""1"":395,""2"":520,""3"":308,""4"":381,""5"":262,""6"":428,""7"":550,""8"":593,""9"":388,""10"":454}",4
60809,104011,2,608,"{""1"":542,""2"":716,""3"":342,""4"":420,""5"":346,""6"":536,""7"":676,""8"":814,""9"":502,""10"":597}",5
60900,104018,2,609,"{""1"":700,""2"":415,""3"":767,""4"":773,""5"":723,""6"":507,""7"":267,""8"":315,""9"":773,""10"":627}",1
60901,104017,2,609,"{""1"":728,""2"":415,""3"":652,""4"":721,""5"":845,""6"":650,""7"":447,""8"":231,""9"":711,""10"":610}",2
60902,102004,2,609,"{""1"":422,""2"":405,""3"":359,""4"":439,""5"":376,""6"":365,""7"":325,""8"":393,""9"":473,""10"":450}",3
60903,103002,2,609,"{""1"":400,""2"":588,""3"":431,""4"":412,""5"":356,""6"":553,""7"":622,""8"":591,""9"":470,""10"":513}",4
60904,104022,2,609,"{""1"":559,""2"":746,""3"":446,""4"":470,""5"":319,""6"":507,""7"":711,""8"":742,""9"":520,""10"":656}",5
60905,103016,2,609,"{""1"":527,""2"":360,""3"":577,""4"":649,""5"":654,""6"":502,""7"":277,""8"":331,""9"":616,""10"":519}",1
60906,101009,2,609,"{""1"":361,""2"":242,""3"":326,""4"":446,""5"":422,""6"":314,""7"":219,""8"":157,""9"":438,""10"":365}",2
60907,103025,2,609,"{""1"":485,""2"":513,""3"":445,""4"":507,""5"":445,""6"":462,""7"":450,""8"":473,""9"":547,""10"":519}",3
60908,102007,2,609,"{""1"":369,""2"":499,""3"":292,""4"":363,""5"":252,""6"":376,""7"":437,""8"":606,""9"":383,""10"":439}",4
60909,103018,2,609,"{""1"":426,""2"":588,""3"":325,""4"":397,""5"":323,""6"":507,""7"":637,""8"":718,""9"":442,""10"":542}",5
61000,101010,2,610,"{""1"":329,""2"":237,""3"":387,""4"":472,""5"":392,""6"":279,""7"":164,""8"":211,""9"":438,""10"":348}",1
61001,102008,2,610,"{""1"":498,""2"":319,""3"":357,""4"":531,""5"":534,""6"":393,""7"":260,""8"":191,""9"":547,""10"":445}",2
61002,104028,2,610,"{""1"":656,""2"":559,""3"":496,""4"":604,""5"":581,""6"":559,""7"":456,""8"":502,""9"":621,""10"":627}",3
61003,103035,2,610,"{""1"":380,""2"":575,""3"":354,""4"":431,""5"":289,""6"":490,""7"":652,""8"":710,""9"":420,""10"":502}",4
61004,104005,2,610,"{""1"":523,""2"":841,""3"":426,""4"":470,""5"":367,""6"":599,""7"":793,""8"":878,""9"":520,""10"":673}",5
61005,103010,2,610,"{""1"":527,""2"":324,""3"":577,""4"":669,""5"":631,""6"":445,""7"":226,""8"":275,""9"":581,""10"":519}",1
61006,102006,2,610,"{""1"":479,""2"":269,""3"":445,""4"":531,""5"":548,""6"":393,""7"":260,""8"":174,""9"":547,""10"":439}",2
61007,101012,2,610,"{""1"":285,""2"":319,""3"":291,""4"":376,""5"":336,""6"":331,""7"":291,""8"":342,""9"":371,""10"":365}",3
61008,103015,2,610,"{""1"":467,""2"":575,""3"":359,""4"":412,""5"":326,""6"":507,""7"":585,""8"":718,""9"":415,""10"":513}",4
61009,104005,2,610,"{""1"":523,""2"":841,""3"":426,""4"":470,""5"":367,""6"":599,""7"":793,""8"":878,""9"":520,""10"":673}",5
70100,103024,2,701,"{""1"":498,""2"":350,""3"":545,""4"":662,""5"":818,""6"":582,""7"":266,""8"":294,""9"":641,""10"":510}",1
70101,103032,2,701,"{""1"":607,""2"":379,""3"":521,""4"":649,""5"":647,""6"":498,""7"":360,""8"":216,""9"":677,""10"":546}",2
70102,102004,2,701,"{""1"":444,""2"":426,""3"":378,""4"":462,""5"":396,""6"":384,""7"":342,""8"":414,""9"":498,""10"":474}",3
70103,101013,2,701,"{""1"":259,""2"":374,""3"":259,""4"":316,""5"":187,""6"":288,""7"":374,""8"":496,""9"":331,""10"":432}",4
70104,104015,2,701,"{""1"":643,""2"":785,""3"":428,""4"":495,""5"":328,""6"":630,""7"":889,""8"":882,""9"":528,""10"":708}",5
70105,104006,2,701,"{""1"":674,""2"":470,""3"":794,""4"":766,""5"":899,""6"":642,""7"":306,""8"":412,""9"":785,""10"":654}",1
70106,104020,2,701,"{""1"":780,""2"":418,""3"":634,""4"":766,""5"":850,""6"":642,""7"":442,""8"":306,""9"":727,""10"":642}",2
70107,103037,2,701,"{""1"":498,""2"":492,""3"":408,""4"":552,""5"":474,""6"":510,""7"":510,""8"":528,""9"":540,""10"":564}",3
70108,103022,2,701,"{""1"":405,""2"":634,""3"":367,""4"":434,""5"":300,""6"":540,""7"":718,""8"":832,""9"":451,""10"":564}",4
70109,104022,2,701,"{""1"":589,""2"":785,""3"":469,""4"":495,""5"":336,""6"":534,""7"":749,""8"":781,""9"":547,""10"":690}",5
70200,103005,2,702,"{""1"":498,""2"":394,""3"":704,""4"":656,""5"":786,""6"":552,""7"":238,""8"":311,""9"":677,""10"":504}",1
70201,103032,2,702,"{""1"":607,""2"":379,""3"":521,""4"":649,""5"":647,""6"":498,""7"":360,""8"":216,""9"":677,""10"":546}",2
70202,104003,2,702,"{""1"":738,""2"":612,""3"":564,""4"":630,""5"":552,""6"":588,""7"":582,""8"":612,""9"":642,""10"":660}",3
70203,104001,2,702,"{""1"":599,""2"":857,""3"":427,""4"":495,""5"":339,""6"":576,""7"":757,""8"":840,""9"":547,""10"":666}",4
70204,104026,2,702,"{""1"":540,""2"":799,""3"":413,""4"":495,""5"":403,""6"":702,""7"":913,""8"":924,""9"":576,""10"":666}",5
70205,102002,2,702,"{""1"":466,""2"":288,""3"":552,""4"":580,""5"":494,""6"":342,""7"":205,""8"":239,""9"":554,""10"":450}",1
70206,102008,2,702,"{""1"":524,""2"":336,""3"":376,""4"":559,""5"":562,""6"":414,""7"":274,""8"":201,""9"":576,""10"":468}",2
70207,104013,2,702,"{""1"":630,""2"":558,""3"":558,""4"":630,""5"":582,""6"":600,""7"":564,""8"":576,""9"":654,""10"":660}",3
70208,101008,2,702,"{""1"":281,""2"":446,""3"":259,""4"":316,""5"":187,""6"":288,""7"":390,""8"":529,""9"":312,""10"":402}",4
70209,103012,2,702,"{""1"":454,""2"":634,""3"":342,""4"":418,""5"":307,""6"":498,""7"":671,""8"":832,""9"":451,""10"":600}",5
70300,104023,2,703,"{""1"":718,""2"":418,""3"":662,""4"":766,""5"":689,""6"":486,""7"":281,""8"":391,""9"":749,""10"":630}",1
70301,102005,2,703,"{""1"":552,""2"":283,""3"":389,""4"":559,""5"":468,""6"":348,""7"":274,""8"":177,""9"":562,""10"":468}",2
70302,102015,2,703,"{""1"":426,""2"":402,""3"":372,""4"":462,""5"":420,""6"":408,""7"":360,""8"":450,""9"":468,""10"":468}",3
70303,103036,2,703,"{""1"":448,""2"":662,""3"":389,""4"":434,""5"":285,""6"":450,""7"":585,""8"":680,""9"":456,""10"":558}",4
70304,104008,2,703,"{""1"":616,""2"":821,""3"":428,""4"":495,""5"":382,""6"":678,""7"":897,""8"":848,""9"":547,""10"":684}",5
70305,104018,2,703,"{""1"":737,""2"":437,""3"":807,""4"":814,""5"":761,""6"":534,""7"":281,""8"":332,""9"":814,""10"":660}",1
70306,102005,2,703,"{""1"":552,""2"":283,""3"":389,""4"":559,""5"":468,""6"":348,""7"":274,""8"":177,""9"":562,""10"":468}",2
70307,101015,2,703,"{""1"":288,""2"":312,""3"":372,""4"":390,""5"":288,""6"":288,""7"":294,""8"":360,""9"":390,""10"":360}",3
70308,103035,2,703,"{""1"":400,""2"":605,""3"":373,""4"":454,""5"":304,""6"":516,""7"":686,""8"":748,""9"":442,""10"":528}",4
70309,103023,2,703,"{""1"":389,""2"":648,""3"":337,""4"":418,""5"":323,""6"":540,""7"":718,""8"":798,""9"":456,""10"":570}",5
70400,104012,2,704,"{""1"":712,""2"":422,""3"":849,""4"":780,""5"":915,""6"":654,""7"":317,""8"":403,""9"":756,""10"":636}",1
70401,103030,2,704,"{""1"":587,""2"":374,""3"":528,""4"":649,""5"":749,""6"":558,""7"":370,""8"":198,""9"":641,""10"":552}",2
70402,103031,2,704,"{""1"":546,""2"":438,""3"":444,""4"":534,""5"":444,""6"":474,""7"":474,""8"":552,""9"":540,""10"":540}",3
70403,103033,2,704,"{""1"":427,""2"":641,""3"":373,""4"":434,""5"":300,""6"":510,""7"":671,""8"":722,""9"":437,""10"":558}",4
70404,104008,2,704,"{""1"":616,""2"":821,""3"":428,""4"":495,""5"":382,""6"":678,""7"":897,""8"":848,""9"":547,""10"":684}",5
70405,104023,2,704,"{""1"":718,""2"":418,""3"":662,""4"":766,""5"":689,""6"":486,""7"":281,""8"":391,""9"":749,""10"":630}",1
70406,103030,2,704,"{""1"":587,""2"":374,""3"":528,""4"":649,""5"":749,""6"":558,""7"":370,""8"":198,""9"":641,""10"":552}",2
70407,102011,2,704,"{""1"":456,""2"":390,""3"":366,""4"":456,""5"":354,""6"":360,""7"":354,""8"":420,""9"":480,""10"":450}",3
70408,103020,2,704,"{""1"":464,""2"":612,""3"":362,""4"":449,""5"":308,""6"":504,""7"":647,""8"":697,""9"":456,""10"":534}",4
70409,103003,2,704,"{""1"":448,""2"":677,""3"":362,""4"":418,""5"":344,""6"":558,""7"":718,""8"":764,""9"":442,""10"":558}",5
70500,103021,2,705,"{""1"":554,""2"":379,""3"":614,""4"":683,""5"":689,""6"":486,""7"":238,""8"":290,""9"":655,""10"":540}",1
70501,101014,2,705,"{""1"":331,""2"":245,""3"":350,""4"":469,""5"":413,""6"":300,""7"":230,""8"":171,""9"":482,""10"":360}",2
70502,101007,2,705,"{""1"":324,""2"":324,""3"":318,""4"":390,""5"":312,""6"":312,""7"":288,""8"":354,""9"":414,""10"":402}",3
70503,103033,2,705,"{""1"":427,""2"":641,""3"":373,""4"":434,""5"":300,""6"":510,""7"":671,""8"":722,""9"":437,""10"":558}",4
70504,103009,2,705,"{""1"":421,""2"":655,""3"":367,""4"":418,""5"":349,""6"":564,""7"":718,""8"":622,""9"":494,""10"":564}",5
70505,104033,2,705,"{""1"":668,""2"":461,""3"":766,""4"":787,""5"":891,""6"":636,""7"":313,""8"":403,""9"":792,""10"":636}",1
70506,103030,2,705,"{""1"":587,""2"":374,""3"":528,""4"":649,""5"":749,""6"":558,""7"":370,""8"":198,""9"":641,""10"":552}",2
70507,101002,2,705,"{""1"":342,""2"":336,""3"":306,""4"":396,""5"":336,""6"":378,""7"":384,""8"":342,""9"":420,""10"":378}",3
70508,101008,2,705,"{""1"":281,""2"":446,""3"":259,""4"":316,""5"":187,""6"":288,""7"":390,""8"":529,""9"":312,""10"":402}",4
70509,104022,2,705,"{""1"":589,""2"":785,""3"":469,""4"":495,""5"":336,""6"":534,""7"":749,""8"":781,""9"":547,""10"":690}",5
70600,104004,2,706,"{""1"":674,""2"":408,""3"":828,""4"":787,""5"":956,""6"":660,""7"":281,""8"":332,""9"":770,""10"":642}",1
70601,102008,2,706,"{""1"":524,""2"":336,""3"":376,""4"":559,""5"":562,""6"":414,""7"":274,""8"":201,""9"":576,""10"":468}",2
70602,103037,2,706,"{""1"":498,""2"":492,""3"":408,""4"":552,""5"":474,""6"":510,""7"":510,""8"":528,""9"":540,""10"":564}",3
70603,103029,2,706,"{""1"":481,""2"":605,""3"":362,""4"":434,""5"":281,""6"":462,""7"":608,""8"":739,""9"":461,""10"":570}",4
70604,104005,2,706,"{""1"":551,""2"":886,""3"":449,""4"":495,""5"":386,""6"":630,""7"":835,""8"":924,""9"":547,""10"":708}",5
70605,103010,2,706,"{""1"":554,""2"":341,""3"":607,""4"":704,""5"":664,""6"":468,""7"":238,""8"":290,""9"":612,""10"":546}",1
70606,104024,2,706,"{""1"":787,""2"":446,""3"":752,""4"":759,""5"":780,""6"":576,""7"":384,""8"":237,""9"":799,""10"":606}",2
70607,103025,2,706,"{""1"":510,""2"":540,""3"":468,""4"":534,""5"":468,""6"":486,""7"":474,""8"":498,""9"":576,""10"":546}",3
70608,103015,2,706,"{""1"":491,""2"":605,""3"":378,""4"":434,""5"":343,""6"":534,""7"":616,""8"":756,""9"":437,""10"":540}",4
70609,103018,2,706,"{""1"":448,""2"":619,""3"":342,""4"":418,""5"":340,""6"":534,""7"":671,""8"":756,""9"":466,""10"":570}",5
70700,103007,2,707,"{""1"":541,""2"":417,""3"":759,""4"":713,""5"":829,""6"":581,""7"":261,""8"":323,""9"":737,""10"":568}",1
70701,103019,2,707,"{""1"":729,""2"":380,""3"":595,""4"":706,""5"":669,""6"":488,""7"":348,""8"":248,""9"":705,""10"":601}",2
70702,101002,2,707,"{""1"":376,""2"":370,""3"":337,""4"":436,""5"":370,""6"":416,""7"":422,""8"":376,""9"":462,""10"":416}",3
70703,103029,2,707,"{""1"":529,""2"":665,""3"":398,""4"":477,""5"":309,""6"":508,""7"":669,""8"":813,""9"":507,""10"":627}",4
70704,103003,2,707,"{""1"":493,""2"":744,""3"":398,""4"":460,""5"":379,""6"":614,""7"":789,""8"":841,""9"":486,""10"":614}",5
70705,103007,2,707,"{""1"":541,""2"":417,""3"":759,""4"":713,""5"":829,""6"":581,""7"":261,""8"":323,""9"":737,""10"":568}",1
70706,102008,2,707,"{""1"":577,""2"":370,""3"":414,""4"":615,""5"":618,""6"":455,""7"":301,""8"":221,""9"":634,""10"":515}",2
70707,102004,2,707,"{""1"":488,""2"":469,""3"":416,""4"":508,""5"":436,""6"":422,""7"":376,""8"":455,""9"":548,""10"":521}",3
70708,103035,2,707,"{""1"":440,""2"":665,""3"":410,""4"":499,""5"":335,""6"":568,""7"":755,""8"":822,""9"":486,""10"":581}",4
70709,104011,2,707,"{""1"":701,""2"":927,""3"":443,""4"":544,""5"":448,""6"":693,""7"":875,""8"":1053,""9"":649,""10"":772}",5
70800,101010,2,708,"{""1"":381,""2"":275,""3"":448,""4"":546,""5"":454,""6"":323,""7"":190,""8"":245,""9"":507,""10"":403}",1
70801,103032,2,708,"{""1"":668,""2"":417,""3"":574,""4"":713,""5"":712,""6"":548,""7"":396,""8"":238,""9"":744,""10"":601}",2
70802,104028,2,708,"{""1"":759,""2"":647,""3"":574,""4"":700,""5"":673,""6"":647,""7"":528,""8"":581,""9"":719,""10"":726}",3
70803,101008,2,708,"{""1"":309,""2"":491,""3"":285,""4"":348,""5"":206,""6"":317,""7"":429,""8"":582,""9"":343,""10"":442}",4
70804,104005,2,708,"{""1"":606,""2"":974,""3"":494,""4"":544,""5"":425,""6"":693,""7"":918,""8"":1016,""9"":602,""10"":779}",5
70805,103008,2,708,"{""1"":464,""2"":396,""3"":729,""4"":751,""5"":927,""6"":640,""7"":269,""8"":314,""9"":697,""10"":548}",1
70806,102008,2,708,"{""1"":577,""2"":370,""3"":414,""4"":615,""5"":618,""6"":455,""7"":301,""8"":221,""9"":634,""10"":515}",2
70807,104010,2,708,"{""1"":706,""2"":620,""3"":548,""4"":693,""5"":686,""6"":660,""7"":554,""8"":812,""9"":719,""10"":700}",3
70808,104007,2,708,"{""1"":713,""2"":840,""3"":463,""4"":567,""5"":365,""6"":614,""7"":832,""8"":1016,""9"":581,""10"":812}",4
70809,104022,2,708,"{""1"":647,""2"":863,""3"":516,""4"":544,""5"":370,""6"":587,""7"":824,""8"":859,""9"":602,""10"":759}",5
70900,103006,2,709,"{""1"":507,""2"":426,""3"":853,""4"":828,""5"":1001,""6"":684,""7"":285,""8"":348,""9"":778,""10"":612}",1
70901,102005,2,709,"{""1"":662,""2"":340,""3"":467,""4"":671,""5"":562,""6"":418,""7"":328,""8"":212,""9"":674,""10"":562}",2
70902,102004,2,709,"{""1"":533,""2"":511,""3"":454,""4"":554,""5"":475,""6"":461,""7"":410,""8"":497,""9"":598,""10"":569}",3
70903,101006,2,709,"{""1"":356,""2"":492,""3"":330,""4"":386,""5"":234,""6"":374,""7"":487,""8"":635,""9"":374,""10"":497}",4
70904,104005,2,709,"{""1"":661,""2"":1063,""3"":539,""4"":594,""5"":464,""6"":756,""7"":1002,""8"":1109,""9"":657,""10"":850}",5
70905,103028,2,709,"{""1"":612,""2"":426,""3"":753,""4"":828,""5"":807,""6"":576,""7"":285,""8"":368,""9"":804,""10"":619}",1
70906,104016,2,709,"{""1"":969,""2"":501,""3"":871,""4"":903,""5"":861,""6"":634,""7"":449,""8"":346,""9"":916,""10"":756}",2
70907,102011,2,709,"{""1"":547,""2"":468,""3"":439,""4"":547,""5"":425,""6"":432,""7"":425,""8"":504,""9"":576,""10"":540}",3
70908,103022,2,709,"{""1"":486,""2"":760,""3"":441,""4"":520,""5"":360,""6"":648,""7"":861,""8"":998,""9"":541,""10"":677}",4
70909,104015,2,709,"{""1"":771,""2"":942,""3"":514,""4"":594,""5"":393,""6"":756,""7"":1067,""8"":1058,""9"":634,""10"":850}",5
71000,103010,2,710,"{""1"":665,""2"":409,""3"":729,""4"":845,""5"":797,""6"":562,""7"":285,""8"":348,""9"":734,""10"":655}",1
71001,104020,2,710,"{""1"":936,""2"":501,""3"":760,""4"":919,""5"":1020,""6"":770,""7"":530,""8"":367,""9"":873,""10"":770}",2
71002,104003,2,710,"{""1"":886,""2"":734,""3"":677,""4"":756,""5"":662,""6"":706,""7"":698,""8"":734,""9"":770,""10"":792}",3
71003,103034,2,710,"{""1"":473,""2"":778,""3"":460,""4"":545,""5"":426,""6"":641,""7"":702,""8"":917,""9"":530,""10"":670}",4
71004,103009,2,710,"{""1"":505,""2"":786,""3"":441,""4"":502,""5"":418,""6"":677,""7"":861,""8"":746,""9"":593,""10"":677}",5
71005,103040,2,710,"{""1"":680,""2"":426,""3"":662,""4"":845,""5"":787,""6"":562,""7"":285,""8"":363,""9"":786,""10"":670}",1
71006,104016,2,710,"{""1"":969,""2"":501,""3"":871,""4"":903,""5"":861,""6"":634,""7"":449,""8"":346,""9"":916,""10"":756}",2
71007,103027,2,710,"{""1"":641,""2"":554,""3"":490,""4"":662,""5"":641,""6"":619,""7"":504,""8"":540,""9"":670,""10"":648}",3
71008,104007,2,710,"{""1"":778,""2"":916,""3"":505,""4"":618,""5"":398,""6"":670,""7"":908,""8"":1109,""9"":634,""10"":886}",4
71009,103017,2,710,"{""1"":505,""2"":760,""3"":404,""4"":502,""5"":363,""6"":648,""7"":880,""8"":857,""9"":599,""10"":720}",5
80100,103004,2,801,"{""1"":662,""2"":432,""3"":837,""4"":854,""5"":830,""6"":585,""7"":297,""8"":394,""9"":864,""10"":698}",1
80101,102006,2,801,"{""1"":630,""2"":354,""3"":586,""4"":699,""5"":722,""6"":518,""7"":342,""8"":229,""9"":720,""10"":578}",2
80102,102011,2,801,"{""1"":570,""2"":488,""3"":458,""4"":570,""5"":443,""6"":450,""7"":443,""8"":525,""9"":600,""10"":563}",3
80103,101001,2,801,"{""1"":385,""2"":540,""3"":338,""4"":395,""5"":258,""6"":420,""7"":556,""8"":704,""9"":384,""10"":510}",4
80104,104026,2,801,"{""1"":675,""2"":999,""3"":516,""4"":618,""5"":504,""6"":878,""7"":1141,""8"":1155,""9"":720,""10"":833}",5
80105,103016,2,801,"{""1"":693,""2"":474,""3"":759,""4"":854,""5"":861,""6"":660,""7"":365,""8"":436,""9"":810,""10"":683}",1
80106,104016,2,801,"{""1"":1009,""2"":522,""3"":908,""4"":940,""5"":897,""6"":660,""7"":468,""8"":360,""9"":954,""10"":788}",2
80107,103027,2,801,"{""1"":668,""2"":578,""3"":510,""4"":690,""5"":668,""6"":645,""7"":525,""8"":563,""9"":698,""10"":675}",3
80108,103002,2,801,"{""1"":527,""2"":774,""3"":567,""4"":542,""5"":468,""6"":728,""7"":819,""8"":777,""9"":618,""10"":675}",4
80109,103003,2,801,"{""1"":560,""2"":846,""3"":453,""4"":523,""5"":431,""6"":698,""7"":897,""8"":956,""9"":552,""10"":698}",5
80200,103016,2,802,"{""1"":693,""2"":474,""3"":759,""4"":854,""5"":861,""6"":660,""7"":365,""8"":436,""9"":810,""10"":683}",1
80201,104014,2,802,"{""1"":906,""2"":528,""3"":842,""4"":957,""5"":848,""6"":668,""7"":528,""8"":364,""9"":936,""10"":803}",2
80202,102015,2,802,"{""1"":533,""2"":503,""3"":465,""4"":578,""5"":525,""6"":510,""7"":450,""8"":563,""9"":585,""10"":585}",3
80203,102012,2,802,"{""1"":506,""2"":666,""3"":405,""4"":472,""5"":293,""6"":450,""7"":575,""8"":662,""9"":492,""10"":608}",4
80204,104015,2,802,"{""1"":803,""2"":981,""3"":536,""4"":618,""5"":410,""6"":788,""7"":1112,""8"":1103,""9"":660,""10"":885}",5
80205,103040,2,802,"{""1"":709,""2"":444,""3"":690,""4"":880,""5"":820,""6"":585,""7"":297,""8"":378,""9"":819,""10"":698}",1
80206,101014,2,802,"{""1"":414,""2"":306,""3"":437,""4"":587,""5"":517,""6"":375,""7"":288,""8"":214,""9"":603,""10"":450}",2
80207,101005,2,802,"{""1"":398,""2"":450,""3"":413,""4"":488,""5"":480,""6"":458,""7"":360,""8"":480,""9"":480,""10"":510}",3
80208,102003,2,802,"{""1"":479,""2"":657,""3"":385,""4"":472,""5"":371,""6"":548,""7"":556,""8"":756,""9"":468,""10"":578}",4
80209,103001,2,802,"{""1"":594,""2"":873,""3"":421,""4"":523,""5"":394,""6"":705,""7"":946,""8"":987,""9"":576,""10"":728}",5
80300,103021,2,803,"{""1"":693,""2"":474,""3"":768,""4"":854,""5"":861,""6"":608,""7"":297,""8"":362,""9"":819,""10"":675}",1
80301,101009,2,803,"{""1"":474,""2"":318,""3"":429,""4"":587,""5"":556,""6"":413,""7"":288,""8"":206,""9"":576,""10"":480}",2
80302,101005,2,803,"{""1"":398,""2"":450,""3"":413,""4"":488,""5"":480,""6"":458,""7"":360,""8"":480,""9"":480,""10"":510}",3
80303,104007,2,803,"{""1"":810,""2"":954,""3"":527,""4"":644,""5"":414,""6"":698,""7"":946,""8"":1155,""9"":660,""10"":923}",4
80304,104008,2,803,"{""1"":770,""2"":1026,""3"":536,""4"":618,""5"":478,""6"":848,""7"":1121,""8"":1061,""9"":684,""10"":855}",5
80305,103005,2,803,"{""1"":622,""2"":492,""3"":880,""4"":819,""5"":982,""6"":690,""7"":297,""8"":389,""9"":846,""10"":630}",1
80306,104016,2,803,"{""1"":1009,""2"":522,""3"":908,""4"":940,""5"":897,""6"":660,""7"":468,""8"":360,""9"":954,""10"":788}",2
80307,102011,2,803,"{""1"":570,""2"":488,""3"":458,""4"":570,""5"":443,""6"":450,""7"":443,""8"":525,""9"":600,""10"":563}",3
80308,102013,2,803,"{""1"":446,""2"":684,""3"":392,""4"":478,""5"":278,""6"":458,""7"":653,""8"":798,""9"":480,""10"":570}",4
80309,104011,2,803,"{""1"":797,""2"":1053,""3"":504,""4"":618,""5"":509,""6"":788,""7"":995,""8"":1197,""9"":738,""10"":878}",5
80400,103028,2,804,"{""1"":638,""2"":444,""3"":785,""4"":863,""5"":840,""6"":600,""7"":297,""8"":383,""9"":837,""10"":645}",1
80401,104017,2,804,"{""1"":957,""2"":546,""3"":858,""4"":949,""5"":1112,""6"":855,""7"":588,""8"":304,""9"":936,""10"":803}",2
80402,102015,2,804,"{""1"":533,""2"":503,""3"":465,""4"":578,""5"":525,""6"":510,""7"":450,""8"":563,""9"":585,""10"":585}",3
80403,102003,2,804,"{""1"":479,""2"":657,""3"":385,""4"":472,""5"":371,""6"":548,""7"":556,""8"":756,""9"":468,""10"":578}",4
80404,103012,2,804,"{""1"":567,""2"":792,""3"":427,""4"":523,""5"":383,""6"":623,""7"":839,""8"":1040,""9"":564,""10"":750}",5
80405,104002,2,804,"{""1"":945,""2"":552,""3"":983,""4"":983,""5"":972,""6"":683,""7"":351,""8"":504,""9"":954,""10"":803}",1
80406,103032,2,804,"{""1"":759,""2"":474,""3"":652,""4"":811,""5"":809,""6"":623,""7"":450,""8"":270,""9"":846,""10"":683}",2
80407,101002,2,804,"{""1"":428,""2"":420,""3"":383,""4"":495,""5"":420,""6"":473,""7"":480,""8"":428,""9"":525,""10"":473}",3
80408,103036,2,804,"{""1"":560,""2"":828,""3"":486,""4"":542,""5"":356,""6"":563,""7"":731,""8"":851,""9"":570,""10"":698}",4
80409,104026,2,804,"{""1"":675,""2"":999,""3"":516,""4"":618,""5"":504,""6"":878,""7"":1141,""8"":1155,""9"":720,""10"":833}",5
80500,103010,2,805,"{""1"":693,""2"":426,""3"":759,""4"":880,""5"":830,""6"":585,""7"":297,""8"":362,""9"":765,""10"":683}",1
80501,103019,2,805,"{""1"":828,""2"":432,""3"":677,""4"":802,""5"":761,""6"":555,""7"":396,""8"":281,""9"":801,""10"":683}",2
80502,104010,2,805,"{""1"":803,""2"":705,""3"":623,""4"":788,""5"":780,""6"":750,""7"":630,""8"":923,""9"":818,""10"":795}",3
80503,102007,2,805,"{""1"":486,""2"":657,""3"":385,""4"":478,""5"":332,""6"":495,""7"":575,""8"":798,""9"":504,""10"":578}",4
80504,104008,2,805,"{""1"":770,""2"":1026,""3"":536,""4"":618,""5"":478,""6"":848,""7"":1121,""8"":1061,""9"":684,""10"":855}",5
80505,103026,2,805,"{""1"":717,""2"":438,""3"":785,""4"":837,""5"":800,""6"":555,""7"":297,""8"":368,""9"":801,""10"":668}",1
80506,101009,2,805,"{""1"":474,""2"":318,""3"":429,""4"":587,""5"":556,""6"":413,""7"":288,""8"":206,""9"":576,""10"":480}",2
80507,103011,2,805,"{""1"":668,""2"":555,""3"":510,""4"":690,""5"":578,""6"":578,""7"":540,""8"":645,""9"":743,""10"":683}",3
80508,101013,2,805,"{""1"":324,""2"":468,""3"":324,""4"":395,""5"":234,""6"":360,""7"":468,""8"":620,""9"":414,""10"":540}",4
80509,103001,2,805,"{""1"":594,""2"":873,""3"":421,""4"":523,""5"":394,""6"":705,""7"":946,""8"":987,""9"":576,""10"":728}",5
80600,104018,2,806,"{""1"":921,""2"":546,""3"":1009,""4"":1018,""5"":952,""6"":668,""7"":351,""8"":415,""9"":1017,""10"":825}",1
80601,101009,2,806,"{""1"":474,""2"":318,""3"":429,""4"":587,""5"":556,""6"":413,""7"":288,""8"":206,""9"":576,""10"":480}",2
80602,101007,2,806,"{""1"":405,""2"":405,""3"":398,""4"":488,""5"":390,""6"":390,""7"":360,""8"":443,""9"":518,""10"":503}",3
80603,103034,2,806,"{""1"":493,""2"":810,""3"":479,""4"":567,""5"":444,""6"":668,""7"":731,""8"":956,""9"":552,""10"":698}",4
80604,104008,2,806,"{""1"":770,""2"":1026,""3"":536,""4"":618,""5"":478,""6"":848,""7"":1121,""8"":1061,""9"":684,""10"":855}",5
80605,101004,2,806,"{""1"":402,""2"":300,""3"":483,""4"":638,""5"":648,""6"":450,""7"":221,""8"":310,""9"":594,""10"":480}",1
80606,104016,2,806,"{""1"":1009,""2"":522,""3"":908,""4"":940,""5"":897,""6"":660,""7"":468,""8"":360,""9"":954,""10"":788}",2
80607,102015,2,806,"{""1"":533,""2"":503,""3"":465,""4"":578,""5"":525,""6"":510,""7"":450,""8"":563,""9"":585,""10"":585}",3
80608,103029,2,806,"{""1"":601,""2"":756,""3"":452,""4"":542,""5"":351,""6"":578,""7"":761,""8"":924,""9"":576,""10"":713}",4
80609,104022,2,806,"{""1"":736,""2"":981,""3"":587,""4"":618,""5"":420,""6"":668,""7"":936,""8"":977,""9"":684,""10"":863}",5
80700,103021,2,807,"{""1"":748,""2"":512,""3"":829,""4"":922,""5"":929,""6"":656,""7"":321,""8"":391,""9"":885,""10"":729}",1
80701,104020,2,807,"{""1"":1053,""2"":564,""3"":855,""4"":1034,""5"":1148,""6"":867,""7"":596,""8"":413,""9"":982,""10"":867}",2
80702,104010,2,807,"{""1"":867,""2"":761,""3"":672,""4"":851,""5"":842,""6"":810,""7"":680,""8"":996,""9"":883,""10"":859}",3
80703,104007,2,807,"{""1"":875,""2"":1030,""3"":569,""4"":695,""5"":448,""6"":753,""7"":1021,""8"":1247,""9"":713,""10"":996}",4
80704,104019,2,807,"{""1"":824,""2"":1021,""3"":640,""4"":668,""5"":590,""6"":842,""7"":979,""8"":1009,""9"":732,""10"":915}",5
80705,101010,2,807,"{""1"":468,""2"":337,""3"":550,""4"":671,""5"":558,""6"":397,""7"":233,""8"":301,""9"":622,""10"":494}",1
80706,104016,2,807,"{""1"":1090,""2"":564,""3"":980,""4"":1015,""5"":969,""6"":713,""7"":505,""8"":389,""9"":1030,""10"":851}",2
80707,103031,2,807,"{""1"":737,""2"":591,""3"":599,""4"":721,""5"":599,""6"":640,""7"":640,""8"":745,""9"":729,""10"":729}",3
80708,101003,2,807,"{""1"":408,""2"":505,""3"":357,""4"":441,""5"":295,""6"":470,""7"":590,""8"":703,""9"":454,""10"":551}",4
80709,103001,2,807,"{""1"":642,""2"":943,""3"":454,""4"":565,""5"":425,""6"":761,""7"":1021,""8"":1066,""9"":622,""10"":786}",5
80800,103021,2,808,"{""1"":748,""2"":512,""3"":829,""4"":922,""5"":929,""6"":656,""7"":321,""8"":391,""9"":885,""10"":729}",1
80801,103032,2,808,"{""1"":820,""2"":512,""3"":704,""4"":876,""5"":874,""6"":672,""7"":486,""8"":292,""9"":914,""10"":737}",2
80802,103011,2,808,"{""1"":721,""2"":599,""3"":551,""4"":745,""5"":624,""6"":624,""7"":583,""8"":697,""9"":802,""10"":737}",3
80803,101013,2,808,"{""1"":350,""2"":505,""3"":350,""4"":427,""5"":253,""6"":389,""7"":505,""8"":669,""9"":447,""10"":583}",4
80804,103009,2,808,"{""1"":569,""2"":885,""3"":496,""4"":565,""5"":471,""6"":761,""7"":969,""8"":839,""9"":667,""10"":761}",5
80805,103008,2,808,"{""1"":570,""2"":486,""3"":894,""4"":922,""5"":1137,""6"":786,""7"":330,""8"":386,""9"":855,""10"":672}",1
80806,101014,2,808,"{""1"":447,""2"":330,""3"":472,""4"":633,""5"":558,""6"":405,""7"":311,""8"":231,""9"":651,""10"":486}",2
80807,101015,2,808,"{""1"":389,""2"":421,""3"":502,""4"":527,""5"":389,""6"":389,""7"":397,""8"":486,""9"":527,""10"":486}",3
80808,102001,2,808,"{""1"":583,""2"":603,""3"":467,""4"":509,""5"":353,""6"":535,""7"":632,""8"":839,""9"":518,""10"":664}",4
80809,104015,2,808,"{""1"":868,""2"":1059,""3"":578,""4"":668,""5"":442,""6"":851,""7"":1200,""8"":1191,""9"":713,""10"":956}",5
80900,103004,2,809,"{""1"":767,""2"":501,""3"":970,""4"":990,""5"":963,""6"":679,""7"":345,""8"":457,""9"":1002,""10"":809}",1
80901,101009,2,809,"{""1"":550,""2"":369,""3"":498,""4"":680,""5"":645,""6"":479,""7"":334,""8"":239,""9"":668,""10"":557}",2
80902,101007,2,809,"{""1"":470,""2"":470,""3"":461,""4"":566,""5"":452,""6"":452,""7"":418,""8"":513,""9"":600,""10"":583}",3
80903,103029,2,809,"{""1"":697,""2"":877,""3"":525,""4"":629,""5"":407,""6"":670,""7"":882,""8"":1072,""9"":668,""10"":827}",4
80904,104019,2,809,"{""1"":885,""2"":1096,""3"":688,""4"":717,""5"":633,""6"":905,""7"":1052,""8"":1084,""9"":786,""10"":983}",5
80905,103004,2,809,"{""1"":767,""2"":501,""3"":970,""4"":990,""5"":963,""6"":679,""7"":345,""8"":457,""9"":1002,""10"":809}",1
80906,103038,2,809,"{""1"":820,""2"":522,""3"":813,""4"":940,""5"":950,""6"":731,""7"":536,""8"":309,""9"":929,""10"":783}",2
80907,104010,2,809,"{""1"":931,""2"":818,""3"":722,""4"":914,""5"":905,""6"":870,""7"":731,""8"":1070,""9"":948,""10"":922}",3
80908,103035,2,809,"{""1"":579,""2"":877,""3"":540,""4"":658,""5"":441,""6"":748,""7"":995,""8"":1084,""9"":640,""10"":766}",4
80909,104008,2,809,"{""1"":893,""2"":1190,""3"":621,""4"":717,""5"":554,""6"":983,""7"":1301,""8"":1230,""9"":793,""10"":992}",5
81000,104004,2,810,"{""1"":977,""2"":592,""3"":1201,""4"":1141,""5"":1386,""6"":957,""7"":407,""8"":481,""9"":1117,""10"":931}",1
81001,102005,2,810,"{""1"":800,""2"":411,""3"":565,""4"":810,""5"":679,""6"":505,""7"":397,""8"":257,""9"":814,""10"":679}",2
81002,103011,2,810,"{""1"":774,""2"":644,""3"":592,""4"":800,""5"":670,""6"":670,""7"":626,""8"":748,""9"":861,""10"":792}",3
81003,102013,2,810,"{""1"":517,""2"":793,""3"":454,""4"":555,""5"":322,""6"":531,""7"":758,""8"":926,""9"":557,""10"":661}",4
81004,104008,2,810,"{""1"":893,""2"":1190,""3"":621,""4"":717,""5"":554,""6"":983,""7"":1301,""8"":1230,""9"":793,""10"":992}",5
81005,104012,2,810,"{""1"":1032,""2"":612,""3"":1231,""4"":1131,""5"":1327,""6"":948,""7"":459,""8"":585,""9"":1096,""10"":922}",1
81006,102006,2,810,"{""1"":730,""2"":411,""3"":679,""4"":810,""5"":837,""6"":600,""7"":397,""8"":265,""9"":835,""10"":670}",2
81007,101007,2,810,"{""1"":470,""2"":470,""3"":461,""4"":566,""5"":452,""6"":452,""7"":418,""8"":513,""9"":600,""10"":583}",3
81008,101006,2,810,"{""1"":431,""2"":595,""3"":399,""4"":466,""5"":283,""6"":452,""7"":588,""8"":767,""9"":452,""10"":600}",4
81009,104022,2,810,"{""1"":853,""2"":1138,""3"":680,""4"":717,""5"":487,""6"":774,""7"":1086,""8"":1133,""9"":793,""10"":1001}",5
90100,101010,2,901,"{""1"":693,""2"":499,""3"":814,""4"":994,""5"":826,""6"":588,""7"":346,""8"":445,""9"":922,""10"":732}",1
90101,103019,2,901,"{""1"":1325,""2"":691,""3"":1082,""4"":1283,""5"":1217,""6"":888,""7"":634,""8"":450,""9"":1282,""10"":1092}",2
90102,101005,2,901,"{""1"":636,""2"":720,""3"":660,""4"":780,""5"":768,""6"":732,""7"":576,""8"":768,""9"":768,""10"":816}",3
90103,103036,2,901,"{""1"":896,""2"":1325,""3"":778,""4"":867,""5"":569,""6"":900,""7"":1170,""8"":1361,""9"":912,""10"":1116}",4
90104,104022,2,901,"{""1"":1177,""2"":1570,""3"":938,""4"":989,""5"":672,""6"":1068,""7"":1498,""8"":1562,""9"":1094,""10"":1380}",5
90105,103021,2,901,"{""1"":1109,""2"":758,""3"":1228,""4"":1366,""5"":1377,""6"":972,""7"":475,""8"":580,""9"":1310,""10"":1080}",1
90106,101014,2,901,"{""1"":662,""2"":490,""3"":700,""4"":938,""5"":827,""6"":600,""7"":461,""8"":342,""9"":965,""10"":720}",2
90107,103037,2,901,"{""1"":996,""2"":984,""3"":816,""4"":1104,""5"":948,""6"":1020,""7"":1020,""8"":1056,""9"":1080,""10"":1128}",3
90108,102001,2,901,"{""1"":864,""2"":893,""3"":691,""4"":755,""5"":523,""6"":792,""7"":936,""8"":1243,""9"":768,""10"":984}",4
90109,103017,2,901,"{""1"":842,""2"":1267,""3"":673,""4"":836,""5"":605,""6"":1080,""7"":1466,""8"":1428,""9"":998,""10"":1200}",5
90200,103028,2,902,"{""1"":1021,""2"":710,""3"":1256,""4"":1380,""5"":1345,""6"":960,""7"":475,""8"":613,""9"":1339,""10"":1032}",1
90201,104016,2,902,"{""1"":1615,""2"":835,""3"":1452,""4"":1504,""5"":1435,""6"":1056,""7"":749,""8"":576,""9"":1526,""10"":1260}",2
90202,103031,2,902,"{""1"":1092,""2"":876,""3"":888,""4"":1068,""5"":888,""6"":948,""7"":948,""8"":1104,""9"":1080,""10"":1080}",3
90203,104007,2,902,"{""1"":1296,""2"":1526,""3"":842,""4"":1030,""5"":663,""6"":1116,""7"":1513,""8"":1848,""9"":1056,""10"":1476}",4
90204,104019,2,902,"{""1"":1220,""2"":1512,""3"":949,""4"":989,""5"":874,""6"":1248,""7"":1451,""8"":1495,""9"":1085,""10"":1356}",5
90205,104023,2,902,"{""1"":1436,""2"":835,""3"":1325,""4"":1532,""5"":1377,""6"":972,""7"":562,""8"":781,""9"":1498,""10"":1260}",1
90206,104014,2,902,"{""1"":1449,""2"":845,""3"":1346,""4"":1532,""5"":1357,""6"":1068,""7"":845,""8"":582,""9"":1498,""10"":1284}",2
90207,101002,2,902,"{""1"":684,""2"":672,""3"":612,""4"":792,""5"":672,""6"":756,""7"":768,""8"":684,""9"":840,""10"":756}",3
90208,101006,2,902,"{""1"":594,""2"":821,""3"":551,""4"":643,""5"":390,""6"":624,""7"":811,""8"":1058,""9"":624,""10"":828}",4
90209,103003,2,902,"{""1"":896,""2"":1354,""3"":724,""4"":836,""5"":689,""6"":1116,""7"":1435,""8"":1529,""9"":883,""10"":1116}",5
90300,103004,2,903,"{""1"":1058,""2"":691,""3"":1339,""4"":1366,""5"":1328,""6"":936,""7"":475,""8"":630,""9"":1382,""10"":1116}",1
90301,103038,2,903,"{""1"":1132,""2"":720,""3"":1122,""4"":1297,""5"":1310,""6"":1008,""7"":739,""8"":426,""9"":1282,""10"":1080}",2
90302,104028,2,903,"{""1"":1380,""2"":1176,""3"":1044,""4"":1272,""5"":1224,""6"":1176,""7"":960,""8"":1056,""9"":1308,""10"":1320}",3
90303,103002,2,903,"{""1"":842,""2"":1238,""3"":907,""4"":867,""5"":749,""6"":1164,""7"":1310,""8"":1243,""9"":989,""10"":1080}",4
90304,103009,2,903,"{""1"":842,""2"":1310,""3"":734,""4"":836,""5"":697,""6"":1128,""7"":1435,""8"":1243,""9"":989,""10"":1128}",5
90305,104004,2,903,"{""1"":1348,""2"":816,""3"":1656,""4"":1573,""5"":1912,""6"":1320,""7"":562,""8"":664,""9"":1541,""10"":1284}",1
90306,101011,2,903,"{""1"":718,""2"":461,""3"":726,""4"":938,""5"":858,""6"":624,""7"":461,""8"":288,""9"":979,""10"":756}",2
90307,103037,2,903,"{""1"":996,""2"":984,""3"":816,""4"":1104,""5"":948,""6"":1020,""7"":1020,""8"":1056,""9"":1080,""10"":1128}",3
90308,102001,2,903,"{""1"":864,""2"":893,""3"":691,""4"":755,""5"":523,""6"":792,""7"":936,""8"":1243,""9"":768,""10"":984}",4
90309,104008,2,903,"{""1"":1231,""2"":1642,""3"":857,""4"":989,""5"":764,""6"":1356,""7"":1794,""8"":1697,""9"":1094,""10"":1368}",5
90400,103008,2,904,"{""1"":844,""2"":720,""3"":1325,""4"":1366,""5"":1685,""6"":1164,""7"":490,""8"":571,""9"":1267,""10"":996}",1
90401,102008,2,904,"{""1"":1049,""2"":672,""3"":752,""4"":1118,""5"":1123,""6"":828,""7"":547,""8"":402,""9"":1152,""10"":936}",2
90402,101007,2,904,"{""1"":648,""2"":648,""3"":636,""4"":780,""5"":624,""6"":624,""7"":576,""8"":708,""9"":828,""10"":804}",3
90403,103035,2,904,"{""1"":799,""2"":1210,""3"":745,""4"":908,""5"":608,""6"":1032,""7"":1373,""8"":1495,""9"":883,""10"":1056}",4
90404,104005,2,904,"{""1"":1102,""2"":1771,""3"":898,""4"":989,""5"":773,""6"":1260,""7"":1669,""8"":1848,""9"":1094,""10"":1416}",5
90405,101010,2,904,"{""1"":693,""2"":499,""3"":814,""4"":994,""5"":826,""6"":588,""7"":346,""8"":445,""9"":922,""10"":732}",1
90406,103038,2,904,"{""1"":1132,""2"":720,""3"":1122,""4"":1297,""5"":1310,""6"":1008,""7"":739,""8"":426,""9"":1282,""10"":1080}",2
90407,102004,2,904,"{""1"":888,""2"":852,""3"":756,""4"":924,""5"":792,""6"":768,""7"":684,""8"":828,""9"":996,""10"":948}",3
90408,103002,2,904,"{""1"":842,""2"":1238,""3"":907,""4"":867,""5"":749,""6"":1164,""7"":1310,""8"":1243,""9"":989,""10"":1080}",4
90409,104015,2,904,"{""1"":1285,""2"":1570,""3"":857,""4"":989,""5"":655,""6"":1260,""7"":1778,""8"":1764,""9"":1056,""10"":1416}",5
90500,103024,2,905,"{""1"":995,""2"":701,""3"":1090,""4"":1325,""5"":1636,""6"":1164,""7"":533,""8"":588,""9"":1282,""10"":1020}",1
90501,104020,2,905,"{""1"":1559,""2"":835,""3"":1267,""4"":1532,""5"":1700,""6"":1284,""7"":883,""8"":612,""9"":1454,""10"":1284}",2
90502,101005,2,905,"{""1"":636,""2"":720,""3"":660,""4"":780,""5"":768,""6"":732,""7"":576,""8"":768,""9"":768,""10"":816}",3
90503,101006,2,905,"{""1"":594,""2"":821,""3"":551,""4"":643,""5"":390,""6"":624,""7"":811,""8"":1058,""9"":624,""10"":828}",4
90504,104015,2,905,"{""1"":1285,""2"":1570,""3"":857,""4"":989,""5"":655,""6"":1260,""7"":1778,""8"":1764,""9"":1056,""10"":1416}",5
90505,103028,2,905,"{""1"":1021,""2"":710,""3"":1256,""4"":1380,""5"":1345,""6"":960,""7"":475,""8"":613,""9"":1339,""10"":1032}",1
90506,104014,2,905,"{""1"":1449,""2"":845,""3"":1346,""4"":1532,""5"":1357,""6"":1068,""7"":845,""8"":582,""9"":1498,""10"":1284}",2
90507,101012,2,905,"{""1"":600,""2"":672,""3"":612,""4"":792,""5"":708,""6"":696,""7"":612,""8"":720,""9"":780,""10"":768}",3
90508,102009,2,905,"{""1"":713,""2"":1080,""3"":616,""4"":755,""5"":491,""6"":816,""7"":1076,""8"":1344,""9"":778,""10"":1008}",4
90509,104011,2,905,"{""1"":1274,""2"":1685,""3"":806,""4"":989,""5"":815,""6"":1260,""7"":1591,""8"":1915,""9"":1181,""10"":1404}",5
90600,103016,2,906,"{""1"":1109,""2"":758,""3"":1214,""4"":1366,""5"":1377,""6"":1056,""7"":583,""8"":697,""9"":1296,""10"":1092}",1
90601,104020,2,906,"{""1"":1559,""2"":835,""3"":1267,""4"":1532,""5"":1700,""6"":1284,""7"":883,""8"":612,""9"":1454,""10"":1284}",2
90602,102011,2,906,"{""1"":912,""2"":780,""3"":732,""4"":912,""5"":708,""6"":720,""7"":708,""8"":840,""9"":960,""10"":900}",3
90603,103034,2,906,"{""1"":788,""2"":1296,""3"":767,""4"":908,""5"":710,""6"":1068,""7"":1170,""8"":1529,""9"":883,""10"":1116}",4
90604,103003,2,906,"{""1"":896,""2"":1354,""3"":724,""4"":836,""5"":689,""6"":1116,""7"":1435,""8"":1529,""9"":883,""10"":1116}",5
90605,103007,2,906,"{""1"":983,""2"":758,""3"":1380,""4"":1297,""5"":1507,""6"":1056,""7"":475,""8"":588,""9"":1339,""10"":1032}",1
90606,104020,2,906,"{""1"":1559,""2"":835,""3"":1267,""4"":1532,""5"":1700,""6"":1284,""7"":883,""8"":612,""9"":1454,""10"":1284}",2
90607,102004,2,906,"{""1"":888,""2"":852,""3"":756,""4"":924,""5"":792,""6"":768,""7"":684,""8"":828,""9"":996,""10"":948}",3
90608,103002,2,906,"{""1"":842,""2"":1238,""3"":907,""4"":867,""5"":749,""6"":1164,""7"":1310,""8"":1243,""9"":989,""10"":1080}",4
90609,104008,2,906,"{""1"":1231,""2"":1642,""3"":857,""4"":989,""5"":764,""6"":1356,""7"":1794,""8"":1697,""9"":1094,""10"":1368}",5
90700,102014,2,907,"{""1"":926,""2"":585,""3"":1029,""4"":1304,""5"":1191,""6"":832,""7"":431,""8"":520,""9"":1194,""10"":983}",1
90701,104020,2,907,"{""1"":1637,""2"":877,""3"":1331,""4"":1608,""5"":1785,""6"":1348,""7"":927,""8"":643,""9"":1527,""10"":1348}",2
90702,101015,2,907,"{""1"":605,""2"":655,""3"":781,""4"":819,""5"":605,""6"":605,""7"":617,""8"":756,""9"":819,""10"":756}",3
90703,102007,2,907,"{""1"":816,""2"":1104,""3"":646,""4"":803,""5"":557,""6"":832,""7"":966,""8"":1341,""9"":847,""10"":970}",4
90704,104019,2,907,"{""1"":1281,""2"":1588,""3"":996,""4"":1039,""5"":917,""6"":1310,""7"":1523,""8"":1570,""9"":1139,""10"":1424}",5
90705,103026,2,907,"{""1"":1204,""2"":736,""3"":1319,""4"":1406,""5"":1344,""6"":932,""7"":499,""8"":617,""9"":1346,""10"":1121}",1
90706,102008,2,907,"{""1"":1101,""2"":706,""3"":790,""4"":1174,""5"":1179,""6"":869,""7"":575,""8"":422,""9"":1210,""10"":983}",2
90707,101002,2,907,"{""1"":718,""2"":706,""3"":643,""4"":832,""5"":706,""6"":794,""7"":806,""8"":718,""9"":882,""10"":794}",3
90708,102012,2,907,"{""1"":851,""2"":1119,""3"":680,""4"":793,""5"":491,""6"":756,""7"":966,""8"":1111,""9"":827,""10"":1021}",4
90709,104026,2,907,"{""1"":1134,""2"":1678,""3"":868,""4"":1039,""5"":847,""6"":1474,""7"":1916,""8"":1940,""9"":1210,""10"":1399}",5
90800,103040,2,908,"{""1"":1191,""2"":746,""3"":1159,""4"":1478,""5"":1378,""6"":983,""7"":499,""8"":635,""9"":1376,""10"":1172}",1
90801,102006,2,908,"{""1"":1058,""2"":595,""3"":984,""4"":1174,""5"":1212,""6"":869,""7"":575,""8"":384,""9"":1210,""10"":970}",2
90802,104029,2,908,"{""1"":1424,""2"":1121,""3"":1096,""4"":1336,""5"":1210,""6"":1172,""7"":1058,""8"":1273,""9"":1348,""10"":1323}",3
90803,103029,2,908,"{""1"":1009,""2"":1270,""3"":760,""4"":910,""5"":590,""6"":970,""7"":1278,""8"":1552,""9"":968,""10"":1197}",4
90804,104026,2,908,"{""1"":1134,""2"":1678,""3"":868,""4"":1039,""5"":847,""6"":1474,""7"":1916,""8"":1940,""9"":1210,""10"":1399}",5
90805,104006,2,908,"{""1"":1416,""2"":988,""3"":1666,""4"":1608,""5"":1888,""6"":1348,""7"":643,""8"":864,""9"":1648,""10"":1373}",1
90806,104020,2,908,"{""1"":1637,""2"":877,""3"":1331,""4"":1608,""5"":1785,""6"":1348,""7"":927,""8"":643,""9"":1527,""10"":1348}",2
90807,103011,2,908,"{""1"":1121,""2"":932,""3"":857,""4"":1159,""5"":970,""6"":970,""7"":907,""8"":1084,""9"":1247,""10"":1147}",3
90808,101003,2,908,"{""1"":635,""2"":786,""3"":556,""4"":685,""5"":459,""6"":731,""7"":917,""8"":1094,""9"":706,""10"":857}",4
90809,104008,2,908,"{""1"":1293,""2"":1724,""3"":900,""4"":1039,""5"":803,""6"":1424,""7"":1884,""8"":1782,""9"":1149,""10"":1436}",5
90900,103028,2,909,"{""1"":1123,""2"":781,""3"":1381,""4"":1518,""5"":1479,""6"":1056,""7"":523,""8"":675,""9"":1473,""10"":1135}",1
90901,104027,2,909,"{""1"":1670,""2"":1014,""3"":1394,""4"":1685,""5"":1870,""6"":1346,""7"":824,""8"":647,""9"":1822,""10"":1439}",2
90902,104028,2,909,"{""1"":1518,""2"":1294,""3"":1148,""4"":1399,""5"":1346,""6"":1294,""7"":1056,""8"":1162,""9"":1439,""10"":1452}",3
90903,103015,2,909,"{""1"":1081,""2"":1331,""3"":832,""4"":954,""5"":755,""6"":1175,""7"":1356,""8"":1663,""9"":961,""10"":1188}",4
90904,104022,2,909,"{""1"":1295,""2"":1727,""3"":1032,""4"":1088,""5"":739,""6"":1175,""7"":1647,""8"":1719,""9"":1204,""10"":1518}",5
90905,103005,2,909,"{""1"":1095,""2"":866,""3"":1548,""4"":1442,""5"":1729,""6"":1214,""7"":523,""8"":684,""9"":1489,""10"":1109}",1
90906,104016,2,909,"{""1"":1776,""2"":919,""3"":1597,""4"":1655,""5"":1579,""6"":1162,""7"":824,""8"":634,""9"":1679,""10"":1386}",2
90907,101015,2,909,"{""1"":634,""2"":686,""3"":818,""4"":858,""5"":634,""6"":634,""7"":647,""8"":792,""9"":858,""10"":792}",3
90908,102003,2,909,"{""1"":843,""2"":1156,""3"":677,""4"":830,""5"":652,""6"":964,""7"":978,""8"":1331,""9"":824,""10"":1016}",4
90909,104026,2,909,"{""1"":1188,""2"":1758,""3"":909,""4"":1088,""5"":887,""6"":1544,""7"":2008,""8"":2033,""9"":1267,""10"":1465}",5
91000,102014,2,910,"{""1"":970,""2"":612,""3"":1078,""4"":1366,""5"":1247,""6"":871,""7"":451,""8"":545,""9"":1251,""10"":1030}",1
91001,101011,2,910,"{""1"":789,""2"":507,""3"":799,""4"":1032,""5"":944,""6"":686,""7"":507,""8"":317,""9"":1077,""10"":832}",2
91002,102004,2,910,"{""1"":977,""2"":937,""3"":832,""4"":1016,""5"":871,""6"":845,""7"":752,""8"":911,""9"":1096,""10"":1043}",3
91003,103039,2,910,"{""1"":1022,""2"":1315,""3"":855,""4"":954,""5"":669,""6"":1056,""7"":1338,""8"":1423,""9"":972,""10"":1228}",4
91004,103018,2,910,"{""1"":986,""2"":1362,""3"":752,""4"":920,""5"":748,""6"":1175,""7"":1476,""8"":1663,""9"":1024,""10"":1254}",5
91005,103008,2,910,"{""1"":929,""2"":792,""3"":1457,""4"":1503,""5"":1853,""6"":1280,""7"":539,""8"":628,""9"":1394,""10"":1096}",1
91006,102006,2,910,"{""1"":1108,""2"":623,""3"":1031,""4"":1230,""5"":1270,""6"":911,""7"":602,""8"":403,""9"":1267,""10"":1016}",2
91007,102015,2,910,"{""1"":937,""2"":884,""3"":818,""4"":1016,""5"":924,""6"":898,""7"":792,""8"":990,""9"":1030,""10"":1030}",3
91008,101003,2,910,"{""1"":665,""2"":824,""3"":582,""4"":718,""5"":480,""6"":766,""7"":961,""8"":1146,""9"":739,""10"":898}",4
91009,103017,2,910,"{""1"":927,""2"":1394,""3"":741,""4"":920,""5"":665,""6"":1188,""7"":1613,""8"":1571,""9"":1098,""10"":1320}",5
