Id,Name,Icon,Chapter,Tactics,TacticsLevels,Star3,Buff,FirstReward,Reward,Lv,NextId
5000101,第1关,900101,20101,"[101,201]","[1,1]","[1001,1002]",,2:100109:10,2:100109:30|1:2:200,0,5000102
5000102,第2关,900102,20101,"[101,201]","[1,1]","[1001,1002]",,2:100109:10,2:100109:30|1:2:200,0,5000103
5000103,第3关,900103,20101,"[101,201]","[1,1]","[1001,1002]",,2:100109:10,2:100109:30|1:2:200,0,5000104
5000104,第4关,900104,20101,"[101,201]","[1,1]","[1001,1002]",1:3:10:3|1:3:15:6|1:3:20:9,2:100109:10,2:100109:30|1:2:200,0,5000105
5000105,第5关,900105,20101,"[101,201]","[1,1]","[1001,1002]",,2:100109:10,2:100109:30|1:2:200,0,5000106
5000106,第6关,900106,20101,"[101,201]","[1,1]","[1001,1002]",,2:100109:10,2:100109:30|1:2:200,0,5000107
5000107,第7关,900107,20101,"[101,201]","[1,1]","[1001,1002]",,2:100109:10,2:100109:30|1:2:200,0,5000108
5000108,第8关,900108,20101,"[101,201]","[1,1]","[1001,1002]",,2:100109:10,2:100109:30|1:2:200,0,5000109
5000109,第9关,900109,20101,"[101,201]","[1,1]","[1001,1002]",2:1:10:4|2:1:15:8|2:1:20:12,2:100109:10,2:100109:30|1:2:200,0,5000110
5000110,第10关,900110,20101,"[101,201]","[1,1]","[1001,1002]",,2:100109:10,2:100109:30|1:2:200,0,5000201
5000201,第1关,900111,20102,"[101,201]","[1,1]","[1001,1002]",,2:100109:10,2:100109:30|1:2:200,0,5000202
5000202,第2关,900112,20102,"[101,201]","[1,1]","[1001,1002]",,2:100109:10,2:100109:30|1:2:200,0,5000203
5000203,第3关,900113,20102,"[101,201]","[1,1]","[1001,1002]",,2:100109:10,2:100109:30|1:2:200,0,5000204
5000204,第4关,900114,20102,"[101,201]","[1,1]","[1001,1002]",3:1:10:4|3:1:15:8|3:1:20:12,2:100109:10,2:100109:30|1:2:200,0,5000205
5000205,第5关,900115,20102,"[101,201]","[1,1]","[1001,1002]",,2:100109:10,2:100109:30|1:2:200,0,5000206
5000206,第6关,900116,20102,"[101,201]","[1,1]","[1001,1002]",,2:100109:10,2:100109:30|1:2:200,0,5000207
5000207,第7关,900117,20102,"[101,201]","[1,1]","[1001,1002]",,2:100109:10,2:100109:30|1:2:200,0,5000208
5000208,第8关,900118,20102,"[101,201]","[1,1]","[1001,1002]",,2:100109:10,2:100109:30|1:2:200,0,5000209
5000209,第9关,900119,20102,"[101,201]","[1,1]","[1001,1002]",4:2:10:4|4:2:15:8|4:2:20:12,2:100109:10,2:100109:30|1:2:200,0,5000210
5000210,第10关,900120,20102,"[101,201]","[1,1]","[1001,1002]",,2:100109:10,2:100109:30|1:2:200,0,5000301
5000301,第1关,900101,20103,"[101,201]","[1,1]","[1001,1002]",,2:100109:10,2:100109:30|1:2:200,0,5000302
5000302,第2关,900102,20103,"[101,201]","[1,1]","[1001,1002]",,2:100109:10,2:100109:30|1:2:200,0,5000303
5000303,第3关,900103,20103,"[101,201]","[1,1]","[1001,1002]",,2:100109:10,2:100109:30|1:2:200,0,5000304
5000304,第4关,900104,20103,"[101,201]","[1,1]","[1001,1002]",5:2:10:4|5:2:15:8|5:2:20:12,2:100109:10,2:100109:30|1:2:200,0,5000305
5000305,第5关,900105,20103,"[101,201]","[1,1]","[1001,1002]",,2:100109:10,2:100109:30|1:2:200,0,5000306
5000306,第6关,900106,20103,"[101,201]","[1,1]","[1001,1002]",,2:100109:10,2:100109:30|1:2:200,0,5000307
5000307,第7关,900107,20103,"[101,201]","[1,1]","[1001,1002]",,2:100109:10,2:100109:30|1:2:200,0,5000308
5000308,第8关,900108,20103,"[101,201]","[1,1]","[1001,1002]",,2:100109:10,2:100109:30|1:2:200,0,5000309
5000309,第9关,900109,20103,"[101,201]","[1,1]","[1001,1002]",1:4:10:4|1:4:15:8|1:4:20:12,2:100109:10,2:100109:30|1:2:200,0,5000310
5000310,第10关,900110,20103,"[101,201]","[1,1]","[1001,1002]",,2:100109:10,2:100109:30|1:2:200,0,5000401
5000401,第1关,900111,20104,"[101,201]","[1,1]","[1001,1002]",,2:100109:10,2:100109:30|1:2:200,0,5000402
5000402,第2关,900112,20104,"[101,201]","[1,1]","[1001,1002]",,2:100109:10,2:100109:30|1:2:200,0,5000403
5000403,第3关,900113,20104,"[101,201]","[1,1]","[1001,1002]",,2:100109:10,2:100109:30|1:2:200,0,5000404
5000404,第4关,900114,20104,"[101,201]","[1,1]","[1001,1002]",2:3:10:4|2:3:15:8|2:3:20:12,2:100109:10,2:100109:30|1:2:200,0,5000405
5000405,第5关,900115,20104,"[101,201]","[1,1]","[1001,1002]",,2:100109:10,2:100109:30|1:2:200,0,5000406
5000406,第6关,900116,20104,"[101,201]","[1,1]","[1001,1002]",,2:100109:10,2:100109:30|1:2:200,0,5000407
5000407,第7关,900117,20104,"[101,201]","[1,1]","[1001,1002]",,2:100109:10,2:100109:30|1:2:200,0,5000408
5000408,第8关,900118,20104,"[101,201]","[1,1]","[1001,1002]",,2:100109:10,2:100109:30|1:2:200,0,5000409
5000409,第9关,900119,20104,"[101,201]","[1,1]","[1001,1002]",3:8:10:4|3:8:15:8|3:8:20:12,2:100109:10,2:100109:30|1:2:200,0,5000410
5000410,第10关,900120,20104,"[101,201]","[1,1]","[1001,1002]",,2:100109:10,2:100109:30|1:2:200,0,5000501
5000501,第1关,900101,20105,"[101,201]","[1,1]","[1001,1002]",,2:100109:10,2:100109:30|1:2:200,0,5000502
5000502,第2关,900102,20105,"[101,201]","[1,1]","[1001,1002]",,2:100109:10,2:100109:30|1:2:200,0,5000503
5000503,第3关,900103,20105,"[101,201]","[1,1]","[1001,1002]",,2:100109:10,2:100109:30|1:2:200,0,5000504
5000504,第4关,900104,20105,"[101,201]","[1,1]","[1001,1002]",4:9:10:4|4:9:15:8|4:9:20:12,2:100109:10,2:100109:30|1:2:200,0,5000505
5000505,第5关,900105,20105,"[101,201]","[1,1]","[1001,1002]",,2:100109:10,2:100109:30|1:2:200,0,5000506
5000506,第6关,900106,20105,"[101,201]","[1,1]","[1001,1002]",,2:100109:10,2:100109:30|1:2:200,0,5000507
5000507,第7关,900107,20105,"[101,201]","[1,1]","[1001,1002]",,2:100109:10,2:100109:30|1:2:200,0,5000508
5000508,第8关,900108,20105,"[101,201]","[1,1]","[1001,1002]",,2:100109:10,2:100109:30|1:2:200,0,5000509
5000509,第9关,900109,20105,"[101,201]","[1,1]","[1001,1002]",5:7:10:4|5:7:15:8|5:7:20:12,2:100109:10,2:100109:30|1:2:200,0,5000510
5000510,第10关,900110,20105,"[101,201]","[1,1]","[1001,1002]",,2:100109:10,2:100109:30|1:2:200,0,5000601
5000601,第1关,900111,20106,"[101,201]","[1,1]","[1001,1002]",,2:100109:10,2:100109:30|1:2:200,3,5000602
5000602,第2关,900112,20106,"[101,201]","[1,1]","[1001,1002]",,2:100109:10,2:100109:30|1:2:200,3,5000603
5000603,第3关,900113,20106,"[101,201]","[1,1]","[1001,1002]",,2:100109:10,2:100109:30|1:2:200,3,5000604
5000604,第4关,900114,20106,"[101,201]","[1,1]","[1001,1002]",1:5:10:4|1:5:15:8|1:5:20:12,2:100109:10,2:100109:30|1:2:200,3,5000605
5000605,第5关,900115,20106,"[101,201]","[1,1]","[1001,1002]",,2:100109:10,2:100109:30|1:2:200,3,5000606
5000606,第6关,900116,20106,"[101,201]","[1,1]","[1001,1002]",,2:100109:10,2:100109:30|1:2:200,3,5000607
5000607,第7关,900117,20106,"[101,201]","[1,1]","[1001,1002]",,2:100109:10,2:100109:30|1:2:200,3,5000608
5000608,第8关,900118,20106,"[101,201]","[1,1]","[1001,1002]",,2:100109:10,2:100109:30|1:2:200,3,5000609
5000609,第9关,900119,20106,"[101,201]","[1,1]","[1001,1002]",2:4:10:4|2:4:15:8|2:4:20:12,2:100109:10,2:100109:30|1:2:200,3,5000610
5000610,第10关,900120,20106,"[101,201]","[1,1]","[1001,1002]",,2:100109:10,2:100109:30|1:2:200,3,5000701
5000701,第1关,900101,20107,"[101,201]","[1,1]","[1001,1002]",,2:100109:10,2:100109:30|1:2:200,6,5000702
5000702,第2关,900102,20107,"[101,201]","[1,1]","[1001,1002]",,2:100109:10,2:100109:30|1:2:200,6,5000703
5000703,第3关,900103,20107,"[101,201]","[1,1]","[1001,1002]",,2:100109:10,2:100109:30|1:2:200,6,5000704
5000704,第4关,900104,20107,"[101,201]","[1,1]","[1001,1002]",3:5:10:4|3:5:15:8|3:5:20:12,2:100109:10,2:100109:30|1:2:200,6,5000705
5000705,第5关,900105,20107,"[101,201]","[1,1]","[1001,1002]",,2:100109:10,2:100109:30|1:2:200,6,5000706
5000706,第6关,900106,20107,"[101,201]","[1,1]","[1001,1002]",,2:100109:10,2:100109:30|1:2:200,6,5000707
5000707,第7关,900107,20107,"[101,201]","[1,1]","[1001,1002]",,2:100109:10,2:100109:30|1:2:200,6,5000708
5000708,第8关,900108,20107,"[101,201]","[1,1]","[1001,1002]",,2:100109:10,2:100109:30|1:2:200,6,5000709
5000709,第9关,900109,20107,"[101,201]","[1,1]","[1001,1002]",4:8:10:4|4:8:15:8|4:8:20:12,2:100109:10,2:100109:30|1:2:200,6,5000710
5000710,第10关,900110,20107,"[101,201]","[1,1]","[1001,1002]",,2:100109:10,2:100109:30|1:2:200,6,5000801
5000801,第1关,900111,20108,"[101,201]","[1,1]","[1001,1002]",,2:100109:10,2:100109:30|1:2:200,8,5000802
5000802,第2关,900112,20108,"[101,201]","[1,1]","[1001,1002]",,2:100109:10,2:100109:30|1:2:200,8,5000803
5000803,第3关,900113,20108,"[101,201]","[1,1]","[1001,1002]",,2:100109:10,2:100109:30|1:2:200,8,5000804
5000804,第4关,900114,20108,"[101,201]","[1,1]","[1001,1002]",5:1:10:4|5:1:15:8|5:1:20:12,2:100109:10,2:100109:30|1:2:200,8,5000805
5000805,第5关,900115,20108,"[101,201]","[1,1]","[1001,1002]",,2:100109:10,2:100109:30|1:2:200,8,5000806
5000806,第6关,900116,20108,"[101,201]","[1,1]","[1001,1002]",,2:100109:10,2:100109:30|1:2:200,8,5000807
5000807,第7关,900117,20108,"[101,201]","[1,1]","[1001,1002]",,2:100109:10,2:100109:30|1:2:200,8,5000808
5000808,第8关,900118,20108,"[101,201]","[1,1]","[1001,1002]",,2:100109:10,2:100109:30|1:2:200,8,5000809
5000809,第9关,900119,20108,"[101,201]","[1,1]","[1001,1002]",1:1:10:4|1:1:15:8|1:1:20:12,2:100109:10,2:100109:30|1:2:200,8,5000810
5000810,第10关,900120,20108,"[101,201]","[1,1]","[1001,1002]",,2:100109:10,2:100109:30|1:2:200,8,5000901
5000901,第1关,900101,20109,"[101,201]","[1,1]","[1001,1002]",,2:100109:10,2:100109:30|1:2:200,10,5000902
5000902,第2关,900102,20109,"[101,201]","[1,1]","[1001,1002]",,2:100109:10,2:100109:30|1:2:200,10,5000903
5000903,第3关,900103,20109,"[101,201]","[1,1]","[1001,1002]",,2:100109:10,2:100109:30|1:2:200,10,5000904
5000904,第4关,900104,20109,"[101,201]","[1,1]","[1001,1002]",2:5:10:4|2:5:15:8|2:5:20:12,2:100109:10,2:100109:30|1:2:200,10,5000905
5000905,第5关,900105,20109,"[101,201]","[1,1]","[1001,1002]",,2:100109:10,2:100109:30|1:2:200,10,5000906
5000906,第6关,900106,20109,"[101,201]","[1,1]","[1001,1002]",,2:100109:10,2:100109:30|1:2:200,10,5000907
5000907,第7关,900107,20109,"[101,201]","[1,1]","[1001,1002]",,2:100109:10,2:100109:30|1:2:200,10,5000908
5000908,第8关,900108,20109,"[101,201]","[1,1]","[1001,1002]",,2:100109:10,2:100109:30|1:2:200,10,5000909
5000909,第9关,900109,20109,"[101,201]","[1,1]","[1001,1002]",3:9:10:4|3:9:15:8|3:9:20:12,2:100109:10,2:100109:30|1:2:200,10,5000910
5000910,第10关,900110,20109,"[101,201]","[1,1]","[1001,1002]",,2:100109:10,2:100109:30|1:2:200,10,5001001
5001001,第1关,900111,20110,"[101,201]","[1,1]","[1001,1002]",,2:100109:10,2:100109:30|1:2:200,14,5001002
5001002,第2关,900112,20110,"[101,201]","[1,1]","[1001,1002]",,2:100109:10,2:100109:30|1:2:200,14,5001003
5001003,第3关,900113,20110,"[101,201]","[1,1]","[1001,1002]",,2:100109:10,2:100109:30|1:2:200,14,5001004
5001004,第4关,900114,20110,"[101,201]","[1,1]","[1001,1002]",4:10:10:4|4:10:15:8|4:10:20:12,2:100109:10,2:100109:30|1:2:200,14,5001005
5001005,第5关,900115,20110,"[101,201]","[1,1]","[1001,1002]",,2:100109:10,2:100109:30|1:2:200,14,5001006
5001006,第6关,900116,20110,"[101,201]","[1,1]","[1001,1002]",,2:100109:10,2:100109:30|1:2:200,14,5001007
5001007,第7关,900117,20110,"[101,201]","[1,1]","[1001,1002]",,2:100109:10,2:100109:30|1:2:200,14,5001008
5001008,第8关,900118,20110,"[101,201]","[1,1]","[1001,1002]",,2:100109:10,2:100109:30|1:2:200,14,5001009
5001009,第9关,900119,20110,"[101,201]","[1,1]","[1001,1002]",5:8:10:4|5:8:15:8|5:8:20:12,2:100109:10,2:100109:30|1:2:200,14,5001010
5001010,第10关,900120,20110,"[101,201]","[1,1]","[1001,1002]",,2:100109:10,2:100109:30|1:2:200,14,5001101
5001101,第1关,900101,20111,"[101,201]","[1,1]","[1001,1002]",,2:100109:10,2:100109:30|1:2:200,18,5001102
5001102,第2关,900102,20111,"[101,201]","[1,1]","[1001,1002]",,2:100109:10,2:100109:30|1:2:200,18,5001103
5001103,第3关,900103,20111,"[101,201]","[1,1]","[1001,1002]",,2:100109:10,2:100109:30|1:2:200,18,5001104
5001104,第4关,900104,20111,"[101,201]","[1,1]","[1001,1002]",1:10:10:4|1:10:15:8|1:10:20:12,2:100109:10,2:100109:30|1:2:200,18,5001105
5001105,第5关,900105,20111,"[101,201]","[1,1]","[1001,1002]",,2:100109:10,2:100109:30|1:2:200,18,5001106
5001106,第6关,900106,20111,"[101,201]","[1,1]","[1001,1002]",,2:100109:10,2:100109:30|1:2:200,18,5001107
5001107,第7关,900107,20111,"[101,201]","[1,1]","[1001,1002]",,2:100109:10,2:100109:30|1:2:200,18,5001108
5001108,第8关,900108,20111,"[101,201]","[1,1]","[1001,1002]",,2:100109:10,2:100109:30|1:2:200,18,5001109
5001109,第9关,900109,20111,"[101,201]","[1,1]","[1001,1002]",2:6:10:4|2:6:15:8|2:6:20:12,2:100109:10,2:100109:30|1:2:200,18,5001110
5001110,第10关,900110,20111,"[101,201]","[1,1]","[1001,1002]",,2:100109:10,2:100109:30|1:2:200,18,5001201
5001201,第1关,900111,20112,"[101,201]","[1,1]","[1001,1002]",,2:100109:10,2:100109:30|1:2:200,22,5001202
5001202,第2关,900112,20112,"[101,201]","[1,1]","[1001,1002]",,2:100109:10,2:100109:30|1:2:200,22,5001203
5001203,第3关,900113,20112,"[101,201]","[1,1]","[1001,1002]",,2:100109:10,2:100109:30|1:2:200,22,5001204
5001204,第4关,900114,20112,"[101,201]","[1,1]","[1001,1002]",3:10:10:4|3:10:15:8|3:10:20:12,2:100109:10,2:100109:30|1:2:200,22,5001205
5001205,第5关,900115,20112,"[101,201]","[1,1]","[1001,1002]",,2:100109:10,2:100109:30|1:2:200,22,5001206
5001206,第6关,900116,20112,"[101,201]","[1,1]","[1001,1002]",,2:100109:10,2:100109:30|1:2:200,22,5001207
5001207,第7关,900117,20112,"[101,201]","[1,1]","[1001,1002]",,2:100109:10,2:100109:30|1:2:200,22,5001208
5001208,第8关,900118,20112,"[101,201]","[1,1]","[1001,1002]",,2:100109:10,2:100109:30|1:2:200,22,5001209
5001209,第9关,900119,20112,"[101,201]","[1,1]","[1001,1002]",4:1:10:4|4:1:15:8|4:1:20:12,2:100109:10,2:100109:30|1:2:200,22,5001210
5001210,第10关,900120,20112,"[101,201]","[1,1]","[1001,1002]",,2:100109:10,2:100109:30|1:2:200,22,5001301
5001301,第1关,900101,20113,"[101,201]","[1,1]","[1001,1002]",,2:100109:10,2:100109:30|1:2:200,25,5001302
5001302,第2关,900102,20113,"[101,201]","[1,1]","[1001,1002]",,2:100109:10,2:100109:30|1:2:200,25,5001303
5001303,第3关,900103,20113,"[101,201]","[1,1]","[1001,1002]",,2:100109:10,2:100109:30|1:2:200,25,5001304
5001304,第4关,900104,20113,"[101,201]","[1,1]","[1001,1002]",5:9:10:4|5:9:15:8|5:9:20:12,2:100109:10,2:100109:30|1:2:200,25,5001305
5001305,第5关,900105,20113,"[101,201]","[1,1]","[1001,1002]",,2:100109:10,2:100109:30|1:2:200,25,5001306
5001306,第6关,900106,20113,"[101,201]","[1,1]","[1001,1002]",,2:100109:10,2:100109:30|1:2:200,25,5001307
5001307,第7关,900107,20113,"[101,201]","[1,1]","[1001,1002]",,2:100109:10,2:100109:30|1:2:200,25,5001308
5001308,第8关,900108,20113,"[101,201]","[1,1]","[1001,1002]",,2:100109:10,2:100109:30|1:2:200,25,5001309
5001309,第9关,900109,20113,"[101,201]","[1,1]","[1001,1002]",1:2:10:4|1:2:15:8|1:2:20:12,2:100109:10,2:100109:30|1:2:200,25,5001310
5001310,第10关,900110,20113,"[101,201]","[1,1]","[1001,1002]",,2:100109:10,2:100109:30|1:2:200,25,5001401
5001401,第1关,900111,20114,"[101,201]","[1,1]","[1001,1002]",,2:100109:10,2:100109:30|1:2:200,27,5001402
5001402,第2关,900112,20114,"[101,201]","[1,1]","[1001,1002]",,2:100109:10,2:100109:30|1:2:200,27,5001403
5001403,第3关,900113,20114,"[101,201]","[1,1]","[1001,1002]",,2:100109:10,2:100109:30|1:2:200,27,5001404
5001404,第4关,900114,20114,"[101,201]","[1,1]","[1001,1002]",2:9:10:4|2:9:15:8|2:9:20:12,2:100109:10,2:100109:30|1:2:200,27,5001405
5001405,第5关,900115,20114,"[101,201]","[1,1]","[1001,1002]",,2:100109:10,2:100109:30|1:2:200,27,5001406
5001406,第6关,900116,20114,"[101,201]","[1,1]","[1001,1002]",,2:100109:10,2:100109:30|1:2:200,27,5001407
5001407,第7关,900117,20114,"[101,201]","[1,1]","[1001,1002]",,2:100109:10,2:100109:30|1:2:200,27,5001408
5001408,第8关,900118,20114,"[101,201]","[1,1]","[1001,1002]",,2:100109:10,2:100109:30|1:2:200,27,5001409
5001409,第9关,900119,20114,"[101,201]","[1,1]","[1001,1002]",3:4:10:4|3:4:15:8|3:4:20:12,2:100109:10,2:100109:30|1:2:200,27,5001410
5001410,第10关,900120,20114,"[101,201]","[1,1]","[1001,1002]",,2:100109:10,2:100109:30|1:2:200,27,5001501
5001501,第1关,900101,20115,"[101,201]","[1,1]","[1001,1002]",,2:100109:10,2:100109:30|1:2:200,28,5001502
5001502,第2关,900102,20115,"[101,201]","[1,1]","[1001,1002]",,2:100109:10,2:100109:30|1:2:200,28,5001503
5001503,第3关,900103,20115,"[101,201]","[1,1]","[1001,1002]",,2:100109:10,2:100109:30|1:2:200,28,5001504
5001504,第4关,900104,20115,"[101,201]","[1,1]","[1001,1002]",4:3:10:4|4:3:15:8|4:3:20:12,2:100109:10,2:100109:30|1:2:200,28,5001505
5001505,第5关,900105,20115,"[101,201]","[1,1]","[1001,1002]",,2:100109:10,2:100109:30|1:2:200,28,5001506
5001506,第6关,900106,20115,"[101,201]","[1,1]","[1001,1002]",,2:100109:10,2:100109:30|1:2:200,28,5001507
5001507,第7关,900107,20115,"[101,201]","[1,1]","[1001,1002]",,2:100109:10,2:100109:30|1:2:200,28,5001508
5001508,第8关,900108,20115,"[101,201]","[1,1]","[1001,1002]",,2:100109:10,2:100109:30|1:2:200,28,5001509
5001509,第9关,900109,20115,"[101,201]","[1,1]","[1001,1002]",5:5:10:4|5:5:15:8|5:5:20:12,2:100109:10,2:100109:30|1:2:200,28,5001510
5001510,第10关,900110,20115,"[101,201]","[1,1]","[1001,1002]",,2:100109:10,2:100109:30|1:2:200,28,5001601
5001601,第1关,900111,20116,"[101,201]","[1,1]","[1001,1002]",,2:100109:10,2:100109:30|1:2:200,29,5001602
5001602,第2关,900112,20116,"[101,201]","[1,1]","[1001,1002]",,2:100109:10,2:100109:30|1:2:200,29,5001603
5001603,第3关,900113,20116,"[101,201]","[1,1]","[1001,1002]",,2:100109:10,2:100109:30|1:2:200,29,5001604
5001604,第4关,900114,20116,"[101,201]","[1,1]","[1001,1002]",1:8:10:4|1:8:15:8|1:8:20:12,2:100109:10,2:100109:30|1:2:200,29,5001605
5001605,第5关,900115,20116,"[101,201]","[1,1]","[1001,1002]",,2:100109:10,2:100109:30|1:2:200,29,5001606
5001606,第6关,900116,20116,"[101,201]","[1,1]","[1001,1002]",,2:100109:10,2:100109:30|1:2:200,29,5001607
5001607,第7关,900117,20116,"[101,201]","[1,1]","[1001,1002]",,2:100109:10,2:100109:30|1:2:200,29,5001608
5001608,第8关,900118,20116,"[101,201]","[1,1]","[1001,1002]",,2:100109:10,2:100109:30|1:2:200,29,5001609
5001609,第9关,900119,20116,"[101,201]","[1,1]","[1001,1002]",2:8:10:4|2:8:15:8|2:8:20:12,2:100109:10,2:100109:30|1:2:200,29,5001610
5001610,第10关,900120,20116,"[101,201]","[1,1]","[1001,1002]",,2:100109:10,2:100109:30|1:2:200,29,5001701
5001701,第1关,900101,20117,"[101,201]","[1,1]","[1001,1002]",,2:100109:10,2:100109:30|1:2:200,30,5001702
5001702,第2关,900102,20117,"[101,201]","[1,1]","[1001,1002]",,2:100109:10,2:100109:30|1:2:200,30,5001703
5001703,第3关,900103,20117,"[101,201]","[1,1]","[1001,1002]",,2:100109:10,2:100109:30|1:2:200,30,5001704
5001704,第4关,900104,20117,"[101,201]","[1,1]","[1001,1002]",3:3:10:4|3:3:15:8|3:3:20:12,2:100109:10,2:100109:30|1:2:200,30,5001705
5001705,第5关,900105,20117,"[101,201]","[1,1]","[1001,1002]",,2:100109:10,2:100109:30|1:2:200,30,5001706
5001706,第6关,900106,20117,"[101,201]","[1,1]","[1001,1002]",,2:100109:10,2:100109:30|1:2:200,30,5001707
5001707,第7关,900107,20117,"[101,201]","[1,1]","[1001,1002]",,2:100109:10,2:100109:30|1:2:200,30,5001708
5001708,第8关,900108,20117,"[101,201]","[1,1]","[1001,1002]",,2:100109:10,2:100109:30|1:2:200,30,5001709
5001709,第9关,900109,20117,"[101,201]","[1,1]","[1001,1002]",4:5:10:4|4:5:15:8|4:5:20:12,2:100109:10,2:100109:30|1:2:200,30,5001710
5001710,第10关,900110,20117,"[101,201]","[1,1]","[1001,1002]",,2:100109:10,2:100109:30|1:2:200,30,5001801
5001801,第1关,900111,20118,"[101,201]","[1,1]","[1001,1002]",,2:100109:10,2:100109:30|1:2:200,31,5001802
5001802,第2关,900112,20118,"[101,201]","[1,1]","[1001,1002]",,2:100109:10,2:100109:30|1:2:200,31,5001803
5001803,第3关,900113,20118,"[101,201]","[1,1]","[1001,1002]",,2:100109:10,2:100109:30|1:2:200,31,5001804
5001804,第4关,900114,20118,"[101,201]","[1,1]","[1001,1002]",5:4:10:4|5:4:15:8|5:4:20:12,2:100109:10,2:100109:30|1:2:200,31,5001805
5001805,第5关,900115,20118,"[101,201]","[1,1]","[1001,1002]",,2:100109:10,2:100109:30|1:2:200,31,5001806
5001806,第6关,900116,20118,"[101,201]","[1,1]","[1001,1002]",,2:100109:10,2:100109:30|1:2:200,31,5001807
5001807,第7关,900117,20118,"[101,201]","[1,1]","[1001,1002]",,2:100109:10,2:100109:30|1:2:200,31,5001808
5001808,第8关,900118,20118,"[101,201]","[1,1]","[1001,1002]",,2:100109:10,2:100109:30|1:2:200,31,5001809
5001809,第9关,900119,20118,"[101,201]","[1,1]","[1001,1002]",1:7:10:4|1:7:15:8|1:7:20:12,2:100109:10,2:100109:30|1:2:200,31,5001810
5001810,第10关,900120,20118,"[101,201]","[1,1]","[1001,1002]",,2:100109:10,2:100109:30|1:2:200,31,5001901
5001901,第1关,900101,20119,"[101,201]","[1,1]","[1001,1002]",,2:100109:10,2:100109:30|1:2:200,32,5001902
5001902,第2关,900102,20119,"[101,201]","[1,1]","[1001,1002]",,2:100109:10,2:100109:30|1:2:200,32,5001903
5001903,第3关,900103,20119,"[101,201]","[1,1]","[1001,1002]",,2:100109:10,2:100109:30|1:2:200,32,5001904
5001904,第4关,900104,20119,"[101,201]","[1,1]","[1001,1002]",2:7:10:4|2:7:15:8|2:7:20:12,2:100109:10,2:100109:30|1:2:200,32,5001905
5001905,第5关,900105,20119,"[101,201]","[1,1]","[1001,1002]",,2:100109:10,2:100109:30|1:2:200,32,5001906
5001906,第6关,900106,20119,"[101,201]","[1,1]","[1001,1002]",,2:100109:10,2:100109:30|1:2:200,32,5001907
5001907,第7关,900107,20119,"[101,201]","[1,1]","[1001,1002]",,2:100109:10,2:100109:30|1:2:200,32,5001908
5001908,第8关,900108,20119,"[101,201]","[1,1]","[1001,1002]",,2:100109:10,2:100109:30|1:2:200,32,5001909
5001909,第9关,900109,20119,"[101,201]","[1,1]","[1001,1002]",3:7:10:4|3:7:15:8|3:7:20:12,2:100109:10,2:100109:30|1:2:200,32,5001910
5001910,第10关,900110,20119,"[101,201]","[1,1]","[1001,1002]",,2:100109:10,2:100109:30|1:2:200,32,5002001
5002001,第1关,900111,20120,"[101,201]","[1,1]","[1001,1002]",,2:100109:10,2:100109:30|1:2:200,33,5002002
5002002,第2关,900112,20120,"[101,201]","[1,1]","[1001,1002]",,2:100109:10,2:100109:30|1:2:200,33,5002003
5002003,第3关,900113,20120,"[101,201]","[1,1]","[1001,1002]",,2:100109:10,2:100109:30|1:2:200,33,5002004
5002004,第4关,900114,20120,"[101,201]","[1,1]","[1001,1002]",4:4:10:4|4:4:15:8|4:4:20:12,2:100109:10,2:100109:30|1:2:200,33,5002005
5002005,第5关,900115,20120,"[101,201]","[1,1]","[1001,1002]",,2:100109:10,2:100109:30|1:2:200,33,5002006
5002006,第6关,900116,20120,"[101,201]","[1,1]","[1001,1002]",,2:100109:10,2:100109:30|1:2:200,33,5002007
5002007,第7关,900117,20120,"[101,201]","[1,1]","[1001,1002]",,2:100109:10,2:100109:30|1:2:200,33,5002008
5002008,第8关,900118,20120,"[101,201]","[1,1]","[1001,1002]",,2:100109:10,2:100109:30|1:2:200,33,5002009
5002009,第9关,900119,20120,"[101,201]","[1,1]","[1001,1002]",5:3:10:4|5:3:15:8|5:3:20:12,2:100109:10,2:100109:30|1:2:200,33,5002010
5002010,第10关,900120,20120,"[101,201]","[1,1]","[1001,1002]",,2:100109:10,2:100109:30|1:2:200,33,5002101
5002101,第1关,900101,20121,"[101,201]","[1,1]","[1001,1002]",,2:100109:10,2:100109:30|1:2:200,34,5002102
5002102,第2关,900102,20121,"[101,201]","[1,1]","[1001,1002]",,2:100109:10,2:100109:30|1:2:200,34,5002103
5002103,第3关,900103,20121,"[101,201]","[1,1]","[1001,1002]",,2:100109:10,2:100109:30|1:2:200,34,5002104
5002104,第4关,900104,20121,"[101,201]","[1,1]","[1001,1002]",1:6:10:4|1:6:15:8|1:6:20:12,2:100109:10,2:100109:30|1:2:200,34,5002105
5002105,第5关,900105,20121,"[101,201]","[1,1]","[1001,1002]",,2:100109:10,2:100109:30|1:2:200,34,5002106
5002106,第6关,900106,20121,"[101,201]","[1,1]","[1001,1002]",,2:100109:10,2:100109:30|1:2:200,34,5002107
5002107,第7关,900107,20121,"[101,201]","[1,1]","[1001,1002]",,2:100109:10,2:100109:30|1:2:200,34,5002108
5002108,第8关,900108,20121,"[101,201]","[1,1]","[1001,1002]",,2:100109:10,2:100109:30|1:2:200,34,5002109
5002109,第9关,900109,20121,"[101,201]","[1,1]","[1001,1002]",2:10:10:4|2:10:15:8|2:10:20:12,2:100109:10,2:100109:30|1:2:200,34,5002110
5002110,第10关,900110,20121,"[101,201]","[1,1]","[1001,1002]",,2:100109:10,2:100109:30|1:2:200,34,5002201
5002201,第1关,900111,20122,"[101,201]","[1,1]","[1001,1002]",,2:100109:10,2:100109:30|1:2:200,35,5002202
5002202,第2关,900112,20122,"[101,201]","[1,1]","[1001,1002]",,2:100109:10,2:100109:30|1:2:200,35,5002203
5002203,第3关,900113,20122,"[101,201]","[1,1]","[1001,1002]",,2:100109:10,2:100109:30|1:2:200,35,5002204
5002204,第4关,900114,20122,"[101,201]","[1,1]","[1001,1002]",3:6:10:4|3:6:15:8|3:6:20:12,2:100109:10,2:100109:30|1:2:200,35,5002205
5002205,第5关,900115,20122,"[101,201]","[1,1]","[1001,1002]",,2:100109:10,2:100109:30|1:2:200,35,5002206
5002206,第6关,900116,20122,"[101,201]","[1,1]","[1001,1002]",,2:100109:10,2:100109:30|1:2:200,35,5002207
5002207,第7关,900117,20122,"[101,201]","[1,1]","[1001,1002]",,2:100109:10,2:100109:30|1:2:200,35,5002208
5002208,第8关,900118,20122,"[101,201]","[1,1]","[1001,1002]",,2:100109:10,2:100109:30|1:2:200,35,5002209
5002209,第9关,900119,20122,"[101,201]","[1,1]","[1001,1002]",4:7:10:4|4:7:15:8|4:7:20:12,2:100109:10,2:100109:30|1:2:200,35,5002210
5002210,第10关,900120,20122,"[101,201]","[1,1]","[1001,1002]",,2:100109:10,2:100109:30|1:2:200,35,5002301
5002301,第1关,900101,20123,"[101,201]","[1,1]","[1001,1002]",,2:100109:10,2:100109:30|1:2:200,36,5002302
5002302,第2关,900102,20123,"[101,201]","[1,1]","[1001,1002]",,2:100109:10,2:100109:30|1:2:200,36,5002303
5002303,第3关,900103,20123,"[101,201]","[1,1]","[1001,1002]",,2:100109:10,2:100109:30|1:2:200,36,5002304
5002304,第4关,900104,20123,"[101,201]","[1,1]","[1001,1002]",5:6:10:4|5:6:15:8|5:6:20:12,2:100109:10,2:100109:30|1:2:200,36,5002305
5002305,第5关,900105,20123,"[101,201]","[1,1]","[1001,1002]",,2:100109:10,2:100109:30|1:2:200,36,5002306
5002306,第6关,900106,20123,"[101,201]","[1,1]","[1001,1002]",,2:100109:10,2:100109:30|1:2:200,36,5002307
5002307,第7关,900107,20123,"[101,201]","[1,1]","[1001,1002]",,2:100109:10,2:100109:30|1:2:200,36,5002308
5002308,第8关,900108,20123,"[101,201]","[1,1]","[1001,1002]",,2:100109:10,2:100109:30|1:2:200,36,5002309
5002309,第9关,900109,20123,"[101,201]","[1,1]","[1001,1002]",1:9:10:4|1:9:15:8|1:9:20:12,2:100109:10,2:100109:30|1:2:200,36,5002310
5002310,第10关,900110,20123,"[101,201]","[1,1]","[1001,1002]",,2:100109:10,2:100109:30|1:2:200,36,5002401
5002401,第1关,900111,20124,"[101,201]","[1,1]","[1001,1002]",,2:100109:10,2:100109:30|1:2:200,37,5002402
5002402,第2关,900112,20124,"[101,201]","[1,1]","[1001,1002]",,2:100109:10,2:100109:30|1:2:200,37,5002403
5002403,第3关,900113,20124,"[101,201]","[1,1]","[1001,1002]",,2:100109:10,2:100109:30|1:2:200,37,5002404
5002404,第4关,900114,20124,"[101,201]","[1,1]","[1001,1002]",2:2:10:4|2:2:15:8|2:2:20:12,2:100109:10,2:100109:30|1:2:200,37,5002405
5002405,第5关,900115,20124,"[101,201]","[1,1]","[1001,1002]",,2:100109:10,2:100109:30|1:2:200,37,5002406
5002406,第6关,900116,20124,"[101,201]","[1,1]","[1001,1002]",,2:100109:10,2:100109:30|1:2:200,37,5002407
5002407,第7关,900117,20124,"[101,201]","[1,1]","[1001,1002]",,2:100109:10,2:100109:30|1:2:200,37,5002408
5002408,第8关,900118,20124,"[101,201]","[1,1]","[1001,1002]",,2:100109:10,2:100109:30|1:2:200,37,5002409
5002409,第9关,900119,20124,"[101,201]","[1,1]","[1001,1002]",3:2:10:4|3:2:15:8|3:2:20:12,2:100109:10,2:100109:30|1:2:200,37,5002410
5002410,第10关,900120,20124,"[101,201]","[1,1]","[1001,1002]",,2:100109:10,2:100109:30|1:2:200,37,5002501
5002501,第1关,900101,20125,"[101,201]","[1,1]","[1001,1002]",,2:100109:10,2:100109:30|1:2:200,38,5002502
5002502,第2关,900102,20125,"[101,201]","[1,1]","[1001,1002]",,2:100109:10,2:100109:30|1:2:200,38,5002503
5002503,第3关,900103,20125,"[101,201]","[1,1]","[1001,1002]",,2:100109:10,2:100109:30|1:2:200,38,5002504
5002504,第4关,900104,20125,"[101,201]","[1,1]","[1001,1002]",4:6:10:4|4:6:15:8|4:6:20:12,2:100109:10,2:100109:30|1:2:200,38,5002505
5002505,第5关,900105,20125,"[101,201]","[1,1]","[1001,1002]",,2:100109:10,2:100109:30|1:2:200,38,5002506
5002506,第6关,900106,20125,"[101,201]","[1,1]","[1001,1002]",,2:100109:10,2:100109:30|1:2:200,38,5002507
5002507,第7关,900107,20125,"[101,201]","[1,1]","[1001,1002]",,2:100109:10,2:100109:30|1:2:200,38,5002508
5002508,第8关,900108,20125,"[101,201]","[1,1]","[1001,1002]",,2:100109:10,2:100109:30|1:2:200,38,5002509
5002509,第9关,900109,20125,"[101,201]","[1,1]","[1001,1002]",5:10:10:4|5:10:15:8|5:10:20:12,2:100109:10,2:100109:30|1:2:200,38,5002510
5002510,第10关,900110,20125,"[101,201]","[1,1]","[1001,1002]",,2:100109:10,2:100109:30|1:2:200,38,5002601
5002601,第1关,900111,20126,"[101,201]","[1,1]","[1001,1002]",,2:100109:10,2:100109:30|1:2:200,39,5002602
5002602,第2关,900112,20126,"[101,201]","[1,1]","[1001,1002]",,2:100109:10,2:100109:30|1:2:200,39,5002603
5002603,第3关,900113,20126,"[101,201]","[1,1]","[1001,1002]",,2:100109:10,2:100109:30|1:2:200,39,5002604
5002604,第4关,900114,20126,"[101,201]","[1,1]","[1001,1002]",1:3:10:4|1:3:15:8|1:3:20:12,2:100109:10,2:100109:30|1:2:200,39,5002605
5002605,第5关,900115,20126,"[101,201]","[1,1]","[1001,1002]",,2:100109:10,2:100109:30|1:2:200,39,5002606
5002606,第6关,900116,20126,"[101,201]","[1,1]","[1001,1002]",,2:100109:10,2:100109:30|1:2:200,39,5002607
5002607,第7关,900117,20126,"[101,201]","[1,1]","[1001,1002]",,2:100109:10,2:100109:30|1:2:200,39,5002608
5002608,第8关,900118,20126,"[101,201]","[1,1]","[1001,1002]",,2:100109:10,2:100109:30|1:2:200,39,5002609
5002609,第9关,900119,20126,"[101,201]","[1,1]","[1001,1002]",2:1:10:4|2:1:15:8|2:1:20:12,2:100109:10,2:100109:30|1:2:200,39,5002610
5002610,第10关,900120,20126,"[101,201]","[1,1]","[1001,1002]",,2:100109:10,2:100109:30|1:2:200,39,5002701
5002701,第1关,900101,20127,"[101,201]","[1,1]","[1001,1002]",,2:100109:10,2:100109:30|1:2:200,40,5002702
5002702,第2关,900102,20127,"[101,201]","[1,1]","[1001,1002]",,2:100109:10,2:100109:30|1:2:200,40,5002703
5002703,第3关,900103,20127,"[101,201]","[1,1]","[1001,1002]",,2:100109:10,2:100109:30|1:2:200,40,5002704
5002704,第4关,900104,20127,"[101,201]","[1,1]","[1001,1002]",3:1:10:4|3:1:15:8|3:1:20:12,2:100109:10,2:100109:30|1:2:200,40,5002705
5002705,第5关,900105,20127,"[101,201]","[1,1]","[1001,1002]",,2:100109:10,2:100109:30|1:2:200,40,5002706
5002706,第6关,900106,20127,"[101,201]","[1,1]","[1001,1002]",,2:100109:10,2:100109:30|1:2:200,40,5002707
5002707,第7关,900107,20127,"[101,201]","[1,1]","[1001,1002]",,2:100109:10,2:100109:30|1:2:200,40,5002708
5002708,第8关,900108,20127,"[101,201]","[1,1]","[1001,1002]",,2:100109:10,2:100109:30|1:2:200,40,5002709
5002709,第9关,900109,20127,"[101,201]","[1,1]","[1001,1002]",4:2:10:4|4:2:15:8|4:2:20:12,2:100109:10,2:100109:30|1:2:200,40,5002710
5002710,第10关,900110,20127,"[101,201]","[1,1]","[1001,1002]",,2:100109:10,2:100109:30|1:2:200,40,5002801
5002801,第1关,900111,20128,"[101,201]","[1,1]","[1001,1002]",,2:100109:10,2:100109:30|1:2:200,41,5002802
5002802,第2关,900112,20128,"[101,201]","[1,1]","[1001,1002]",,2:100109:10,2:100109:30|1:2:200,41,5002803
5002803,第3关,900113,20128,"[101,201]","[1,1]","[1001,1002]",,2:100109:10,2:100109:30|1:2:200,41,5002804
5002804,第4关,900114,20128,"[101,201]","[1,1]","[1001,1002]",5:2:10:4|5:2:15:8|5:2:20:12,2:100109:10,2:100109:30|1:2:200,41,5002805
5002805,第5关,900115,20128,"[101,201]","[1,1]","[1001,1002]",,2:100109:10,2:100109:30|1:2:200,41,5002806
5002806,第6关,900116,20128,"[101,201]","[1,1]","[1001,1002]",,2:100109:10,2:100109:30|1:2:200,41,5002807
5002807,第7关,900117,20128,"[101,201]","[1,1]","[1001,1002]",,2:100109:10,2:100109:30|1:2:200,41,5002808
5002808,第8关,900118,20128,"[101,201]","[1,1]","[1001,1002]",,2:100109:10,2:100109:30|1:2:200,41,5002809
5002809,第9关,900119,20128,"[101,201]","[1,1]","[1001,1002]",1:4:10:4|1:4:15:8|1:4:20:12,2:100109:10,2:100109:30|1:2:200,41,5002810
5002810,第10关,900120,20128,"[101,201]","[1,1]","[1001,1002]",,2:100109:10,2:100109:30|1:2:200,41,5002901
5002901,第1关,900101,20129,"[101,201]","[1,1]","[1001,1002]",,2:100109:10,2:100109:30|1:2:200,42,5002902
5002902,第2关,900102,20129,"[101,201]","[1,1]","[1001,1002]",,2:100109:10,2:100109:30|1:2:200,42,5002903
5002903,第3关,900103,20129,"[101,201]","[1,1]","[1001,1002]",,2:100109:10,2:100109:30|1:2:200,42,5002904
5002904,第4关,900104,20129,"[101,201]","[1,1]","[1001,1002]",2:3:10:4|2:3:15:8|2:3:20:12,2:100109:10,2:100109:30|1:2:200,42,5002905
5002905,第5关,900105,20129,"[101,201]","[1,1]","[1001,1002]",,2:100109:10,2:100109:30|1:2:200,42,5002906
5002906,第6关,900106,20129,"[101,201]","[1,1]","[1001,1002]",,2:100109:10,2:100109:30|1:2:200,42,5002907
5002907,第7关,900107,20129,"[101,201]","[1,1]","[1001,1002]",,2:100109:10,2:100109:30|1:2:200,42,5002908
5002908,第8关,900108,20129,"[101,201]","[1,1]","[1001,1002]",,2:100109:10,2:100109:30|1:2:200,42,5002909
5002909,第9关,900109,20129,"[101,201]","[1,1]","[1001,1002]",3:8:10:4|3:8:15:8|3:8:20:12,2:100109:10,2:100109:30|1:2:200,42,5002910
5002910,第10关,900110,20129,"[101,201]","[1,1]","[1001,1002]",,2:100109:10,2:100109:30|1:2:200,42,5003001
5003001,第1关,900111,20130,"[101,201]","[1,1]","[1001,1002]",,2:100109:10,2:100109:30|1:2:200,43,5003002
5003002,第2关,900112,20130,"[101,201]","[1,1]","[1001,1002]",,2:100109:10,2:100109:30|1:2:200,43,5003003
5003003,第3关,900113,20130,"[101,201]","[1,1]","[1001,1002]",,2:100109:10,2:100109:30|1:2:200,43,5003004
5003004,第4关,900114,20130,"[101,201]","[1,1]","[1001,1002]",4:9:10:4|4:9:15:8|4:9:20:12,2:100109:10,2:100109:30|1:2:200,43,5003005
5003005,第5关,900115,20130,"[101,201]","[1,1]","[1001,1002]",,2:100109:10,2:100109:30|1:2:200,43,5003006
5003006,第6关,900116,20130,"[101,201]","[1,1]","[1001,1002]",,2:100109:10,2:100109:30|1:2:200,43,5003007
5003007,第7关,900117,20130,"[101,201]","[1,1]","[1001,1002]",,2:100109:10,2:100109:30|1:2:200,43,5003008
5003008,第8关,900118,20130,"[101,201]","[1,1]","[1001,1002]",,2:100109:10,2:100109:30|1:2:200,43,5003009
5003009,第9关,900119,20130,"[101,201]","[1,1]","[1001,1002]",5:7:10:4|5:7:15:8|5:7:20:12,2:100109:10,2:100109:30|1:2:200,43,5003010
5003010,第10关,900120,20130,"[101,201]","[1,1]","[1001,1002]",,2:100109:10,2:100109:30|1:2:200,43,5003101
5003101,第1关,900101,20131,"[101,201]","[1,1]","[1001,1002]",,2:100109:10,2:100109:30|1:2:200,44,5003102
5003102,第2关,900102,20131,"[101,201]","[1,1]","[1001,1002]",,2:100109:10,2:100109:30|1:2:200,44,5003103
5003103,第3关,900103,20131,"[101,201]","[1,1]","[1001,1002]",,2:100109:10,2:100109:30|1:2:200,44,5003104
5003104,第4关,900104,20131,"[101,201]","[1,1]","[1001,1002]",1:5:10:4|1:5:15:8|1:5:20:12,2:100109:10,2:100109:30|1:2:200,44,5003105
5003105,第5关,900105,20131,"[101,201]","[1,1]","[1001,1002]",,2:100109:10,2:100109:30|1:2:200,44,5003106
5003106,第6关,900106,20131,"[101,201]","[1,1]","[1001,1002]",,2:100109:10,2:100109:30|1:2:200,44,5003107
5003107,第7关,900107,20131,"[101,201]","[1,1]","[1001,1002]",,2:100109:10,2:100109:30|1:2:200,44,5003108
5003108,第8关,900108,20131,"[101,201]","[1,1]","[1001,1002]",,2:100109:10,2:100109:30|1:2:200,44,5003109
5003109,第9关,900109,20131,"[101,201]","[1,1]","[1001,1002]",2:4:10:4|2:4:15:8|2:4:20:12,2:100109:10,2:100109:30|1:2:200,44,5003110
5003110,第10关,900110,20131,"[101,201]","[1,1]","[1001,1002]",,2:100109:10,2:100109:30|1:2:200,44,5003201
5003201,第1关,900111,20132,"[101,201]","[1,1]","[1001,1002]",,2:100109:10,2:100109:30|1:2:200,45,5003202
5003202,第2关,900112,20132,"[101,201]","[1,1]","[1001,1002]",,2:100109:10,2:100109:30|1:2:200,45,5003203
5003203,第3关,900113,20132,"[101,201]","[1,1]","[1001,1002]",,2:100109:10,2:100109:30|1:2:200,45,5003204
5003204,第4关,900114,20132,"[101,201]","[1,1]","[1001,1002]",3:5:10:4|3:5:15:8|3:5:20:12,2:100109:10,2:100109:30|1:2:200,45,5003205
5003205,第5关,900115,20132,"[101,201]","[1,1]","[1001,1002]",,2:100109:10,2:100109:30|1:2:200,45,5003206
5003206,第6关,900116,20132,"[101,201]","[1,1]","[1001,1002]",,2:100109:10,2:100109:30|1:2:200,45,5003207
5003207,第7关,900117,20132,"[101,201]","[1,1]","[1001,1002]",,2:100109:10,2:100109:30|1:2:200,45,5003208
5003208,第8关,900118,20132,"[101,201]","[1,1]","[1001,1002]",,2:100109:10,2:100109:30|1:2:200,45,5003209
5003209,第9关,900119,20132,"[101,201]","[1,1]","[1001,1002]",4:8:10:4|4:8:15:8|4:8:20:12,2:100109:10,2:100109:30|1:2:200,45,5003210
5003210,第10关,900120,20132,"[101,201]","[1,1]","[1001,1002]",,2:100109:10,2:100109:30|1:2:200,45,5003301
5003301,第1关,900101,20133,"[101,201]","[1,1]","[1001,1002]",,2:100109:10,2:100109:30|1:2:200,46,5003302
5003302,第2关,900102,20133,"[101,201]","[1,1]","[1001,1002]",,2:100109:10,2:100109:30|1:2:200,46,5003303
5003303,第3关,900103,20133,"[101,201]","[1,1]","[1001,1002]",,2:100109:10,2:100109:30|1:2:200,46,5003304
5003304,第4关,900104,20133,"[101,201]","[1,1]","[1001,1002]",5:1:10:4|5:1:15:8|5:1:20:12,2:100109:10,2:100109:30|1:2:200,46,5003305
5003305,第5关,900105,20133,"[101,201]","[1,1]","[1001,1002]",,2:100109:10,2:100109:30|1:2:200,46,5003306
5003306,第6关,900106,20133,"[101,201]","[1,1]","[1001,1002]",,2:100109:10,2:100109:30|1:2:200,46,5003307
5003307,第7关,900107,20133,"[101,201]","[1,1]","[1001,1002]",,2:100109:10,2:100109:30|1:2:200,46,5003308
5003308,第8关,900108,20133,"[101,201]","[1,1]","[1001,1002]",,2:100109:10,2:100109:30|1:2:200,46,5003309
5003309,第9关,900109,20133,"[101,201]","[1,1]","[1001,1002]",1:1:10:4|1:1:15:8|1:1:20:12,2:100109:10,2:100109:30|1:2:200,46,5003310
5003310,第10关,900110,20133,"[101,201]","[1,1]","[1001,1002]",,2:100109:10,2:100109:30|1:2:200,46,5003401
5003401,第1关,900111,20134,"[101,201]","[1,1]","[1001,1002]",,2:100109:10,2:100109:30|1:2:200,47,5003402
5003402,第2关,900112,20134,"[101,201]","[1,1]","[1001,1002]",,2:100109:10,2:100109:30|1:2:200,47,5003403
5003403,第3关,900113,20134,"[101,201]","[1,1]","[1001,1002]",,2:100109:10,2:100109:30|1:2:200,47,5003404
5003404,第4关,900114,20134,"[101,201]","[1,1]","[1001,1002]",2:5:10:4|2:5:15:8|2:5:20:12,2:100109:10,2:100109:30|1:2:200,47,5003405
5003405,第5关,900115,20134,"[101,201]","[1,1]","[1001,1002]",,2:100109:10,2:100109:30|1:2:200,47,5003406
5003406,第6关,900116,20134,"[101,201]","[1,1]","[1001,1002]",,2:100109:10,2:100109:30|1:2:200,47,5003407
5003407,第7关,900117,20134,"[101,201]","[1,1]","[1001,1002]",,2:100109:10,2:100109:30|1:2:200,47,5003408
5003408,第8关,900118,20134,"[101,201]","[1,1]","[1001,1002]",,2:100109:10,2:100109:30|1:2:200,47,5003409
5003409,第9关,900119,20134,"[101,201]","[1,1]","[1001,1002]",3:9:10:4|3:9:15:8|3:9:20:12,2:100109:10,2:100109:30|1:2:200,47,5003410
5003410,第10关,900120,20134,"[101,201]","[1,1]","[1001,1002]",,2:100109:10,2:100109:30|1:2:200,47,5003501
5003501,第1关,900101,20135,"[101,201]","[1,1]","[1001,1002]",,2:100109:10,2:100109:30|1:2:200,48,5003502
5003502,第2关,900102,20135,"[101,201]","[1,1]","[1001,1002]",,2:100109:10,2:100109:30|1:2:200,48,5003503
5003503,第3关,900103,20135,"[101,201]","[1,1]","[1001,1002]",,2:100109:10,2:100109:30|1:2:200,48,5003504
5003504,第4关,900104,20135,"[101,201]","[1,1]","[1001,1002]",4:10:10:4|4:10:15:8|4:10:20:12,2:100109:10,2:100109:30|1:2:200,48,5003505
5003505,第5关,900105,20135,"[101,201]","[1,1]","[1001,1002]",,2:100109:10,2:100109:30|1:2:200,48,5003506
5003506,第6关,900106,20135,"[101,201]","[1,1]","[1001,1002]",,2:100109:10,2:100109:30|1:2:200,48,5003507
5003507,第7关,900107,20135,"[101,201]","[1,1]","[1001,1002]",,2:100109:10,2:100109:30|1:2:200,48,5003508
5003508,第8关,900108,20135,"[101,201]","[1,1]","[1001,1002]",,2:100109:10,2:100109:30|1:2:200,48,5003509
5003509,第9关,900109,20135,"[101,201]","[1,1]","[1001,1002]",5:8:10:4|5:8:15:8|5:8:20:12,2:100109:10,2:100109:30|1:2:200,48,5003510
5003510,第10关,900110,20135,"[101,201]","[1,1]","[1001,1002]",,2:100109:10,2:100109:30|1:2:200,48,5003601
5003601,第1关,900111,20136,"[101,201]","[1,1]","[1001,1002]",,2:100109:10,2:100109:30|1:2:200,49,5003602
5003602,第2关,900112,20136,"[101,201]","[1,1]","[1001,1002]",,2:100109:10,2:100109:30|1:2:200,49,5003603
5003603,第3关,900113,20136,"[101,201]","[1,1]","[1001,1002]",,2:100109:10,2:100109:30|1:2:200,49,5003604
5003604,第4关,900114,20136,"[101,201]","[1,1]","[1001,1002]",1:10:10:4|1:10:15:8|1:10:20:12,2:100109:10,2:100109:30|1:2:200,49,5003605
5003605,第5关,900115,20136,"[101,201]","[1,1]","[1001,1002]",,2:100109:10,2:100109:30|1:2:200,49,5003606
5003606,第6关,900116,20136,"[101,201]","[1,1]","[1001,1002]",,2:100109:10,2:100109:30|1:2:200,49,5003607
5003607,第7关,900117,20136,"[101,201]","[1,1]","[1001,1002]",,2:100109:10,2:100109:30|1:2:200,49,5003608
5003608,第8关,900118,20136,"[101,201]","[1,1]","[1001,1002]",,2:100109:10,2:100109:30|1:2:200,49,5003609
5003609,第9关,900119,20136,"[101,201]","[1,1]","[1001,1002]",2:6:10:4|2:6:15:8|2:6:20:12,2:100109:10,2:100109:30|1:2:200,49,5003610
5003610,第10关,900120,20136,"[101,201]","[1,1]","[1001,1002]",,2:100109:10,2:100109:30|1:2:200,49,5003701
5003701,第1关,900101,20137,"[101,201]","[1,1]","[1001,1002]",,2:100109:10,2:100109:30|1:2:200,50,5003702
5003702,第2关,900102,20137,"[101,201]","[1,1]","[1001,1002]",,2:100109:10,2:100109:30|1:2:200,50,5003703
5003703,第3关,900103,20137,"[101,201]","[1,1]","[1001,1002]",,2:100109:10,2:100109:30|1:2:200,50,5003704
5003704,第4关,900104,20137,"[101,201]","[1,1]","[1001,1002]",3:10:10:4|3:10:15:8|3:10:20:12,2:100109:10,2:100109:30|1:2:200,50,5003705
5003705,第5关,900105,20137,"[101,201]","[1,1]","[1001,1002]",,2:100109:10,2:100109:30|1:2:200,50,5003706
5003706,第6关,900106,20137,"[101,201]","[1,1]","[1001,1002]",,2:100109:10,2:100109:30|1:2:200,50,5003707
5003707,第7关,900107,20137,"[101,201]","[1,1]","[1001,1002]",,2:100109:10,2:100109:30|1:2:200,50,5003708
5003708,第8关,900108,20137,"[101,201]","[1,1]","[1001,1002]",,2:100109:10,2:100109:30|1:2:200,50,5003709
5003709,第9关,900109,20137,"[101,201]","[1,1]","[1001,1002]",4:1:10:4|4:1:15:8|4:1:20:12,2:100109:10,2:100109:30|1:2:200,50,5003710
5003710,第10关,900110,20137,"[101,201]","[1,1]","[1001,1002]",,2:100109:10,2:100109:30|1:2:200,50,5003801
5003801,第1关,900111,20138,"[101,201]","[1,1]","[1001,1002]",,2:100109:10,2:100109:30|1:2:200,51,5003802
5003802,第2关,900112,20138,"[101,201]","[1,1]","[1001,1002]",,2:100109:10,2:100109:30|1:2:200,51,5003803
5003803,第3关,900113,20138,"[101,201]","[1,1]","[1001,1002]",,2:100109:10,2:100109:30|1:2:200,51,5003804
5003804,第4关,900114,20138,"[101,201]","[1,1]","[1001,1002]",5:9:10:4|5:9:15:8|5:9:20:12,2:100109:10,2:100109:30|1:2:200,51,5003805
5003805,第5关,900115,20138,"[101,201]","[1,1]","[1001,1002]",,2:100109:10,2:100109:30|1:2:200,51,5003806
5003806,第6关,900116,20138,"[101,201]","[1,1]","[1001,1002]",,2:100109:10,2:100109:30|1:2:200,51,5003807
5003807,第7关,900117,20138,"[101,201]","[1,1]","[1001,1002]",,2:100109:10,2:100109:30|1:2:200,51,5003808
5003808,第8关,900118,20138,"[101,201]","[1,1]","[1001,1002]",,2:100109:10,2:100109:30|1:2:200,51,5003809
5003809,第9关,900119,20138,"[101,201]","[1,1]","[1001,1002]",1:2:10:4|1:2:15:8|1:2:20:12,2:100109:10,2:100109:30|1:2:200,51,5003810
5003810,第10关,900120,20138,"[101,201]","[1,1]","[1001,1002]",,2:100109:10,2:100109:30|1:2:200,51,5003901
5003901,第1关,900101,20139,"[101,201]","[1,1]","[1001,1002]",,2:100109:10,2:100109:30|1:2:200,52,5003902
5003902,第2关,900102,20139,"[101,201]","[1,1]","[1001,1002]",,2:100109:10,2:100109:30|1:2:200,52,5003903
5003903,第3关,900103,20139,"[101,201]","[1,1]","[1001,1002]",,2:100109:10,2:100109:30|1:2:200,52,5003904
5003904,第4关,900104,20139,"[101,201]","[1,1]","[1001,1002]",2:9:10:4|2:9:15:8|2:9:20:12,2:100109:10,2:100109:30|1:2:200,52,5003905
5003905,第5关,900105,20139,"[101,201]","[1,1]","[1001,1002]",,2:100109:10,2:100109:30|1:2:200,52,5003906
5003906,第6关,900106,20139,"[101,201]","[1,1]","[1001,1002]",,2:100109:10,2:100109:30|1:2:200,52,5003907
5003907,第7关,900107,20139,"[101,201]","[1,1]","[1001,1002]",,2:100109:10,2:100109:30|1:2:200,52,5003908
5003908,第8关,900108,20139,"[101,201]","[1,1]","[1001,1002]",,2:100109:10,2:100109:30|1:2:200,52,5003909
5003909,第9关,900109,20139,"[101,201]","[1,1]","[1001,1002]",3:4:10:4|3:4:15:8|3:4:20:12,2:100109:10,2:100109:30|1:2:200,52,5003910
5003910,第10关,900110,20139,"[101,201]","[1,1]","[1001,1002]",,2:100109:10,2:100109:30|1:2:200,52,5004001
5004001,第1关,900111,20140,"[101,201]","[1,1]","[1001,1002]",,2:100109:10,2:100109:30|1:2:200,53,5004002
5004002,第2关,900112,20140,"[101,201]","[1,1]","[1001,1002]",,2:100109:10,2:100109:30|1:2:200,53,5004003
5004003,第3关,900113,20140,"[101,201]","[1,1]","[1001,1002]",,2:100109:10,2:100109:30|1:2:200,53,5004004
5004004,第4关,900114,20140,"[101,201]","[1,1]","[1001,1002]",4:3:10:4|4:3:15:8|4:3:20:12,2:100109:10,2:100109:30|1:2:200,53,5004005
5004005,第5关,900115,20140,"[101,201]","[1,1]","[1001,1002]",,2:100109:10,2:100109:30|1:2:200,53,5004006
5004006,第6关,900116,20140,"[101,201]","[1,1]","[1001,1002]",,2:100109:10,2:100109:30|1:2:200,53,5004007
5004007,第7关,900117,20140,"[101,201]","[1,1]","[1001,1002]",,2:100109:10,2:100109:30|1:2:200,53,5004008
5004008,第8关,900118,20140,"[101,201]","[1,1]","[1001,1002]",,2:100109:10,2:100109:30|1:2:200,53,5004009
5004009,第9关,900119,20140,"[101,201]","[1,1]","[1001,1002]",5:5:10:4|5:5:15:8|5:5:20:12,2:100109:10,2:100109:30|1:2:200,53,5004010
5004010,第10关,900120,20140,"[101,201]","[1,1]","[1001,1002]",,2:100109:10,2:100109:30|1:2:200,53,5004101
5004101,第1关,900101,20141,"[101,201]","[1,1]","[1001,1002]",,2:100109:10,2:100109:30|1:2:200,54,5004102
5004102,第2关,900102,20141,"[101,201]","[1,1]","[1001,1002]",,2:100109:10,2:100109:30|1:2:200,54,5004103
5004103,第3关,900103,20141,"[101,201]","[1,1]","[1001,1002]",,2:100109:10,2:100109:30|1:2:200,54,5004104
5004104,第4关,900104,20141,"[101,201]","[1,1]","[1001,1002]",1:8:10:4|1:8:15:8|1:8:20:12,2:100109:10,2:100109:30|1:2:200,54,5004105
5004105,第5关,900105,20141,"[101,201]","[1,1]","[1001,1002]",,2:100109:10,2:100109:30|1:2:200,54,5004106
5004106,第6关,900106,20141,"[101,201]","[1,1]","[1001,1002]",,2:100109:10,2:100109:30|1:2:200,54,5004107
5004107,第7关,900107,20141,"[101,201]","[1,1]","[1001,1002]",,2:100109:10,2:100109:30|1:2:200,54,5004108
5004108,第8关,900108,20141,"[101,201]","[1,1]","[1001,1002]",,2:100109:10,2:100109:30|1:2:200,54,5004109
5004109,第9关,900109,20141,"[101,201]","[1,1]","[1001,1002]",2:8:10:4|2:8:15:8|2:8:20:12,2:100109:10,2:100109:30|1:2:200,54,5004110
5004110,第10关,900110,20141,"[101,201]","[1,1]","[1001,1002]",,2:100109:10,2:100109:30|1:2:200,54,5004201
5004201,第1关,900111,20142,"[101,201]","[1,1]","[1001,1002]",,2:100109:10,2:100109:30|1:2:200,55,5004202
5004202,第2关,900112,20142,"[101,201]","[1,1]","[1001,1002]",,2:100109:10,2:100109:30|1:2:200,55,5004203
5004203,第3关,900113,20142,"[101,201]","[1,1]","[1001,1002]",,2:100109:10,2:100109:30|1:2:200,55,5004204
5004204,第4关,900114,20142,"[101,201]","[1,1]","[1001,1002]",3:3:10:4|3:3:15:8|3:3:20:12,2:100109:10,2:100109:30|1:2:200,55,5004205
5004205,第5关,900115,20142,"[101,201]","[1,1]","[1001,1002]",,2:100109:10,2:100109:30|1:2:200,55,5004206
5004206,第6关,900116,20142,"[101,201]","[1,1]","[1001,1002]",,2:100109:10,2:100109:30|1:2:200,55,5004207
5004207,第7关,900117,20142,"[101,201]","[1,1]","[1001,1002]",,2:100109:10,2:100109:30|1:2:200,55,5004208
5004208,第8关,900118,20142,"[101,201]","[1,1]","[1001,1002]",,2:100109:10,2:100109:30|1:2:200,55,5004209
5004209,第9关,900119,20142,"[101,201]","[1,1]","[1001,1002]",4:5:10:4|4:5:15:8|4:5:20:12,2:100109:10,2:100109:30|1:2:200,55,5004210
5004210,第10关,900120,20142,"[101,201]","[1,1]","[1001,1002]",,2:100109:10,2:100109:30|1:2:200,55,5004301
5004301,第1关,900101,20143,"[101,201]","[1,1]","[1001,1002]",,2:100109:10,2:100109:30|1:2:200,56,5004302
5004302,第2关,900102,20143,"[101,201]","[1,1]","[1001,1002]",,2:100109:10,2:100109:30|1:2:200,56,5004303
5004303,第3关,900103,20143,"[101,201]","[1,1]","[1001,1002]",,2:100109:10,2:100109:30|1:2:200,56,5004304
5004304,第4关,900104,20143,"[101,201]","[1,1]","[1001,1002]",5:4:10:4|5:4:15:8|5:4:20:12,2:100109:10,2:100109:30|1:2:200,56,5004305
5004305,第5关,900105,20143,"[101,201]","[1,1]","[1001,1002]",,2:100109:10,2:100109:30|1:2:200,56,5004306
5004306,第6关,900106,20143,"[101,201]","[1,1]","[1001,1002]",,2:100109:10,2:100109:30|1:2:200,56,5004307
5004307,第7关,900107,20143,"[101,201]","[1,1]","[1001,1002]",,2:100109:10,2:100109:30|1:2:200,56,5004308
5004308,第8关,900108,20143,"[101,201]","[1,1]","[1001,1002]",,2:100109:10,2:100109:30|1:2:200,56,5004309
5004309,第9关,900109,20143,"[101,201]","[1,1]","[1001,1002]",1:7:10:4|1:7:15:8|1:7:20:12,2:100109:10,2:100109:30|1:2:200,56,5004310
5004310,第10关,900110,20143,"[101,201]","[1,1]","[1001,1002]",,2:100109:10,2:100109:30|1:2:200,56,5004401
5004401,第1关,900111,20144,"[101,201]","[1,1]","[1001,1002]",,2:100109:10,2:100109:30|1:2:200,57,5004402
5004402,第2关,900112,20144,"[101,201]","[1,1]","[1001,1002]",,2:100109:10,2:100109:30|1:2:200,57,5004403
5004403,第3关,900113,20144,"[101,201]","[1,1]","[1001,1002]",,2:100109:10,2:100109:30|1:2:200,57,5004404
5004404,第4关,900114,20144,"[101,201]","[1,1]","[1001,1002]",2:7:10:4|2:7:15:8|2:7:20:12,2:100109:10,2:100109:30|1:2:200,57,5004405
5004405,第5关,900115,20144,"[101,201]","[1,1]","[1001,1002]",,2:100109:10,2:100109:30|1:2:200,57,5004406
5004406,第6关,900116,20144,"[101,201]","[1,1]","[1001,1002]",,2:100109:10,2:100109:30|1:2:200,57,5004407
5004407,第7关,900117,20144,"[101,201]","[1,1]","[1001,1002]",,2:100109:10,2:100109:30|1:2:200,57,5004408
5004408,第8关,900118,20144,"[101,201]","[1,1]","[1001,1002]",,2:100109:10,2:100109:30|1:2:200,57,5004409
5004409,第9关,900119,20144,"[101,201]","[1,1]","[1001,1002]",3:7:10:4|3:7:15:8|3:7:20:12,2:100109:10,2:100109:30|1:2:200,57,5004410
5004410,第10关,900120,20144,"[101,201]","[1,1]","[1001,1002]",,2:100109:10,2:100109:30|1:2:200,57,5004501
5004501,第1关,900101,20145,"[101,201]","[1,1]","[1001,1002]",,2:100109:10,2:100109:30|1:2:200,58,5004502
5004502,第2关,900102,20145,"[101,201]","[1,1]","[1001,1002]",,2:100109:10,2:100109:30|1:2:200,58,5004503
5004503,第3关,900103,20145,"[101,201]","[1,1]","[1001,1002]",,2:100109:10,2:100109:30|1:2:200,58,5004504
5004504,第4关,900104,20145,"[101,201]","[1,1]","[1001,1002]",4:4:10:4|4:4:15:8|4:4:20:12,2:100109:10,2:100109:30|1:2:200,58,5004505
5004505,第5关,900105,20145,"[101,201]","[1,1]","[1001,1002]",,2:100109:10,2:100109:30|1:2:200,58,5004506
5004506,第6关,900106,20145,"[101,201]","[1,1]","[1001,1002]",,2:100109:10,2:100109:30|1:2:200,58,5004507
5004507,第7关,900107,20145,"[101,201]","[1,1]","[1001,1002]",,2:100109:10,2:100109:30|1:2:200,58,5004508
5004508,第8关,900108,20145,"[101,201]","[1,1]","[1001,1002]",,2:100109:10,2:100109:30|1:2:200,58,5004509
5004509,第9关,900109,20145,"[101,201]","[1,1]","[1001,1002]",5:3:10:4|5:3:15:8|5:3:20:12,2:100109:10,2:100109:30|1:2:200,58,5004510
5004510,第10关,900110,20145,"[101,201]","[1,1]","[1001,1002]",,2:100109:10,2:100109:30|1:2:200,58,5004601
5004601,第1关,900111,20146,"[101,201]","[1,1]","[1001,1002]",,2:100109:10,2:100109:30|1:2:200,59,5004602
5004602,第2关,900112,20146,"[101,201]","[1,1]","[1001,1002]",,2:100109:10,2:100109:30|1:2:200,59,5004603
5004603,第3关,900113,20146,"[101,201]","[1,1]","[1001,1002]",,2:100109:10,2:100109:30|1:2:200,59,5004604
5004604,第4关,900114,20146,"[101,201]","[1,1]","[1001,1002]",1:6:10:4|1:6:15:8|1:6:20:12,2:100109:10,2:100109:30|1:2:200,59,5004605
5004605,第5关,900115,20146,"[101,201]","[1,1]","[1001,1002]",,2:100109:10,2:100109:30|1:2:200,59,5004606
5004606,第6关,900116,20146,"[101,201]","[1,1]","[1001,1002]",,2:100109:10,2:100109:30|1:2:200,59,5004607
5004607,第7关,900117,20146,"[101,201]","[1,1]","[1001,1002]",,2:100109:10,2:100109:30|1:2:200,59,5004608
5004608,第8关,900118,20146,"[101,201]","[1,1]","[1001,1002]",,2:100109:10,2:100109:30|1:2:200,59,5004609
5004609,第9关,900119,20146,"[101,201]","[1,1]","[1001,1002]",2:10:10:4|2:10:15:8|2:10:20:12,2:100109:10,2:100109:30|1:2:200,59,5004610
5004610,第10关,900120,20146,"[101,201]","[1,1]","[1001,1002]",,2:100109:10,2:100109:30|1:2:200,59,5004701
5004701,第1关,900101,20147,"[101,201]","[1,1]","[1001,1002]",,2:100109:10,2:100109:30|1:2:200,60,5004702
5004702,第2关,900102,20147,"[101,201]","[1,1]","[1001,1002]",,2:100109:10,2:100109:30|1:2:200,60,5004703
5004703,第3关,900103,20147,"[101,201]","[1,1]","[1001,1002]",,2:100109:10,2:100109:30|1:2:200,60,5004704
5004704,第4关,900104,20147,"[101,201]","[1,1]","[1001,1002]",3:6:10:4|3:6:15:8|3:6:20:12,2:100109:10,2:100109:30|1:2:200,60,5004705
5004705,第5关,900105,20147,"[101,201]","[1,1]","[1001,1002]",,2:100109:10,2:100109:30|1:2:200,60,5004706
5004706,第6关,900106,20147,"[101,201]","[1,1]","[1001,1002]",,2:100109:10,2:100109:30|1:2:200,60,5004707
5004707,第7关,900107,20147,"[101,201]","[1,1]","[1001,1002]",,2:100109:10,2:100109:30|1:2:200,60,5004708
5004708,第8关,900108,20147,"[101,201]","[1,1]","[1001,1002]",,2:100109:10,2:100109:30|1:2:200,60,5004709
5004709,第9关,900109,20147,"[101,201]","[1,1]","[1001,1002]",4:7:10:4|4:7:15:8|4:7:20:12,2:100109:10,2:100109:30|1:2:200,60,5004710
5004710,第10关,900110,20147,"[101,201]","[1,1]","[1001,1002]",,2:100109:10,2:100109:30|1:2:200,60,5004801
5004801,第1关,900111,20148,"[101,201]","[1,1]","[1001,1002]",,2:100109:10,2:100109:30|1:2:200,61,5004802
5004802,第2关,900112,20148,"[101,201]","[1,1]","[1001,1002]",,2:100109:10,2:100109:30|1:2:200,61,5004803
5004803,第3关,900113,20148,"[101,201]","[1,1]","[1001,1002]",,2:100109:10,2:100109:30|1:2:200,61,5004804
5004804,第4关,900114,20148,"[101,201]","[1,1]","[1001,1002]",5:6:10:4|5:6:15:8|5:6:20:12,2:100109:10,2:100109:30|1:2:200,61,5004805
5004805,第5关,900115,20148,"[101,201]","[1,1]","[1001,1002]",,2:100109:10,2:100109:30|1:2:200,61,5004806
5004806,第6关,900116,20148,"[101,201]","[1,1]","[1001,1002]",,2:100109:10,2:100109:30|1:2:200,61,5004807
5004807,第7关,900117,20148,"[101,201]","[1,1]","[1001,1002]",,2:100109:10,2:100109:30|1:2:200,61,5004808
5004808,第8关,900118,20148,"[101,201]","[1,1]","[1001,1002]",,2:100109:10,2:100109:30|1:2:200,61,5004809
5004809,第9关,900119,20148,"[101,201]","[1,1]","[1001,1002]",1:9:10:4|1:9:15:8|1:9:20:12,2:100109:10,2:100109:30|1:2:200,61,5004810
5004810,第10关,900120,20148,"[101,201]","[1,1]","[1001,1002]",,2:100109:10,2:100109:30|1:2:200,61,5004901
5004901,第1关,900101,20149,"[101,201]","[1,1]","[1001,1002]",,2:100109:10,2:100109:30|1:2:200,62,5004902
5004902,第2关,900102,20149,"[101,201]","[1,1]","[1001,1002]",,2:100109:10,2:100109:30|1:2:200,62,5004903
5004903,第3关,900103,20149,"[101,201]","[1,1]","[1001,1002]",,2:100109:10,2:100109:30|1:2:200,62,5004904
5004904,第4关,900104,20149,"[101,201]","[1,1]","[1001,1002]",2:2:10:4|2:2:15:8|2:2:20:12,2:100109:10,2:100109:30|1:2:200,62,5004905
5004905,第5关,900105,20149,"[101,201]","[1,1]","[1001,1002]",,2:100109:10,2:100109:30|1:2:200,62,5004906
5004906,第6关,900106,20149,"[101,201]","[1,1]","[1001,1002]",,2:100109:10,2:100109:30|1:2:200,62,5004907
5004907,第7关,900107,20149,"[101,201]","[1,1]","[1001,1002]",,2:100109:10,2:100109:30|1:2:200,62,5004908
5004908,第8关,900108,20149,"[101,201]","[1,1]","[1001,1002]",,2:100109:10,2:100109:30|1:2:200,62,5004909
5004909,第9关,900109,20149,"[101,201]","[1,1]","[1001,1002]",3:2:10:4|3:2:15:8|3:2:20:12,2:100109:10,2:100109:30|1:2:200,62,5004910
5004910,第10关,900110,20149,"[101,201]","[1,1]","[1001,1002]",,2:100109:10,2:100109:30|1:2:200,62,5005001
5005001,第1关,900111,20150,"[101,201]","[1,1]","[1001,1002]",,2:100109:10,2:100109:30|1:2:200,63,5005002
5005002,第2关,900112,20150,"[101,201]","[1,1]","[1001,1002]",,2:100109:10,2:100109:30|1:2:200,63,5005003
5005003,第3关,900113,20150,"[101,201]","[1,1]","[1001,1002]",,2:100109:10,2:100109:30|1:2:200,63,5005004
5005004,第4关,900114,20150,"[101,201]","[1,1]","[1001,1002]",4:6:10:4|4:6:15:8|4:6:20:12,2:100109:10,2:100109:30|1:2:200,63,5005005
5005005,第5关,900115,20150,"[101,201]","[1,1]","[1001,1002]",,2:100109:10,2:100109:30|1:2:200,63,5005006
5005006,第6关,900116,20150,"[101,201]","[1,1]","[1001,1002]",,2:100109:10,2:100109:30|1:2:200,63,5005007
5005007,第7关,900117,20150,"[101,201]","[1,1]","[1001,1002]",,2:100109:10,2:100109:30|1:2:200,63,5005008
5005008,第8关,900118,20150,"[101,201]","[1,1]","[1001,1002]",,2:100109:10,2:100109:30|1:2:200,63,5005009
5005009,第9关,900119,20150,"[101,201]","[1,1]","[1001,1002]",5:10:10:4|5:10:15:8|5:10:20:12,2:100109:10,2:100109:30|1:2:200,63,5005010
5005010,第10关,900120,20150,"[101,201]","[1,1]","[1001,1002]",,2:100109:10,2:100109:30|1:2:200,63,5005101
5005101,第1关,900101,20151,"[101,201]","[1,1]","[1001,1002]",,2:100109:10,2:100109:30|1:2:200,64,5005102
5005102,第2关,900102,20151,"[101,201]","[1,1]","[1001,1002]",,2:100109:10,2:100109:30|1:2:200,64,5005103
5005103,第3关,900103,20151,"[101,201]","[1,1]","[1001,1002]",,2:100109:10,2:100109:30|1:2:200,64,5005104
5005104,第4关,900104,20151,"[101,201]","[1,1]","[1001,1002]",1:3:10:4|1:3:15:8|1:3:20:12,2:100109:10,2:100109:30|1:2:200,64,5005105
5005105,第5关,900105,20151,"[101,201]","[1,1]","[1001,1002]",,2:100109:10,2:100109:30|1:2:200,64,5005106
5005106,第6关,900106,20151,"[101,201]","[1,1]","[1001,1002]",,2:100109:10,2:100109:30|1:2:200,64,5005107
5005107,第7关,900107,20151,"[101,201]","[1,1]","[1001,1002]",,2:100109:10,2:100109:30|1:2:200,64,5005108
5005108,第8关,900108,20151,"[101,201]","[1,1]","[1001,1002]",,2:100109:10,2:100109:30|1:2:200,64,5005109
5005109,第9关,900109,20151,"[101,201]","[1,1]","[1001,1002]",2:1:10:4|2:1:15:8|2:1:20:12,2:100109:10,2:100109:30|1:2:200,64,5005110
5005110,第10关,900110,20151,"[101,201]","[1,1]","[1001,1002]",,2:100109:10,2:100109:30|1:2:200,64,5005201
5005201,第1关,900111,20152,"[101,201]","[1,1]","[1001,1002]",,2:100109:10,2:100109:30|1:2:200,65,5005202
5005202,第2关,900112,20152,"[101,201]","[1,1]","[1001,1002]",,2:100109:10,2:100109:30|1:2:200,65,5005203
5005203,第3关,900113,20152,"[101,201]","[1,1]","[1001,1002]",,2:100109:10,2:100109:30|1:2:200,65,5005204
5005204,第4关,900114,20152,"[101,201]","[1,1]","[1001,1002]",3:1:10:4|3:1:15:8|3:1:20:12,2:100109:10,2:100109:30|1:2:200,65,5005205
5005205,第5关,900115,20152,"[101,201]","[1,1]","[1001,1002]",,2:100109:10,2:100109:30|1:2:200,65,5005206
5005206,第6关,900116,20152,"[101,201]","[1,1]","[1001,1002]",,2:100109:10,2:100109:30|1:2:200,65,5005207
5005207,第7关,900117,20152,"[101,201]","[1,1]","[1001,1002]",,2:100109:10,2:100109:30|1:2:200,65,5005208
5005208,第8关,900118,20152,"[101,201]","[1,1]","[1001,1002]",,2:100109:10,2:100109:30|1:2:200,65,5005209
5005209,第9关,900119,20152,"[101,201]","[1,1]","[1001,1002]",4:2:10:4|4:2:15:8|4:2:20:12,2:100109:10,2:100109:30|1:2:200,65,5005210
5005210,第10关,900120,20152,"[101,201]","[1,1]","[1001,1002]",,2:100109:10,2:100109:30|1:2:200,65,5005301
5005301,第1关,900101,20153,"[101,201]","[1,1]","[1001,1002]",,2:100109:10,2:100109:30|1:2:200,66,5005302
5005302,第2关,900102,20153,"[101,201]","[1,1]","[1001,1002]",,2:100109:10,2:100109:30|1:2:200,66,5005303
5005303,第3关,900103,20153,"[101,201]","[1,1]","[1001,1002]",,2:100109:10,2:100109:30|1:2:200,66,5005304
5005304,第4关,900104,20153,"[101,201]","[1,1]","[1001,1002]",5:2:10:4|5:2:15:8|5:2:20:12,2:100109:10,2:100109:30|1:2:200,66,5005305
5005305,第5关,900105,20153,"[101,201]","[1,1]","[1001,1002]",,2:100109:10,2:100109:30|1:2:200,66,5005306
5005306,第6关,900106,20153,"[101,201]","[1,1]","[1001,1002]",,2:100109:10,2:100109:30|1:2:200,66,5005307
5005307,第7关,900107,20153,"[101,201]","[1,1]","[1001,1002]",,2:100109:10,2:100109:30|1:2:200,66,5005308
5005308,第8关,900108,20153,"[101,201]","[1,1]","[1001,1002]",,2:100109:10,2:100109:30|1:2:200,66,5005309
5005309,第9关,900109,20153,"[101,201]","[1,1]","[1001,1002]",1:4:10:4|1:4:15:8|1:4:20:12,2:100109:10,2:100109:30|1:2:200,66,5005310
5005310,第10关,900110,20153,"[101,201]","[1,1]","[1001,1002]",,2:100109:10,2:100109:30|1:2:200,66,5005401
5005401,第1关,900111,20154,"[101,201]","[1,1]","[1001,1002]",,2:100109:10,2:100109:30|1:2:200,67,5005402
5005402,第2关,900112,20154,"[101,201]","[1,1]","[1001,1002]",,2:100109:10,2:100109:30|1:2:200,67,5005403
5005403,第3关,900113,20154,"[101,201]","[1,1]","[1001,1002]",,2:100109:10,2:100109:30|1:2:200,67,5005404
5005404,第4关,900114,20154,"[101,201]","[1,1]","[1001,1002]",2:3:10:4|2:3:15:8|2:3:20:12,2:100109:10,2:100109:30|1:2:200,67,5005405
5005405,第5关,900115,20154,"[101,201]","[1,1]","[1001,1002]",,2:100109:10,2:100109:30|1:2:200,67,5005406
5005406,第6关,900116,20154,"[101,201]","[1,1]","[1001,1002]",,2:100109:10,2:100109:30|1:2:200,67,5005407
5005407,第7关,900117,20154,"[101,201]","[1,1]","[1001,1002]",,2:100109:10,2:100109:30|1:2:200,67,5005408
5005408,第8关,900118,20154,"[101,201]","[1,1]","[1001,1002]",,2:100109:10,2:100109:30|1:2:200,67,5005409
5005409,第9关,900119,20154,"[101,201]","[1,1]","[1001,1002]",3:8:10:4|3:8:15:8|3:8:20:12,2:100109:10,2:100109:30|1:2:200,67,5005410
5005410,第10关,900120,20154,"[101,201]","[1,1]","[1001,1002]",,2:100109:10,2:100109:30|1:2:200,67,5005501
5005501,第1关,900101,20155,"[101,201]","[1,1]","[1001,1002]",,2:100109:10,2:100109:30|1:2:200,68,5005502
5005502,第2关,900102,20155,"[101,201]","[1,1]","[1001,1002]",,2:100109:10,2:100109:30|1:2:200,68,5005503
5005503,第3关,900103,20155,"[101,201]","[1,1]","[1001,1002]",,2:100109:10,2:100109:30|1:2:200,68,5005504
5005504,第4关,900104,20155,"[101,201]","[1,1]","[1001,1002]",4:9:10:4|4:9:15:8|4:9:20:12,2:100109:10,2:100109:30|1:2:200,68,5005505
5005505,第5关,900105,20155,"[101,201]","[1,1]","[1001,1002]",,2:100109:10,2:100109:30|1:2:200,68,5005506
5005506,第6关,900106,20155,"[101,201]","[1,1]","[1001,1002]",,2:100109:10,2:100109:30|1:2:200,68,5005507
5005507,第7关,900107,20155,"[101,201]","[1,1]","[1001,1002]",,2:100109:10,2:100109:30|1:2:200,68,5005508
5005508,第8关,900108,20155,"[101,201]","[1,1]","[1001,1002]",,2:100109:10,2:100109:30|1:2:200,68,5005509
5005509,第9关,900109,20155,"[101,201]","[1,1]","[1001,1002]",5:7:10:4|5:7:15:8|5:7:20:12,2:100109:10,2:100109:30|1:2:200,68,5005510
5005510,第10关,900110,20155,"[101,201]","[1,1]","[1001,1002]",,2:100109:10,2:100109:30|1:2:200,68,5005601
5005601,第1关,900111,20156,"[101,201]","[1,1]","[1001,1002]",,2:100109:10,2:100109:30|1:2:200,69,5005602
5005602,第2关,900112,20156,"[101,201]","[1,1]","[1001,1002]",,2:100109:10,2:100109:30|1:2:200,69,5005603
5005603,第3关,900113,20156,"[101,201]","[1,1]","[1001,1002]",,2:100109:10,2:100109:30|1:2:200,69,5005604
5005604,第4关,900114,20156,"[101,201]","[1,1]","[1001,1002]",1:5:10:4|1:5:15:8|1:5:20:12,2:100109:10,2:100109:30|1:2:200,69,5005605
5005605,第5关,900115,20156,"[101,201]","[1,1]","[1001,1002]",,2:100109:10,2:100109:30|1:2:200,69,5005606
5005606,第6关,900116,20156,"[101,201]","[1,1]","[1001,1002]",,2:100109:10,2:100109:30|1:2:200,69,5005607
5005607,第7关,900117,20156,"[101,201]","[1,1]","[1001,1002]",,2:100109:10,2:100109:30|1:2:200,69,5005608
5005608,第8关,900118,20156,"[101,201]","[1,1]","[1001,1002]",,2:100109:10,2:100109:30|1:2:200,69,5005609
5005609,第9关,900119,20156,"[101,201]","[1,1]","[1001,1002]",2:4:10:4|2:4:15:8|2:4:20:12,2:100109:10,2:100109:30|1:2:200,69,5005610
5005610,第10关,900120,20156,"[101,201]","[1,1]","[1001,1002]",,2:100109:10,2:100109:30|1:2:200,69,5005701
5005701,第1关,900101,20157,"[101,201]","[1,1]","[1001,1002]",,2:100109:10,2:100109:30|1:2:200,70,5005702
5005702,第2关,900102,20157,"[101,201]","[1,1]","[1001,1002]",,2:100109:10,2:100109:30|1:2:200,70,5005703
5005703,第3关,900103,20157,"[101,201]","[1,1]","[1001,1002]",,2:100109:10,2:100109:30|1:2:200,70,5005704
5005704,第4关,900104,20157,"[101,201]","[1,1]","[1001,1002]",3:5:10:4|3:5:15:8|3:5:20:12,2:100109:10,2:100109:30|1:2:200,70,5005705
5005705,第5关,900105,20157,"[101,201]","[1,1]","[1001,1002]",,2:100109:10,2:100109:30|1:2:200,70,5005706
5005706,第6关,900106,20157,"[101,201]","[1,1]","[1001,1002]",,2:100109:10,2:100109:30|1:2:200,70,5005707
5005707,第7关,900107,20157,"[101,201]","[1,1]","[1001,1002]",,2:100109:10,2:100109:30|1:2:200,70,5005708
5005708,第8关,900108,20157,"[101,201]","[1,1]","[1001,1002]",,2:100109:10,2:100109:30|1:2:200,70,5005709
5005709,第9关,900109,20157,"[101,201]","[1,1]","[1001,1002]",4:8:10:4|4:8:15:8|4:8:20:12,2:100109:10,2:100109:30|1:2:200,70,5005710
5005710,第10关,900110,20157,"[101,201]","[1,1]","[1001,1002]",,2:100109:10,2:100109:30|1:2:200,70,5005801
5005801,第1关,900111,20158,"[101,201]","[1,1]","[1001,1002]",,2:100109:10,2:100109:30|1:2:200,71,5005802
5005802,第2关,900112,20158,"[101,201]","[1,1]","[1001,1002]",,2:100109:10,2:100109:30|1:2:200,71,5005803
5005803,第3关,900113,20158,"[101,201]","[1,1]","[1001,1002]",,2:100109:10,2:100109:30|1:2:200,71,5005804
5005804,第4关,900114,20158,"[101,201]","[1,1]","[1001,1002]",5:1:10:4|5:1:15:8|5:1:20:12,2:100109:10,2:100109:30|1:2:200,71,5005805
5005805,第5关,900115,20158,"[101,201]","[1,1]","[1001,1002]",,2:100109:10,2:100109:30|1:2:200,71,5005806
5005806,第6关,900116,20158,"[101,201]","[1,1]","[1001,1002]",,2:100109:10,2:100109:30|1:2:200,71,5005807
5005807,第7关,900117,20158,"[101,201]","[1,1]","[1001,1002]",,2:100109:10,2:100109:30|1:2:200,71,5005808
5005808,第8关,900118,20158,"[101,201]","[1,1]","[1001,1002]",,2:100109:10,2:100109:30|1:2:200,71,5005809
5005809,第9关,900119,20158,"[101,201]","[1,1]","[1001,1002]",1:1:10:4|1:1:15:8|1:1:20:12,2:100109:10,2:100109:30|1:2:200,71,5005810
5005810,第10关,900120,20158,"[101,201]","[1,1]","[1001,1002]",,2:100109:10,2:100109:30|1:2:200,71,5005901
5005901,第1关,900101,20159,"[101,201]","[1,1]","[1001,1002]",,2:100109:10,2:100109:30|1:2:200,72,5005902
5005902,第2关,900102,20159,"[101,201]","[1,1]","[1001,1002]",,2:100109:10,2:100109:30|1:2:200,72,5005903
5005903,第3关,900103,20159,"[101,201]","[1,1]","[1001,1002]",,2:100109:10,2:100109:30|1:2:200,72,5005904
5005904,第4关,900104,20159,"[101,201]","[1,1]","[1001,1002]",2:5:10:4|2:5:15:8|2:5:20:12,2:100109:10,2:100109:30|1:2:200,72,5005905
5005905,第5关,900105,20159,"[101,201]","[1,1]","[1001,1002]",,2:100109:10,2:100109:30|1:2:200,72,5005906
5005906,第6关,900106,20159,"[101,201]","[1,1]","[1001,1002]",,2:100109:10,2:100109:30|1:2:200,72,5005907
5005907,第7关,900107,20159,"[101,201]","[1,1]","[1001,1002]",,2:100109:10,2:100109:30|1:2:200,72,5005908
5005908,第8关,900108,20159,"[101,201]","[1,1]","[1001,1002]",,2:100109:10,2:100109:30|1:2:200,72,5005909
5005909,第9关,900109,20159,"[101,201]","[1,1]","[1001,1002]",3:9:10:4|3:9:15:8|3:9:20:12,2:100109:10,2:100109:30|1:2:200,72,5005910
5005910,第10关,900110,20159,"[101,201]","[1,1]","[1001,1002]",,2:100109:10,2:100109:30|1:2:200,72,5006001
5006001,第1关,900111,20160,"[101,201]","[1,1]","[1001,1002]",,2:100109:10,2:100109:30|1:2:200,73,5006002
5006002,第2关,900112,20160,"[101,201]","[1,1]","[1001,1002]",,2:100109:10,2:100109:30|1:2:200,73,5006003
5006003,第3关,900113,20160,"[101,201]","[1,1]","[1001,1002]",,2:100109:10,2:100109:30|1:2:200,73,5006004
5006004,第4关,900114,20160,"[101,201]","[1,1]","[1001,1002]",4:10:10:4|4:10:15:8|4:10:20:12,2:100109:10,2:100109:30|1:2:200,73,5006005
5006005,第5关,900115,20160,"[101,201]","[1,1]","[1001,1002]",,2:100109:10,2:100109:30|1:2:200,73,5006006
5006006,第6关,900116,20160,"[101,201]","[1,1]","[1001,1002]",,2:100109:10,2:100109:30|1:2:200,73,5006007
5006007,第7关,900117,20160,"[101,201]","[1,1]","[1001,1002]",,2:100109:10,2:100109:30|1:2:200,73,5006008
5006008,第8关,900118,20160,"[101,201]","[1,1]","[1001,1002]",,2:100109:10,2:100109:30|1:2:200,73,5006009
5006009,第9关,900119,20160,"[101,201]","[1,1]","[1001,1002]",5:8:10:4|5:8:15:8|5:8:20:12,2:100109:10,2:100109:30|1:2:200,73,5006010
5006010,第10关,900120,20160,"[101,201]","[1,1]","[1001,1002]",,2:100109:10,2:100109:30|1:2:200,73,5006101
5006101,第1关,900101,20161,"[101,201]","[1,1]","[1001,1002]",,2:100109:10,2:100109:30|1:2:200,74,5006102
5006102,第2关,900102,20161,"[101,201]","[1,1]","[1001,1002]",,2:100109:10,2:100109:30|1:2:200,74,5006103
5006103,第3关,900103,20161,"[101,201]","[1,1]","[1001,1002]",,2:100109:10,2:100109:30|1:2:200,74,5006104
5006104,第4关,900104,20161,"[101,201]","[1,1]","[1001,1002]",1:10:10:4|1:10:15:8|1:10:20:12,2:100109:10,2:100109:30|1:2:200,74,5006105
5006105,第5关,900105,20161,"[101,201]","[1,1]","[1001,1002]",,2:100109:10,2:100109:30|1:2:200,74,5006106
5006106,第6关,900106,20161,"[101,201]","[1,1]","[1001,1002]",,2:100109:10,2:100109:30|1:2:200,74,5006107
5006107,第7关,900107,20161,"[101,201]","[1,1]","[1001,1002]",,2:100109:10,2:100109:30|1:2:200,74,5006108
5006108,第8关,900108,20161,"[101,201]","[1,1]","[1001,1002]",,2:100109:10,2:100109:30|1:2:200,74,5006109
5006109,第9关,900109,20161,"[101,201]","[1,1]","[1001,1002]",2:6:10:4|2:6:15:8|2:6:20:12,2:100109:10,2:100109:30|1:2:200,74,5006110
5006110,第10关,900110,20161,"[101,201]","[1,1]","[1001,1002]",,2:100109:10,2:100109:30|1:2:200,74,5006201
5006201,第1关,900111,20162,"[101,201]","[1,1]","[1001,1002]",,2:100109:10,2:100109:30|1:2:200,75,5006202
5006202,第2关,900112,20162,"[101,201]","[1,1]","[1001,1002]",,2:100109:10,2:100109:30|1:2:200,75,5006203
5006203,第3关,900113,20162,"[101,201]","[1,1]","[1001,1002]",,2:100109:10,2:100109:30|1:2:200,75,5006204
5006204,第4关,900114,20162,"[101,201]","[1,1]","[1001,1002]",3:10:10:4|3:10:15:8|3:10:20:12,2:100109:10,2:100109:30|1:2:200,75,5006205
5006205,第5关,900115,20162,"[101,201]","[1,1]","[1001,1002]",,2:100109:10,2:100109:30|1:2:200,75,5006206
5006206,第6关,900116,20162,"[101,201]","[1,1]","[1001,1002]",,2:100109:10,2:100109:30|1:2:200,75,5006207
5006207,第7关,900117,20162,"[101,201]","[1,1]","[1001,1002]",,2:100109:10,2:100109:30|1:2:200,75,5006208
5006208,第8关,900118,20162,"[101,201]","[1,1]","[1001,1002]",,2:100109:10,2:100109:30|1:2:200,75,5006209
5006209,第9关,900119,20162,"[101,201]","[1,1]","[1001,1002]",4:1:10:4|4:1:15:8|4:1:20:12,2:100109:10,2:100109:30|1:2:200,75,5006210
5006210,第10关,900120,20162,"[101,201]","[1,1]","[1001,1002]",,2:100109:10,2:100109:30|1:2:200,75,5006301
5006301,第1关,900101,20163,"[101,201]","[1,1]","[1001,1002]",,2:100109:10,2:100109:30|1:2:200,76,5006302
5006302,第2关,900102,20163,"[101,201]","[1,1]","[1001,1002]",,2:100109:10,2:100109:30|1:2:200,76,5006303
5006303,第3关,900103,20163,"[101,201]","[1,1]","[1001,1002]",,2:100109:10,2:100109:30|1:2:200,76,5006304
5006304,第4关,900104,20163,"[101,201]","[1,1]","[1001,1002]",5:9:10:4|5:9:15:8|5:9:20:12,2:100109:10,2:100109:30|1:2:200,76,5006305
5006305,第5关,900105,20163,"[101,201]","[1,1]","[1001,1002]",,2:100109:10,2:100109:30|1:2:200,76,5006306
5006306,第6关,900106,20163,"[101,201]","[1,1]","[1001,1002]",,2:100109:10,2:100109:30|1:2:200,76,5006307
5006307,第7关,900107,20163,"[101,201]","[1,1]","[1001,1002]",,2:100109:10,2:100109:30|1:2:200,76,5006308
5006308,第8关,900108,20163,"[101,201]","[1,1]","[1001,1002]",,2:100109:10,2:100109:30|1:2:200,76,5006309
5006309,第9关,900109,20163,"[101,201]","[1,1]","[1001,1002]",1:2:10:4|1:2:15:8|1:2:20:12,2:100109:10,2:100109:30|1:2:200,76,5006310
5006310,第10关,900110,20163,"[101,201]","[1,1]","[1001,1002]",,2:100109:10,2:100109:30|1:2:200,76,5006401
5006401,第1关,900111,20164,"[101,201]","[1,1]","[1001,1002]",,2:100109:10,2:100109:30|1:2:200,77,5006402
5006402,第2关,900112,20164,"[101,201]","[1,1]","[1001,1002]",,2:100109:10,2:100109:30|1:2:200,77,5006403
5006403,第3关,900113,20164,"[101,201]","[1,1]","[1001,1002]",,2:100109:10,2:100109:30|1:2:200,77,5006404
5006404,第4关,900114,20164,"[101,201]","[1,1]","[1001,1002]",2:9:10:4|2:9:15:8|2:9:20:12,2:100109:10,2:100109:30|1:2:200,77,5006405
5006405,第5关,900115,20164,"[101,201]","[1,1]","[1001,1002]",,2:100109:10,2:100109:30|1:2:200,77,5006406
5006406,第6关,900116,20164,"[101,201]","[1,1]","[1001,1002]",,2:100109:10,2:100109:30|1:2:200,77,5006407
5006407,第7关,900117,20164,"[101,201]","[1,1]","[1001,1002]",,2:100109:10,2:100109:30|1:2:200,77,5006408
5006408,第8关,900118,20164,"[101,201]","[1,1]","[1001,1002]",,2:100109:10,2:100109:30|1:2:200,77,5006409
5006409,第9关,900119,20164,"[101,201]","[1,1]","[1001,1002]",3:4:10:4|3:4:15:8|3:4:20:12,2:100109:10,2:100109:30|1:2:200,77,5006410
5006410,第10关,900120,20164,"[101,201]","[1,1]","[1001,1002]",,2:100109:10,2:100109:30|1:2:200,77,5006501
5006501,第1关,900101,20165,"[101,201]","[1,1]","[1001,1002]",,2:100109:10,2:100109:30|1:2:200,78,5006502
5006502,第2关,900102,20165,"[101,201]","[1,1]","[1001,1002]",,2:100109:10,2:100109:30|1:2:200,78,5006503
5006503,第3关,900103,20165,"[101,201]","[1,1]","[1001,1002]",,2:100109:10,2:100109:30|1:2:200,78,5006504
5006504,第4关,900104,20165,"[101,201]","[1,1]","[1001,1002]",4:3:10:4|4:3:15:8|4:3:20:12,2:100109:10,2:100109:30|1:2:200,78,5006505
5006505,第5关,900105,20165,"[101,201]","[1,1]","[1001,1002]",,2:100109:10,2:100109:30|1:2:200,78,5006506
5006506,第6关,900106,20165,"[101,201]","[1,1]","[1001,1002]",,2:100109:10,2:100109:30|1:2:200,78,5006507
5006507,第7关,900107,20165,"[101,201]","[1,1]","[1001,1002]",,2:100109:10,2:100109:30|1:2:200,78,5006508
5006508,第8关,900108,20165,"[101,201]","[1,1]","[1001,1002]",,2:100109:10,2:100109:30|1:2:200,78,5006509
5006509,第9关,900109,20165,"[101,201]","[1,1]","[1001,1002]",5:5:10:4|5:5:15:8|5:5:20:12,2:100109:10,2:100109:30|1:2:200,78,5006510
5006510,第10关,900110,20165,"[101,201]","[1,1]","[1001,1002]",,2:100109:10,2:100109:30|1:2:200,78,5006601
5006601,第1关,900111,20166,"[101,201]","[1,1]","[1001,1002]",,2:100109:10,2:100109:30|1:2:200,79,5006602
5006602,第2关,900112,20166,"[101,201]","[1,1]","[1001,1002]",,2:100109:10,2:100109:30|1:2:200,79,5006603
5006603,第3关,900113,20166,"[101,201]","[1,1]","[1001,1002]",,2:100109:10,2:100109:30|1:2:200,79,5006604
5006604,第4关,900114,20166,"[101,201]","[1,1]","[1001,1002]",1:8:10:4|1:8:15:8|1:8:20:12,2:100109:10,2:100109:30|1:2:200,79,5006605
5006605,第5关,900115,20166,"[101,201]","[1,1]","[1001,1002]",,2:100109:10,2:100109:30|1:2:200,79,5006606
5006606,第6关,900116,20166,"[101,201]","[1,1]","[1001,1002]",,2:100109:10,2:100109:30|1:2:200,79,5006607
5006607,第7关,900117,20166,"[101,201]","[1,1]","[1001,1002]",,2:100109:10,2:100109:30|1:2:200,79,5006608
5006608,第8关,900118,20166,"[101,201]","[1,1]","[1001,1002]",,2:100109:10,2:100109:30|1:2:200,79,5006609
5006609,第9关,900119,20166,"[101,201]","[1,1]","[1001,1002]",2:8:10:4|2:8:15:8|2:8:20:12,2:100109:10,2:100109:30|1:2:200,79,5006610
5006610,第10关,900120,20166,"[101,201]","[1,1]","[1001,1002]",,2:100109:10,2:100109:30|1:2:200,79,5006701
5006701,第1关,900101,20167,"[101,201]","[1,1]","[1001,1002]",,2:100109:10,2:100109:30|1:2:200,80,5006702
5006702,第2关,900102,20167,"[101,201]","[1,1]","[1001,1002]",,2:100109:10,2:100109:30|1:2:200,80,5006703
5006703,第3关,900103,20167,"[101,201]","[1,1]","[1001,1002]",,2:100109:10,2:100109:30|1:2:200,80,5006704
5006704,第4关,900104,20167,"[101,201]","[1,1]","[1001,1002]",3:3:10:4|3:3:15:8|3:3:20:12,2:100109:10,2:100109:30|1:2:200,80,5006705
5006705,第5关,900105,20167,"[101,201]","[1,1]","[1001,1002]",,2:100109:10,2:100109:30|1:2:200,80,5006706
5006706,第6关,900106,20167,"[101,201]","[1,1]","[1001,1002]",,2:100109:10,2:100109:30|1:2:200,80,5006707
5006707,第7关,900107,20167,"[101,201]","[1,1]","[1001,1002]",,2:100109:10,2:100109:30|1:2:200,80,5006708
5006708,第8关,900108,20167,"[101,201]","[1,1]","[1001,1002]",,2:100109:10,2:100109:30|1:2:200,80,5006709
5006709,第9关,900109,20167,"[101,201]","[1,1]","[1001,1002]",4:5:10:4|4:5:15:8|4:5:20:12,2:100109:10,2:100109:30|1:2:200,80,5006710
5006710,第10关,900110,20167,"[101,201]","[1,1]","[1001,1002]",,2:100109:10,2:100109:30|1:2:200,80,5006801
5006801,第1关,900111,20168,"[101,201]","[1,1]","[1001,1002]",,2:100109:10,2:100109:30|1:2:200,81,5006802
5006802,第2关,900112,20168,"[101,201]","[1,1]","[1001,1002]",,2:100109:10,2:100109:30|1:2:200,81,5006803
5006803,第3关,900113,20168,"[101,201]","[1,1]","[1001,1002]",,2:100109:10,2:100109:30|1:2:200,81,5006804
5006804,第4关,900114,20168,"[101,201]","[1,1]","[1001,1002]",5:4:10:4|5:4:15:8|5:4:20:12,2:100109:10,2:100109:30|1:2:200,81,5006805
5006805,第5关,900115,20168,"[101,201]","[1,1]","[1001,1002]",,2:100109:10,2:100109:30|1:2:200,81,5006806
5006806,第6关,900116,20168,"[101,201]","[1,1]","[1001,1002]",,2:100109:10,2:100109:30|1:2:200,81,5006807
5006807,第7关,900117,20168,"[101,201]","[1,1]","[1001,1002]",,2:100109:10,2:100109:30|1:2:200,81,5006808
5006808,第8关,900118,20168,"[101,201]","[1,1]","[1001,1002]",,2:100109:10,2:100109:30|1:2:200,81,5006809
5006809,第9关,900119,20168,"[101,201]","[1,1]","[1001,1002]",1:7:10:4|1:7:15:8|1:7:20:12,2:100109:10,2:100109:30|1:2:200,81,5006810
5006810,第10关,900120,20168,"[101,201]","[1,1]","[1001,1002]",,2:100109:10,2:100109:30|1:2:200,81,5006901
5006901,第1关,900101,20169,"[101,201]","[1,1]","[1001,1002]",,2:100109:10,2:100109:30|1:2:200,82,5006902
5006902,第2关,900102,20169,"[101,201]","[1,1]","[1001,1002]",,2:100109:10,2:100109:30|1:2:200,82,5006903
5006903,第3关,900103,20169,"[101,201]","[1,1]","[1001,1002]",,2:100109:10,2:100109:30|1:2:200,82,5006904
5006904,第4关,900104,20169,"[101,201]","[1,1]","[1001,1002]",2:7:10:4|2:7:15:8|2:7:20:12,2:100109:10,2:100109:30|1:2:200,82,5006905
5006905,第5关,900105,20169,"[101,201]","[1,1]","[1001,1002]",,2:100109:10,2:100109:30|1:2:200,82,5006906
5006906,第6关,900106,20169,"[101,201]","[1,1]","[1001,1002]",,2:100109:10,2:100109:30|1:2:200,82,5006907
5006907,第7关,900107,20169,"[101,201]","[1,1]","[1001,1002]",,2:100109:10,2:100109:30|1:2:200,82,5006908
5006908,第8关,900108,20169,"[101,201]","[1,1]","[1001,1002]",,2:100109:10,2:100109:30|1:2:200,82,5006909
5006909,第9关,900109,20169,"[101,201]","[1,1]","[1001,1002]",3:7:10:4|3:7:15:8|3:7:20:12,2:100109:10,2:100109:30|1:2:200,82,5006910
5006910,第10关,900110,20169,"[101,201]","[1,1]","[1001,1002]",,2:100109:10,2:100109:30|1:2:200,82,5007001
5007001,第1关,900111,20170,"[101,201]","[1,1]","[1001,1002]",,2:100109:10,2:100109:30|1:2:200,83,5007002
5007002,第2关,900112,20170,"[101,201]","[1,1]","[1001,1002]",,2:100109:10,2:100109:30|1:2:200,83,5007003
5007003,第3关,900113,20170,"[101,201]","[1,1]","[1001,1002]",,2:100109:10,2:100109:30|1:2:200,83,5007004
5007004,第4关,900114,20170,"[101,201]","[1,1]","[1001,1002]",4:4:10:4|4:4:15:8|4:4:20:12,2:100109:10,2:100109:30|1:2:200,83,5007005
5007005,第5关,900115,20170,"[101,201]","[1,1]","[1001,1002]",,2:100109:10,2:100109:30|1:2:200,83,5007006
5007006,第6关,900116,20170,"[101,201]","[1,1]","[1001,1002]",,2:100109:10,2:100109:30|1:2:200,83,5007007
5007007,第7关,900117,20170,"[101,201]","[1,1]","[1001,1002]",,2:100109:10,2:100109:30|1:2:200,83,5007008
5007008,第8关,900118,20170,"[101,201]","[1,1]","[1001,1002]",,2:100109:10,2:100109:30|1:2:200,83,5007009
5007009,第9关,900119,20170,"[101,201]","[1,1]","[1001,1002]",5:3:10:4|5:3:15:8|5:3:20:12,2:100109:10,2:100109:30|1:2:200,83,5007010
5007010,第10关,900120,20170,"[101,201]","[1,1]","[1001,1002]",,2:100109:10,2:100109:30|1:2:200,83,5007101
5007101,第1关,900101,20171,"[101,201]","[1,1]","[1001,1002]",,2:100109:10,2:100109:30|1:2:200,84,5007102
5007102,第2关,900102,20171,"[101,201]","[1,1]","[1001,1002]",,2:100109:10,2:100109:30|1:2:200,84,5007103
5007103,第3关,900103,20171,"[101,201]","[1,1]","[1001,1002]",,2:100109:10,2:100109:30|1:2:200,84,5007104
5007104,第4关,900104,20171,"[101,201]","[1,1]","[1001,1002]",1:6:10:4|1:6:15:8|1:6:20:12,2:100109:10,2:100109:30|1:2:200,84,5007105
5007105,第5关,900105,20171,"[101,201]","[1,1]","[1001,1002]",,2:100109:10,2:100109:30|1:2:200,84,5007106
5007106,第6关,900106,20171,"[101,201]","[1,1]","[1001,1002]",,2:100109:10,2:100109:30|1:2:200,84,5007107
5007107,第7关,900107,20171,"[101,201]","[1,1]","[1001,1002]",,2:100109:10,2:100109:30|1:2:200,84,5007108
5007108,第8关,900108,20171,"[101,201]","[1,1]","[1001,1002]",,2:100109:10,2:100109:30|1:2:200,84,5007109
5007109,第9关,900109,20171,"[101,201]","[1,1]","[1001,1002]",2:10:10:4|2:10:15:8|2:10:20:12,2:100109:10,2:100109:30|1:2:200,84,5007110
5007110,第10关,900110,20171,"[101,201]","[1,1]","[1001,1002]",,2:100109:10,2:100109:30|1:2:200,84,5007201
5007201,第1关,900111,20172,"[101,201]","[1,1]","[1001,1002]",,2:100109:10,2:100109:30|1:2:200,85,5007202
5007202,第2关,900112,20172,"[101,201]","[1,1]","[1001,1002]",,2:100109:10,2:100109:30|1:2:200,85,5007203
5007203,第3关,900113,20172,"[101,201]","[1,1]","[1001,1002]",,2:100109:10,2:100109:30|1:2:200,85,5007204
5007204,第4关,900114,20172,"[101,201]","[1,1]","[1001,1002]",3:6:10:4|3:6:15:8|3:6:20:12,2:100109:10,2:100109:30|1:2:200,85,5007205
5007205,第5关,900115,20172,"[101,201]","[1,1]","[1001,1002]",,2:100109:10,2:100109:30|1:2:200,85,5007206
5007206,第6关,900116,20172,"[101,201]","[1,1]","[1001,1002]",,2:100109:10,2:100109:30|1:2:200,85,5007207
5007207,第7关,900117,20172,"[101,201]","[1,1]","[1001,1002]",,2:100109:10,2:100109:30|1:2:200,85,5007208
5007208,第8关,900118,20172,"[101,201]","[1,1]","[1001,1002]",,2:100109:10,2:100109:30|1:2:200,85,5007209
5007209,第9关,900119,20172,"[101,201]","[1,1]","[1001,1002]",4:7:10:4|4:7:15:8|4:7:20:12,2:100109:10,2:100109:30|1:2:200,85,5007210
5007210,第10关,900120,20172,"[101,201]","[1,1]","[1001,1002]",,2:100109:10,2:100109:30|1:2:200,85,5007301
5007301,第1关,900101,20173,"[101,201]","[1,1]","[1001,1002]",,2:100109:10,2:100109:30|1:2:200,86,5007302
5007302,第2关,900102,20173,"[101,201]","[1,1]","[1001,1002]",,2:100109:10,2:100109:30|1:2:200,86,5007303
5007303,第3关,900103,20173,"[101,201]","[1,1]","[1001,1002]",,2:100109:10,2:100109:30|1:2:200,86,5007304
5007304,第4关,900104,20173,"[101,201]","[1,1]","[1001,1002]",5:6:10:4|5:6:15:8|5:6:20:12,2:100109:10,2:100109:30|1:2:200,86,5007305
5007305,第5关,900105,20173,"[101,201]","[1,1]","[1001,1002]",,2:100109:10,2:100109:30|1:2:200,86,5007306
5007306,第6关,900106,20173,"[101,201]","[1,1]","[1001,1002]",,2:100109:10,2:100109:30|1:2:200,86,5007307
5007307,第7关,900107,20173,"[101,201]","[1,1]","[1001,1002]",,2:100109:10,2:100109:30|1:2:200,86,5007308
5007308,第8关,900108,20173,"[101,201]","[1,1]","[1001,1002]",,2:100109:10,2:100109:30|1:2:200,86,5007309
5007309,第9关,900109,20173,"[101,201]","[1,1]","[1001,1002]",1:9:10:4|1:9:15:8|1:9:20:12,2:100109:10,2:100109:30|1:2:200,86,5007310
5007310,第10关,900110,20173,"[101,201]","[1,1]","[1001,1002]",,2:100109:10,2:100109:30|1:2:200,86,5007401
5007401,第1关,900111,20174,"[101,201]","[1,1]","[1001,1002]",,2:100109:10,2:100109:30|1:2:200,87,5007402
5007402,第2关,900112,20174,"[101,201]","[1,1]","[1001,1002]",,2:100109:10,2:100109:30|1:2:200,87,5007403
5007403,第3关,900113,20174,"[101,201]","[1,1]","[1001,1002]",,2:100109:10,2:100109:30|1:2:200,87,5007404
5007404,第4关,900114,20174,"[101,201]","[1,1]","[1001,1002]",2:2:10:4|2:2:15:8|2:2:20:12,2:100109:10,2:100109:30|1:2:200,87,5007405
5007405,第5关,900115,20174,"[101,201]","[1,1]","[1001,1002]",,2:100109:10,2:100109:30|1:2:200,87,5007406
5007406,第6关,900116,20174,"[101,201]","[1,1]","[1001,1002]",,2:100109:10,2:100109:30|1:2:200,87,5007407
5007407,第7关,900117,20174,"[101,201]","[1,1]","[1001,1002]",,2:100109:10,2:100109:30|1:2:200,87,5007408
5007408,第8关,900118,20174,"[101,201]","[1,1]","[1001,1002]",,2:100109:10,2:100109:30|1:2:200,87,5007409
5007409,第9关,900119,20174,"[101,201]","[1,1]","[1001,1002]",3:2:10:4|3:2:15:8|3:2:20:12,2:100109:10,2:100109:30|1:2:200,87,5007410
5007410,第10关,900120,20174,"[101,201]","[1,1]","[1001,1002]",,2:100109:10,2:100109:30|1:2:200,87,5007501
5007501,第1关,900101,20175,"[101,201]","[1,1]","[1001,1002]",,2:100109:10,2:100109:30|1:2:200,88,5007502
5007502,第2关,900102,20175,"[101,201]","[1,1]","[1001,1002]",,2:100109:10,2:100109:30|1:2:200,88,5007503
5007503,第3关,900103,20175,"[101,201]","[1,1]","[1001,1002]",,2:100109:10,2:100109:30|1:2:200,88,5007504
5007504,第4关,900104,20175,"[101,201]","[1,1]","[1001,1002]",4:6:10:4|4:6:15:8|4:6:20:12,2:100109:10,2:100109:30|1:2:200,88,5007505
5007505,第5关,900105,20175,"[101,201]","[1,1]","[1001,1002]",,2:100109:10,2:100109:30|1:2:200,88,5007506
5007506,第6关,900106,20175,"[101,201]","[1,1]","[1001,1002]",,2:100109:10,2:100109:30|1:2:200,88,5007507
5007507,第7关,900107,20175,"[101,201]","[1,1]","[1001,1002]",,2:100109:10,2:100109:30|1:2:200,88,5007508
5007508,第8关,900108,20175,"[101,201]","[1,1]","[1001,1002]",,2:100109:10,2:100109:30|1:2:200,88,5007509
5007509,第9关,900109,20175,"[101,201]","[1,1]","[1001,1002]",5:10:10:4|5:10:15:8|5:10:20:12,2:100109:10,2:100109:30|1:2:200,88,5007510
5007510,第10关,900110,20175,"[101,201]","[1,1]","[1001,1002]",,2:100109:10,2:100109:30|1:2:200,88,5007601
5007601,第1关,900111,20176,"[101,201]","[1,1]","[1001,1002]",,2:100109:10,2:100109:30|1:2:200,89,5007602
5007602,第2关,900112,20176,"[101,201]","[1,1]","[1001,1002]",,2:100109:10,2:100109:30|1:2:200,89,5007603
5007603,第3关,900113,20176,"[101,201]","[1,1]","[1001,1002]",,2:100109:10,2:100109:30|1:2:200,89,5007604
5007604,第4关,900114,20176,"[101,201]","[1,1]","[1001,1002]",1:3:10:4|1:3:15:8|1:3:20:12,2:100109:10,2:100109:30|1:2:200,89,5007605
5007605,第5关,900115,20176,"[101,201]","[1,1]","[1001,1002]",,2:100109:10,2:100109:30|1:2:200,89,5007606
5007606,第6关,900116,20176,"[101,201]","[1,1]","[1001,1002]",,2:100109:10,2:100109:30|1:2:200,89,5007607
5007607,第7关,900117,20176,"[101,201]","[1,1]","[1001,1002]",,2:100109:10,2:100109:30|1:2:200,89,5007608
5007608,第8关,900118,20176,"[101,201]","[1,1]","[1001,1002]",,2:100109:10,2:100109:30|1:2:200,89,5007609
5007609,第9关,900119,20176,"[101,201]","[1,1]","[1001,1002]",2:1:10:4|2:1:15:8|2:1:20:12,2:100109:10,2:100109:30|1:2:200,89,5007610
5007610,第10关,900120,20176,"[101,201]","[1,1]","[1001,1002]",,2:100109:10,2:100109:30|1:2:200,89,5007701
5007701,第1关,900101,20177,"[101,201]","[1,1]","[1001,1002]",,2:100109:10,2:100109:30|1:2:200,90,5007702
5007702,第2关,900102,20177,"[101,201]","[1,1]","[1001,1002]",,2:100109:10,2:100109:30|1:2:200,90,5007703
5007703,第3关,900103,20177,"[101,201]","[1,1]","[1001,1002]",,2:100109:10,2:100109:30|1:2:200,90,5007704
5007704,第4关,900104,20177,"[101,201]","[1,1]","[1001,1002]",3:1:10:4|3:1:15:8|3:1:20:12,2:100109:10,2:100109:30|1:2:200,90,5007705
5007705,第5关,900105,20177,"[101,201]","[1,1]","[1001,1002]",,2:100109:10,2:100109:30|1:2:200,90,5007706
5007706,第6关,900106,20177,"[101,201]","[1,1]","[1001,1002]",,2:100109:10,2:100109:30|1:2:200,90,5007707
5007707,第7关,900107,20177,"[101,201]","[1,1]","[1001,1002]",,2:100109:10,2:100109:30|1:2:200,90,5007708
5007708,第8关,900108,20177,"[101,201]","[1,1]","[1001,1002]",,2:100109:10,2:100109:30|1:2:200,90,5007709
5007709,第9关,900109,20177,"[101,201]","[1,1]","[1001,1002]",4:2:10:4|4:2:15:8|4:2:20:12,2:100109:10,2:100109:30|1:2:200,90,5007710
5007710,第10关,900110,20177,"[101,201]","[1,1]","[1001,1002]",,2:100109:10,2:100109:30|1:2:200,90,5007801
5007801,第1关,900111,20178,"[101,201]","[1,1]","[1001,1002]",,2:100109:10,2:100109:30|1:2:200,91,5007802
5007802,第2关,900112,20178,"[101,201]","[1,1]","[1001,1002]",,2:100109:10,2:100109:30|1:2:200,91,5007803
5007803,第3关,900113,20178,"[101,201]","[1,1]","[1001,1002]",,2:100109:10,2:100109:30|1:2:200,91,5007804
5007804,第4关,900114,20178,"[101,201]","[1,1]","[1001,1002]",5:2:10:4|5:2:15:8|5:2:20:12,2:100109:10,2:100109:30|1:2:200,91,5007805
5007805,第5关,900115,20178,"[101,201]","[1,1]","[1001,1002]",,2:100109:10,2:100109:30|1:2:200,91,5007806
5007806,第6关,900116,20178,"[101,201]","[1,1]","[1001,1002]",,2:100109:10,2:100109:30|1:2:200,91,5007807
5007807,第7关,900117,20178,"[101,201]","[1,1]","[1001,1002]",,2:100109:10,2:100109:30|1:2:200,91,5007808
5007808,第8关,900118,20178,"[101,201]","[1,1]","[1001,1002]",,2:100109:10,2:100109:30|1:2:200,91,5007809
5007809,第9关,900119,20178,"[101,201]","[1,1]","[1001,1002]",1:4:10:4|1:4:15:8|1:4:20:12,2:100109:10,2:100109:30|1:2:200,91,5007810
5007810,第10关,900120,20178,"[101,201]","[1,1]","[1001,1002]",,2:100109:10,2:100109:30|1:2:200,91,5007901
5007901,第1关,900101,20179,"[101,201]","[1,1]","[1001,1002]",,2:100109:10,2:100109:30|1:2:200,92,5007902
5007902,第2关,900102,20179,"[101,201]","[1,1]","[1001,1002]",,2:100109:10,2:100109:30|1:2:200,92,5007903
5007903,第3关,900103,20179,"[101,201]","[1,1]","[1001,1002]",,2:100109:10,2:100109:30|1:2:200,92,5007904
5007904,第4关,900104,20179,"[101,201]","[1,1]","[1001,1002]",2:3:10:4|2:3:15:8|2:3:20:12,2:100109:10,2:100109:30|1:2:200,92,5007905
5007905,第5关,900105,20179,"[101,201]","[1,1]","[1001,1002]",,2:100109:10,2:100109:30|1:2:200,92,5007906
5007906,第6关,900106,20179,"[101,201]","[1,1]","[1001,1002]",,2:100109:10,2:100109:30|1:2:200,92,5007907
5007907,第7关,900107,20179,"[101,201]","[1,1]","[1001,1002]",,2:100109:10,2:100109:30|1:2:200,92,5007908
5007908,第8关,900108,20179,"[101,201]","[1,1]","[1001,1002]",,2:100109:10,2:100109:30|1:2:200,92,5007909
5007909,第9关,900109,20179,"[101,201]","[1,1]","[1001,1002]",3:8:10:4|3:8:15:8|3:8:20:12,2:100109:10,2:100109:30|1:2:200,92,5007910
5007910,第10关,900110,20179,"[101,201]","[1,1]","[1001,1002]",,2:100109:10,2:100109:30|1:2:200,92,5008001
5008001,第1关,900111,20180,"[101,201]","[1,1]","[1001,1002]",,2:100109:10,2:100109:30|1:2:200,93,5008002
5008002,第2关,900112,20180,"[101,201]","[1,1]","[1001,1002]",,2:100109:10,2:100109:30|1:2:200,93,5008003
5008003,第3关,900113,20180,"[101,201]","[1,1]","[1001,1002]",,2:100109:10,2:100109:30|1:2:200,93,5008004
5008004,第4关,900114,20180,"[101,201]","[1,1]","[1001,1002]",4:9:10:4|4:9:15:8|4:9:20:12,2:100109:10,2:100109:30|1:2:200,93,5008005
5008005,第5关,900115,20180,"[101,201]","[1,1]","[1001,1002]",,2:100109:10,2:100109:30|1:2:200,93,5008006
5008006,第6关,900116,20180,"[101,201]","[1,1]","[1001,1002]",,2:100109:10,2:100109:30|1:2:200,93,5008007
5008007,第7关,900117,20180,"[101,201]","[1,1]","[1001,1002]",,2:100109:10,2:100109:30|1:2:200,93,5008008
5008008,第8关,900118,20180,"[101,201]","[1,1]","[1001,1002]",,2:100109:10,2:100109:30|1:2:200,93,5008009
5008009,第9关,900119,20180,"[101,201]","[1,1]","[1001,1002]",5:7:10:4|5:7:15:8|5:7:20:12,2:100109:10,2:100109:30|1:2:200,93,5008010
5008010,第10关,900120,20180,"[101,201]","[1,1]","[1001,1002]",,2:100109:10,2:100109:30|1:2:200,93,5008101
5008101,第1关,900101,20181,"[101,201]","[1,1]","[1001,1002]",,2:100109:10,2:100109:30|1:2:200,94,5008102
5008102,第2关,900102,20181,"[101,201]","[1,1]","[1001,1002]",,2:100109:10,2:100109:30|1:2:200,94,5008103
5008103,第3关,900103,20181,"[101,201]","[1,1]","[1001,1002]",,2:100109:10,2:100109:30|1:2:200,94,5008104
5008104,第4关,900104,20181,"[101,201]","[1,1]","[1001,1002]",1:5:10:4|1:5:15:8|1:5:20:12,2:100109:10,2:100109:30|1:2:200,94,5008105
5008105,第5关,900105,20181,"[101,201]","[1,1]","[1001,1002]",,2:100109:10,2:100109:30|1:2:200,94,5008106
5008106,第6关,900106,20181,"[101,201]","[1,1]","[1001,1002]",,2:100109:10,2:100109:30|1:2:200,94,5008107
5008107,第7关,900107,20181,"[101,201]","[1,1]","[1001,1002]",,2:100109:10,2:100109:30|1:2:200,94,5008108
5008108,第8关,900108,20181,"[101,201]","[1,1]","[1001,1002]",,2:100109:10,2:100109:30|1:2:200,94,5008109
5008109,第9关,900109,20181,"[101,201]","[1,1]","[1001,1002]",2:4:10:4|2:4:15:8|2:4:20:12,2:100109:10,2:100109:30|1:2:200,94,5008110
5008110,第10关,900110,20181,"[101,201]","[1,1]","[1001,1002]",,2:100109:10,2:100109:30|1:2:200,94,5008201
5008201,第1关,900111,20182,"[101,201]","[1,1]","[1001,1002]",,2:100109:10,2:100109:30|1:2:200,95,5008202
5008202,第2关,900112,20182,"[101,201]","[1,1]","[1001,1002]",,2:100109:10,2:100109:30|1:2:200,95,5008203
5008203,第3关,900113,20182,"[101,201]","[1,1]","[1001,1002]",,2:100109:10,2:100109:30|1:2:200,95,5008204
5008204,第4关,900114,20182,"[101,201]","[1,1]","[1001,1002]",3:5:10:4|3:5:15:8|3:5:20:12,2:100109:10,2:100109:30|1:2:200,95,5008205
5008205,第5关,900115,20182,"[101,201]","[1,1]","[1001,1002]",,2:100109:10,2:100109:30|1:2:200,95,5008206
5008206,第6关,900116,20182,"[101,201]","[1,1]","[1001,1002]",,2:100109:10,2:100109:30|1:2:200,95,5008207
5008207,第7关,900117,20182,"[101,201]","[1,1]","[1001,1002]",,2:100109:10,2:100109:30|1:2:200,95,5008208
5008208,第8关,900118,20182,"[101,201]","[1,1]","[1001,1002]",,2:100109:10,2:100109:30|1:2:200,95,5008209
5008209,第9关,900119,20182,"[101,201]","[1,1]","[1001,1002]",4:8:10:4|4:8:15:8|4:8:20:12,2:100109:10,2:100109:30|1:2:200,95,5008210
5008210,第10关,900120,20182,"[101,201]","[1,1]","[1001,1002]",,2:100109:10,2:100109:30|1:2:200,95,5008301
5008301,第1关,900101,20183,"[101,201]","[1,1]","[1001,1002]",,2:100109:10,2:100109:30|1:2:200,96,5008302
5008302,第2关,900102,20183,"[101,201]","[1,1]","[1001,1002]",,2:100109:10,2:100109:30|1:2:200,96,5008303
5008303,第3关,900103,20183,"[101,201]","[1,1]","[1001,1002]",,2:100109:10,2:100109:30|1:2:200,96,5008304
5008304,第4关,900104,20183,"[101,201]","[1,1]","[1001,1002]",5:1:10:4|5:1:15:8|5:1:20:12,2:100109:10,2:100109:30|1:2:200,96,5008305
5008305,第5关,900105,20183,"[101,201]","[1,1]","[1001,1002]",,2:100109:10,2:100109:30|1:2:200,96,5008306
5008306,第6关,900106,20183,"[101,201]","[1,1]","[1001,1002]",,2:100109:10,2:100109:30|1:2:200,96,5008307
5008307,第7关,900107,20183,"[101,201]","[1,1]","[1001,1002]",,2:100109:10,2:100109:30|1:2:200,96,5008308
5008308,第8关,900108,20183,"[101,201]","[1,1]","[1001,1002]",,2:100109:10,2:100109:30|1:2:200,96,5008309
5008309,第9关,900109,20183,"[101,201]","[1,1]","[1001,1002]",1:1:10:4|1:1:15:8|1:1:20:12,2:100109:10,2:100109:30|1:2:200,96,5008310
5008310,第10关,900110,20183,"[101,201]","[1,1]","[1001,1002]",,2:100109:10,2:100109:30|1:2:200,96,5008401
5008401,第1关,900111,20184,"[101,201]","[1,1]","[1001,1002]",,2:100109:10,2:100109:30|1:2:200,97,5008402
5008402,第2关,900112,20184,"[101,201]","[1,1]","[1001,1002]",,2:100109:10,2:100109:30|1:2:200,97,5008403
5008403,第3关,900113,20184,"[101,201]","[1,1]","[1001,1002]",,2:100109:10,2:100109:30|1:2:200,97,5008404
5008404,第4关,900114,20184,"[101,201]","[1,1]","[1001,1002]",2:5:10:4|2:5:15:8|2:5:20:12,2:100109:10,2:100109:30|1:2:200,97,5008405
5008405,第5关,900115,20184,"[101,201]","[1,1]","[1001,1002]",,2:100109:10,2:100109:30|1:2:200,97,5008406
5008406,第6关,900116,20184,"[101,201]","[1,1]","[1001,1002]",,2:100109:10,2:100109:30|1:2:200,97,5008407
5008407,第7关,900117,20184,"[101,201]","[1,1]","[1001,1002]",,2:100109:10,2:100109:30|1:2:200,97,5008408
5008408,第8关,900118,20184,"[101,201]","[1,1]","[1001,1002]",,2:100109:10,2:100109:30|1:2:200,97,5008409
5008409,第9关,900119,20184,"[101,201]","[1,1]","[1001,1002]",3:9:10:4|3:9:15:8|3:9:20:12,2:100109:10,2:100109:30|1:2:200,97,5008410
5008410,第10关,900120,20184,"[101,201]","[1,1]","[1001,1002]",,2:100109:10,2:100109:30|1:2:200,97,5008501
5008501,第1关,900101,20185,"[101,201]","[1,1]","[1001,1002]",,2:100109:10,2:100109:30|1:2:200,98,5008502
5008502,第2关,900102,20185,"[101,201]","[1,1]","[1001,1002]",,2:100109:10,2:100109:30|1:2:200,98,5008503
5008503,第3关,900103,20185,"[101,201]","[1,1]","[1001,1002]",,2:100109:10,2:100109:30|1:2:200,98,5008504
5008504,第4关,900104,20185,"[101,201]","[1,1]","[1001,1002]",4:10:10:4|4:10:15:8|4:10:20:12,2:100109:10,2:100109:30|1:2:200,98,5008505
5008505,第5关,900105,20185,"[101,201]","[1,1]","[1001,1002]",,2:100109:10,2:100109:30|1:2:200,98,5008506
5008506,第6关,900106,20185,"[101,201]","[1,1]","[1001,1002]",,2:100109:10,2:100109:30|1:2:200,98,5008507
5008507,第7关,900107,20185,"[101,201]","[1,1]","[1001,1002]",,2:100109:10,2:100109:30|1:2:200,98,5008508
5008508,第8关,900108,20185,"[101,201]","[1,1]","[1001,1002]",,2:100109:10,2:100109:30|1:2:200,98,5008509
5008509,第9关,900109,20185,"[101,201]","[1,1]","[1001,1002]",5:8:10:4|5:8:15:8|5:8:20:12,2:100109:10,2:100109:30|1:2:200,98,5008510
5008510,第10关,900110,20185,"[101,201]","[1,1]","[1001,1002]",,2:100109:10,2:100109:30|1:2:200,98,5008601
5008601,第1关,900111,20186,"[101,201]","[1,1]","[1001,1002]",,2:100109:10,2:100109:30|1:2:200,99,5008602
5008602,第2关,900112,20186,"[101,201]","[1,1]","[1001,1002]",,2:100109:10,2:100109:30|1:2:200,99,5008603
5008603,第3关,900113,20186,"[101,201]","[1,1]","[1001,1002]",,2:100109:10,2:100109:30|1:2:200,99,5008604
5008604,第4关,900114,20186,"[101,201]","[1,1]","[1001,1002]",1:10:10:4|1:10:15:8|1:10:20:12,2:100109:10,2:100109:30|1:2:200,99,5008605
5008605,第5关,900115,20186,"[101,201]","[1,1]","[1001,1002]",,2:100109:10,2:100109:30|1:2:200,99,5008606
5008606,第6关,900116,20186,"[101,201]","[1,1]","[1001,1002]",,2:100109:10,2:100109:30|1:2:200,99,5008607
5008607,第7关,900117,20186,"[101,201]","[1,1]","[1001,1002]",,2:100109:10,2:100109:30|1:2:200,99,5008608
5008608,第8关,900118,20186,"[101,201]","[1,1]","[1001,1002]",,2:100109:10,2:100109:30|1:2:200,99,5008609
5008609,第9关,900119,20186,"[101,201]","[1,1]","[1001,1002]",2:6:10:4|2:6:15:8|2:6:20:12,2:100109:10,2:100109:30|1:2:200,99,5008610
5008610,第10关,900120,20186,"[101,201]","[1,1]","[1001,1002]",,2:100109:10,2:100109:30|1:2:200,99,5008701
5008701,第1关,900101,20187,"[101,201]","[1,1]","[1001,1002]",,2:100109:10,2:100109:30|1:2:200,100,5008702
5008702,第2关,900102,20187,"[101,201]","[1,1]","[1001,1002]",,2:100109:10,2:100109:30|1:2:200,100,5008703
5008703,第3关,900103,20187,"[101,201]","[1,1]","[1001,1002]",,2:100109:10,2:100109:30|1:2:200,100,5008704
5008704,第4关,900104,20187,"[101,201]","[1,1]","[1001,1002]",3:10:10:4|3:10:15:8|3:10:20:12,2:100109:10,2:100109:30|1:2:200,100,5008705
5008705,第5关,900105,20187,"[101,201]","[1,1]","[1001,1002]",,2:100109:10,2:100109:30|1:2:200,100,5008706
5008706,第6关,900106,20187,"[101,201]","[1,1]","[1001,1002]",,2:100109:10,2:100109:30|1:2:200,100,5008707
5008707,第7关,900107,20187,"[101,201]","[1,1]","[1001,1002]",,2:100109:10,2:100109:30|1:2:200,100,5008708
5008708,第8关,900108,20187,"[101,201]","[1,1]","[1001,1002]",,2:100109:10,2:100109:30|1:2:200,100,5008709
5008709,第9关,900109,20187,"[101,201]","[1,1]","[1001,1002]",4:1:10:4|4:1:15:8|4:1:20:12,2:100109:10,2:100109:30|1:2:200,100,5008710
5008710,第10关,900110,20187,"[101,201]","[1,1]","[1001,1002]",,2:100109:10,2:100109:30|1:2:200,100,5008801
5008801,第1关,900111,20188,"[101,201]","[1,1]","[1001,1002]",,2:100109:10,2:100109:30|1:2:200,101,5008802
5008802,第2关,900112,20188,"[101,201]","[1,1]","[1001,1002]",,2:100109:10,2:100109:30|1:2:200,101,5008803
5008803,第3关,900113,20188,"[101,201]","[1,1]","[1001,1002]",,2:100109:10,2:100109:30|1:2:200,101,5008804
5008804,第4关,900114,20188,"[101,201]","[1,1]","[1001,1002]",5:9:10:4|5:9:15:8|5:9:20:12,2:100109:10,2:100109:30|1:2:200,101,5008805
5008805,第5关,900115,20188,"[101,201]","[1,1]","[1001,1002]",,2:100109:10,2:100109:30|1:2:200,101,5008806
5008806,第6关,900116,20188,"[101,201]","[1,1]","[1001,1002]",,2:100109:10,2:100109:30|1:2:200,101,5008807
5008807,第7关,900117,20188,"[101,201]","[1,1]","[1001,1002]",,2:100109:10,2:100109:30|1:2:200,101,5008808
5008808,第8关,900118,20188,"[101,201]","[1,1]","[1001,1002]",,2:100109:10,2:100109:30|1:2:200,101,5008809
5008809,第9关,900119,20188,"[101,201]","[1,1]","[1001,1002]",1:2:10:4|1:2:15:8|1:2:20:12,2:100109:10,2:100109:30|1:2:200,101,5008810
5008810,第10关,900120,20188,"[101,201]","[1,1]","[1001,1002]",,2:100109:10,2:100109:30|1:2:200,101,5008901
5008901,第1关,900101,20189,"[101,201]","[1,1]","[1001,1002]",,2:100109:10,2:100109:30|1:2:200,102,5008902
5008902,第2关,900102,20189,"[101,201]","[1,1]","[1001,1002]",,2:100109:10,2:100109:30|1:2:200,102,5008903
5008903,第3关,900103,20189,"[101,201]","[1,1]","[1001,1002]",,2:100109:10,2:100109:30|1:2:200,102,5008904
5008904,第4关,900104,20189,"[101,201]","[1,1]","[1001,1002]",2:9:10:4|2:9:15:8|2:9:20:12,2:100109:10,2:100109:30|1:2:200,102,5008905
5008905,第5关,900105,20189,"[101,201]","[1,1]","[1001,1002]",,2:100109:10,2:100109:30|1:2:200,102,5008906
5008906,第6关,900106,20189,"[101,201]","[1,1]","[1001,1002]",,2:100109:10,2:100109:30|1:2:200,102,5008907
5008907,第7关,900107,20189,"[101,201]","[1,1]","[1001,1002]",,2:100109:10,2:100109:30|1:2:200,102,5008908
5008908,第8关,900108,20189,"[101,201]","[1,1]","[1001,1002]",,2:100109:10,2:100109:30|1:2:200,102,5008909
5008909,第9关,900109,20189,"[101,201]","[1,1]","[1001,1002]",3:4:10:4|3:4:15:8|3:4:20:12,2:100109:10,2:100109:30|1:2:200,102,5008910
5008910,第10关,900110,20189,"[101,201]","[1,1]","[1001,1002]",,2:100109:10,2:100109:30|1:2:200,102,5009001
5009001,第1关,900111,20190,"[101,201]","[1,1]","[1001,1002]",,2:100109:10,2:100109:30|1:2:200,103,5009002
5009002,第2关,900112,20190,"[101,201]","[1,1]","[1001,1002]",,2:100109:10,2:100109:30|1:2:200,103,5009003
5009003,第3关,900113,20190,"[101,201]","[1,1]","[1001,1002]",,2:100109:10,2:100109:30|1:2:200,103,5009004
5009004,第4关,900114,20190,"[101,201]","[1,1]","[1001,1002]",4:3:10:4|4:3:15:8|4:3:20:12,2:100109:10,2:100109:30|1:2:200,103,5009005
5009005,第5关,900115,20190,"[101,201]","[1,1]","[1001,1002]",,2:100109:10,2:100109:30|1:2:200,103,5009006
5009006,第6关,900116,20190,"[101,201]","[1,1]","[1001,1002]",,2:100109:10,2:100109:30|1:2:200,103,5009007
5009007,第7关,900117,20190,"[101,201]","[1,1]","[1001,1002]",,2:100109:10,2:100109:30|1:2:200,103,5009008
5009008,第8关,900118,20190,"[101,201]","[1,1]","[1001,1002]",,2:100109:10,2:100109:30|1:2:200,103,5009009
5009009,第9关,900119,20190,"[101,201]","[1,1]","[1001,1002]",5:5:10:4|5:5:15:8|5:5:20:12,2:100109:10,2:100109:30|1:2:200,103,5009010
5009010,第10关,900120,20190,"[101,201]","[1,1]","[1001,1002]",,2:100109:10,2:100109:30|1:2:200,103,5009101
5009101,第1关,900101,20191,"[101,201]","[1,1]","[1001,1002]",,2:100109:10,2:100109:30|1:2:200,104,5009102
5009102,第2关,900102,20191,"[101,201]","[1,1]","[1001,1002]",,2:100109:10,2:100109:30|1:2:200,104,5009103
5009103,第3关,900103,20191,"[101,201]","[1,1]","[1001,1002]",,2:100109:10,2:100109:30|1:2:200,104,5009104
5009104,第4关,900104,20191,"[101,201]","[1,1]","[1001,1002]",1:8:10:4|1:8:15:8|1:8:20:12,2:100109:10,2:100109:30|1:2:200,104,5009105
5009105,第5关,900105,20191,"[101,201]","[1,1]","[1001,1002]",,2:100109:10,2:100109:30|1:2:200,104,5009106
5009106,第6关,900106,20191,"[101,201]","[1,1]","[1001,1002]",,2:100109:10,2:100109:30|1:2:200,104,5009107
5009107,第7关,900107,20191,"[101,201]","[1,1]","[1001,1002]",,2:100109:10,2:100109:30|1:2:200,104,5009108
5009108,第8关,900108,20191,"[101,201]","[1,1]","[1001,1002]",,2:100109:10,2:100109:30|1:2:200,104,5009109
5009109,第9关,900109,20191,"[101,201]","[1,1]","[1001,1002]",2:8:10:4|2:8:15:8|2:8:20:12,2:100109:10,2:100109:30|1:2:200,104,5009110
5009110,第10关,900110,20191,"[101,201]","[1,1]","[1001,1002]",,2:100109:10,2:100109:30|1:2:200,104,5009201
5009201,第1关,900111,20192,"[101,201]","[1,1]","[1001,1002]",,2:100109:10,2:100109:30|1:2:200,105,5009202
5009202,第2关,900112,20192,"[101,201]","[1,1]","[1001,1002]",,2:100109:10,2:100109:30|1:2:200,105,5009203
5009203,第3关,900113,20192,"[101,201]","[1,1]","[1001,1002]",,2:100109:10,2:100109:30|1:2:200,105,5009204
5009204,第4关,900114,20192,"[101,201]","[1,1]","[1001,1002]",3:3:10:4|3:3:15:8|3:3:20:12,2:100109:10,2:100109:30|1:2:200,105,5009205
5009205,第5关,900115,20192,"[101,201]","[1,1]","[1001,1002]",,2:100109:10,2:100109:30|1:2:200,105,5009206
5009206,第6关,900116,20192,"[101,201]","[1,1]","[1001,1002]",,2:100109:10,2:100109:30|1:2:200,105,5009207
5009207,第7关,900117,20192,"[101,201]","[1,1]","[1001,1002]",,2:100109:10,2:100109:30|1:2:200,105,5009208
5009208,第8关,900118,20192,"[101,201]","[1,1]","[1001,1002]",,2:100109:10,2:100109:30|1:2:200,105,5009209
5009209,第9关,900119,20192,"[101,201]","[1,1]","[1001,1002]",4:5:10:4|4:5:15:8|4:5:20:12,2:100109:10,2:100109:30|1:2:200,105,5009210
5009210,第10关,900120,20192,"[101,201]","[1,1]","[1001,1002]",,2:100109:10,2:100109:30|1:2:200,105,5009301
5009301,第1关,900101,20193,"[101,201]","[1,1]","[1001,1002]",,2:100109:10,2:100109:30|1:2:200,106,5009302
5009302,第2关,900102,20193,"[101,201]","[1,1]","[1001,1002]",,2:100109:10,2:100109:30|1:2:200,106,5009303
5009303,第3关,900103,20193,"[101,201]","[1,1]","[1001,1002]",,2:100109:10,2:100109:30|1:2:200,106,5009304
5009304,第4关,900104,20193,"[101,201]","[1,1]","[1001,1002]",5:4:10:4|5:4:15:8|5:4:20:12,2:100109:10,2:100109:30|1:2:200,106,5009305
5009305,第5关,900105,20193,"[101,201]","[1,1]","[1001,1002]",,2:100109:10,2:100109:30|1:2:200,106,5009306
5009306,第6关,900106,20193,"[101,201]","[1,1]","[1001,1002]",,2:100109:10,2:100109:30|1:2:200,106,5009307
5009307,第7关,900107,20193,"[101,201]","[1,1]","[1001,1002]",,2:100109:10,2:100109:30|1:2:200,106,5009308
5009308,第8关,900108,20193,"[101,201]","[1,1]","[1001,1002]",,2:100109:10,2:100109:30|1:2:200,106,5009309
5009309,第9关,900109,20193,"[101,201]","[1,1]","[1001,1002]",1:7:10:4|1:7:15:8|1:7:20:12,2:100109:10,2:100109:30|1:2:200,106,5009310
5009310,第10关,900110,20193,"[101,201]","[1,1]","[1001,1002]",,2:100109:10,2:100109:30|1:2:200,106,5009401
5009401,第1关,900111,20194,"[101,201]","[1,1]","[1001,1002]",,2:100109:10,2:100109:30|1:2:200,107,5009402
5009402,第2关,900112,20194,"[101,201]","[1,1]","[1001,1002]",,2:100109:10,2:100109:30|1:2:200,107,5009403
5009403,第3关,900113,20194,"[101,201]","[1,1]","[1001,1002]",,2:100109:10,2:100109:30|1:2:200,107,5009404
5009404,第4关,900114,20194,"[101,201]","[1,1]","[1001,1002]",2:7:10:4|2:7:15:8|2:7:20:12,2:100109:10,2:100109:30|1:2:200,107,5009405
5009405,第5关,900115,20194,"[101,201]","[1,1]","[1001,1002]",,2:100109:10,2:100109:30|1:2:200,107,5009406
5009406,第6关,900116,20194,"[101,201]","[1,1]","[1001,1002]",,2:100109:10,2:100109:30|1:2:200,107,5009407
5009407,第7关,900117,20194,"[101,201]","[1,1]","[1001,1002]",,2:100109:10,2:100109:30|1:2:200,107,5009408
5009408,第8关,900118,20194,"[101,201]","[1,1]","[1001,1002]",,2:100109:10,2:100109:30|1:2:200,107,5009409
5009409,第9关,900119,20194,"[101,201]","[1,1]","[1001,1002]",3:7:10:4|3:7:15:8|3:7:20:12,2:100109:10,2:100109:30|1:2:200,107,5009410
5009410,第10关,900120,20194,"[101,201]","[1,1]","[1001,1002]",,2:100109:10,2:100109:30|1:2:200,107,5009501
5009501,第1关,900101,20195,"[101,201]","[1,1]","[1001,1002]",,2:100109:10,2:100109:30|1:2:200,108,5009502
5009502,第2关,900102,20195,"[101,201]","[1,1]","[1001,1002]",,2:100109:10,2:100109:30|1:2:200,108,5009503
5009503,第3关,900103,20195,"[101,201]","[1,1]","[1001,1002]",,2:100109:10,2:100109:30|1:2:200,108,5009504
5009504,第4关,900104,20195,"[101,201]","[1,1]","[1001,1002]",4:4:10:4|4:4:15:8|4:4:20:12,2:100109:10,2:100109:30|1:2:200,108,5009505
5009505,第5关,900105,20195,"[101,201]","[1,1]","[1001,1002]",,2:100109:10,2:100109:30|1:2:200,108,5009506
5009506,第6关,900106,20195,"[101,201]","[1,1]","[1001,1002]",,2:100109:10,2:100109:30|1:2:200,108,5009507
5009507,第7关,900107,20195,"[101,201]","[1,1]","[1001,1002]",,2:100109:10,2:100109:30|1:2:200,108,5009508
5009508,第8关,900108,20195,"[101,201]","[1,1]","[1001,1002]",,2:100109:10,2:100109:30|1:2:200,108,5009509
5009509,第9关,900109,20195,"[101,201]","[1,1]","[1001,1002]",5:3:10:4|5:3:15:8|5:3:20:12,2:100109:10,2:100109:30|1:2:200,108,5009510
5009510,第10关,900110,20195,"[101,201]","[1,1]","[1001,1002]",,2:100109:10,2:100109:30|1:2:200,108,5009601
5009601,第1关,900111,20196,"[101,201]","[1,1]","[1001,1002]",,2:100109:10,2:100109:30|1:2:200,109,5009602
5009602,第2关,900112,20196,"[101,201]","[1,1]","[1001,1002]",,2:100109:10,2:100109:30|1:2:200,109,5009603
5009603,第3关,900113,20196,"[101,201]","[1,1]","[1001,1002]",,2:100109:10,2:100109:30|1:2:200,109,5009604
5009604,第4关,900114,20196,"[101,201]","[1,1]","[1001,1002]",1:6:10:4|1:6:15:8|1:6:20:12,2:100109:10,2:100109:30|1:2:200,109,5009605
5009605,第5关,900115,20196,"[101,201]","[1,1]","[1001,1002]",,2:100109:10,2:100109:30|1:2:200,109,5009606
5009606,第6关,900116,20196,"[101,201]","[1,1]","[1001,1002]",,2:100109:10,2:100109:30|1:2:200,109,5009607
5009607,第7关,900117,20196,"[101,201]","[1,1]","[1001,1002]",,2:100109:10,2:100109:30|1:2:200,109,5009608
5009608,第8关,900118,20196,"[101,201]","[1,1]","[1001,1002]",,2:100109:10,2:100109:30|1:2:200,109,5009609
5009609,第9关,900119,20196,"[101,201]","[1,1]","[1001,1002]",2:10:10:4|2:10:15:8|2:10:20:12,2:100109:10,2:100109:30|1:2:200,109,5009610
5009610,第10关,900120,20196,"[101,201]","[1,1]","[1001,1002]",,2:100109:10,2:100109:30|1:2:200,109,5009701
5009701,第1关,900101,20197,"[101,201]","[1,1]","[1001,1002]",,2:100109:10,2:100109:30|1:2:200,110,5009702
5009702,第2关,900102,20197,"[101,201]","[1,1]","[1001,1002]",,2:100109:10,2:100109:30|1:2:200,110,5009703
5009703,第3关,900103,20197,"[101,201]","[1,1]","[1001,1002]",,2:100109:10,2:100109:30|1:2:200,110,5009704
5009704,第4关,900104,20197,"[101,201]","[1,1]","[1001,1002]",3:6:10:4|3:6:15:8|3:6:20:12,2:100109:10,2:100109:30|1:2:200,110,5009705
5009705,第5关,900105,20197,"[101,201]","[1,1]","[1001,1002]",,2:100109:10,2:100109:30|1:2:200,110,5009706
5009706,第6关,900106,20197,"[101,201]","[1,1]","[1001,1002]",,2:100109:10,2:100109:30|1:2:200,110,5009707
5009707,第7关,900107,20197,"[101,201]","[1,1]","[1001,1002]",,2:100109:10,2:100109:30|1:2:200,110,5009708
5009708,第8关,900108,20197,"[101,201]","[1,1]","[1001,1002]",,2:100109:10,2:100109:30|1:2:200,110,5009709
5009709,第9关,900109,20197,"[101,201]","[1,1]","[1001,1002]",4:7:10:4|4:7:15:8|4:7:20:12,2:100109:10,2:100109:30|1:2:200,110,5009710
5009710,第10关,900110,20197,"[101,201]","[1,1]","[1001,1002]",,2:100109:10,2:100109:30|1:2:200,110,5009801
5009801,第1关,900111,20198,"[101,201]","[1,1]","[1001,1002]",,2:100109:10,2:100109:30|1:2:200,111,5009802
5009802,第2关,900112,20198,"[101,201]","[1,1]","[1001,1002]",,2:100109:10,2:100109:30|1:2:200,111,5009803
5009803,第3关,900113,20198,"[101,201]","[1,1]","[1001,1002]",,2:100109:10,2:100109:30|1:2:200,111,5009804
5009804,第4关,900114,20198,"[101,201]","[1,1]","[1001,1002]",5:6:10:4|5:6:15:8|5:6:20:12,2:100109:10,2:100109:30|1:2:200,111,5009805
5009805,第5关,900115,20198,"[101,201]","[1,1]","[1001,1002]",,2:100109:10,2:100109:30|1:2:200,111,5009806
5009806,第6关,900116,20198,"[101,201]","[1,1]","[1001,1002]",,2:100109:10,2:100109:30|1:2:200,111,5009807
5009807,第7关,900117,20198,"[101,201]","[1,1]","[1001,1002]",,2:100109:10,2:100109:30|1:2:200,111,5009808
5009808,第8关,900118,20198,"[101,201]","[1,1]","[1001,1002]",,2:100109:10,2:100109:30|1:2:200,111,5009809
5009809,第9关,900119,20198,"[101,201]","[1,1]","[1001,1002]",1:9:10:4|1:9:15:8|1:9:20:12,2:100109:10,2:100109:30|1:2:200,111,5009810
5009810,第10关,900120,20198,"[101,201]","[1,1]","[1001,1002]",,2:100109:10,2:100109:30|1:2:200,111,5009901
5009901,第1关,900101,20199,"[101,201]","[1,1]","[1001,1002]",,2:100109:10,2:100109:30|1:2:200,112,5009902
5009902,第2关,900102,20199,"[101,201]","[1,1]","[1001,1002]",,2:100109:10,2:100109:30|1:2:200,112,5009903
5009903,第3关,900103,20199,"[101,201]","[1,1]","[1001,1002]",,2:100109:10,2:100109:30|1:2:200,112,5009904
5009904,第4关,900104,20199,"[101,201]","[1,1]","[1001,1002]",2:2:10:4|2:2:15:8|2:2:20:12,2:100109:10,2:100109:30|1:2:200,112,5009905
5009905,第5关,900105,20199,"[101,201]","[1,1]","[1001,1002]",,2:100109:10,2:100109:30|1:2:200,112,5009906
5009906,第6关,900106,20199,"[101,201]","[1,1]","[1001,1002]",,2:100109:10,2:100109:30|1:2:200,112,5009907
5009907,第7关,900107,20199,"[101,201]","[1,1]","[1001,1002]",,2:100109:10,2:100109:30|1:2:200,112,5009908
5009908,第8关,900108,20199,"[101,201]","[1,1]","[1001,1002]",,2:100109:10,2:100109:30|1:2:200,112,5009909
5009909,第9关,900109,20199,"[101,201]","[1,1]","[1001,1002]",3:2:10:4|3:2:15:8|3:2:20:12,2:100109:10,2:100109:30|1:2:200,112,5009910
5009910,第10关,900110,20199,"[101,201]","[1,1]","[1001,1002]",,2:100109:10,2:100109:30|1:2:200,112,5010001
5010001,第1关,900111,20200,"[101,201]","[1,1]","[1001,1002]",,2:100109:10,2:100109:30|1:2:200,113,5010002
5010002,第2关,900112,20200,"[101,201]","[1,1]","[1001,1002]",,2:100109:10,2:100109:30|1:2:200,113,5010003
5010003,第3关,900113,20200,"[101,201]","[1,1]","[1001,1002]",,2:100109:10,2:100109:30|1:2:200,113,5010004
5010004,第4关,900114,20200,"[101,201]","[1,1]","[1001,1002]",4:6:10:4|4:6:15:8|4:6:20:12,2:100109:10,2:100109:30|1:2:200,113,5010005
5010005,第5关,900115,20200,"[101,201]","[1,1]","[1001,1002]",,2:100109:10,2:100109:30|1:2:200,113,5010006
5010006,第6关,900116,20200,"[101,201]","[1,1]","[1001,1002]",,2:100109:10,2:100109:30|1:2:200,113,5010007
5010007,第7关,900117,20200,"[101,201]","[1,1]","[1001,1002]",,2:100109:10,2:100109:30|1:2:200,113,5010008
5010008,第8关,900118,20200,"[101,201]","[1,1]","[1001,1002]",,2:100109:10,2:100109:30|1:2:200,113,5010009
5010009,第9关,900119,20200,"[101,201]","[1,1]","[1001,1002]",5:10:10:4|5:10:15:8|5:10:20:12,2:100109:10,2:100109:30|1:2:200,113,5010010
5010010,第10关,900120,20200,"[101,201]","[1,1]","[1001,1002]",,2:100109:10,2:100109:30|1:2:200,113,9999999
