Id,Name,Icon,Country,Tactics,TacticsLevels,FirstReward,Reward,Count,Star3
0,CBA全明星队,100101,0,"[101,201]","[1,1]",1:2:100,1:2:100,0,"[0,0]"
1010101,宁波町渥,900101,10101,"[101,201]","[1,1]",1:4:100|2:200255:1|2:100104:40,1:4:100|2:100104:20,99,"[1009,1008]"
1010102,福建浔兴股份,900102,10101,"[101,201]","[1,1]",1:4:100|2:200255:1|2:100104:40,1:4:100|2:100104:20,99,"[1009,1008]"
1010103,四川金荣实业,900103,10101,"[101,201]","[1,1]",1:4:100|2:100104:40|2:600101:5|2:600102:5,1:4:100|2:100104:20|2:600101:2|2:600102:2,40,"[1009,1008]"
1010201,安阳KGC,100101,10102,"[101,201]","[1,1]",1:4:100|2:200255:1|2:100104:40,1:4:100|2:100104:20,99,"[1001,1002]"
1010202,昌原LG猎隼,100102,10102,"[101,201]","[1,1]",1:4:100|2:200255:1|2:100104:40,1:4:100|2:100104:20,99,"[1001,1002]"
1010203,蔚山现代太阳神,100103,10102,"[101,201]","[1,1]",1:4:100|2:100104:40|2:600103:5|2:600104:5,1:4:100|2:100104:20|2:600103:2|2:600104:2,40,"[1001,1002]"
1010204,首尔SK骑士,100104,10102,"[101,201]","[1,1]",1:4:100|2:200255:1|2:100104:40,1:4:100|2:100104:20,99,"[1001,1002]"
1010205,高阳猎户座,100105,10102,"[101,201]","[1,1]",1:4:100|2:100104:40|2:600105:5|2:600106:5,1:4:100|2:100104:20|2:600105:2|2:600106:2,40,"[1001,1002]"
1010301,北海道风神,100106,10103,"[101,201]","[1,1]",1:4:100|2:200255:1|2:100104:40,1:4:100|2:100104:20,99,"[1001,1002]"
1010302,富山松鸡,100107,10103,"[101,201]","[1,1]",1:4:100|2:200255:1|2:100104:40,1:4:100|2:100104:20,99,"[1001,1002]"
1010303,滋贺湖星,100108,10103,"[101,201]","[1,1]",1:4:100|2:100104:40|2:600101:5|2:600102:5,1:4:100|2:100104:20|2:600101:2|2:600102:2,40,"[1001,1002]"
1010304,新泻天鹅,100109,10103,"[101,201]","[1,1]",1:4:100|2:200255:1|2:100104:40,1:4:100|2:100104:20,99,"[1001,1002]"
1010305,涩谷太阳摇滚,100110,10103,"[101,201]","[1,1]",1:4:100|2:200255:1|2:100104:40,1:4:100|2:100104:20,99,"[1001,1002]"
1010306,三远新凤凰,100111,10103,"[101,201]","[1,1]",1:4:100|2:100104:40|2:600103:5|2:600104:5,1:4:100|2:100104:20|2:600103:2|2:600104:2,40,"[1001,1002]"
1010307,京都创荣,100112,10103,"[101,201]","[1,1]",1:4:100|2:100104:40|2:600105:5|2:600106:5,1:4:100|2:100104:20|2:600105:2|2:600106:2,40,"[1001,1002]"
1010401,生力啤,100113,10104,"[101,201]","[1,1]",1:4:100|2:200255:1|2:100105:10,1:4:100|2:100105:5,99,"[1001,1002]"
1010402,菲律宾电信TNT,100114,10104,"[101,201]","[1,1]",1:4:100|2:200255:1|2:100105:10,1:4:100|2:100105:5,99,"[1001,1002]"
1010403,基尼巴国王,100101,10104,"[101,201]","[1,1]",1:4:100|2:100105:10|2:600101:5|2:600102:5,1:4:100|2:100105:5|2:600101:2|2:600102:2,40,"[1001,1002]"
1010404,湾区翼龙,100102,10104,"[101,201]","[1,1]",1:4:100|2:200255:1|2:100105:10,1:4:100|2:100105:5,99,"[1001,1002]"
1010405,汇众光纤,100103,10104,"[101,201]","[1,1]",1:4:100|2:200255:1|2:100105:10,1:4:100|2:100105:5,99,"[1001,1002]"
1010406,勇士之路,100104,10104,"[101,201]","[1,1]",1:4:100|2:100105:10|2:600103:5|2:600104:5,1:4:100|2:100105:5|2:600103:2|2:600104:2,40,"[1001,1002]"
1010407,博尔特斯,100105,10104,"[101,201]","[1,1]",1:4:100|2:200255:1|2:100105:10,1:4:100|2:100105:5,99,"[1001,1002]"
1010408,拉马多斯,100106,10104,"[101,201]","[1,1]",1:4:100|2:200255:1|2:100105:10,1:4:100|2:100105:5,99,"[1001,1002]"
1010409,泰拉菲尔马,100107,10104,"[101,201]","[1,1]",1:4:100|2:100105:10|2:600105:5|2:600106:5,1:4:100|2:100105:5|2:600105:2|2:600106:2,40,"[1001,1002]"
1010410,伊拉斯图阴阳天,100108,10104,"[101,201]","[1,1]",1:4:100|2:100105:10|2:600103:5|2:600104:5,1:4:100|2:100105:5|2:600103:2|2:600104:2,40,"[1001,1002]"
1010501,Hi-Tech,100109,10105,"[101,201]","[1,1]",1:4:100|2:200255:1|2:100105:10,1:4:100|2:100105:5,99,"[1001,1002]"
1010502,湄公河联盟,100110,10105,"[101,201]","[1,1]",1:4:100|2:100105:10|2:600201:5|2:600202:5,1:4:100|2:100105:5|2:600201:2|2:600202:2,40,"[1001,1002]"
1010503,Dunkin猛龙队,100111,10105,"[101,201]","[1,1]",1:4:100|2:200255:1|2:100105:10,1:4:100|2:100105:5,99,"[1001,1002]"
1010504,Ban Bueng魔鬼鱼,100112,10105,"[101,201]","[1,1]",1:4:100|2:100105:10|2:600203:5|2:600204:5,1:4:100|2:100105:5|2:600203:2|2:600204:2,40,"[1001,1002]"
1010505,ZNO老鹰,100113,10105,"[101,201]","[1,1]",1:4:100|2:200255:1|2:100105:10,1:4:100|2:100105:5,99,"[1001,1002]"
1010506,爱国勇士,100114,10105,"[101,201]","[1,1]",1:4:100|2:100105:10|2:600205:5|2:600206:5,1:4:100|2:100105:5|2:600205:2|2:600206:2,40,"[1001,1002]"
1010507,文莱飞马,100101,10105,"[101,201]","[1,1]",1:4:100|2:200255:1|2:100105:10,1:4:100|2:100105:5,99,"[1001,1002]"
1010508,琅勃拉邦,100102,10105,"[101,201]","[1,1]",1:4:100|2:100105:10|2:600207:5|2:600208:5,1:4:100|2:100105:5|2:600207:2|2:600208:2,40,"[1001,1002]"
1010509,SWU篮球俱乐部,100103,10105,"[101,201]","[1,1]",1:4:100|2:200255:1|2:100105:10,1:4:100|2:100105:5,99,"[1001,1002]"
1010510,NS矩阵,100104,10105,"[101,201]","[1,1]",1:4:100|2:100105:10|2:600209:5|2:600210:5,1:4:100|2:100105:5|2:600209:2|2:600210:2,40,"[1001,1002]"
1010601,孟买城,100105,10106,"[101,201]","[1,1]",1:4:100|2:200255:1|2:100105:10,1:4:100|2:100105:5,99,"[1001,1002]"
1010602,海德拉巴,100106,10106,"[101,201]","[1,1]",1:4:100|2:100105:10|2:600201:5|2:600202:5,1:4:100|2:100105:5|2:600201:2|2:600202:2,99,"[1001,1002]"
1010603,喀啦啦爆破手,100107,10106,"[101,201]","[1,1]",1:4:100|2:200255:1|2:100105:10,1:4:100|2:100105:5,40,"[1001,1002]"
1010604,班加罗尔,100108,10106,"[101,201]","[1,1]",1:4:100|2:100105:10|2:600203:5|2:600204:5,1:4:100|2:100105:5|2:600203:2|2:600204:2,99,"[1001,1002]"
1010605,果阿,100109,10106,"[101,201]","[1,1]",1:4:100|2:200255:1|2:100105:10,1:4:100|2:100105:5,99,"[1001,1002]"
1010606,奥里萨,100110,10106,"[101,201]","[1,1]",1:4:100|2:100105:10|2:600205:5|2:600206:5,1:4:100|2:100105:5|2:600205:2|2:600206:2,40,"[1001,1002]"
1010607,金奈,100111,10106,"[101,201]","[1,1]",1:4:100|2:200255:1|2:100105:10,1:4:100|2:100105:5,99,"[1001,1002]"
1010608,东孟加拉,100112,10106,"[101,201]","[1,1]",1:4:100|2:100105:10|2:600207:5|2:600208:5,1:4:100|2:100105:5|2:600207:2|2:600208:2,99,"[1001,1002]"
1010609,贾姆谢德布尔,100113,10106,"[101,201]","[1,1]",1:4:100|2:200255:1|2:100105:10,1:4:100|2:100105:5,40,"[1001,1002]"
1010610,东北联,100114,10106,"[101,201]","[1,1]",1:4:100|2:100105:10|2:600209:5|2:600210:5,1:4:100|2:100105:5|2:600209:2|2:600210:2,40,"[1001,1002]"
1010701,戈尔甘,100101,10107,"[101,201]","[1,1]",1:4:100|2:200255:1|2:100105:10,1:4:100|2:100105:5,99,"[1001,1002]"
1010702,扎巴汉,100102,10107,"[101,201]","[1,1]",1:4:100|2:100105:10|2:600201:5|2:600202:5,1:4:100|2:100105:5|2:600201:2|2:600202:2,99,"[1001,1002]"
1010703,迈斯科曼,100103,10107,"[101,201]","[1,1]",1:4:100|2:200255:1|2:100105:10,1:4:100|2:100105:5,40,"[1001,1002]"
1010704,锡尔詹,100104,10107,"[101,201]","[1,1]",1:4:100|2:100105:10|2:600203:5|2:600204:5,1:4:100|2:100105:5|2:600203:2|2:600204:2,99,"[1001,1002]"
1010705,阿莫尔,100105,10107,"[101,201]","[1,1]",1:4:100|2:200255:1|2:100105:10,1:4:100|2:100105:5,99,"[1001,1002]"
1010706,阿巴丹,100106,10107,"[101,201]","[1,1]",1:4:100|2:100105:10|2:600205:5|2:600206:5,1:4:100|2:100105:5|2:600205:2|2:600206:2,40,"[1001,1002]"
1010707,马赫拉姆,100107,10107,"[101,201]","[1,1]",1:4:100|2:200255:1|2:100105:10,1:4:100|2:100105:5,99,"[1001,1002]"
1010708,马什哈德,100108,10107,"[101,201]","[1,1]",1:4:100|2:100105:10|2:600207:5|2:600208:5,1:4:100|2:100105:5|2:600207:2|2:600208:2,99,"[1001,1002]"
1010709,迪兹富勒,100109,10107,"[101,201]","[1,1]",1:4:100|2:200255:1|2:100105:10,1:4:100|2:100105:5,40,"[1001,1002]"
1010710,德黑兰Exxon,100110,10107,"[101,201]","[1,1]",1:4:100|2:100105:10|2:600209:5|2:600210:5,1:4:100|2:100105:5|2:600209:2|2:600210:2,40,"[1001,1002]"
1020101,国家青年队1,100111,10201,"[101,201]","[1,1]",1:4:100|2:200255:1|2:100105:10,1:4:100|2:100105:5,99,"[1001,1002]"
1020102,国家青年队2,100112,10201,"[101,201]","[1,1]",1:4:100|2:200255:1|2:100105:10,1:4:100|2:100105:5,99,"[1001,1002]"
1020103,国家青年队3,100113,10201,"[101,201]","[1,1]",1:4:100|2:200255:2|2:100105:10|2:600301:5,1:4:100|2:100105:5|2:600301:2,40,"[1001,1002]"
1020104,国家青年队4,100114,10201,"[101,201]","[1,1]",1:4:100|2:200255:1|2:100105:10,1:4:100|2:100105:5,99,"[1001,1002]"
1020105,国家青年队5,100101,10201,"[101,201]","[1,1]",1:4:100|2:200255:1|2:100105:10,1:4:100|2:100105:5,99,"[1001,1002]"
1020106,国家青年队6,100102,10201,"[101,201]","[1,1]",1:4:100|2:200255:2|2:100105:10|2:600302:5,1:4:100|2:100105:5|2:600302:2,40,"[1001,1002]"
1020107,国家青年队7,100103,10201,"[101,201]","[1,1]",1:4:100|2:200255:1|2:100105:10,1:4:100|2:100105:5,99,"[1001,1002]"
1020108,国家青年队8,100104,10201,"[101,201]","[1,1]",1:4:100|2:200255:1|2:100105:10,1:4:100|2:100105:5,99,"[1001,1002]"
1020109,国家青年队9,100105,10201,"[101,201]","[1,1]",1:4:100|2:200255:2|2:100105:10|2:600303:5,1:4:100|2:100105:5|2:600303:2,40,"[1001,1002]"
1020110,国家青年队10,100106,10201,"[101,201]","[1,1]",1:4:100|2:200255:2|2:100105:10|2:600304:5,1:4:100|2:100105:5|2:600304:2,40,"[1001,1002]"
1020201,国家青年队1,100107,10202,"[101,201]","[1,1]",1:4:100|2:200255:1|2:100105:10,1:4:100|2:100105:5,99,"[1001,1002]"
1020202,国家青年队2,100108,10202,"[101,201]","[1,1]",1:4:100|2:200255:1|2:100105:10,1:4:100|2:100105:5,99,"[1001,1002]"
1020203,国家青年队3,100109,10202,"[101,201]","[1,1]",1:4:100|2:200255:2|2:100105:10|2:600305:5,1:4:100|2:100105:5|2:600305:2,40,"[1001,1002]"
1020204,国家青年队4,100110,10202,"[101,201]","[1,1]",1:4:100|2:200255:1|2:100105:10,1:4:100|2:100105:5,99,"[1001,1002]"
1020205,国家青年队5,100111,10202,"[101,201]","[1,1]",1:4:100|2:200255:1|2:100105:10,1:4:100|2:100105:5,99,"[1001,1002]"
1020206,国家青年队6,100112,10202,"[101,201]","[1,1]",1:4:100|2:200255:2|2:100105:10|2:600306:5,1:4:100|2:100105:5|2:600306:2,40,"[1001,1002]"
1020207,国家青年队7,100113,10202,"[101,201]","[1,1]",1:4:100|2:200255:1|2:100105:10,1:4:100|2:100105:5,99,"[1001,1002]"
1020208,国家青年队8,100114,10202,"[101,201]","[1,1]",1:4:100|2:200255:1|2:100105:10,1:4:100|2:100105:5,99,"[1001,1002]"
1020209,国家青年队9,100101,10202,"[101,201]","[1,1]",1:4:100|2:200255:2|2:100105:10|2:600307:5,1:4:100|2:100105:5|2:600307:2,40,"[1001,1002]"
1020210,国家青年队10,100102,10202,"[101,201]","[1,1]",1:4:100|2:200255:2|2:100105:10|2:600308:5,1:4:100|2:100105:5|2:600308:2,40,"[1001,1002]"
1020301,国家青年队1,100103,10203,"[101,201]","[1,1]",1:4:100|2:200255:1|2:100105:10,1:4:100|2:100105:5,99,"[1001,1002]"
1020302,国家青年队2,100104,10203,"[101,201]","[1,1]",1:4:100|2:200255:1|2:100105:10,1:4:100|2:100105:5,99,"[1001,1002]"
1020303,国家青年队3,100105,10203,"[101,201]","[1,1]",1:4:100|2:200255:2|2:100105:10|2:600309:5,1:4:100|2:100105:5|2:600309:2,40,"[1001,1002]"
1020304,国家青年队4,100106,10203,"[101,201]","[1,1]",1:4:100|2:200255:1|2:100105:10,1:4:100|2:100105:5,99,"[1001,1002]"
1020305,国家青年队5,100107,10203,"[101,201]","[1,1]",1:4:100|2:200255:1|2:100105:10,1:4:100|2:100105:5,99,"[1001,1002]"
1020306,国家青年队6,100108,10203,"[101,201]","[1,1]",1:4:100|2:200255:2|2:100105:10|2:600310:5,1:4:100|2:100105:5|2:600310:2,40,"[1001,1002]"
1020307,国家青年队7,100109,10203,"[101,201]","[1,1]",1:4:100|2:200255:1|2:100105:10,1:4:100|2:100105:5,99,"[1001,1002]"
1020308,国家青年队8,100110,10203,"[101,201]","[1,1]",1:4:100|2:200255:1|2:100105:10,1:4:100|2:100105:5,99,"[1001,1002]"
1020309,国家青年队9,100111,10203,"[101,201]","[1,1]",1:4:100|2:200255:2|2:100105:10|2:600301:5,1:4:100|2:100105:5|2:600301:2,40,"[1001,1002]"
1020310,国家青年队10,100112,10203,"[101,201]","[1,1]",1:4:100|2:200255:2|2:100105:10|2:600302:5,1:4:100|2:100105:5|2:600302:2,40,"[1001,1002]"
1020401,国家青年队1,100113,10204,"[101,201]","[1,1]",1:4:100|2:200255:1|2:100105:10,1:4:100|2:100105:5,99,"[1001,1002]"
1020402,国家青年队2,100114,10204,"[101,201]","[1,1]",1:4:100|2:200255:1|2:100105:10,1:4:100|2:100105:5,99,"[1001,1002]"
1020403,国家青年队3,100101,10204,"[101,201]","[1,1]",1:4:100|2:200255:2|2:100105:10|2:600303:5,1:4:100|2:100105:5|2:600303:2,40,"[1001,1002]"
1020404,国家青年队4,100102,10204,"[101,201]","[1,1]",1:4:100|2:200255:1|2:100105:10,1:4:100|2:100105:5,99,"[1001,1002]"
1020405,国家青年队5,100103,10204,"[101,201]","[1,1]",1:4:100|2:200255:1|2:100105:10,1:4:100|2:100105:5,99,"[1001,1002]"
1020406,国家青年队6,100104,10204,"[101,201]","[1,1]",1:4:100|2:200255:2|2:100105:10|2:600304:5,1:4:100|2:100105:5|2:600304:2,40,"[1001,1002]"
1020407,国家青年队7,100105,10204,"[101,201]","[1,1]",1:4:100|2:200255:1|2:100105:10,1:4:100|2:100105:5,99,"[1001,1002]"
1020408,国家青年队8,100106,10204,"[101,201]","[1,1]",1:4:100|2:200255:1|2:100105:10,1:4:100|2:100105:5,99,"[1001,1002]"
1020409,国家青年队9,100107,10204,"[101,201]","[1,1]",1:4:100|2:200255:2|2:100105:10|2:600305:5,1:4:100|2:100105:5|2:600305:2,40,"[1001,1002]"
1020410,国家青年队10,100108,10204,"[101,201]","[1,1]",1:4:100|2:200255:2|2:100105:10|2:600306:5,1:4:100|2:100105:5|2:600306:2,40,"[1001,1002]"
1020501,埃及奥林匹克,100109,10205,"[101,201]","[1,1]",1:4:100|2:200255:1|2:100105:10,1:4:100|2:100105:5,99,"[1001,1002]"
1020502,赫里奥波里斯,100110,10205,"[101,201]","[1,1]",1:4:100|2:200255:1|2:100105:10,1:4:100|2:100105:5,99,"[1001,1002]"
1020503,亚历山大港,100111,10205,"[101,201]","[1,1]",1:4:100|2:200255:2|2:100105:10|2:600307:5,1:4:100|2:100105:5|2:600307:2,40,"[1001,1002]"
1020504,埃及艾查捷拉,100112,10205,"[101,201]","[1,1]",1:4:100|2:200255:1|2:100105:10,1:4:100|2:100105:5,99,"[1001,1002]"
1020505,史莫哈,100113,10205,"[101,201]","[1,1]",1:4:100|2:200255:1|2:100105:10,1:4:100|2:100105:5,99,"[1001,1002]"
1020506,埃及竞技,100114,10205,"[101,201]","[1,1]",1:4:100|2:200255:2|2:100105:10|2:600308:5,1:4:100|2:100105:5|2:600308:2,40,"[1001,1002]"
1020507,阿尔佐奥尔,100101,10205,"[101,201]","[1,1]",1:4:100|2:200255:1|2:100105:10,1:4:100|2:100105:5,99,"[1001,1002]"
1020508,埃及保险,100102,10205,"[101,201]","[1,1]",1:4:100|2:200255:1|2:100105:10,1:4:100|2:100105:5,99,"[1001,1002]"
1020509,埃及开罗国民,100103,10205,"[101,201]","[1,1]",1:4:100|2:200255:2|2:100105:10|2:600309:5,1:4:100|2:100105:5|2:600309:2,40,"[1001,1002]"
1020510,海亚阿尔卡纳,100104,10205,"[101,201]","[1,1]",1:4:100|2:200255:2|2:100105:10|2:600310:5,1:4:100|2:100105:5|2:600310:2,40,"[1001,1002]"
1020601,火鸟,100105,10206,"[101,201]","[1,1]",1:4:100|2:200255:1|2:100105:10,1:4:100|2:100105:5,99,"[1001,1002]"
1020602,杜阿拉大学,100106,10206,"[101,201]","[1,1]",1:4:100|2:200255:1|2:100105:10,1:4:100|2:100105:5,99,"[1001,1002]"
1020603,BEAC,100107,10206,"[101,201]","[1,1]",1:4:100|2:200255:2|2:100105:10|2:600301:5,1:4:100|2:100105:5|2:600301:2,40,"[1001,1002]"
1020604,Le恩坎篮球,100108,10206,"[101,201]","[1,1]",1:4:100|2:200255:1|2:100105:10,1:4:100|2:100105:5,99,"[1001,1002]"
1020605,FAP Yaounde,100109,10206,"[101,201]","[1,1]",1:4:100|2:200255:1|2:100105:10,1:4:100|2:100105:5,99,"[1001,1002]"
1020606,布埃亚火山勇士,100110,10206,"[101,201]","[1,1]",1:4:100|2:200255:2|2:100105:10|2:600302:5,1:4:100|2:100105:5|2:600302:2,40,"[1001,1002]"
1020607,Nzui Manto BGTE,100111,10206,"[101,201]","[1,1]",1:4:100|2:200255:1|2:100105:10,1:4:100|2:100105:5,99,"[1001,1002]"
1020608,Condor Yaounde,100112,10206,"[101,201]","[1,1]",1:4:100|2:200255:1|2:100105:10,1:4:100|2:100105:5,99,"[1001,1002]"
1020609,Ecole de Basket DLA,100113,10206,"[101,201]","[1,1]",1:4:100|2:200255:2|2:100105:10|2:600303:5,1:4:100|2:100105:5|2:600303:2,40,"[1001,1002]"
1020610,布埃亚火山勇士,100114,10206,"[101,201]","[1,1]",1:4:100|2:200255:2|2:100105:10|2:600304:5,1:4:100|2:100105:5|2:600304:2,40,"[1001,1002]"
1020701,国家青年队1,100101,10207,"[101,201]","[1,1]",1:4:100|2:200255:1|2:100105:10,1:4:100|2:100105:5,99,"[1001,1002]"
1020702,国家青年队2,100102,10207,"[101,201]","[1,1]",1:4:100|2:200255:1|2:100105:10,1:4:100|2:100105:5,99,"[1001,1002]"
1020703,国家青年队3,100103,10207,"[101,201]","[1,1]",1:4:100|2:200255:2|2:100105:10|2:600305:5,1:4:100|2:100105:5|2:600305:2,40,"[1001,1002]"
1020704,国家青年队4,100104,10207,"[101,201]","[1,1]",1:4:100|2:200255:1|2:100105:10,1:4:100|2:100105:5,99,"[1001,1002]"
1020705,国家青年队5,100105,10207,"[101,201]","[1,1]",1:4:100|2:200255:1|2:100105:10,1:4:100|2:100105:5,99,"[1001,1002]"
1020706,国家青年队6,100106,10207,"[101,201]","[1,1]",1:4:100|2:200255:2|2:100105:10|2:600306:5,1:4:100|2:100105:5|2:600306:2,40,"[1001,1002]"
1020707,国家青年队7,100107,10207,"[101,201]","[1,1]",1:4:100|2:200255:1|2:100105:10,1:4:100|2:100105:5,99,"[1001,1002]"
1020708,国家青年队8,100108,10207,"[101,201]","[1,1]",1:4:100|2:200255:1|2:100105:10,1:4:100|2:100105:5,99,"[1001,1002]"
1020709,国家青年队9,100109,10207,"[101,201]","[1,1]",1:4:100|2:200255:2|2:100105:10|2:600307:5,1:4:100|2:100105:5|2:600307:2,40,"[1001,1002]"
1020710,国家青年队10,100110,10207,"[101,201]","[1,1]",1:4:100|2:200255:2|2:100105:10|2:600308:5,1:4:100|2:100105:5|2:600308:2,40,"[1001,1002]"
1020801,国家青年队1,100111,10208,"[101,201]","[1,1]",1:4:100|2:200255:1|2:100105:10,1:4:100|2:100105:5,99,"[1001,1002]"
1020802,国家青年队2,100112,10208,"[101,201]","[1,1]",1:4:100|2:200255:1|2:100105:10,1:4:100|2:100105:5,99,"[1001,1002]"
1020803,国家青年队3,100113,10208,"[101,201]","[1,1]",1:4:100|2:200255:2|2:100105:10|2:600309:5,1:4:100|2:100105:5|2:600309:2,40,"[1001,1002]"
1020804,国家青年队4,100114,10208,"[101,201]","[1,1]",1:4:100|2:200255:1|2:100105:10,1:4:100|2:100105:5,99,"[1001,1002]"
1020805,国家青年队5,100101,10208,"[101,201]","[1,1]",1:4:100|2:200255:1|2:100105:10,1:4:100|2:100105:5,99,"[1001,1002]"
1020806,国家青年队6,100102,10208,"[101,201]","[1,1]",1:4:100|2:200255:2|2:100105:10|2:600310:5,1:4:100|2:100105:5|2:600310:2,40,"[1001,1002]"
1020807,国家青年队7,100103,10208,"[101,201]","[1,1]",1:4:100|2:200255:1|2:100105:10,1:4:100|2:100105:5,99,"[1001,1002]"
1020808,国家青年队8,100104,10208,"[101,201]","[1,1]",1:4:100|2:200255:1|2:100105:10,1:4:100|2:100105:5,99,"[1001,1002]"
1020809,国家青年队9,100105,10208,"[101,201]","[1,1]",1:4:100|2:200255:2|2:100105:10|2:600301:5,1:4:100|2:100105:5|2:600301:2,40,"[1001,1002]"
1020810,国家青年队10,100106,10208,"[101,201]","[1,1]",1:4:100|2:200255:2|2:100105:10|2:600302:5,1:4:100|2:100105:5|2:600302:2,40,"[1001,1002]"
1020901,国家青年队1,100107,10209,"[101,201]","[1,1]",1:4:100|2:200255:1|2:100105:10,1:4:100|2:100105:5,99,"[1001,1002]"
1020902,国家青年队2,100108,10209,"[101,201]","[1,1]",1:4:100|2:200255:1|2:100105:10,1:4:100|2:100105:5,99,"[1001,1002]"
1020903,国家青年队3,100109,10209,"[101,201]","[1,1]",1:4:100|2:200255:2|2:100105:10|2:600303:5,1:4:100|2:100105:5|2:600303:2,40,"[1001,1002]"
1020904,国家青年队4,100110,10209,"[101,201]","[1,1]",1:4:100|2:200255:1|2:100105:10,1:4:100|2:100105:5,99,"[1001,1002]"
1020905,国家青年队5,100111,10209,"[101,201]","[1,1]",1:4:100|2:200255:1|2:100105:10,1:4:100|2:100105:5,99,"[1001,1002]"
1020906,国家青年队6,100112,10209,"[101,201]","[1,1]",1:4:100|2:200255:2|2:100105:10|2:600304:5,1:4:100|2:100105:5|2:600304:2,40,"[1001,1002]"
1020907,国家青年队7,100113,10209,"[101,201]","[1,1]",1:4:100|2:200255:1|2:100105:10,1:4:100|2:100105:5,99,"[1001,1002]"
1020908,国家青年队8,100114,10209,"[101,201]","[1,1]",1:4:100|2:200255:1|2:100105:10,1:4:100|2:100105:5,99,"[1001,1002]"
1020909,国家青年队9,100101,10209,"[101,201]","[1,1]",1:4:100|2:200255:2|2:100105:10|2:600305:5,1:4:100|2:100105:5|2:600305:2,40,"[1001,1002]"
1020910,国家青年队10,100102,10209,"[101,201]","[1,1]",1:4:100|2:200255:2|2:100105:10|2:600306:5,1:4:100|2:100105:5|2:600306:2,40,"[1001,1002]"
1021001,国家青年队1,100103,10210,"[101,201]","[1,1]",1:4:100|2:200255:1|2:100105:10,1:4:100|2:100105:5,99,"[1001,1002]"
1021002,国家青年队2,100104,10210,"[101,201]","[1,1]",1:4:100|2:200255:1|2:100105:10,1:4:100|2:100105:5,99,"[1001,1002]"
1021003,国家青年队3,100105,10210,"[101,201]","[1,1]",1:4:100|2:200255:2|2:100105:10|2:600307:5,1:4:100|2:100105:5|2:600307:2,40,"[1001,1002]"
1021004,国家青年队4,100106,10210,"[101,201]","[1,1]",1:4:100|2:200255:1|2:100105:10,1:4:100|2:100105:5,99,"[1001,1002]"
1021005,国家青年队5,100107,10210,"[101,201]","[1,1]",1:4:100|2:200255:1|2:100105:10,1:4:100|2:100105:5,99,"[1001,1002]"
1021006,国家青年队6,100108,10210,"[101,201]","[1,1]",1:4:100|2:200255:2|2:100105:10|2:600308:5,1:4:100|2:100105:5|2:600308:2,40,"[1001,1002]"
1021007,国家青年队7,100109,10210,"[101,201]","[1,1]",1:4:100|2:200255:1|2:100105:10,1:4:100|2:100105:5,99,"[1001,1002]"
1021008,国家青年队8,100110,10210,"[101,201]","[1,1]",1:4:100|2:200255:1|2:100105:10,1:4:100|2:100105:5,99,"[1001,1002]"
1021009,国家青年队9,100111,10210,"[101,201]","[1,1]",1:4:100|2:200255:2|2:100105:10|2:600309:5,1:4:100|2:100105:5|2:600309:2,40,"[1001,1002]"
1021010,国家青年队10,100112,10210,"[101,201]","[1,1]",1:4:100|2:200255:2|2:100105:10|2:600310:5,1:4:100|2:100105:5|2:600310:2,40,"[1001,1002]"
1030101,宾厄姆顿大学熊猫队,100113,10301,"[101,201]","[1,1]",1:4:100|2:200255:1|2:100105:10,1:4:100|2:100105:5,99,"[1001,1002]"
1030102,布莱恩特大学斗牛犬队,100114,10301,"[101,201]","[1,1]",1:4:100|2:200255:1|2:100105:10,1:4:100|2:100105:5,99,"[1001,1002]"
1030103,缅因大学黑熊队,100101,10301,"[101,201]","[1,1]",1:4:100|2:200255:2|2:100105:10|2:600301:5,1:4:100|2:100105:5|2:600301:2,40,"[1001,1002]"
1030104,马里兰大学寻回犬队,100102,10301,"[101,201]","[1,1]",1:4:100|2:200255:1|2:100105:10,1:4:100|2:100105:5,99,"[1001,1002]"
1030105,马萨诸塞大学河鹰队,100103,10301,"[101,201]","[1,1]",1:4:100|2:200255:1|2:100105:10,1:4:100|2:100105:5,99,"[1001,1002]"
1030106,新罕布什尔大学野猫队,100104,10301,"[101,201]","[1,1]",1:4:100|2:200255:2|2:100105:10|2:600302:5,1:4:100|2:100105:5|2:600302:2,40,"[1001,1002]"
1030107,新泽西理工学院高地人队,100105,10301,"[101,201]","[1,1]",1:4:100|2:200255:1|2:100105:10,1:4:100|2:100105:5,99,"[1001,1002]"
1030108,佛蒙特大学目录队,100106,10301,"[101,201]","[1,1]",1:4:100|2:200255:1|2:100105:10,1:4:100|2:100105:5,99,"[1001,1002]"
1030109,中佛罗里达大学骑士队,100107,10301,"[101,201]","[1,1]",1:4:100|2:200255:2|2:100105:10|2:600303:5,1:4:100|2:100105:5|2:600303:2,40,"[1001,1002]"
1030110,N步行者,100108,10301,"[101,201]","[1,1]",1:4:100|2:200255:2|2:100105:10|2:600304:5,1:4:100|2:100105:5|2:600304:2,40,"[1001,1002]"
1030201,东卡罗来纳大学海盗队,100109,10302,"[101,201]","[1,1]",1:4:100|2:200255:1|2:100105:10,1:4:100|2:100105:5,99,"[1001,1002]"
1030202,休斯顿大学美洲狮队,100110,10302,"[101,201]","[1,1]",1:4:100|2:200255:1|2:100105:10,1:4:100|2:100105:5,99,"[1001,1002]"
1030203,孟菲斯大学老虎队队,100111,10302,"[101,201]","[1,1]",1:4:100|2:200255:2|2:100105:10|2:600305:5,1:4:100|2:100105:5|2:600305:2,40,"[1001,1002]"
1030204,南佛罗里达大学公牛队,100112,10302,"[101,201]","[1,1]",1:4:100|2:200255:1|2:100105:10,1:4:100|2:100105:5,99,"[1001,1002]"
1030205,南方卫理公会大学野马队,100113,10302,"[101,201]","[1,1]",1:4:100|2:200255:1|2:100105:10,1:4:100|2:100105:5,99,"[1001,1002]"
1030206,天普大学猫头鹰队,100114,10302,"[101,201]","[1,1]",1:4:100|2:200255:2|2:100105:10|2:600306:5,1:4:100|2:100105:5|2:600306:2,40,"[1001,1002]"
1030207,杜兰大学绿波队,100101,10302,"[101,201]","[1,1]",1:4:100|2:200255:1|2:100105:10,1:4:100|2:100105:5,99,"[1001,1002]"
1030208,塔尔萨大学金色飓风队,100102,10302,"[101,201]","[1,1]",1:4:100|2:200255:1|2:100105:10,1:4:100|2:100105:5,99,"[1001,1002]"
1030209,威奇托州立大学震惊者队,100103,10302,"[101,201]","[1,1]",1:4:100|2:200255:2|2:100105:10|2:600307:5,1:4:100|2:100105:5|2:600307:2,40,"[1001,1002]"
1030210,波士顿学院老鹰队,100104,10302,"[101,201]","[1,1]",1:4:100|2:200255:2|2:100105:10|2:600308:5,1:4:100|2:100105:5|2:600308:2,40,"[1001,1002]"
1030301,克莱姆森大学老虎队,100105,10303,"[101,201]","[1,1]",1:4:100|2:200255:1|2:100105:10,1:4:100|2:100105:5,99,"[1001,1002]"
1030302,杜克大学蓝魔队,100106,10303,"[101,201]","[1,1]",1:4:100|2:200255:1|2:100105:10,1:4:100|2:100105:5,99,"[1001,1002]"
1030303,佛罗里达州立大学塞米诺尔队,100107,10303,"[101,201]","[1,1]",1:4:100|2:200255:2|2:100105:10|2:600309:5,1:4:100|2:100105:5|2:600309:2,40,"[1001,1002]"
1030304,佐治亚理工学院黄色夹克队,100108,10303,"[101,201]","[1,1]",1:4:100|2:200255:1|2:100105:10,1:4:100|2:100105:5,99,"[1001,1002]"
1030305,路易斯维尔大学红衣主教队,100109,10303,"[101,201]","[1,1]",1:4:100|2:200255:1|2:100105:10,1:4:100|2:100105:5,99,"[1001,1002]"
1030306,迈阿密大学飓风队,100110,10303,"[101,201]","[1,1]",1:4:100|2:200255:2|2:100105:10|2:600310:5,1:4:100|2:100105:5|2:600310:2,40,"[1001,1002]"
1030307,飞艇队,100111,10303,"[101,201]","[1,1]",1:4:100|2:200255:1|2:100105:10,1:4:100|2:100105:5,99,"[1001,1002]"
1030308,勇者队,100112,10303,"[101,201]","[1,1]",1:4:100|2:200255:1|2:100105:10,1:4:100|2:100105:5,99,"[1001,1002]"
1030309,大湖队,100113,10303,"[101,201]","[1,1]",1:4:100|2:200255:2|2:100105:10|2:600301:5,1:4:100|2:100105:5|2:600301:2,40,"[1001,1002]"
1030310,国王队,100114,10303,"[101,201]","[1,1]",1:4:100|2:200255:2|2:100105:10|2:600302:5,1:4:100|2:100105:5|2:600302:2,40,"[1001,1002]"
1030401,雪城大学橙子队,100101,10304,"[101,201]","[1,1]",1:4:100|2:200255:1|2:100105:10,1:4:100|2:100105:5,99,"[1001,1002]"
1030402,弗吉尼亚大学骑士队队,100102,10304,"[101,201]","[1,1]",1:4:100|2:200255:1|2:100105:10,1:4:100|2:100105:5,99,"[1001,1002]"
1030403,弗吉尼亚理工学院霍基斯队,100103,10304,"[101,201]","[1,1]",1:4:100|2:200255:2|2:100105:10|2:600303:5,1:4:100|2:100105:5|2:600303:2,40,"[1001,1002]"
1030404,维克森林大学恶魔执事队,100104,10304,"[101,201]","[1,1]",1:4:100|2:200255:1|2:100105:10,1:4:100|2:100105:5,99,"[1001,1002]"
1030405,奥斯汀皮伊州立大学州长队,100105,10304,"[101,201]","[1,1]",1:4:100|2:200255:1|2:100105:10,1:4:100|2:100105:5,99,"[1001,1002]"
1030406,贝拉明大学骑士队,100106,10304,"[101,201]","[1,1]",1:4:100|2:200255:2|2:100105:10|2:600304:5,1:4:100|2:100105:5|2:600304:2,40,"[1001,1002]"
1030407,中央阿肯色大学熊队,100107,10304,"[101,201]","[1,1]",1:4:100|2:200255:1|2:100105:10,1:4:100|2:100105:5,99,"[1001,1002]"
1030408,东肯塔基大学上校队,100108,10304,"[101,201]","[1,1]",1:4:100|2:200255:1|2:100105:10,1:4:100|2:100105:5,99,"[1001,1002]"
1030409,神的母校,100109,10304,"[101,201]","[1,1]",1:4:100|2:200255:2|2:100105:10|2:600305:5,1:4:100|2:100105:5|2:600305:2,40,"[1001,1002]"
1030410,工蜂队,100110,10304,"[101,201]","[1,1]",1:4:100|2:200255:2|2:100105:10|2:600306:5,1:4:100|2:100105:5|2:600306:2,40,"[1001,1002]"
1030501,杰克逊维尔州立大学斗鸡队,100111,10305,"[101,201]","[1,1]",1:4:100|2:200255:1|2:100105:10,1:4:100|2:100105:5,99,"[1001,1002]"
1030502,肯尼索州立大学猫头鹰队,100112,10305,"[101,201]","[1,1]",1:4:100|2:200255:1|2:100105:10,1:4:100|2:100105:5,99,"[1001,1002]"
1030503,自由大学火焰队,100113,10305,"[101,201]","[1,1]",1:4:100|2:200255:2|2:100105:10|2:600307:5,1:4:100|2:100105:5|2:600307:2,40,"[1001,1002]"
1030504,利普斯科姆大学野牛队,100114,10305,"[101,201]","[1,1]",1:4:100|2:200255:1|2:100105:10,1:4:100|2:100105:5,99,"[1001,1002]"
1030505,北阿拉巴马大学狮子队,100101,10305,"[101,201]","[1,1]",1:4:100|2:200255:1|2:100105:10,1:4:100|2:100105:5,99,"[1001,1002]"
1030506,北佛罗里达大学鱼鹰队,100102,10305,"[101,201]","[1,1]",1:4:100|2:200255:2|2:100105:10|2:600308:5,1:4:100|2:100105:5|2:600308:2,40,"[1001,1002]"
1030507,夏洛特皇后大学[e]皇家队队,100103,10305,"[101,201]","[1,1]",1:4:100|2:200255:1|2:100105:10,1:4:100|2:100105:5,99,"[1001,1002]"
1030508,斯泰森大学帽匠队,100104,10305,"[101,201]","[1,1]",1:4:100|2:200255:1|2:100105:10,1:4:100|2:100105:5,99,"[1001,1002]"
1030509,戴维森学院野猫队,100105,10305,"[101,201]","[1,1]",1:4:100|2:200255:2|2:100105:10|2:600309:5,1:4:100|2:100105:5|2:600309:2,40,"[1001,1002]"
1030510,代顿大学传单队,100106,10305,"[101,201]","[1,1]",1:4:100|2:200255:2|2:100105:10|2:600310:5,1:4:100|2:100105:5|2:600310:2,40,"[1001,1002]"
1030601,杜肯大学公爵队,100107,10306,"[101,201]","[1,1]",1:4:100|2:200255:1|2:100105:10,1:4:100|2:100105:5,99,"[1001,1002]"
1030602,福特汉姆大学公羊队,100108,10306,"[101,201]","[1,1]",1:4:100|2:200255:1|2:100105:10,1:4:100|2:100105:5,99,"[1001,1002]"
1030603,乔治梅森大学爱国者队,100109,10306,"[101,201]","[1,1]",1:4:100|2:200255:2|2:100105:10|2:600301:5,1:4:100|2:100105:5|2:600301:2,40,"[1001,1002]"
1030604,乔治华盛顿大学殖民者队,100110,10306,"[101,201]","[1,1]",1:4:100|2:200255:1|2:100105:10,1:4:100|2:100105:5,99,"[1001,1002]"
1030605,拉萨尔大学探险家队,100111,10306,"[101,201]","[1,1]",1:4:100|2:200255:1|2:100105:10,1:4:100|2:100105:5,99,"[1001,1002]"
1030606,芝加哥洛约拉大学漫步者队,100112,10306,"[101,201]","[1,1]",1:4:100|2:200255:2|2:100105:10|2:600302:5,1:4:100|2:100105:5|2:600302:2,40,"[1001,1002]"
1030607,马萨诸塞大学阿默斯特分校民兵队,100113,10306,"[101,201]","[1,1]",1:4:100|2:200255:1|2:100105:10,1:4:100|2:100105:5,99,"[1001,1002]"
1030608,罗德岛大学公羊队,100114,10306,"[101,201]","[1,1]",1:4:100|2:200255:1|2:100105:10,1:4:100|2:100105:5,99,"[1001,1002]"
1030609,圣文德大学邦妮丝队,100101,10306,"[101,201]","[1,1]",1:4:100|2:200255:2|2:100105:10|2:600303:5,1:4:100|2:100105:5|2:600303:2,40,"[1001,1002]"
1030610,数字队,100102,10306,"[101,201]","[1,1]",1:4:100|2:200255:2|2:100105:10|2:600304:5,1:4:100|2:100105:5|2:600304:2,40,"[1001,1002]"
1030701,圣约瑟夫大学老鹰队,100103,10307,"[101,201]","[1,1]",1:4:100|2:200255:1|2:100105:10,1:4:100|2:100105:5,99,"[1001,1002]"
1030702,圣路易斯大学比利肯斯队,100104,10307,"[101,201]","[1,1]",1:4:100|2:200255:1|2:100105:10,1:4:100|2:100105:5,99,"[1001,1002]"
1030703,弗吉尼亚联邦大学公羊队,100105,10307,"[101,201]","[1,1]",1:4:100|2:200255:2|2:100105:10|2:600305:5,1:4:100|2:100105:5|2:600305:2,40,"[1001,1002]"
1030704,巴特勒大学斗牛犬队,100106,10307,"[101,201]","[1,1]",1:4:100|2:200255:1|2:100105:10,1:4:100|2:100105:5,99,"[1001,1002]"
1030705,克赖顿大学蓝鸟队,100107,10307,"[101,201]","[1,1]",1:4:100|2:200255:1|2:100105:10,1:4:100|2:100105:5,99,"[1001,1002]"
1030706,德保罗大学蓝色恶魔队,100108,10307,"[101,201]","[1,1]",1:4:100|2:200255:2|2:100105:10|2:600306:5,1:4:100|2:100105:5|2:600306:2,40,"[1001,1002]"
1030707,乔治城大学霍亚斯队,100109,10307,"[101,201]","[1,1]",1:4:100|2:200255:1|2:100105:10,1:4:100|2:100105:5,99,"[1001,1002]"
1030708,马凯特大学金鹰队队,100110,10307,"[101,201]","[1,1]",1:4:100|2:200255:1|2:100105:10,1:4:100|2:100105:5,99,"[1001,1002]"
1030709,普罗维登斯学院修士队,100111,10307,"[101,201]","[1,1]",1:4:100|2:200255:2|2:100105:10|2:600307:5,1:4:100|2:100105:5|2:600307:2,40,"[1001,1002]"
1030710,圣约翰大学红色风暴队,100112,10307,"[101,201]","[1,1]",1:4:100|2:200255:2|2:100105:10|2:600308:5,1:4:100|2:100105:5|2:600308:2,40,"[1001,1002]"
1030801,Sudbury Five,100113,10308,"[101,201]","[1,1]",1:4:100|2:200255:1|2:100105:10,1:4:100|2:100105:5,99,"[1001,1002]"
1030802,纽芬兰Rogues,100114,10308,"[101,201]","[1,1]",1:4:100|2:200255:1|2:100105:10,1:4:100|2:100105:5,99,"[1001,1002]"
1030803,London Lightning,100101,10308,"[101,201]","[1,1]",1:4:100|2:200255:2|2:100105:10|2:600309:5,1:4:100|2:100105:5|2:600309:2,40,"[1001,1002]"
1030804,Windsor Express,100102,10308,"[101,201]","[1,1]",1:4:100|2:200255:1|2:100105:10,1:4:100|2:100105:5,99,"[1001,1002]"
1030805,奥克兰县法老,100103,10308,"[101,201]","[1,1]",1:4:100|2:200255:1|2:100105:10,1:4:100|2:100105:5,99,"[1001,1002]"
1030806,KW Titans,100104,10308,"[101,201]","[1,1]",1:4:100|2:200255:2|2:100105:10|2:600310:5,1:4:100|2:100105:5|2:600310:2,40,"[1001,1002]"
1030807,詹姆斯敦豺狼,100105,10308,"[101,201]","[1,1]",1:4:100|2:200255:1|2:100105:10,1:4:100|2:100105:5,99,"[1001,1002]"
1030808,纽芬兰Rogues,100106,10308,"[101,201]","[1,1]",1:4:100|2:200255:1|2:100105:10,1:4:100|2:100105:5,99,"[1001,1002]"
1030809,London Lightning,100107,10308,"[101,201]","[1,1]",1:4:100|2:200255:2|2:100105:10|2:600301:5,1:4:100|2:100105:5|2:600301:2,40,"[1001,1002]"
1030810,Windsor Express,100108,10308,"[101,201]","[1,1]",1:4:100|2:200255:2|2:100105:10|2:600302:5,1:4:100|2:100105:5|2:600302:2,40,"[1001,1002]"
1030901,Metropolitanos,100109,10309,"[101,201]","[1,1]",1:4:100|2:200255:1|2:100105:10,1:4:100|2:100105:5,99,"[1001,1002]"
1030902,Matanzas,100110,10309,"[101,201]","[1,1]",1:4:100|2:200255:1|2:100105:10,1:4:100|2:100105:5,99,"[1001,1002]"
1030903,Mayabeque,100111,10309,"[101,201]","[1,1]",1:4:100|2:200255:2|2:100105:10|2:600303:5,1:4:100|2:100105:5|2:600303:2,40,"[1001,1002]"
1030904,Pinar del Rio,100112,10309,"[101,201]","[1,1]",1:4:100|2:200255:1|2:100105:10,1:4:100|2:100105:5,99,"[1001,1002]"
1030905,Artemisa,100113,10309,"[101,201]","[1,1]",1:4:100|2:200255:1|2:100105:10,1:4:100|2:100105:5,99,"[1001,1002]"
1030906,圣斯皮里图斯,100114,10309,"[101,201]","[1,1]",1:4:100|2:200255:2|2:100105:10|2:600304:5,1:4:100|2:100105:5|2:600304:2,40,"[1001,1002]"
1030907,圣地亚哥,100101,10309,"[101,201]","[1,1]",1:4:100|2:200255:1|2:100105:10,1:4:100|2:100105:5,99,"[1001,1002]"
1030908,谢戈德阿维拉,100102,10309,"[101,201]","[1,1]",1:4:100|2:200255:1|2:100105:10,1:4:100|2:100105:5,99,"[1001,1002]"
1030909,比亚克拉拉,100103,10309,"[101,201]","[1,1]",1:4:100|2:200255:2|2:100105:10|2:600305:5,1:4:100|2:100105:5|2:600305:2,40,"[1001,1002]"
1030910,Capitalinos,100104,10309,"[101,201]","[1,1]",1:4:100|2:200255:2|2:100105:10|2:600306:5,1:4:100|2:100105:5|2:600306:2,40,"[1001,1002]"
1031001,太空人,100105,10310,"[101,201]","[1,1]",1:4:100|2:200255:1|2:100105:10,1:4:100|2:100105:5,99,"[1001,1002]"
1031002,多拉多斯,100106,10310,"[101,201]","[1,1]",1:4:100|2:200255:1|2:100105:10,1:4:100|2:100105:5,99,"[1001,1002]"
1031003,阿比查斯,100107,10310,"[101,201]","[1,1]",1:4:100|2:200255:2|2:100105:10|2:600307:5,1:4:100|2:100105:5|2:600307:2,40,"[1001,1002]"
1031004,富尔萨雷吉亚,100108,10310,"[101,201]","[1,1]",1:4:100|2:200255:1|2:100105:10,1:4:100|2:100105:5,99,"[1001,1002]"
1031005,利伯塔多瑞斯,100109,10310,"[101,201]","[1,1]",1:4:100|2:200255:1|2:100105:10,1:4:100|2:100105:5,99,"[1001,1002]"
1031006,普拉特罗斯,100110,10310,"[101,201]","[1,1]",1:4:100|2:200255:2|2:100105:10|2:600308:5,1:4:100|2:100105:5|2:600308:2,40,"[1001,1002]"
1031007,米拿罗斯,100111,10310,"[101,201]","[1,1]",1:4:100|2:200255:1|2:100105:10,1:4:100|2:100105:5,99,"[1001,1002]"
1031008,墨西卡利,100112,10310,"[101,201]","[1,1]",1:4:100|2:200255:1|2:100105:10,1:4:100|2:100105:5,99,"[1001,1002]"
1031009,夏拉帕,100113,10310,"[101,201]","[1,1]",1:4:100|2:200255:2|2:100105:10|2:600309:5,1:4:100|2:100105:5|2:600309:2,40,"[1001,1002]"
1031010,克雷卡米诺斯,100114,10310,"[101,201]","[1,1]",1:4:100|2:200255:2|2:100105:10|2:600310:5,1:4:100|2:100105:5|2:600310:2,40,"[1001,1002]"
1040101,国家青年队1,100101,10401,"[101,201]","[1,1]",1:4:100|2:200255:1|2:100105:10,1:4:100|2:100105:5,99,"[1001,1002]"
1040102,国家青年队2,100102,10401,"[101,201]","[1,1]",1:4:100|2:200255:1|2:100105:10,1:4:100|2:100105:5,99,"[1001,1002]"
1040103,国家青年队3,100103,10401,"[101,201]","[1,1]",1:4:100|2:200255:2|2:100105:10|2:600301:5,1:4:100|2:100105:5|2:600301:2,40,"[1001,1002]"
1040104,国家青年队4,100104,10401,"[101,201]","[1,1]",1:4:100|2:200255:1|2:100105:10,1:4:100|2:100105:5,99,"[1001,1002]"
1040105,国家青年队5,100105,10401,"[101,201]","[1,1]",1:4:100|2:200255:1|2:100105:10,1:4:100|2:100105:5,99,"[1001,1002]"
1040106,国家青年队6,100106,10401,"[101,201]","[1,1]",1:4:100|2:200255:2|2:100105:10|2:600302:5,1:4:100|2:100105:5|2:600302:2,40,"[1001,1002]"
1040107,国家青年队7,100107,10401,"[101,201]","[1,1]",1:4:100|2:200255:1|2:100105:10,1:4:100|2:100105:5,99,"[1001,1002]"
1040108,国家青年队8,100108,10401,"[101,201]","[1,1]",1:4:100|2:200255:1|2:100105:10,1:4:100|2:100105:5,99,"[1001,1002]"
1040109,国家青年队9,100109,10401,"[101,201]","[1,1]",1:4:100|2:200255:2|2:100105:10|2:600303:5,1:4:100|2:100105:5|2:600303:2,40,"[1001,1002]"
1040110,国家青年队10,100110,10401,"[101,201]","[1,1]",1:4:100|2:200255:2|2:100105:10|2:600304:5,1:4:100|2:100105:5|2:600304:2,40,"[1001,1002]"
1040201,国家青年队1,100111,10402,"[101,201]","[1,1]",1:4:100|2:200255:1|2:100105:10,1:4:100|2:100105:5,99,"[1001,1002]"
1040202,国家青年队2,100112,10402,"[101,201]","[1,1]",1:4:100|2:200255:1|2:100105:10,1:4:100|2:100105:5,99,"[1001,1002]"
1040203,国家青年队3,100113,10402,"[101,201]","[1,1]",1:4:100|2:200255:2|2:100105:10|2:600305:5,1:4:100|2:100105:5|2:600305:2,40,"[1001,1002]"
1040204,国家青年队4,100114,10402,"[101,201]","[1,1]",1:4:100|2:200255:1|2:100105:10,1:4:100|2:100105:5,99,"[1001,1002]"
1040205,国家青年队5,100101,10402,"[101,201]","[1,1]",1:4:100|2:200255:1|2:100105:10,1:4:100|2:100105:5,99,"[1001,1002]"
1040206,国家青年队6,100102,10402,"[101,201]","[1,1]",1:4:100|2:200255:2|2:100105:10|2:600306:5,1:4:100|2:100105:5|2:600306:2,40,"[1001,1002]"
1040207,国家青年队7,100103,10402,"[101,201]","[1,1]",1:4:100|2:200255:1|2:100105:10,1:4:100|2:100105:5,99,"[1001,1002]"
1040208,国家青年队8,100104,10402,"[101,201]","[1,1]",1:4:100|2:200255:1|2:100105:10,1:4:100|2:100105:5,99,"[1001,1002]"
1040209,国家青年队9,100105,10402,"[101,201]","[1,1]",1:4:100|2:200255:2|2:100105:10|2:600307:5,1:4:100|2:100105:5|2:600307:2,40,"[1001,1002]"
1040210,国家青年队10,100106,10402,"[101,201]","[1,1]",1:4:100|2:200255:2|2:100105:10|2:600308:5,1:4:100|2:100105:5|2:600308:2,40,"[1001,1002]"
1040301,加勒比风暴群岛,100107,10403,"[101,201]","[1,1]",1:4:100|2:200255:1|2:100105:10,1:4:100|2:100105:5,99,"[1001,1002]"
1040302,巴兰基亚泰坦,100108,10403,"[101,201]","[1,1]",1:4:100|2:200255:1|2:100105:10,1:4:100|2:100105:5,99,"[1001,1002]"
1040303,波哥大海盗,100109,10403,"[101,201]","[1,1]",1:4:100|2:200255:2|2:100105:10|2:600309:5,1:4:100|2:100105:5|2:600309:2,40,"[1001,1002]"
1040304,巧克力栗色,100110,10403,"[101,201]","[1,1]",1:4:100|2:200255:1|2:100105:10,1:4:100|2:100105:5,99,"[1001,1002]"
1040305,卡利队,100111,10403,"[101,201]","[1,1]",1:4:100|2:200255:1|2:100105:10,1:4:100|2:100105:5,99,"[1001,1002]"
1040306,布卡罗斯,100112,10403,"[101,201]","[1,1]",1:4:100|2:200255:2|2:100105:10|2:600310:5,1:4:100|2:100105:5|2:600310:2,40,"[1001,1002]"
1040307,卡塔赫纳海盗,100113,10403,"[101,201]","[1,1]",1:4:100|2:200255:1|2:100105:10,1:4:100|2:100105:5,99,"[1001,1002]"
1040308,昆迪纳马卡秃鹰,100114,10403,"[101,201]","[1,1]",1:4:100|2:200255:1|2:100105:10,1:4:100|2:100105:5,99,"[1001,1002]"
1040309,卡塔赫纳海盗,100101,10403,"[101,201]","[1,1]",1:4:100|2:200255:2|2:100105:10|2:600301:5,1:4:100|2:100105:5|2:600301:2,40,"[1001,1002]"
1040310,昆迪纳马卡秃鹰,100102,10403,"[101,201]","[1,1]",1:4:100|2:200255:2|2:100105:10|2:600302:5,1:4:100|2:100105:5|2:600302:2,40,"[1001,1002]"
1040401,国家青年队1,100103,10404,"[101,201]","[1,1]",1:4:100|2:200255:1|2:100105:10,1:4:100|2:100105:5,99,"[1001,1002]"
1040402,国家青年队2,100104,10404,"[101,201]","[1,1]",1:4:100|2:200255:1|2:100105:10,1:4:100|2:100105:5,99,"[1001,1002]"
1040403,国家青年队3,100105,10404,"[101,201]","[1,1]",1:4:100|2:200255:2|2:100105:10|2:600303:5,1:4:100|2:100105:5|2:600303:2,40,"[1001,1002]"
1040404,国家青年队4,100106,10404,"[101,201]","[1,1]",1:4:100|2:200255:1|2:100105:10,1:4:100|2:100105:5,99,"[1001,1002]"
1040405,国家青年队5,100107,10404,"[101,201]","[1,1]",1:4:100|2:200255:1|2:100105:10,1:4:100|2:100105:5,99,"[1001,1002]"
1040406,国家青年队6,100108,10404,"[101,201]","[1,1]",1:4:100|2:200255:2|2:100105:10|2:600304:5,1:4:100|2:100105:5|2:600304:2,40,"[1001,1002]"
1040407,国家青年队7,100109,10404,"[101,201]","[1,1]",1:4:100|2:200255:1|2:100105:10,1:4:100|2:100105:5,99,"[1001,1002]"
1040408,国家青年队8,100110,10404,"[101,201]","[1,1]",1:4:100|2:200255:1|2:100105:10,1:4:100|2:100105:5,99,"[1001,1002]"
1040409,国家青年队9,100111,10404,"[101,201]","[1,1]",1:4:100|2:200255:2|2:100105:10|2:600305:5,1:4:100|2:100105:5|2:600305:2,40,"[1001,1002]"
1040410,国家青年队10,100112,10404,"[101,201]","[1,1]",1:4:100|2:200255:2|2:100105:10|2:600306:5,1:4:100|2:100105:5|2:600306:2,40,"[1001,1002]"
1040501,国家青年队1,100113,10405,"[101,201]","[1,1]",1:4:100|2:200255:1|2:100105:10,1:4:100|2:100105:5,99,"[1001,1002]"
1040502,国家青年队2,100114,10405,"[101,201]","[1,1]",1:4:100|2:200255:1|2:100105:10,1:4:100|2:100105:5,99,"[1001,1002]"
1040503,国家青年队3,100101,10405,"[101,201]","[1,1]",1:4:100|2:200255:2|2:100105:10|2:600307:5,1:4:100|2:100105:5|2:600307:2,40,"[1001,1002]"
1040504,国家青年队4,100102,10405,"[101,201]","[1,1]",1:4:100|2:200255:1|2:100105:10,1:4:100|2:100105:5,99,"[1001,1002]"
1040505,国家青年队5,100103,10405,"[101,201]","[1,1]",1:4:100|2:200255:1|2:100105:10,1:4:100|2:100105:5,99,"[1001,1002]"
1040506,国家青年队6,100104,10405,"[101,201]","[1,1]",1:4:100|2:200255:2|2:100105:10|2:600308:5,1:4:100|2:100105:5|2:600308:2,40,"[1001,1002]"
1040507,国家青年队7,100105,10405,"[101,201]","[1,1]",1:4:100|2:200255:1|2:100105:10,1:4:100|2:100105:5,99,"[1001,1002]"
1040508,国家青年队8,100106,10405,"[101,201]","[1,1]",1:4:100|2:200255:1|2:100105:10,1:4:100|2:100105:5,99,"[1001,1002]"
1040509,国家青年队9,100107,10405,"[101,201]","[1,1]",1:4:100|2:200255:2|2:100105:10|2:600309:5,1:4:100|2:100105:5|2:600309:2,40,"[1001,1002]"
1040510,国家青年队10,100108,10405,"[101,201]","[1,1]",1:4:100|2:200255:2|2:100105:10|2:600310:5,1:4:100|2:100105:5|2:600310:2,40,"[1001,1002]"
1040601,国家青年队1,100109,10406,"[101,201]","[1,1]",1:4:100|2:200255:1|2:100105:10,1:4:100|2:100105:5,99,"[1001,1002]"
1040602,国家青年队2,100110,10406,"[101,201]","[1,1]",1:4:100|2:200255:1|2:100105:10,1:4:100|2:100105:5,99,"[1001,1002]"
1040603,国家青年队3,100111,10406,"[101,201]","[1,1]",1:4:100|2:200255:2|2:100105:10|2:600301:5,1:4:100|2:100105:5|2:600301:2,40,"[1001,1002]"
1040604,国家青年队4,100112,10406,"[101,201]","[1,1]",1:4:100|2:200255:1|2:100105:10,1:4:100|2:100105:5,99,"[1001,1002]"
1040605,国家青年队5,100113,10406,"[101,201]","[1,1]",1:4:100|2:200255:1|2:100105:10,1:4:100|2:100105:5,99,"[1001,1002]"
1040606,国家青年队6,100114,10406,"[101,201]","[1,1]",1:4:100|2:200255:2|2:100105:10|2:600302:5,1:4:100|2:100105:5|2:600302:2,40,"[1001,1002]"
1040607,国家青年队7,100101,10406,"[101,201]","[1,1]",1:4:100|2:200255:1|2:100105:10,1:4:100|2:100105:5,99,"[1001,1002]"
1040608,国家青年队8,100102,10406,"[101,201]","[1,1]",1:4:100|2:200255:1|2:100105:10,1:4:100|2:100105:5,99,"[1001,1002]"
1040609,国家青年队9,100103,10406,"[101,201]","[1,1]",1:4:100|2:200255:2|2:100105:10|2:600303:5,1:4:100|2:100105:5|2:600303:2,40,"[1001,1002]"
1040610,国家青年队10,100104,10406,"[101,201]","[1,1]",1:4:100|2:200255:2|2:100105:10|2:600304:5,1:4:100|2:100105:5|2:600304:2,40,"[1001,1002]"
1040701,国家青年队1,100105,10407,"[101,201]","[1,1]",1:4:100|2:200255:1|2:100105:10,1:4:100|2:100105:5,99,"[1001,1002]"
1040702,国家青年队2,100106,10407,"[101,201]","[1,1]",1:4:100|2:200255:1|2:100105:10,1:4:100|2:100105:5,99,"[1001,1002]"
1040703,国家青年队3,100107,10407,"[101,201]","[1,1]",1:4:100|2:200255:2|2:100105:10|2:600305:5,1:4:100|2:100105:5|2:600305:2,40,"[1001,1002]"
1040704,国家青年队4,100108,10407,"[101,201]","[1,1]",1:4:100|2:200255:1|2:100105:10,1:4:100|2:100105:5,99,"[1001,1002]"
1040705,国家青年队5,100109,10407,"[101,201]","[1,1]",1:4:100|2:200255:1|2:100105:10,1:4:100|2:100105:5,99,"[1001,1002]"
1040706,国家青年队6,100110,10407,"[101,201]","[1,1]",1:4:100|2:200255:2|2:100105:10|2:600306:5,1:4:100|2:100105:5|2:600306:2,40,"[1001,1002]"
1040707,国家青年队7,100111,10407,"[101,201]","[1,1]",1:4:100|2:200255:1|2:100105:10,1:4:100|2:100105:5,99,"[1001,1002]"
1040708,国家青年队8,100112,10407,"[101,201]","[1,1]",1:4:100|2:200255:1|2:100105:10,1:4:100|2:100105:5,99,"[1001,1002]"
1040709,国家青年队9,100113,10407,"[101,201]","[1,1]",1:4:100|2:200255:2|2:100105:10|2:600307:5,1:4:100|2:100105:5|2:600307:2,40,"[1001,1002]"
1040710,国家青年队10,100114,10407,"[101,201]","[1,1]",1:4:100|2:200255:2|2:100105:10|2:600308:5,1:4:100|2:100105:5|2:600308:2,40,"[1001,1002]"
1040801,国家青年队1,100101,10408,"[101,201]","[1,1]",1:4:100|2:200255:1|2:100105:10,1:4:100|2:100105:5,99,"[1001,1002]"
1040802,国家青年队2,100102,10408,"[101,201]","[1,1]",1:4:100|2:200255:1|2:100105:10,1:4:100|2:100105:5,99,"[1001,1002]"
1040803,国家青年队3,100103,10408,"[101,201]","[1,1]",1:4:100|2:200255:2|2:100105:10|2:600309:5,1:4:100|2:100105:5|2:600309:2,40,"[1001,1002]"
1040804,国家青年队4,100104,10408,"[101,201]","[1,1]",1:4:100|2:200255:1|2:100105:10,1:4:100|2:100105:5,99,"[1001,1002]"
1040805,国家青年队5,100105,10408,"[101,201]","[1,1]",1:4:100|2:200255:1|2:100105:10,1:4:100|2:100105:5,99,"[1001,1002]"
1040806,国家青年队6,100106,10408,"[101,201]","[1,1]",1:4:100|2:200255:2|2:100105:10|2:600310:5,1:4:100|2:100105:5|2:600310:2,40,"[1001,1002]"
1040807,国家青年队7,100107,10408,"[101,201]","[1,1]",1:4:100|2:200255:1|2:100105:10,1:4:100|2:100105:5,99,"[1001,1002]"
1040808,国家青年队8,100108,10408,"[101,201]","[1,1]",1:4:100|2:200255:1|2:100105:10,1:4:100|2:100105:5,99,"[1001,1002]"
1040809,国家青年队9,100109,10408,"[101,201]","[1,1]",1:4:100|2:200255:2|2:100105:10|2:600301:5,1:4:100|2:100105:5|2:600301:2,40,"[1001,1002]"
1040810,国家青年队10,100110,10408,"[101,201]","[1,1]",1:4:100|2:200255:2|2:100105:10|2:600302:5,1:4:100|2:100105:5|2:600302:2,40,"[1001,1002]"
1040901,法兰卡,100111,10409,"[101,201]","[1,1]",1:4:100|2:200255:1|2:100105:10,1:4:100|2:100105:5,99,"[1001,1002]"
1040902,弗兰门戈,100112,10409,"[101,201]","[1,1]",1:4:100|2:200255:1|2:100105:10,1:4:100|2:100105:5,99,"[1001,1002]"
1040903,圣保罗,100113,10409,"[101,201]","[1,1]",1:4:100|2:200255:2|2:100105:10|2:600303:5,1:4:100|2:100105:5|2:600303:2,40,"[1001,1002]"
1040904,皮塔高拉斯,100114,10409,"[101,201]","[1,1]",1:4:100|2:200255:1|2:100105:10,1:4:100|2:100105:5,99,"[1001,1002]"
1040905,保利斯坦奴,100101,10409,"[101,201]","[1,1]",1:4:100|2:200255:1|2:100105:10,1:4:100|2:100105:5,99,"[1001,1002]"
1040906,科林蒂安波利斯塔,100102,10409,"[101,201]","[1,1]",1:4:100|2:200255:2|2:100105:10|2:600304:5,1:4:100|2:100105:5|2:600304:2,40,"[1001,1002]"
1040907,巴乌鲁,100103,10409,"[101,201]","[1,1]",1:4:100|2:200255:1|2:100105:10,1:4:100|2:100105:5,99,"[1001,1002]"
1040908,皮涅鲁斯,100104,10409,"[101,201]","[1,1]",1:4:100|2:200255:1|2:100105:10,1:4:100|2:100105:5,99,"[1001,1002]"
1040909,圣荷塞尤迈,100105,10409,"[101,201]","[1,1]",1:4:100|2:200255:2|2:100105:10|2:600305:5,1:4:100|2:100105:5|2:600305:2,40,"[1001,1002]"
1040910,卡西亚斯,100106,10409,"[101,201]","[1,1]",1:4:100|2:200255:2|2:100105:10|2:600306:5,1:4:100|2:100105:5|2:600306:2,40,"[1001,1002]"
1041001,联合队,100107,10410,"[101,201]","[1,1]",1:4:100|2:200255:1|2:100105:10,1:4:100|2:100105:5,99,"[1001,1002]"
1041002,奥布拉斯,100108,10410,"[101,201]","[1,1]",1:4:100|2:200255:1|2:100105:10,1:4:100|2:100105:5,99,"[1001,1002]"
1041003,奥韦拉,100109,10410,"[101,201]","[1,1]",1:4:100|2:200255:2|2:100105:10|2:600307:5,1:4:100|2:100105:5|2:600307:2,40,"[1001,1002]"
1041004,吉纳西亚,100110,10410,"[101,201]","[1,1]",1:4:100|2:200255:1|2:100105:10,1:4:100|2:100105:5,99,"[1001,1002]"
1041005,奎梅萨,100111,10410,"[101,201]","[1,1]",1:4:100|2:200255:1|2:100105:10,1:4:100|2:100105:5,99,"[1001,1002]"
1041006,BBC奥林匹科,100112,10410,"[101,201]","[1,1]",1:4:100|2:200255:2|2:100105:10|2:600308:5,1:4:100|2:100105:5|2:600308:2,40,"[1001,1002]"
1041007,佩纳罗尔,100113,10410,"[101,201]","[1,1]",1:4:100|2:200255:1|2:100105:10,1:4:100|2:100105:5,99,"[1001,1002]"
1041008,帕兰德森,100114,10410,"[101,201]","[1,1]",1:4:100|2:200255:1|2:100105:10,1:4:100|2:100105:5,99,"[1001,1002]"
1041009,圣马丁,100101,10410,"[101,201]","[1,1]",1:4:100|2:200255:2|2:100105:10|2:600309:5,1:4:100|2:100105:5|2:600309:2,40,"[1001,1002]"
1041010,博卡青年,100102,10410,"[101,201]","[1,1]",1:4:100|2:200255:2|2:100105:10|2:600310:5,1:4:100|2:100105:5|2:600310:2,40,"[1001,1002]"
1050101,伦敦雄狮,100103,10501,"[101,201]","[1,1]",1:4:100|2:200255:1|2:100105:10,1:4:100|2:100105:5,99,"[1001,1002]"
1050102,切斯特凤凰,100104,10501,"[101,201]","[1,1]",1:4:100|2:200255:1|2:100105:10,1:4:100|2:100105:5,99,"[1001,1002]"
1050103,纽卡斯尔老鹰,100105,10501,"[101,201]","[1,1]",1:4:100|2:200255:2|2:100105:10|2:600301:5,1:4:100|2:100105:5|2:600301:2,40,"[1001,1002]"
1050104,喀里多尼亚角斗士,100106,10501,"[101,201]","[1,1]",1:4:100|2:200255:1|2:100105:10,1:4:100|2:100105:5,99,"[1001,1002]"
1050105,谢菲尔德鲨鱼,100107,10501,"[101,201]","[1,1]",1:4:100|2:200255:1|2:100105:10,1:4:100|2:100105:5,99,"[1001,1002]"
1050106,普利茅斯爱国者,100108,10501,"[101,201]","[1,1]",1:4:100|2:200255:2|2:100105:10|2:600302:5,1:4:100|2:100105:5|2:600302:2,40,"[1001,1002]"
1050107,曼彻斯特巨人,100109,10501,"[101,201]","[1,1]",1:4:100|2:200255:1|2:100105:10,1:4:100|2:100105:5,99,"[1001,1002]"
1050108,莱切斯特骑士,100110,10501,"[101,201]","[1,1]",1:4:100|2:200255:1|2:100105:10,1:4:100|2:100105:5,99,"[1001,1002]"
1050109,布里斯托战斗机,100111,10501,"[101,201]","[1,1]",1:4:100|2:200255:2|2:100105:10|2:600303:5,1:4:100|2:100105:5|2:600303:2,40,"[1001,1002]"
1050110,谢菲尔德鲨鱼,100112,10501,"[101,201]","[1,1]",1:4:100|2:200255:2|2:100105:10|2:600304:5,1:4:100|2:100105:5|2:600304:2,40,"[1001,1002]"
1050201,费内巴切,100113,10502,"[101,201]","[1,1]",1:4:100|2:200255:1|2:100105:10,1:4:100|2:100105:5,99,"[1001,1002]"
1050202,土耳其电信,100114,10502,"[101,201]","[1,1]",1:4:100|2:200255:1|2:100105:10,1:4:100|2:100105:5,99,"[1001,1002]"
1050203,艾菲斯皮尔森,100101,10502,"[101,201]","[1,1]",1:4:100|2:200255:2|2:100105:10|2:600305:5,1:4:100|2:100105:5|2:600305:2,40,"[1001,1002]"
1050204,皮纳尔,100102,10502,"[101,201]","[1,1]",1:4:100|2:200255:1|2:100105:10,1:4:100|2:100105:5,99,"[1001,1002]"
1050205,柏萨士邦,100103,10502,"[101,201]","[1,1]",1:4:100|2:200255:1|2:100105:10,1:4:100|2:100105:5,99,"[1001,1002]"
1050206,达鲁萨法卡,100104,10502,"[101,201]","[1,1]",1:4:100|2:200255:2|2:100105:10|2:600306:5,1:4:100|2:100105:5|2:600306:2,40,"[1001,1002]"
1050207,巴赫切希尔,100105,10502,"[101,201]","[1,1]",1:4:100|2:200255:1|2:100105:10,1:4:100|2:100105:5,99,"[1001,1002]"
1050208,梅克泽芬迪,100106,10502,"[101,201]","[1,1]",1:4:100|2:200255:1|2:100105:10,1:4:100|2:100105:5,99,"[1001,1002]"
1050209,加拉塔萨雷,100107,10502,"[101,201]","[1,1]",1:4:100|2:200255:2|2:100105:10|2:600307:5,1:4:100|2:100105:5|2:600307:2,40,"[1001,1002]"
1050210,托法斯,100108,10502,"[101,201]","[1,1]",1:4:100|2:200255:2|2:100105:10|2:600308:5,1:4:100|2:100105:5|2:600308:2,40,"[1001,1002]"
1050301,考哈约恩,100109,10503,"[101,201]","[1,1]",1:4:100|2:200255:1|2:100105:10,1:4:100|2:100105:5,99,"[1001,1002]"
1050302,赫尔辛基海鸥,100110,10503,"[101,201]","[1,1]",1:4:100|2:200255:1|2:100105:10,1:4:100|2:100105:5,99,"[1001,1002]"
1050303,卡塔查,100111,10503,"[101,201]","[1,1]",1:4:100|2:200255:2|2:100105:10|2:600309:5,1:4:100|2:100105:5|2:600309:2,40,"[1001,1002]"
1050304,沙龙维尔帕斯,100112,10503,"[101,201]","[1,1]",1:4:100|2:200255:1|2:100105:10,1:4:100|2:100105:5,99,"[1001,1002]"
1050305,科沃特,100113,10503,"[101,201]","[1,1]",1:4:100|2:200255:1|2:100105:10,1:4:100|2:100105:5,99,"[1001,1002]"
1050306,KTP,100114,10503,"[101,201]","[1,1]",1:4:100|2:200255:2|2:100105:10|2:600310:5,1:4:100|2:100105:5|2:600310:2,40,"[1001,1002]"
1050307,拉普阿,100101,10503,"[101,201]","[1,1]",1:4:100|2:200255:1|2:100105:10,1:4:100|2:100105:5,99,"[1001,1002]"
1050308,BC诺基亚,100102,10503,"[101,201]","[1,1]",1:4:100|2:200255:1|2:100105:10,1:4:100|2:100105:5,99,"[1001,1002]"
1050309,坦佩雷恩,100103,10503,"[101,201]","[1,1]",1:4:100|2:200255:2|2:100105:10|2:600301:5,1:4:100|2:100105:5|2:600301:2,40,"[1001,1002]"
1050310,洪卡,100104,10503,"[101,201]","[1,1]",1:4:100|2:200255:2|2:100105:10|2:600302:5,1:4:100|2:100105:5|2:600302:2,40,"[1001,1002]"
1050401,斯拉斯克,100105,10504,"[101,201]","[1,1]",1:4:100|2:200255:1|2:100105:10,1:4:100|2:100105:5,99,"[1001,1002]"
1050402,区奥斯特,100106,10504,"[101,201]","[1,1]",1:4:100|2:200255:1|2:100105:10,1:4:100|2:100105:5,99,"[1001,1002]"
1050403,索波特,100107,10504,"[101,201]","[1,1]",1:4:100|2:200255:2|2:100105:10|2:600303:5,1:4:100|2:100105:5|2:600303:2,40,"[1001,1002]"
1050404,什切青,100108,10504,"[101,201]","[1,1]",1:4:100|2:200255:1|2:100105:10,1:4:100|2:100105:5,99,"[1001,1002]"
1050405,斯颇那,100109,10504,"[101,201]","[1,1]",1:4:100|2:200255:1|2:100105:10,1:4:100|2:100105:5,99,"[1001,1002]"
1050406,绿山城,100110,10504,"[101,201]","[1,1]",1:4:100|2:200255:2|2:100105:10|2:600304:5,1:4:100|2:100105:5|2:600304:2,40,"[1001,1002]"
1050407,历基亚,100111,10504,"[101,201]","[1,1]",1:4:100|2:200255:1|2:100105:10,1:4:100|2:100105:5,99,"[1001,1002]"
1050408,恩尼加斯扎尼,100112,10504,"[101,201]","[1,1]",1:4:100|2:200255:1|2:100105:10,1:4:100|2:100105:5,99,"[1001,1002]"
1050409,昂维厄,100113,10504,"[101,201]","[1,1]",1:4:100|2:200255:2|2:100105:10|2:600305:5,1:4:100|2:100105:5|2:600305:2,40,"[1001,1002]"
1050410,古尔尼恰,100114,10504,"[101,201]","[1,1]",1:4:100|2:200255:2|2:100105:10|2:600306:5,1:4:100|2:100105:5|2:600306:2,40,"[1001,1002]"
1050501,ALBA柏林,100101,10505,"[101,201]","[1,1]",1:4:100|2:200255:1|2:100105:10,1:4:100|2:100105:5,99,"[1001,1002]"
1050502,特莱克姆波恩,100102,10505,"[101,201]","[1,1]",1:4:100|2:200255:1|2:100105:10,1:4:100|2:100105:5,99,"[1001,1002]"
1050503,拜仁慕尼黑,100103,10505,"[101,201]","[1,1]",1:4:100|2:200255:2|2:100105:10|2:600307:5,1:4:100|2:100105:5|2:600307:2,40,"[1001,1002]"
1050504,EWE奥尔登堡,100104,10505,"[101,201]","[1,1]",1:4:100|2:200255:1|2:100105:10,1:4:100|2:100105:5,99,"[1001,1002]"
1050505,哥廷根,100105,10505,"[101,201]","[1,1]",1:4:100|2:200255:1|2:100105:10,1:4:100|2:100105:5,99,"[1001,1002]"
1050506,路德维希堡,100106,10505,"[101,201]","[1,1]",1:4:100|2:200255:2|2:100105:10|2:600308:5,1:4:100|2:100105:5|2:600308:2,40,"[1001,1002]"
1050507,开姆尼茨,100107,10505,"[101,201]","[1,1]",1:4:100|2:200255:1|2:100105:10,1:4:100|2:100105:5,99,"[1001,1002]"
1050508,维尔茨堡,100108,10505,"[101,201]","[1,1]",1:4:100|2:200255:1|2:100105:10,1:4:100|2:100105:5,99,"[1001,1002]"
1050509,乌尔姆兰蒂奥帕姆,100109,10505,"[101,201]","[1,1]",1:4:100|2:200255:2|2:100105:10|2:600309:5,1:4:100|2:100105:5|2:600309:2,40,"[1001,1002]"
1050510,罗斯托克,100110,10505,"[101,201]","[1,1]",1:4:100|2:200255:2|2:100105:10|2:600310:5,1:4:100|2:100105:5|2:600310:2,40,"[1001,1002]"
1050601,摩纳哥,100111,10506,"[101,201]","[1,1]",1:4:100|2:200255:1|2:100105:10,1:4:100|2:100105:5,99,"[1001,1002]"
1050602,勒瓦卢瓦,100112,10506,"[101,201]","[1,1]",1:4:100|2:200255:1|2:100105:10,1:4:100|2:100105:5,99,"[1001,1002]"
1050603,肖莱特,100113,10506,"[101,201]","[1,1]",1:4:100|2:200255:2|2:100105:10|2:600301:5,1:4:100|2:100105:5|2:600301:2,40,"[1001,1002]"
1050604,第戎,100114,10506,"[101,201]","[1,1]",1:4:100|2:200255:1|2:100105:10,1:4:100|2:100105:5,99,"[1001,1002]"
1050605,勒芒萨尔特,100101,10506,"[101,201]","[1,1]",1:4:100|2:200255:1|2:100105:10,1:4:100|2:100105:5,99,"[1001,1002]"
1050606,布尔格,100102,10506,"[101,201]","[1,1]",1:4:100|2:200255:2|2:100105:10|2:600302:5,1:4:100|2:100105:5|2:600302:2,40,"[1001,1002]"
1050607,里昂,100103,10506,"[101,201]","[1,1]",1:4:100|2:200255:1|2:100105:10,1:4:100|2:100105:5,99,"[1001,1002]"
1050608,罗恩,100104,10506,"[101,201]","[1,1]",1:4:100|2:200255:1|2:100105:10,1:4:100|2:100105:5,99,"[1001,1002]"
1050609,格拉夫莱尼斯,100105,10506,"[101,201]","[1,1]",1:4:100|2:200255:2|2:100105:10|2:600303:5,1:4:100|2:100105:5|2:600303:2,40,"[1001,1002]"
1050610,史特拉斯堡,100106,10506,"[101,201]","[1,1]",1:4:100|2:200255:2|2:100105:10|2:600304:5,1:4:100|2:100105:5|2:600304:2,40,"[1001,1002]"
1050701,米兰阿玛尼,100107,10507,"[101,201]","[1,1]",1:4:100|2:200255:1|2:100105:10,1:4:100|2:100105:5,99,"[1001,1002]"
1050702,维图斯,100108,10507,"[101,201]","[1,1]",1:4:100|2:200255:1|2:100105:10,1:4:100|2:100105:5,99,"[1001,1002]"
1050703,托尔托纳,100109,10507,"[101,201]","[1,1]",1:4:100|2:200255:2|2:100105:10|2:600305:5,1:4:100|2:100105:5|2:600305:2,40,"[1001,1002]"
1050704,比沙路,100110,10507,"[101,201]","[1,1]",1:4:100|2:200255:1|2:100105:10,1:4:100|2:100105:5,99,"[1001,1002]"
1050705,瓦尔瑟,100111,10507,"[101,201]","[1,1]",1:4:100|2:200255:1|2:100105:10,1:4:100|2:100105:5,99,"[1001,1002]"
1050706,萨里迪纳摩,100112,10507,"[101,201]","[1,1]",1:4:100|2:200255:2|2:100105:10|2:600306:5,1:4:100|2:100105:5|2:600306:2,40,"[1001,1002]"
1050707,埃奈尔布林迪西,100113,10507,"[101,201]","[1,1]",1:4:100|2:200255:1|2:100105:10,1:4:100|2:100105:5,99,"[1001,1002]"
1050708,特伦托,100114,10507,"[101,201]","[1,1]",1:4:100|2:200255:1|2:100105:10,1:4:100|2:100105:5,99,"[1001,1002]"
1050709,威尼斯雷耶,100101,10507,"[101,201]","[1,1]",1:4:100|2:200255:2|2:100105:10|2:600307:5,1:4:100|2:100105:5|2:600307:2,40,"[1001,1002]"
1050710,班列顿,100102,10507,"[101,201]","[1,1]",1:4:100|2:200255:2|2:100105:10|2:600308:5,1:4:100|2:100105:5|2:600308:2,40,"[1001,1002]"
1050801,奥林匹亚科斯,100103,10508,"[101,201]","[1,1]",1:4:100|2:200255:1|2:100105:10,1:4:100|2:100105:5,99,"[1001,1002]"
1050802,帕纳辛纳科斯,100104,10508,"[101,201]","[1,1]",1:4:100|2:200255:1|2:100105:10,1:4:100|2:100105:5,99,"[1001,1002]"
1050803,阿里斯,100105,10508,"[101,201]","[1,1]",1:4:100|2:200255:2|2:100105:10|2:600309:5,1:4:100|2:100105:5|2:600309:2,40,"[1001,1002]"
1050804,AEK雅典,100106,10508,"[101,201]","[1,1]",1:4:100|2:200255:1|2:100105:10,1:4:100|2:100105:5,99,"[1001,1002]"
1050805,PAOK沙朗历基,100107,10508,"[101,201]","[1,1]",1:4:100|2:200255:1|2:100105:10,1:4:100|2:100105:5,99,"[1001,1002]"
1050806,珀里斯特拉,100108,10508,"[101,201]","[1,1]",1:4:100|2:200255:2|2:100105:10|2:600310:5,1:4:100|2:100105:5|2:600310:2,40,"[1001,1002]"
1050807,普罗米修斯,100109,10508,"[101,201]","[1,1]",1:4:100|2:200255:1|2:100105:10,1:4:100|2:100105:5,99,"[1001,1002]"
1050808,科罗苏斯,100110,10508,"[101,201]","[1,1]",1:4:100|2:200255:1|2:100105:10,1:4:100|2:100105:5,99,"[1001,1002]"
1050809,伊安尼高斯,100111,10508,"[101,201]","[1,1]",1:4:100|2:200255:2|2:100105:10|2:600301:5,1:4:100|2:100105:5|2:600301:2,40,"[1001,1002]"
1050810,拉夫里罗,100112,10508,"[101,201]","[1,1]",1:4:100|2:200255:2|2:100105:10|2:600302:5,1:4:100|2:100105:5|2:600302:2,40,"[1001,1002]"
1050901,波拉斯,100113,10509,"[101,201]","[1,1]",1:4:100|2:200255:1|2:100105:10,1:4:100|2:100105:5,99,"[1001,1002]"
1050902,加姆特兰,100114,10509,"[101,201]","[1,1]",1:4:100|2:200255:1|2:100105:10,1:4:100|2:100105:5,99,"[1001,1002]"
1050903,诺科平海豚,100101,10509,"[101,201]","[1,1]",1:4:100|2:200255:2|2:100105:10|2:600303:5,1:4:100|2:100105:5|2:600303:2,40,"[1001,1002]"
1050904,佩兰加,100102,10509,"[101,201]","[1,1]",1:4:100|2:200255:1|2:100105:10,1:4:100|2:100105:5,99,"[1001,1002]"
1050905,于默奥,100103,10509,"[101,201]","[1,1]",1:4:100|2:200255:1|2:100105:10,1:4:100|2:100105:5,99,"[1001,1002]"
1050906,KFUM奈舍,100104,10509,"[101,201]","[1,1]",1:4:100|2:200255:2|2:100105:10|2:600304:5,1:4:100|2:100105:5|2:600304:2,40,"[1001,1002]"
1050907,乌普萨拉,100105,10509,"[101,201]","[1,1]",1:4:100|2:200255:1|2:100105:10,1:4:100|2:100105:5,99,"[1001,1002]"
1050908,科平星,100106,10509,"[101,201]","[1,1]",1:4:100|2:200255:1|2:100105:10,1:4:100|2:100105:5,99,"[1001,1002]"
1050909,南泰利耶国王,100107,10509,"[101,201]","[1,1]",1:4:100|2:200255:2|2:100105:10|2:600305:5,1:4:100|2:100105:5|2:600305:2,40,"[1001,1002]"
1050910,卡尔马,100108,10509,"[101,201]","[1,1]",1:4:100|2:200255:2|2:100105:10|2:600306:5,1:4:100|2:100105:5|2:600306:2,40,"[1001,1002]"
1051001,巴塞罗那,100109,10510,"[101,201]","[1,1]",1:4:100|2:200255:1|2:100105:10,1:4:100|2:100105:5,99,"[1001,1002]"
1051002,皇家马德里,100110,10510,"[101,201]","[1,1]",1:4:100|2:200255:1|2:100105:10,1:4:100|2:100105:5,99,"[1001,1002]"
1051003,沙萨基,100111,10510,"[101,201]","[1,1]",1:4:100|2:200255:2|2:100105:10|2:600307:5,1:4:100|2:100105:5|2:600307:2,40,"[1001,1002]"
1051004,特内里费加那利,100112,10510,"[101,201]","[1,1]",1:4:100|2:200255:1|2:100105:10,1:4:100|2:100105:5,99,"[1001,1002]"
1051005,尤尼卡加,100113,10510,"[101,201]","[1,1]",1:4:100|2:200255:1|2:100105:10,1:4:100|2:100105:5,99,"[1001,1002]"
1051006,约文图特,100114,10510,"[101,201]","[1,1]",1:4:100|2:200255:2|2:100105:10|2:600308:5,1:4:100|2:100105:5|2:600308:2,40,"[1001,1002]"
1051007,格兰卡纳里亚,100101,10510,"[101,201]","[1,1]",1:4:100|2:200255:1|2:100105:10,1:4:100|2:100105:5,99,"[1001,1002]"
1051008,布雷奥干,100102,10510,"[101,201]","[1,1]",1:4:100|2:200255:1|2:100105:10,1:4:100|2:100105:5,99,"[1001,1002]"
1051009,奥布拉多伊洛,100103,10510,"[101,201]","[1,1]",1:4:100|2:200255:2|2:100105:10|2:600309:5,1:4:100|2:100105:5|2:600309:2,40,"[1001,1002]"
1051010,巴伦西亚,100104,10510,"[101,201]","[1,1]",1:4:100|2:200255:2|2:100105:10|2:600310:5,1:4:100|2:100105:5|2:600310:2,40,"[1001,1002]"
2010101,宁波町渥,900101,20101,"[101,201]","[1,1]",1:4:100|2:200255:1|2:100105:10,1:4:100|2:100105:5,99,"[1001,1002]"
2010102,福建浔兴股份,900102,20101,"[101,201]","[1,1]",1:4:100|2:200255:1|2:100105:10,1:4:100|2:100105:5,99,"[1001,1002]"
2010103,四川金荣实业,900103,20101,"[101,201]","[1,1]",1:4:100|2:200255:2|2:100105:10|2:600301:5,1:4:100|2:100105:5|2:600301:2,40,"[1001,1002]"
2010104,上海久事,900104,20101,"[101,201]","[1,1]",1:4:100|2:200255:1|2:100105:10,1:4:100|2:100105:5,99,"[1001,1002]"
2010105,天津先行者,900105,20101,"[101,201]","[1,1]",1:4:100|2:200255:1|2:100105:10,1:4:100|2:100105:5,99,"[1001,1002]"
2010106,浙江东阳光,900106,20101,"[101,201]","[1,1]",1:4:100|2:200255:2|2:100105:10|2:600302:5,1:4:100|2:100105:5|2:600302:2,40,"[1001,1002]"
2010107,广州龙狮,900107,20101,"[101,201]","[1,1]",1:4:100|2:200255:1|2:100105:10,1:4:100|2:100105:5,99,"[1001,1002]"
2010108,新疆伊力王酒,900108,20101,"[101,201]","[1,1]",1:4:100|2:200255:1|2:100105:10,1:4:100|2:100105:5,99,"[1001,1002]"
2010109,深圳马可波罗,900109,20101,"[101,201]","[1,1]",1:4:100|2:200255:2|2:100105:10|2:600303:5,1:4:100|2:100105:5|2:600303:2,40,"[1001,1002]"
2010110,广东东莞大益,900110,20101,"[101,201]","[1,1]",1:4:100|2:200255:2|2:100105:10|2:600304:5,1:4:100|2:100105:5|2:600304:2,40,"[1001,1002]"
2010201,安阳KGC,100101,20102,"[101,201]","[1,1]",1:4:100|2:200255:1|2:100105:10,1:4:100|2:100105:5,99,"[1001,1002]"
2010202,昌原LG猎隼,100102,20102,"[101,201]","[1,1]",1:4:100|2:200255:1|2:100105:10,1:4:100|2:100105:5,99,"[1001,1002]"
2010203,蔚山现代太阳神,100103,20102,"[101,201]","[1,1]",1:4:100|2:200255:2|2:100105:10|2:600305:5,1:4:100|2:100105:5|2:600305:2,40,"[1001,1002]"
2010204,首尔SK骑士,100104,20102,"[101,201]","[1,1]",1:4:100|2:200255:1|2:100105:10,1:4:100|2:100105:5,99,"[1001,1002]"
2010205,高阳猎户座,100105,20102,"[101,201]","[1,1]",1:4:100|2:200255:1|2:100105:10,1:4:100|2:100105:5,99,"[1001,1002]"
2010206,全州KCC宙斯盾,100106,20102,"[101,201]","[1,1]",1:4:100|2:200255:2|2:100105:10|2:600306:5,1:4:100|2:100105:5|2:600306:2,40,"[1001,1002]"
2010207,水原音速弹,100107,20102,"[101,201]","[1,1]",1:4:100|2:200255:1|2:100105:10,1:4:100|2:100105:5,99,"[1001,1002]"
2010208,原州东浦新世代,100108,20102,"[101,201]","[1,1]",1:4:100|2:200255:1|2:100105:10,1:4:100|2:100105:5,99,"[1001,1002]"
2010209,大邱飞马,100109,20102,"[101,201]","[1,1]",1:4:100|2:200255:2|2:100105:10|2:600307:5,1:4:100|2:100105:5|2:600307:2,40,"[1001,1002]"
2010210,首尔三星雷电,100110,20102,"[101,201]","[1,1]",1:4:100|2:200255:2|2:100105:10|2:600308:5,1:4:100|2:100105:5|2:600308:2,40,"[1001,1002]"
2010301,枥木皇者,100111,20103,"[101,201]","[1,1]",1:4:100|2:200255:1|2:100105:10,1:4:100|2:100105:5,99,"[1001,1002]"
2010302,名古屋战鹰,100112,20103,"[101,201]","[1,1]",1:4:100|2:200255:1|2:100105:10,1:4:100|2:100105:5,99,"[1001,1002]"
2010303,信州勇士,100113,20103,"[101,201]","[1,1]",1:4:100|2:200255:2|2:100105:10|2:600309:5,1:4:100|2:100105:5|2:600309:2,40,"[1001,1002]"
2010304,大阪七福神,100114,20103,"[101,201]","[1,1]",1:4:100|2:200255:1|2:100105:10,1:4:100|2:100105:5,99,"[1001,1002]"
2010305,涩谷太阳摇滚,100101,20103,"[101,201]","[1,1]",1:4:100|2:200255:1|2:100105:10,1:4:100|2:100105:5,99,"[1001,1002]"
2010306,三远新凤凰,100102,20103,"[101,201]","[1,1]",1:4:100|2:200255:2|2:100105:10|2:600310:5,1:4:100|2:100105:5|2:600310:2,40,"[1001,1002]"
2010307,京都创荣,100103,20103,"[101,201]","[1,1]",1:4:100|2:200255:1|2:100105:10,1:4:100|2:100105:5,99,"[1001,1002]"
2010308,三河海马,100104,20103,"[101,201]","[1,1]",1:4:100|2:200255:1|2:100105:10,1:4:100|2:100105:5,99,"[1001,1002]"
2010309,茨城机器人,100105,20103,"[101,201]","[1,1]",1:4:100|2:200255:2|2:100105:10|2:600301:5,1:4:100|2:100105:5|2:600301:2,40,"[1001,1002]"
2010310,仙台89人,100106,20103,"[101,201]","[1,1]",1:4:100|2:200255:2|2:100105:10|2:600302:5,1:4:100|2:100105:5|2:600302:2,40,"[1001,1002]"
2010401,生力啤,100107,20104,"[101,201]","[1,1]",1:4:100|2:200255:1|2:100105:10,1:4:100|2:100105:5,99,"[1001,1002]"
2010402,菲律宾电信TNT,100108,20104,"[101,201]","[1,1]",1:4:100|2:200255:1|2:100105:10,1:4:100|2:100105:5,99,"[1001,1002]"
2010403,基尼巴国王,100109,20104,"[101,201]","[1,1]",1:4:100|2:200255:2|2:100105:10|2:600303:5,1:4:100|2:100105:5|2:600303:2,40,"[1001,1002]"
2010404,湾区翼龙,100110,20104,"[101,201]","[1,1]",1:4:100|2:200255:1|2:100105:10,1:4:100|2:100105:5,99,"[1001,1002]"
2010405,汇众光纤,100111,20104,"[101,201]","[1,1]",1:4:100|2:200255:1|2:100105:10,1:4:100|2:100105:5,99,"[1001,1002]"
2010406,勇士之路,100112,20104,"[101,201]","[1,1]",1:4:100|2:200255:2|2:100105:10|2:600304:5,1:4:100|2:100105:5|2:600304:2,40,"[1001,1002]"
2010407,博尔特斯,100113,20104,"[101,201]","[1,1]",1:4:100|2:200255:1|2:100105:10,1:4:100|2:100105:5,99,"[1001,1002]"
2010408,拉马多斯,100114,20104,"[101,201]","[1,1]",1:4:100|2:200255:1|2:100105:10,1:4:100|2:100105:5,99,"[1001,1002]"
2010409,泰拉菲尔马,100101,20104,"[101,201]","[1,1]",1:4:100|2:200255:2|2:100105:10|2:600305:5,1:4:100|2:100105:5|2:600305:2,40,"[1001,1002]"
2010410,伊拉斯图阴阳天,100102,20104,"[101,201]","[1,1]",1:4:100|2:200255:2|2:100105:10|2:600306:5,1:4:100|2:100105:5|2:600306:2,40,"[1001,1002]"
2010501,Hi-Tech,100103,20105,"[101,201]","[1,1]",1:4:100|2:200255:1|2:100105:10,1:4:100|2:100105:5,99,"[1001,1002]"
2010502,湄公河联盟,100104,20105,"[101,201]","[1,1]",1:4:100|2:200255:1|2:100105:10,1:4:100|2:100105:5,99,"[1001,1002]"
2010503,Dunkin猛龙队,100105,20105,"[101,201]","[1,1]",1:4:100|2:200255:2|2:100105:10|2:600307:5,1:4:100|2:100105:5|2:600307:2,40,"[1001,1002]"
2010504,爱国勇士,100106,20105,"[101,201]","[1,1]",1:4:100|2:200255:1|2:100105:10,1:4:100|2:100105:5,99,"[1001,1002]"
2010505,ZNO老鹰,100107,20105,"[101,201]","[1,1]",1:4:100|2:200255:1|2:100105:10,1:4:100|2:100105:5,99,"[1001,1002]"
2010506,爱国勇士,100108,20105,"[101,201]","[1,1]",1:4:100|2:200255:2|2:100105:10|2:600308:5,1:4:100|2:100105:5|2:600308:2,40,"[1001,1002]"
2010507,文莱飞马,100109,20105,"[101,201]","[1,1]",1:4:100|2:200255:1|2:100105:10,1:4:100|2:100105:5,99,"[1001,1002]"
2010508,琅勃拉邦,100110,20105,"[101,201]","[1,1]",1:4:100|2:200255:1|2:100105:10,1:4:100|2:100105:5,99,"[1001,1002]"
2010509,SWU篮球俱乐部,100111,20105,"[101,201]","[1,1]",1:4:100|2:200255:2|2:100105:10|2:600309:5,1:4:100|2:100105:5|2:600309:2,40,"[1001,1002]"
2010510,NS矩阵,100112,20105,"[101,201]","[1,1]",1:4:100|2:200255:2|2:100105:10|2:600310:5,1:4:100|2:100105:5|2:600310:2,40,"[1001,1002]"
2010601,孟买城,100113,20106,"[101,201]","[1,1]",1:4:100|2:200255:1|2:100105:10,1:4:100|2:100105:5,99,"[1001,1002]"
2010602,海德拉巴,100114,20106,"[101,201]","[1,1]",1:4:100|2:200255:1|2:100105:10,1:4:100|2:100105:5,99,"[1001,1002]"
2010603,喀啦啦爆破手,100101,20106,"[101,201]","[1,1]",1:4:100|2:200255:2|2:100105:10|2:600301:5,1:4:100|2:100105:5|2:600301:2,40,"[1001,1002]"
2010604,班加罗尔,100102,20106,"[101,201]","[1,1]",1:4:100|2:200255:1|2:100105:10,1:4:100|2:100105:5,99,"[1001,1002]"
2010605,果阿,100103,20106,"[101,201]","[1,1]",1:4:100|2:200255:1|2:100105:10,1:4:100|2:100105:5,99,"[1001,1002]"
2010606,奥里萨,100104,20106,"[101,201]","[1,1]",1:4:100|2:200255:2|2:100105:10|2:600302:5,1:4:100|2:100105:5|2:600302:2,40,"[1001,1002]"
2010607,金奈,100105,20106,"[101,201]","[1,1]",1:4:100|2:200255:1|2:100105:10,1:4:100|2:100105:5,99,"[1001,1002]"
2010608,东孟加拉,100106,20106,"[101,201]","[1,1]",1:4:100|2:200255:1|2:100105:10,1:4:100|2:100105:5,99,"[1001,1002]"
2010609,贾姆谢德布尔,100107,20106,"[101,201]","[1,1]",1:4:100|2:200255:2|2:100105:10|2:600303:5,1:4:100|2:100105:5|2:600303:2,40,"[1001,1002]"
2010610,东北联,100108,20106,"[101,201]","[1,1]",1:4:100|2:200255:2|2:100105:10|2:600304:5,1:4:100|2:100105:5|2:600304:2,40,"[1001,1002]"
2010701,戈尔甘,100109,20107,"[101,201]","[1,1]",1:4:100|2:200255:1|2:100105:10,1:4:100|2:100105:5,99,"[1001,1002]"
2010702,扎巴汉,100110,20107,"[101,201]","[1,1]",1:4:100|2:200255:1|2:100105:10,1:4:100|2:100105:5,99,"[1001,1002]"
2010703,迈斯科曼,100111,20107,"[101,201]","[1,1]",1:4:100|2:200255:2|2:100105:10|2:600305:5,1:4:100|2:100105:5|2:600305:2,40,"[1001,1002]"
2010704,锡尔詹,100112,20107,"[101,201]","[1,1]",1:4:100|2:200255:1|2:100105:10,1:4:100|2:100105:5,99,"[1001,1002]"
2010705,阿莫尔,100113,20107,"[101,201]","[1,1]",1:4:100|2:200255:1|2:100105:10,1:4:100|2:100105:5,99,"[1001,1002]"
2010706,阿巴丹,100114,20107,"[101,201]","[1,1]",1:4:100|2:200255:2|2:100105:10|2:600306:5,1:4:100|2:100105:5|2:600306:2,40,"[1001,1002]"
2010707,马赫拉姆,100101,20107,"[101,201]","[1,1]",1:4:100|2:200255:1|2:100105:10,1:4:100|2:100105:5,99,"[1001,1002]"
2010708,马什哈德,100102,20107,"[101,201]","[1,1]",1:4:100|2:200255:1|2:100105:10,1:4:100|2:100105:5,99,"[1001,1002]"
2010709,迪兹富勒,100103,20107,"[101,201]","[1,1]",1:4:100|2:200255:2|2:100105:10|2:600307:5,1:4:100|2:100105:5|2:600307:2,40,"[1001,1002]"
2010710,德黑兰Exxon,100104,20107,"[101,201]","[1,1]",1:4:100|2:200255:2|2:100105:10|2:600308:5,1:4:100|2:100105:5|2:600308:2,40,"[1001,1002]"
2020101,国家青年队1,100105,20201,"[101,201]","[1,1]",1:4:100|2:200255:1|2:100105:10,1:4:100|2:100105:5,99,"[1001,1002]"
2020102,国家青年队2,100106,20201,"[101,201]","[1,1]",1:4:100|2:200255:1|2:100105:10,1:4:100|2:100105:5,99,"[1001,1002]"
2020103,国家青年队3,100107,20201,"[101,201]","[1,1]",1:4:100|2:200255:2|2:100105:10|2:600309:5,1:4:100|2:100105:5|2:600309:2,40,"[1001,1002]"
2020104,国家青年队4,100108,20201,"[101,201]","[1,1]",1:4:100|2:200255:1|2:100105:10,1:4:100|2:100105:5,99,"[1001,1002]"
2020105,国家青年队5,100109,20201,"[101,201]","[1,1]",1:4:100|2:200255:1|2:100105:10,1:4:100|2:100105:5,99,"[1001,1002]"
2020106,国家青年队6,100110,20201,"[101,201]","[1,1]",1:4:100|2:200255:2|2:100105:10|2:600310:5,1:4:100|2:100105:5|2:600310:2,40,"[1001,1002]"
2020107,国家青年队7,100111,20201,"[101,201]","[1,1]",1:4:100|2:200255:1|2:100105:10,1:4:100|2:100105:5,99,"[1001,1002]"
2020108,国家青年队8,100112,20201,"[101,201]","[1,1]",1:4:100|2:200255:1|2:100105:10,1:4:100|2:100105:5,99,"[1001,1002]"
2020109,国家青年队9,100113,20201,"[101,201]","[1,1]",1:4:100|2:200255:2|2:100105:10|2:600301:5,1:4:100|2:100105:5|2:600301:2,40,"[1001,1002]"
2020110,国家青年队10,100114,20201,"[101,201]","[1,1]",1:4:100|2:200255:2|2:100105:10|2:600302:5,1:4:100|2:100105:5|2:600302:2,40,"[1001,1002]"
2020201,国家青年队1,100101,20202,"[101,201]","[1,1]",1:4:100|2:200255:1|2:100105:10,1:4:100|2:100105:5,99,"[1001,1002]"
2020202,国家青年队2,100102,20202,"[101,201]","[1,1]",1:4:100|2:200255:1|2:100105:10,1:4:100|2:100105:5,99,"[1001,1002]"
2020203,国家青年队3,100103,20202,"[101,201]","[1,1]",1:4:100|2:200255:2|2:100105:10|2:600303:5,1:4:100|2:100105:5|2:600303:2,40,"[1001,1002]"
2020204,国家青年队4,100104,20202,"[101,201]","[1,1]",1:4:100|2:200255:1|2:100105:10,1:4:100|2:100105:5,99,"[1001,1002]"
2020205,国家青年队5,100105,20202,"[101,201]","[1,1]",1:4:100|2:200255:1|2:100105:10,1:4:100|2:100105:5,99,"[1001,1002]"
2020206,国家青年队6,100106,20202,"[101,201]","[1,1]",1:4:100|2:200255:2|2:100105:10|2:600304:5,1:4:100|2:100105:5|2:600304:2,40,"[1001,1002]"
2020207,国家青年队7,100107,20202,"[101,201]","[1,1]",1:4:100|2:200255:1|2:100105:10,1:4:100|2:100105:5,99,"[1001,1002]"
2020208,国家青年队8,100108,20202,"[101,201]","[1,1]",1:4:100|2:200255:1|2:100105:10,1:4:100|2:100105:5,99,"[1001,1002]"
2020209,国家青年队9,100109,20202,"[101,201]","[1,1]",1:4:100|2:200255:2|2:100105:10|2:600305:5,1:4:100|2:100105:5|2:600305:2,40,"[1001,1002]"
2020210,国家青年队10,100110,20202,"[101,201]","[1,1]",1:4:100|2:200255:2|2:100105:10|2:600306:5,1:4:100|2:100105:5|2:600306:2,40,"[1001,1002]"
2020301,国家青年队1,100111,20203,"[101,201]","[1,1]",1:4:100|2:200255:1|2:100105:10,1:4:100|2:100105:5,99,"[1001,1002]"
2020302,国家青年队2,100112,20203,"[101,201]","[1,1]",1:4:100|2:200255:1|2:100105:10,1:4:100|2:100105:5,99,"[1001,1002]"
2020303,国家青年队3,100113,20203,"[101,201]","[1,1]",1:4:100|2:200255:2|2:100105:10|2:600307:5,1:4:100|2:100105:5|2:600307:2,40,"[1001,1002]"
2020304,国家青年队4,100114,20203,"[101,201]","[1,1]",1:4:100|2:200255:1|2:100105:10,1:4:100|2:100105:5,99,"[1001,1002]"
2020305,国家青年队5,100101,20203,"[101,201]","[1,1]",1:4:100|2:200255:1|2:100105:10,1:4:100|2:100105:5,99,"[1001,1002]"
2020306,国家青年队6,100102,20203,"[101,201]","[1,1]",1:4:100|2:200255:2|2:100105:10|2:600308:5,1:4:100|2:100105:5|2:600308:2,40,"[1001,1002]"
2020307,国家青年队7,100103,20203,"[101,201]","[1,1]",1:4:100|2:200255:1|2:100105:10,1:4:100|2:100105:5,99,"[1001,1002]"
2020308,国家青年队8,100104,20203,"[101,201]","[1,1]",1:4:100|2:200255:1|2:100105:10,1:4:100|2:100105:5,99,"[1001,1002]"
2020309,国家青年队9,100105,20203,"[101,201]","[1,1]",1:4:100|2:200255:2|2:100105:10|2:600309:5,1:4:100|2:100105:5|2:600309:2,40,"[1001,1002]"
2020310,国家青年队10,100106,20203,"[101,201]","[1,1]",1:4:100|2:200255:2|2:100105:10|2:600310:5,1:4:100|2:100105:5|2:600310:2,40,"[1001,1002]"
2020401,国家青年队1,100107,20204,"[101,201]","[1,1]",1:4:100|2:200255:1|2:100105:10,1:4:100|2:100105:5,99,"[1001,1002]"
2020402,国家青年队2,100108,20204,"[101,201]","[1,1]",1:4:100|2:200255:1|2:100105:10,1:4:100|2:100105:5,99,"[1001,1002]"
2020403,国家青年队3,100109,20204,"[101,201]","[1,1]",1:4:100|2:200255:2|2:100105:10|2:600301:5,1:4:100|2:100105:5|2:600301:2,40,"[1001,1002]"
2020404,国家青年队4,100110,20204,"[101,201]","[1,1]",1:4:100|2:200255:1|2:100105:10,1:4:100|2:100105:5,99,"[1001,1002]"
2020405,国家青年队5,100111,20204,"[101,201]","[1,1]",1:4:100|2:200255:1|2:100105:10,1:4:100|2:100105:5,99,"[1001,1002]"
2020406,国家青年队6,100112,20204,"[101,201]","[1,1]",1:4:100|2:200255:2|2:100105:10|2:600302:5,1:4:100|2:100105:5|2:600302:2,40,"[1001,1002]"
2020407,国家青年队7,100113,20204,"[101,201]","[1,1]",1:4:100|2:200255:1|2:100105:10,1:4:100|2:100105:5,99,"[1001,1002]"
2020408,国家青年队8,100114,20204,"[101,201]","[1,1]",1:4:100|2:200255:1|2:100105:10,1:4:100|2:100105:5,99,"[1001,1002]"
2020409,国家青年队9,100101,20204,"[101,201]","[1,1]",1:4:100|2:200255:2|2:100105:10|2:600303:5,1:4:100|2:100105:5|2:600303:2,40,"[1001,1002]"
2020410,国家青年队10,100102,20204,"[101,201]","[1,1]",1:4:100|2:200255:2|2:100105:10|2:600304:5,1:4:100|2:100105:5|2:600304:2,40,"[1001,1002]"
2020501,埃及奥林匹克,100103,20205,"[101,201]","[1,1]",1:4:100|2:200255:1|2:100105:10,1:4:100|2:100105:5,99,"[1001,1002]"
2020502,赫里奥波里斯,100104,20205,"[101,201]","[1,1]",1:4:100|2:200255:1|2:100105:10,1:4:100|2:100105:5,99,"[1001,1002]"
2020503,亚历山大港,100105,20205,"[101,201]","[1,1]",1:4:100|2:200255:2|2:100105:10|2:600305:5,1:4:100|2:100105:5|2:600305:2,40,"[1001,1002]"
2020504,埃及艾查捷拉,100106,20205,"[101,201]","[1,1]",1:4:100|2:200255:1|2:100105:10,1:4:100|2:100105:5,99,"[1001,1002]"
2020505,史莫哈,100107,20205,"[101,201]","[1,1]",1:4:100|2:200255:1|2:100105:10,1:4:100|2:100105:5,99,"[1001,1002]"
2020506,埃及竞技,100108,20205,"[101,201]","[1,1]",1:4:100|2:200255:2|2:100105:10|2:600306:5,1:4:100|2:100105:5|2:600306:2,40,"[1001,1002]"
2020507,阿尔佐奥尔,100109,20205,"[101,201]","[1,1]",1:4:100|2:200255:1|2:100105:10,1:4:100|2:100105:5,99,"[1001,1002]"
2020508,埃及保险,100110,20205,"[101,201]","[1,1]",1:4:100|2:200255:1|2:100105:10,1:4:100|2:100105:5,99,"[1001,1002]"
2020509,埃及开罗国民,100111,20205,"[101,201]","[1,1]",1:4:100|2:200255:2|2:100105:10|2:600307:5,1:4:100|2:100105:5|2:600307:2,40,"[1001,1002]"
2020510,海亚阿尔卡纳,100112,20205,"[101,201]","[1,1]",1:4:100|2:200255:2|2:100105:10|2:600308:5,1:4:100|2:100105:5|2:600308:2,40,"[1001,1002]"
2020601,火鸟,100113,20206,"[101,201]","[1,1]",1:4:100|2:200255:1|2:100105:10,1:4:100|2:100105:5,99,"[1001,1002]"
2020602,杜阿拉大学,100114,20206,"[101,201]","[1,1]",1:4:100|2:200255:1|2:100105:10,1:4:100|2:100105:5,99,"[1001,1002]"
2020603,BEAC,100101,20206,"[101,201]","[1,1]",1:4:100|2:200255:2|2:100105:10|2:600309:5,1:4:100|2:100105:5|2:600309:2,40,"[1001,1002]"
2020604,Le恩坎篮球,100102,20206,"[101,201]","[1,1]",1:4:100|2:200255:1|2:100105:10,1:4:100|2:100105:5,99,"[1001,1002]"
2020605,FAP Yaounde,100103,20206,"[101,201]","[1,1]",1:4:100|2:200255:1|2:100105:10,1:4:100|2:100105:5,99,"[1001,1002]"
2020606,布埃亚火山勇士,100104,20206,"[101,201]","[1,1]",1:4:100|2:200255:2|2:100105:10|2:600310:5,1:4:100|2:100105:5|2:600310:2,40,"[1001,1002]"
2020607,Nzui Manto BGTE,100105,20206,"[101,201]","[1,1]",1:4:100|2:200255:1|2:100105:10,1:4:100|2:100105:5,99,"[1001,1002]"
2020608,Condor Yaounde,100106,20206,"[101,201]","[1,1]",1:4:100|2:200255:1|2:100105:10,1:4:100|2:100105:5,99,"[1001,1002]"
2020609,Ecole de Basket DLA,100107,20206,"[101,201]","[1,1]",1:4:100|2:200255:2|2:100105:10|2:600301:5,1:4:100|2:100105:5|2:600301:2,40,"[1001,1002]"
2020610,布埃亚火山勇士,100108,20206,"[101,201]","[1,1]",1:4:100|2:200255:2|2:100105:10|2:600302:5,1:4:100|2:100105:5|2:600302:2,40,"[1001,1002]"
2020701,国家青年队1,100109,20207,"[101,201]","[1,1]",1:4:100|2:200255:1|2:100105:10,1:4:100|2:100105:5,99,"[1001,1002]"
2020702,国家青年队2,100110,20207,"[101,201]","[1,1]",1:4:100|2:200255:1|2:100105:10,1:4:100|2:100105:5,99,"[1001,1002]"
2020703,国家青年队3,100111,20207,"[101,201]","[1,1]",1:4:100|2:200255:2|2:100105:10|2:600303:5,1:4:100|2:100105:5|2:600303:2,40,"[1001,1002]"
2020704,国家青年队4,100112,20207,"[101,201]","[1,1]",1:4:100|2:200255:1|2:100105:10,1:4:100|2:100105:5,99,"[1001,1002]"
2020705,国家青年队5,100113,20207,"[101,201]","[1,1]",1:4:100|2:200255:1|2:100105:10,1:4:100|2:100105:5,99,"[1001,1002]"
2020706,国家青年队6,100114,20207,"[101,201]","[1,1]",1:4:100|2:200255:2|2:100105:10|2:600304:5,1:4:100|2:100105:5|2:600304:2,40,"[1001,1002]"
2020707,国家青年队7,100101,20207,"[101,201]","[1,1]",1:4:100|2:200255:1|2:100105:10,1:4:100|2:100105:5,99,"[1001,1002]"
2020708,国家青年队8,100102,20207,"[101,201]","[1,1]",1:4:100|2:200255:1|2:100105:10,1:4:100|2:100105:5,99,"[1001,1002]"
2020709,国家青年队9,100103,20207,"[101,201]","[1,1]",1:4:100|2:200255:2|2:100105:10|2:600305:5,1:4:100|2:100105:5|2:600305:2,40,"[1001,1002]"
2020710,国家青年队10,100104,20207,"[101,201]","[1,1]",1:4:100|2:200255:2|2:100105:10|2:600306:5,1:4:100|2:100105:5|2:600306:2,40,"[1001,1002]"
2020801,国家青年队1,100105,20208,"[101,201]","[1,1]",1:4:100|2:200255:1|2:100105:10,1:4:100|2:100105:5,99,"[1001,1002]"
2020802,国家青年队2,100106,20208,"[101,201]","[1,1]",1:4:100|2:200255:1|2:100105:10,1:4:100|2:100105:5,99,"[1001,1002]"
2020803,国家青年队3,100107,20208,"[101,201]","[1,1]",1:4:100|2:200255:2|2:100105:10|2:600307:5,1:4:100|2:100105:5|2:600307:2,40,"[1001,1002]"
2020804,国家青年队4,100108,20208,"[101,201]","[1,1]",1:4:100|2:200255:1|2:100105:10,1:4:100|2:100105:5,99,"[1001,1002]"
2020805,国家青年队5,100109,20208,"[101,201]","[1,1]",1:4:100|2:200255:1|2:100105:10,1:4:100|2:100105:5,99,"[1001,1002]"
2020806,国家青年队6,100110,20208,"[101,201]","[1,1]",1:4:100|2:200255:2|2:100105:10|2:600308:5,1:4:100|2:100105:5|2:600308:2,40,"[1001,1002]"
2020807,国家青年队7,100111,20208,"[101,201]","[1,1]",1:4:100|2:200255:1|2:100105:10,1:4:100|2:100105:5,99,"[1001,1002]"
2020808,国家青年队8,100112,20208,"[101,201]","[1,1]",1:4:100|2:200255:1|2:100105:10,1:4:100|2:100105:5,99,"[1001,1002]"
2020809,国家青年队9,100113,20208,"[101,201]","[1,1]",1:4:100|2:200255:2|2:100105:10|2:600309:5,1:4:100|2:100105:5|2:600309:2,40,"[1001,1002]"
2020810,国家青年队10,100114,20208,"[101,201]","[1,1]",1:4:100|2:200255:2|2:100105:10|2:600310:5,1:4:100|2:100105:5|2:600310:2,40,"[1001,1002]"
2020901,国家青年队1,100101,20209,"[101,201]","[1,1]",1:4:100|2:200255:1|2:100105:10,1:4:100|2:100105:5,99,"[1001,1002]"
2020902,国家青年队2,100102,20209,"[101,201]","[1,1]",1:4:100|2:200255:1|2:100105:10,1:4:100|2:100105:5,99,"[1001,1002]"
2020903,国家青年队3,100103,20209,"[101,201]","[1,1]",1:4:100|2:200255:2|2:100105:10|2:600301:5,1:4:100|2:100105:5|2:600301:2,40,"[1001,1002]"
2020904,国家青年队4,100104,20209,"[101,201]","[1,1]",1:4:100|2:200255:1|2:100105:10,1:4:100|2:100105:5,99,"[1001,1002]"
2020905,国家青年队5,100105,20209,"[101,201]","[1,1]",1:4:100|2:200255:1|2:100105:10,1:4:100|2:100105:5,99,"[1001,1002]"
2020906,国家青年队6,100106,20209,"[101,201]","[1,1]",1:4:100|2:200255:2|2:100105:10|2:600302:5,1:4:100|2:100105:5|2:600302:2,40,"[1001,1002]"
2020907,国家青年队7,100107,20209,"[101,201]","[1,1]",1:4:100|2:200255:1|2:100105:10,1:4:100|2:100105:5,99,"[1001,1002]"
2020908,国家青年队8,100108,20209,"[101,201]","[1,1]",1:4:100|2:200255:1|2:100105:10,1:4:100|2:100105:5,99,"[1001,1002]"
2020909,国家青年队9,100109,20209,"[101,201]","[1,1]",1:4:100|2:200255:2|2:100105:10|2:600303:5,1:4:100|2:100105:5|2:600303:2,40,"[1001,1002]"
2020910,国家青年队10,100110,20209,"[101,201]","[1,1]",1:4:100|2:200255:2|2:100105:10|2:600304:5,1:4:100|2:100105:5|2:600304:2,40,"[1001,1002]"
2021001,国家青年队1,100111,20210,"[101,201]","[1,1]",1:4:100|2:200255:1|2:100105:10,1:4:100|2:100105:5,99,"[1001,1002]"
2021002,国家青年队2,100112,20210,"[101,201]","[1,1]",1:4:100|2:200255:1|2:100105:10,1:4:100|2:100105:5,99,"[1001,1002]"
2021003,国家青年队3,100113,20210,"[101,201]","[1,1]",1:4:100|2:200255:2|2:100105:10|2:600305:5,1:4:100|2:100105:5|2:600305:2,40,"[1001,1002]"
2021004,国家青年队4,100114,20210,"[101,201]","[1,1]",1:4:100|2:200255:1|2:100105:10,1:4:100|2:100105:5,99,"[1001,1002]"
2021005,国家青年队5,100101,20210,"[101,201]","[1,1]",1:4:100|2:200255:1|2:100105:10,1:4:100|2:100105:5,99,"[1001,1002]"
2021006,国家青年队6,100102,20210,"[101,201]","[1,1]",1:4:100|2:200255:2|2:100105:10|2:600306:5,1:4:100|2:100105:5|2:600306:2,40,"[1001,1002]"
2021007,国家青年队7,100103,20210,"[101,201]","[1,1]",1:4:100|2:200255:1|2:100105:10,1:4:100|2:100105:5,99,"[1001,1002]"
2021008,国家青年队8,100104,20210,"[101,201]","[1,1]",1:4:100|2:200255:1|2:100105:10,1:4:100|2:100105:5,99,"[1001,1002]"
2021009,国家青年队9,100105,20210,"[101,201]","[1,1]",1:4:100|2:200255:2|2:100105:10|2:600307:5,1:4:100|2:100105:5|2:600307:2,40,"[1001,1002]"
2021010,国家青年队10,100106,20210,"[101,201]","[1,1]",1:4:100|2:200255:2|2:100105:10|2:600308:5,1:4:100|2:100105:5|2:600308:2,40,"[1001,1002]"
2030101,宾厄姆顿大学熊猫队,100107,20301,"[101,201]","[1,1]",1:4:100|2:200255:1|2:100105:10,1:4:100|2:100105:5,99,"[1001,1002]"
2030102,布莱恩特大学斗牛犬队,100108,20301,"[101,201]","[1,1]",1:4:100|2:200255:1|2:100105:10,1:4:100|2:100105:5,99,"[1001,1002]"
2030103,缅因大学黑熊队,100109,20301,"[101,201]","[1,1]",1:4:100|2:200255:2|2:100105:10|2:600409:5,1:4:100|2:100105:5|2:600409:2,40,"[1001,1002]"
2030104,马里兰大学寻回犬队,100110,20301,"[101,201]","[1,1]",1:4:100|2:200255:1|2:100105:10,1:4:100|2:100105:5,99,"[1001,1002]"
2030105,马萨诸塞大学河鹰队,100111,20301,"[101,201]","[1,1]",1:4:100|2:200255:1|2:100105:10,1:4:100|2:100105:5,99,"[1001,1002]"
2030106,新罕布什尔大学野猫队,100112,20301,"[101,201]","[1,1]",1:4:100|2:200255:2|2:100105:10|2:600410:5,1:4:100|2:100105:5|2:600410:2,40,"[1001,1002]"
2030107,新泽西理工学院高地人队,100113,20301,"[101,201]","[1,1]",1:4:100|2:200255:1|2:100105:10,1:4:100|2:100105:5,99,"[1001,1002]"
2030108,佛蒙特大学目录队,100114,20301,"[101,201]","[1,1]",1:4:100|2:200255:1|2:100105:10,1:4:100|2:100105:5,99,"[1001,1002]"
2030109,中佛罗里达大学骑士队,100101,20301,"[101,201]","[1,1]",1:4:100|2:200255:2|2:100105:10|2:600401:5,1:4:100|2:100105:5|2:600401:2,40,"[1001,1002]"
2030110,N步行者,100102,20301,"[101,201]","[1,1]",1:4:100|2:200255:2|2:100105:10|2:600402:5,1:4:100|2:100105:5|2:600402:2,40,"[1001,1002]"
2030201,东卡罗来纳大学海盗队,100103,20302,"[101,201]","[1,1]",1:4:100|2:200255:1|2:100105:10,1:4:100|2:100105:5,99,"[1001,1002]"
2030202,休斯顿大学美洲狮队,100104,20302,"[101,201]","[1,1]",1:4:100|2:200255:1|2:100105:10,1:4:100|2:100105:5,99,"[1001,1002]"
2030203,孟菲斯大学老虎队队,100105,20302,"[101,201]","[1,1]",1:4:100|2:200255:2|2:100105:10|2:600403:5,1:4:100|2:100105:5|2:600403:2,40,"[1001,1002]"
2030204,南佛罗里达大学公牛队,100106,20302,"[101,201]","[1,1]",1:4:100|2:200255:1|2:100105:10,1:4:100|2:100105:5,99,"[1001,1002]"
2030205,南方卫理公会大学野马队,100107,20302,"[101,201]","[1,1]",1:4:100|2:200255:1|2:100105:10,1:4:100|2:100105:5,99,"[1001,1002]"
2030206,天普大学猫头鹰队,100108,20302,"[101,201]","[1,1]",1:4:100|2:200255:2|2:100105:10|2:600404:5,1:4:100|2:100105:5|2:600404:2,40,"[1001,1002]"
2030207,杜兰大学绿波队,100109,20302,"[101,201]","[1,1]",1:4:100|2:200255:1|2:100105:10,1:4:100|2:100105:5,99,"[1001,1002]"
2030208,塔尔萨大学金色飓风队,100110,20302,"[101,201]","[1,1]",1:4:100|2:200255:1|2:100105:10,1:4:100|2:100105:5,99,"[1001,1002]"
2030209,威奇托州立大学震惊者队,100111,20302,"[101,201]","[1,1]",1:4:100|2:200255:2|2:100105:10|2:600405:5,1:4:100|2:100105:5|2:600405:2,40,"[1001,1002]"
2030210,波士顿学院老鹰队,100112,20302,"[101,201]","[1,1]",1:4:100|2:200255:2|2:100105:10|2:600406:5,1:4:100|2:100105:5|2:600406:2,40,"[1001,1002]"
2030301,克莱姆森大学老虎队,100113,20303,"[101,201]","[1,1]",1:4:100|2:200255:1|2:100105:10,1:4:100|2:100105:5,99,"[1001,1002]"
2030302,杜克大学蓝魔队,100114,20303,"[101,201]","[1,1]",1:4:100|2:200255:1|2:100105:10,1:4:100|2:100105:5,99,"[1001,1002]"
2030303,佛罗里达州立大学塞米诺尔队,100101,20303,"[101,201]","[1,1]",1:4:100|2:200255:2|2:100105:10|2:600407:5,1:4:100|2:100105:5|2:600407:2,40,"[1001,1002]"
2030304,佐治亚理工学院黄色夹克队,100102,20303,"[101,201]","[1,1]",1:4:100|2:200255:1|2:100105:10,1:4:100|2:100105:5,99,"[1001,1002]"
2030305,路易斯维尔大学红衣主教队,100103,20303,"[101,201]","[1,1]",1:4:100|2:200255:1|2:100105:10,1:4:100|2:100105:5,99,"[1001,1002]"
2030306,迈阿密大学飓风队,100104,20303,"[101,201]","[1,1]",1:4:100|2:200255:2|2:100105:10|2:600408:5,1:4:100|2:100105:5|2:600408:2,40,"[1001,1002]"
2030307,飞艇队,100105,20303,"[101,201]","[1,1]",1:4:100|2:200255:1|2:100105:10,1:4:100|2:100105:5,99,"[1001,1002]"
2030308,勇者队,100106,20303,"[101,201]","[1,1]",1:4:100|2:200255:1|2:100105:10,1:4:100|2:100105:5,99,"[1001,1002]"
2030309,大湖队,100107,20303,"[101,201]","[1,1]",1:4:100|2:200255:2|2:100105:10|2:600409:5,1:4:100|2:100105:5|2:600409:2,40,"[1001,1002]"
2030310,国王队,100108,20303,"[101,201]","[1,1]",1:4:100|2:200255:2|2:100105:10|2:600410:5,1:4:100|2:100105:5|2:600410:2,40,"[1001,1002]"
2030401,雪城大学橙子队,100109,20304,"[101,201]","[1,1]",1:4:100|2:200255:1|2:100105:10,1:4:100|2:100105:5,99,"[1001,1002]"
2030402,弗吉尼亚大学骑士队队,100110,20304,"[101,201]","[1,1]",1:4:100|2:200255:1|2:100105:10,1:4:100|2:100105:5,99,"[1001,1002]"
2030403,弗吉尼亚理工学院霍基斯队,100111,20304,"[101,201]","[1,1]",1:4:100|2:200255:2|2:100105:10|2:600401:5,1:4:100|2:100105:5|2:600401:2,40,"[1001,1002]"
2030404,维克森林大学恶魔执事队,100112,20304,"[101,201]","[1,1]",1:4:100|2:200255:1|2:100105:10,1:4:100|2:100105:5,99,"[1001,1002]"
2030405,奥斯汀皮伊州立大学州长队,100113,20304,"[101,201]","[1,1]",1:4:100|2:200255:1|2:100105:10,1:4:100|2:100105:5,99,"[1001,1002]"
2030406,贝拉明大学骑士队,100114,20304,"[101,201]","[1,1]",1:4:100|2:200255:2|2:100105:10|2:600402:5,1:4:100|2:100105:5|2:600402:2,40,"[1001,1002]"
2030407,中央阿肯色大学熊队,100101,20304,"[101,201]","[1,1]",1:4:100|2:200255:1|2:100105:10,1:4:100|2:100105:5,99,"[1001,1002]"
2030408,东肯塔基大学上校队,100102,20304,"[101,201]","[1,1]",1:4:100|2:200255:1|2:100105:10,1:4:100|2:100105:5,99,"[1001,1002]"
2030409,神的母校,100103,20304,"[101,201]","[1,1]",1:4:100|2:200255:2|2:100105:10|2:600403:5,1:4:100|2:100105:5|2:600403:2,40,"[1001,1002]"
2030410,工蜂队,100104,20304,"[101,201]","[1,1]",1:4:100|2:200255:2|2:100105:10|2:600404:5,1:4:100|2:100105:5|2:600404:2,40,"[1001,1002]"
2030501,杰克逊维尔州立大学斗鸡队,100105,20305,"[101,201]","[1,1]",1:4:100|2:200255:1|2:100105:10,1:4:100|2:100105:5,99,"[1001,1002]"
2030502,肯尼索州立大学猫头鹰队,100106,20305,"[101,201]","[1,1]",1:4:100|2:200255:1|2:100105:10,1:4:100|2:100105:5,99,"[1001,1002]"
2030503,自由大学火焰队,100107,20305,"[101,201]","[1,1]",1:4:100|2:200255:2|2:100105:10|2:600405:5,1:4:100|2:100105:5|2:600405:2,40,"[1001,1002]"
2030504,利普斯科姆大学野牛队,100108,20305,"[101,201]","[1,1]",1:4:100|2:200255:1|2:100105:10,1:4:100|2:100105:5,99,"[1001,1002]"
2030505,北阿拉巴马大学狮子队,100109,20305,"[101,201]","[1,1]",1:4:100|2:200255:1|2:100105:10,1:4:100|2:100105:5,99,"[1001,1002]"
2030506,北佛罗里达大学鱼鹰队,100110,20305,"[101,201]","[1,1]",1:4:100|2:200255:2|2:100105:10|2:600406:5,1:4:100|2:100105:5|2:600406:2,40,"[1001,1002]"
2030507,夏洛特皇后大学[e]皇家队队,100111,20305,"[101,201]","[1,1]",1:4:100|2:200255:1|2:100105:10,1:4:100|2:100105:5,99,"[1001,1002]"
2030508,斯泰森大学帽匠队,100112,20305,"[101,201]","[1,1]",1:4:100|2:200255:1|2:100105:10,1:4:100|2:100105:5,99,"[1001,1002]"
2030509,戴维森学院野猫队,100113,20305,"[101,201]","[1,1]",1:4:100|2:200255:2|2:100105:10|2:600407:5,1:4:100|2:100105:5|2:600407:2,40,"[1001,1002]"
2030510,代顿大学传单队,100114,20305,"[101,201]","[1,1]",1:4:100|2:200255:2|2:100105:10|2:600408:5,1:4:100|2:100105:5|2:600408:2,40,"[1001,1002]"
2030601,杜肯大学公爵队,100101,20306,"[101,201]","[1,1]",1:4:100|2:200255:1|2:100105:10,1:4:100|2:100105:5,99,"[1001,1002]"
2030602,福特汉姆大学公羊队,100102,20306,"[101,201]","[1,1]",1:4:100|2:200255:1|2:100105:10,1:4:100|2:100105:5,99,"[1001,1002]"
2030603,乔治梅森大学爱国者队,100103,20306,"[101,201]","[1,1]",1:4:100|2:200255:2|2:100105:10|2:600409:5,1:4:100|2:100105:5|2:600409:2,40,"[1001,1002]"
2030604,乔治华盛顿大学殖民者队,100104,20306,"[101,201]","[1,1]",1:4:100|2:200255:1|2:100105:10,1:4:100|2:100105:5,99,"[1001,1002]"
2030605,拉萨尔大学探险家队,100105,20306,"[101,201]","[1,1]",1:4:100|2:200255:1|2:100105:10,1:4:100|2:100105:5,99,"[1001,1002]"
2030606,芝加哥洛约拉大学漫步者队,100106,20306,"[101,201]","[1,1]",1:4:100|2:200255:2|2:100105:10|2:600410:5,1:4:100|2:100105:5|2:600410:2,40,"[1001,1002]"
2030607,马萨诸塞大学阿默斯特分校民兵队,100107,20306,"[101,201]","[1,1]",1:4:100|2:200255:1|2:100105:10,1:4:100|2:100105:5,99,"[1001,1002]"
2030608,罗德岛大学公羊队,100108,20306,"[101,201]","[1,1]",1:4:100|2:200255:1|2:100105:10,1:4:100|2:100105:5,99,"[1001,1002]"
2030609,圣文德大学邦妮丝队,100109,20306,"[101,201]","[1,1]",1:4:100|2:200255:2|2:100105:10|2:600401:5,1:4:100|2:100105:5|2:600401:2,40,"[1001,1002]"
2030610,数字队,100110,20306,"[101,201]","[1,1]",1:4:100|2:200255:2|2:100105:10|2:600402:5,1:4:100|2:100105:5|2:600402:2,40,"[1001,1002]"
2030701,圣约瑟夫大学老鹰队,100111,20307,"[101,201]","[1,1]",1:4:100|2:200255:1|2:100105:10,1:4:100|2:100105:5,99,"[1001,1002]"
2030702,圣路易斯大学比利肯斯队,100112,20307,"[101,201]","[1,1]",1:4:100|2:200255:1|2:100105:10,1:4:100|2:100105:5,99,"[1001,1002]"
2030703,弗吉尼亚联邦大学公羊队,100113,20307,"[101,201]","[1,1]",1:4:100|2:200255:2|2:100105:10|2:600403:5,1:4:100|2:100105:5|2:600403:2,40,"[1001,1002]"
2030704,巴特勒大学斗牛犬队,100114,20307,"[101,201]","[1,1]",1:4:100|2:200255:1|2:100105:10,1:4:100|2:100105:5,99,"[1001,1002]"
2030705,克赖顿大学蓝鸟队,100101,20307,"[101,201]","[1,1]",1:4:100|2:200255:1|2:100105:10,1:4:100|2:100105:5,99,"[1001,1002]"
2030706,德保罗大学蓝色恶魔队,100102,20307,"[101,201]","[1,1]",1:4:100|2:200255:2|2:100105:10|2:600404:5,1:4:100|2:100105:5|2:600404:2,40,"[1001,1002]"
2030707,乔治城大学霍亚斯队,100103,20307,"[101,201]","[1,1]",1:4:100|2:200255:1|2:100105:10,1:4:100|2:100105:5,99,"[1001,1002]"
2030708,马凯特大学金鹰队队,100104,20307,"[101,201]","[1,1]",1:4:100|2:200255:1|2:100105:10,1:4:100|2:100105:5,99,"[1001,1002]"
2030709,普罗维登斯学院修士队,100105,20307,"[101,201]","[1,1]",1:4:100|2:200255:2|2:100105:10|2:600405:5,1:4:100|2:100105:5|2:600405:2,40,"[1001,1002]"
2030710,圣约翰大学红色风暴队,100106,20307,"[101,201]","[1,1]",1:4:100|2:200255:2|2:100105:10|2:600406:5,1:4:100|2:100105:5|2:600406:2,40,"[1001,1002]"
2030801,Sudbury Five,100107,20308,"[101,201]","[1,1]",1:4:100|2:200255:1|2:100105:10,1:4:100|2:100105:5,99,"[1001,1002]"
2030802,纽芬兰Rogues,100108,20308,"[101,201]","[1,1]",1:4:100|2:200255:1|2:100105:10,1:4:100|2:100105:5,99,"[1001,1002]"
2030803,London Lightning,100109,20308,"[101,201]","[1,1]",1:4:100|2:200255:2|2:100105:10|2:600407:5,1:4:100|2:100105:5|2:600407:2,40,"[1001,1002]"
2030804,Windsor Express,100110,20308,"[101,201]","[1,1]",1:4:100|2:200255:1|2:100105:10,1:4:100|2:100105:5,99,"[1001,1002]"
2030805,奥克兰县法老,100111,20308,"[101,201]","[1,1]",1:4:100|2:200255:1|2:100105:10,1:4:100|2:100105:5,99,"[1001,1002]"
2030806,KW Titans,100112,20308,"[101,201]","[1,1]",1:4:100|2:200255:2|2:100105:10|2:600408:5,1:4:100|2:100105:5|2:600408:2,40,"[1001,1002]"
2030807,詹姆斯敦豺狼,100113,20308,"[101,201]","[1,1]",1:4:100|2:200255:1|2:100105:10,1:4:100|2:100105:5,99,"[1001,1002]"
2030808,纽芬兰Rogues,100114,20308,"[101,201]","[1,1]",1:4:100|2:200255:1|2:100105:10,1:4:100|2:100105:5,99,"[1001,1002]"
2030809,London Lightning,100101,20308,"[101,201]","[1,1]",1:4:100|2:200255:2|2:100105:10|2:600409:5,1:4:100|2:100105:5|2:600409:2,40,"[1001,1002]"
2030810,Windsor Express,100102,20308,"[101,201]","[1,1]",1:4:100|2:200255:2|2:100105:10|2:600410:5,1:4:100|2:100105:5|2:600410:2,40,"[1001,1002]"
2030901,Metropolitanos,100103,20309,"[101,201]","[1,1]",1:4:100|2:200255:1|2:100105:10,1:4:100|2:100105:5,99,"[1001,1002]"
2030902,Matanzas,100104,20309,"[101,201]","[1,1]",1:4:100|2:200255:1|2:100105:10,1:4:100|2:100105:5,99,"[1001,1002]"
2030903,Mayabeque,100105,20309,"[101,201]","[1,1]",1:4:100|2:200255:2|2:100105:10|2:600401:5,1:4:100|2:100105:5|2:600401:2,40,"[1001,1002]"
2030904,Pinar del Rio,100106,20309,"[101,201]","[1,1]",1:4:100|2:200255:1|2:100105:10,1:4:100|2:100105:5,99,"[1001,1002]"
2030905,Artemisa,100107,20309,"[101,201]","[1,1]",1:4:100|2:200255:1|2:100105:10,1:4:100|2:100105:5,99,"[1001,1002]"
2030906,圣斯皮里图斯,100108,20309,"[101,201]","[1,1]",1:4:100|2:200255:2|2:100105:10|2:600402:5,1:4:100|2:100105:5|2:600402:2,40,"[1001,1002]"
2030907,圣地亚哥,100109,20309,"[101,201]","[1,1]",1:4:100|2:200255:1|2:100105:10,1:4:100|2:100105:5,99,"[1001,1002]"
2030908,谢戈德阿维拉,100110,20309,"[101,201]","[1,1]",1:4:100|2:200255:1|2:100105:10,1:4:100|2:100105:5,99,"[1001,1002]"
2030909,比亚克拉拉,100111,20309,"[101,201]","[1,1]",1:4:100|2:200255:2|2:100105:10|2:600403:5,1:4:100|2:100105:5|2:600403:2,40,"[1001,1002]"
2030910,Capitalinos,100112,20309,"[101,201]","[1,1]",1:4:100|2:200255:2|2:100105:10|2:600404:5,1:4:100|2:100105:5|2:600404:2,40,"[1001,1002]"
2031001,太空人,100113,20310,"[101,201]","[1,1]",1:4:100|2:200255:1|2:100105:10,1:4:100|2:100105:5,99,"[1001,1002]"
2031002,多拉多斯,100114,20310,"[101,201]","[1,1]",1:4:100|2:200255:1|2:100105:10,1:4:100|2:100105:5,99,"[1001,1002]"
2031003,阿比查斯,100101,20310,"[101,201]","[1,1]",1:4:100|2:200255:2|2:100105:10|2:600405:5,1:4:100|2:100105:5|2:600405:2,40,"[1001,1002]"
2031004,富尔萨雷吉亚,100102,20310,"[101,201]","[1,1]",1:4:100|2:200255:1|2:100105:10,1:4:100|2:100105:5,99,"[1001,1002]"
2031005,利伯塔多瑞斯,100103,20310,"[101,201]","[1,1]",1:4:100|2:200255:1|2:100105:10,1:4:100|2:100105:5,99,"[1001,1002]"
2031006,普拉特罗斯,100104,20310,"[101,201]","[1,1]",1:4:100|2:200255:2|2:100105:10|2:600406:5,1:4:100|2:100105:5|2:600406:2,40,"[1001,1002]"
2031007,米拿罗斯,100105,20310,"[101,201]","[1,1]",1:4:100|2:200255:1|2:100105:10,1:4:100|2:100105:5,99,"[1001,1002]"
2031008,墨西卡利,100106,20310,"[101,201]","[1,1]",1:4:100|2:200255:1|2:100105:10,1:4:100|2:100105:5,99,"[1001,1002]"
2031009,夏拉帕,100107,20310,"[101,201]","[1,1]",1:4:100|2:200255:2|2:100105:10|2:600407:5,1:4:100|2:100105:5|2:600407:2,40,"[1001,1002]"
2031010,克雷卡米诺斯,100108,20310,"[101,201]","[1,1]",1:4:100|2:200255:2|2:100105:10|2:600408:5,1:4:100|2:100105:5|2:600408:2,40,"[1001,1002]"
2040101,国家青年队1,100109,20401,"[101,201]","[1,1]",1:4:100|2:200255:1|2:100105:10,1:4:100|2:100105:5,99,"[1001,1002]"
2040102,国家青年队2,100110,20401,"[101,201]","[1,1]",1:4:100|2:200255:1|2:100105:10,1:4:100|2:100105:5,99,"[1001,1002]"
2040103,国家青年队3,100111,20401,"[101,201]","[1,1]",1:4:100|2:200255:2|2:100105:10|2:600409:5,1:4:100|2:100105:5|2:600409:2,40,"[1001,1002]"
2040104,国家青年队4,100112,20401,"[101,201]","[1,1]",1:4:100|2:200255:1|2:100105:10,1:4:100|2:100105:5,99,"[1001,1002]"
2040105,国家青年队5,100113,20401,"[101,201]","[1,1]",1:4:100|2:200255:1|2:100105:10,1:4:100|2:100105:5,99,"[1001,1002]"
2040106,国家青年队6,100114,20401,"[101,201]","[1,1]",1:4:100|2:200255:2|2:100105:10|2:600410:5,1:4:100|2:100105:5|2:600410:2,40,"[1001,1002]"
2040107,国家青年队7,100101,20401,"[101,201]","[1,1]",1:4:100|2:200255:1|2:100105:10,1:4:100|2:100105:5,99,"[1001,1002]"
2040108,国家青年队8,100102,20401,"[101,201]","[1,1]",1:4:100|2:200255:1|2:100105:10,1:4:100|2:100105:5,99,"[1001,1002]"
2040109,国家青年队9,100103,20401,"[101,201]","[1,1]",1:4:100|2:200255:2|2:100105:10|2:600401:5,1:4:100|2:100105:5|2:600401:2,40,"[1001,1002]"
2040110,国家青年队10,100104,20401,"[101,201]","[1,1]",1:4:100|2:200255:2|2:100105:10|2:600402:5,1:4:100|2:100105:5|2:600402:2,40,"[1001,1002]"
2040201,国家青年队1,100105,20402,"[101,201]","[1,1]",1:4:100|2:200255:1|2:100105:10,1:4:100|2:100105:5,99,"[1001,1002]"
2040202,国家青年队2,100106,20402,"[101,201]","[1,1]",1:4:100|2:200255:1|2:100105:10,1:4:100|2:100105:5,99,"[1001,1002]"
2040203,国家青年队3,100107,20402,"[101,201]","[1,1]",1:4:100|2:200255:2|2:100105:10|2:600403:5,1:4:100|2:100105:5|2:600403:2,40,"[1001,1002]"
2040204,国家青年队4,100108,20402,"[101,201]","[1,1]",1:4:100|2:200255:1|2:100105:10,1:4:100|2:100105:5,99,"[1001,1002]"
2040205,国家青年队5,100109,20402,"[101,201]","[1,1]",1:4:100|2:200255:1|2:100105:10,1:4:100|2:100105:5,99,"[1001,1002]"
2040206,国家青年队6,100110,20402,"[101,201]","[1,1]",1:4:100|2:200255:2|2:100105:10|2:600404:5,1:4:100|2:100105:5|2:600404:2,40,"[1001,1002]"
2040207,国家青年队7,100111,20402,"[101,201]","[1,1]",1:4:100|2:200255:1|2:100105:10,1:4:100|2:100105:5,99,"[1001,1002]"
2040208,国家青年队8,100112,20402,"[101,201]","[1,1]",1:4:100|2:200255:1|2:100105:10,1:4:100|2:100105:5,99,"[1001,1002]"
2040209,国家青年队9,100113,20402,"[101,201]","[1,1]",1:4:100|2:200255:2|2:100105:10|2:600405:5,1:4:100|2:100105:5|2:600405:2,40,"[1001,1002]"
2040210,国家青年队10,100114,20402,"[101,201]","[1,1]",1:4:100|2:200255:2|2:100105:10|2:600406:5,1:4:100|2:100105:5|2:600406:2,40,"[1001,1002]"
2040301,加勒比风暴群岛,100101,20403,"[101,201]","[1,1]",1:4:100|2:200255:1|2:100105:10,1:4:100|2:100105:5,99,"[1001,1002]"
2040302,巴兰基亚泰坦,100102,20403,"[101,201]","[1,1]",1:4:100|2:200255:1|2:100105:10,1:4:100|2:100105:5,99,"[1001,1002]"
2040303,波哥大海盗,100103,20403,"[101,201]","[1,1]",1:4:100|2:200255:2|2:100105:10|2:600407:5,1:4:100|2:100105:5|2:600407:2,40,"[1001,1002]"
2040304,巧克力栗色,100104,20403,"[101,201]","[1,1]",1:4:100|2:200255:1|2:100105:10,1:4:100|2:100105:5,99,"[1001,1002]"
2040305,卡利队,100105,20403,"[101,201]","[1,1]",1:4:100|2:200255:1|2:100105:10,1:4:100|2:100105:5,99,"[1001,1002]"
2040306,布卡罗斯,100106,20403,"[101,201]","[1,1]",1:4:100|2:200255:2|2:100105:10|2:600408:5,1:4:100|2:100105:5|2:600408:2,40,"[1001,1002]"
2040307,卡塔赫纳海盗,100107,20403,"[101,201]","[1,1]",1:4:100|2:200255:1|2:100105:10,1:4:100|2:100105:5,99,"[1001,1002]"
2040308,昆迪纳马卡秃鹰,100108,20403,"[101,201]","[1,1]",1:4:100|2:200255:1|2:100105:10,1:4:100|2:100105:5,99,"[1001,1002]"
2040309,卡塔赫纳海盗,100109,20403,"[101,201]","[1,1]",1:4:100|2:200255:2|2:100105:10|2:600409:5,1:4:100|2:100105:5|2:600409:2,40,"[1001,1002]"
2040310,昆迪纳马卡秃鹰,100110,20403,"[101,201]","[1,1]",1:4:100|2:200255:2|2:100105:10|2:600410:5,1:4:100|2:100105:5|2:600410:2,40,"[1001,1002]"
2040401,国家青年队1,100111,20404,"[101,201]","[1,1]",1:4:100|2:200255:1|2:100105:10,1:4:100|2:100105:5,99,"[1001,1002]"
2040402,国家青年队2,100112,20404,"[101,201]","[1,1]",1:4:100|2:200255:1|2:100105:10,1:4:100|2:100105:5,99,"[1001,1002]"
2040403,国家青年队3,100113,20404,"[101,201]","[1,1]",1:4:100|2:200255:2|2:100105:10|2:600401:5,1:4:100|2:100105:5|2:600401:2,40,"[1001,1002]"
2040404,国家青年队4,100114,20404,"[101,201]","[1,1]",1:4:100|2:200255:1|2:100105:10,1:4:100|2:100105:5,99,"[1001,1002]"
2040405,国家青年队5,100101,20404,"[101,201]","[1,1]",1:4:100|2:200255:1|2:100105:10,1:4:100|2:100105:5,99,"[1001,1002]"
2040406,国家青年队6,100102,20404,"[101,201]","[1,1]",1:4:100|2:200255:2|2:100105:10|2:600402:5,1:4:100|2:100105:5|2:600402:2,40,"[1001,1002]"
2040407,国家青年队7,100103,20404,"[101,201]","[1,1]",1:4:100|2:200255:1|2:100105:10,1:4:100|2:100105:5,99,"[1001,1002]"
2040408,国家青年队8,100104,20404,"[101,201]","[1,1]",1:4:100|2:200255:1|2:100105:10,1:4:100|2:100105:5,99,"[1001,1002]"
2040409,国家青年队9,100105,20404,"[101,201]","[1,1]",1:4:100|2:200255:2|2:100105:10|2:600403:5,1:4:100|2:100105:5|2:600403:2,40,"[1001,1002]"
2040410,国家青年队10,100106,20404,"[101,201]","[1,1]",1:4:100|2:200255:2|2:100105:10|2:600404:5,1:4:100|2:100105:5|2:600404:2,40,"[1001,1002]"
2040501,国家青年队1,100107,20405,"[101,201]","[1,1]",1:4:100|2:200255:1|2:100105:10,1:4:100|2:100105:5,99,"[1001,1002]"
2040502,国家青年队2,100108,20405,"[101,201]","[1,1]",1:4:100|2:200255:1|2:100105:10,1:4:100|2:100105:5,99,"[1001,1002]"
2040503,国家青年队3,100109,20405,"[101,201]","[1,1]",1:4:100|2:200255:2|2:100105:10|2:600405:5,1:4:100|2:100105:5|2:600405:2,40,"[1001,1002]"
2040504,国家青年队4,100110,20405,"[101,201]","[1,1]",1:4:100|2:200255:1|2:100105:10,1:4:100|2:100105:5,99,"[1001,1002]"
2040505,国家青年队5,100111,20405,"[101,201]","[1,1]",1:4:100|2:200255:1|2:100105:10,1:4:100|2:100105:5,99,"[1001,1002]"
2040506,国家青年队6,100112,20405,"[101,201]","[1,1]",1:4:100|2:200255:2|2:100105:10|2:600406:5,1:4:100|2:100105:5|2:600406:2,40,"[1001,1002]"
2040507,国家青年队7,100113,20405,"[101,201]","[1,1]",1:4:100|2:200255:1|2:100105:10,1:4:100|2:100105:5,99,"[1001,1002]"
2040508,国家青年队8,100114,20405,"[101,201]","[1,1]",1:4:100|2:200255:1|2:100105:10,1:4:100|2:100105:5,99,"[1001,1002]"
2040509,国家青年队9,100101,20405,"[101,201]","[1,1]",1:4:100|2:200255:2|2:100105:10|2:600407:5,1:4:100|2:100105:5|2:600407:2,40,"[1001,1002]"
2040510,国家青年队10,100102,20405,"[101,201]","[1,1]",1:4:100|2:200255:2|2:100105:10|2:600408:5,1:4:100|2:100105:5|2:600408:2,40,"[1001,1002]"
2040601,国家青年队1,100103,20406,"[101,201]","[1,1]",1:4:100|2:200255:1|2:100105:10,1:4:100|2:100105:5,99,"[1001,1002]"
2040602,国家青年队2,100104,20406,"[101,201]","[1,1]",1:4:100|2:200255:1|2:100105:10,1:4:100|2:100105:5,99,"[1001,1002]"
2040603,国家青年队3,100105,20406,"[101,201]","[1,1]",1:4:100|2:200255:2|2:100105:10|2:600409:5,1:4:100|2:100105:5|2:600409:2,40,"[1001,1002]"
2040604,国家青年队4,100106,20406,"[101,201]","[1,1]",1:4:100|2:200255:1|2:100105:10,1:4:100|2:100105:5,99,"[1001,1002]"
2040605,国家青年队5,100107,20406,"[101,201]","[1,1]",1:4:100|2:200255:1|2:100105:10,1:4:100|2:100105:5,99,"[1001,1002]"
2040606,国家青年队6,100108,20406,"[101,201]","[1,1]",1:4:100|2:200255:2|2:100105:10|2:600410:5,1:4:100|2:100105:5|2:600410:2,40,"[1001,1002]"
2040607,国家青年队7,100109,20406,"[101,201]","[1,1]",1:4:100|2:200255:1|2:100105:10,1:4:100|2:100105:5,99,"[1001,1002]"
2040608,国家青年队8,100110,20406,"[101,201]","[1,1]",1:4:100|2:200255:1|2:100105:10,1:4:100|2:100105:5,99,"[1001,1002]"
2040609,国家青年队9,100111,20406,"[101,201]","[1,1]",1:4:100|2:200255:2|2:100105:10|2:600401:5,1:4:100|2:100105:5|2:600401:2,40,"[1001,1002]"
2040610,国家青年队10,100112,20406,"[101,201]","[1,1]",1:4:100|2:200255:2|2:100105:10|2:600402:5,1:4:100|2:100105:5|2:600402:2,40,"[1001,1002]"
2040701,国家青年队1,100113,20407,"[101,201]","[1,1]",1:4:100|2:200255:1|2:100105:10,1:4:100|2:100105:5,99,"[1001,1002]"
2040702,国家青年队2,100114,20407,"[101,201]","[1,1]",1:4:100|2:200255:1|2:100105:10,1:4:100|2:100105:5,99,"[1001,1002]"
2040703,国家青年队3,100101,20407,"[101,201]","[1,1]",1:4:100|2:200255:2|2:100105:10|2:600403:5,1:4:100|2:100105:5|2:600403:2,40,"[1001,1002]"
2040704,国家青年队4,100102,20407,"[101,201]","[1,1]",1:4:100|2:200255:1|2:100105:10,1:4:100|2:100105:5,99,"[1001,1002]"
2040705,国家青年队5,100103,20407,"[101,201]","[1,1]",1:4:100|2:200255:1|2:100105:10,1:4:100|2:100105:5,99,"[1001,1002]"
2040706,国家青年队6,100104,20407,"[101,201]","[1,1]",1:4:100|2:200255:2|2:100105:10|2:600404:5,1:4:100|2:100105:5|2:600404:2,40,"[1001,1002]"
2040707,国家青年队7,100105,20407,"[101,201]","[1,1]",1:4:100|2:200255:1|2:100105:10,1:4:100|2:100105:5,99,"[1001,1002]"
2040708,国家青年队8,100106,20407,"[101,201]","[1,1]",1:4:100|2:200255:1|2:100105:10,1:4:100|2:100105:5,99,"[1001,1002]"
2040709,国家青年队9,100107,20407,"[101,201]","[1,1]",1:4:100|2:200255:2|2:100105:10|2:600405:5,1:4:100|2:100105:5|2:600405:2,40,"[1001,1002]"
2040710,国家青年队10,100108,20407,"[101,201]","[1,1]",1:4:100|2:200255:2|2:100105:10|2:600406:5,1:4:100|2:100105:5|2:600406:2,40,"[1001,1002]"
2040801,国家青年队1,100109,20408,"[101,201]","[1,1]",1:4:100|2:200255:1|2:100105:10,1:4:100|2:100105:5,99,"[1001,1002]"
2040802,国家青年队2,100110,20408,"[101,201]","[1,1]",1:4:100|2:200255:1|2:100105:10,1:4:100|2:100105:5,99,"[1001,1002]"
2040803,国家青年队3,100111,20408,"[101,201]","[1,1]",1:4:100|2:200255:2|2:100105:10|2:600407:5,1:4:100|2:100105:5|2:600407:2,40,"[1001,1002]"
2040804,国家青年队4,100112,20408,"[101,201]","[1,1]",1:4:100|2:200255:1|2:100105:10,1:4:100|2:100105:5,99,"[1001,1002]"
2040805,国家青年队5,100113,20408,"[101,201]","[1,1]",1:4:100|2:200255:1|2:100105:10,1:4:100|2:100105:5,99,"[1001,1002]"
2040806,国家青年队6,100114,20408,"[101,201]","[1,1]",1:4:100|2:200255:2|2:100105:10|2:600408:5,1:4:100|2:100105:5|2:600408:2,40,"[1001,1002]"
2040807,国家青年队7,100101,20408,"[101,201]","[1,1]",1:4:100|2:200255:1|2:100105:10,1:4:100|2:100105:5,99,"[1001,1002]"
2040808,国家青年队8,100102,20408,"[101,201]","[1,1]",1:4:100|2:200255:1|2:100105:10,1:4:100|2:100105:5,99,"[1001,1002]"
2040809,国家青年队9,100103,20408,"[101,201]","[1,1]",1:4:100|2:200255:2|2:100105:10|2:600409:5,1:4:100|2:100105:5|2:600409:2,40,"[1001,1002]"
2040810,国家青年队10,100104,20408,"[101,201]","[1,1]",1:4:100|2:200255:2|2:100105:10|2:600410:5,1:4:100|2:100105:5|2:600410:2,40,"[1001,1002]"
2040901,乌法兹萨,100105,20409,"[101,201]","[1,1]",1:4:100|2:200255:1|2:100105:10,1:4:100|2:100105:5,99,"[1001,1002]"
2040902,哥连泰斯,100106,20409,"[101,201]","[1,1]",1:4:100|2:200255:1|2:100105:10,1:4:100|2:100105:5,99,"[1001,1002]"
2040903,巴西利亚,100107,20409,"[101,201]","[1,1]",1:4:100|2:200255:2|2:100105:10|2:600401:5,1:4:100|2:100105:5|2:600401:2,40,"[1001,1002]"
2040904,帕图,100108,20409,"[101,201]","[1,1]",1:4:100|2:200255:1|2:100105:10,1:4:100|2:100105:5,99,"[1001,1002]"
2040905,希仁斯,100109,20409,"[101,201]","[1,1]",1:4:100|2:200255:1|2:100105:10,1:4:100|2:100105:5,99,"[1001,1002]"
2040906,里奥克拉鲁,100110,20409,"[101,201]","[1,1]",1:4:100|2:200255:2|2:100105:10|2:600402:5,1:4:100|2:100105:5|2:600402:2,40,"[1001,1002]"
2040907,塞拉多,100111,20409,"[101,201]","[1,1]",1:4:100|2:200255:1|2:100105:10,1:4:100|2:100105:5,99,"[1001,1002]"
2040908,皮涅鲁斯,100112,20409,"[101,201]","[1,1]",1:4:100|2:200255:1|2:100105:10,1:4:100|2:100105:5,99,"[1001,1002]"
2040909,圣荷塞尤迈,100113,20409,"[101,201]","[1,1]",1:4:100|2:200255:2|2:100105:10|2:600403:5,1:4:100|2:100105:5|2:600403:2,40,"[1001,1002]"
2040910,卡西亚斯,100114,20409,"[101,201]","[1,1]",1:4:100|2:200255:2|2:100105:10|2:600404:5,1:4:100|2:100105:5|2:600404:2,40,"[1001,1002]"
2041001,瑞加塔斯,100101,20410,"[101,201]","[1,1]",1:4:100|2:200255:1|2:100105:10,1:4:100|2:100105:5,99,"[1001,1002]"
2041002,奥利瓦独立队,100102,20410,"[101,201]","[1,1]",1:4:100|2:200255:1|2:100105:10,1:4:100|2:100105:5,99,"[1001,1002]"
2041003,费罗卡利,100103,20410,"[101,201]","[1,1]",1:4:100|2:200255:2|2:100105:10|2:600405:5,1:4:100|2:100105:5|2:600405:2,40,"[1001,1002]"
2041004,里亚丘埃洛,100104,20410,"[101,201]","[1,1]",1:4:100|2:200255:1|2:100105:10,1:4:100|2:100105:5,99,"[1001,1002]"
2041005,福尔摩莎,100105,20410,"[101,201]","[1,1]",1:4:100|2:200255:1|2:100105:10,1:4:100|2:100105:5,99,"[1001,1002]"
2041006,阿根廷胡宁竞技,100106,20410,"[101,201]","[1,1]",1:4:100|2:200255:2|2:100105:10|2:600406:5,1:4:100|2:100105:5|2:600406:2,40,"[1001,1002]"
2041007,梅赛德斯交流会,100107,20410,"[101,201]","[1,1]",1:4:100|2:200255:1|2:100105:10,1:4:100|2:100105:5,99,"[1001,1002]"
2041008,圣塔菲联,100108,20410,"[101,201]","[1,1]",1:4:100|2:200255:1|2:100105:10,1:4:100|2:100105:5,99,"[1001,1002]"
2041009,圣洛伦索,100109,20410,"[101,201]","[1,1]",1:4:100|2:200255:2|2:100105:10|2:600407:5,1:4:100|2:100105:5|2:600407:2,40,"[1001,1002]"
2041010,阿顿纳斯,100110,20410,"[101,201]","[1,1]",1:4:100|2:200255:2|2:100105:10|2:600408:5,1:4:100|2:100105:5|2:600408:2,40,"[1001,1002]"
2050101,伦敦雄狮,100111,20501,"[101,201]","[1,1]",1:4:100|2:200255:1|2:100105:10,1:4:100|2:100105:5,99,"[1001,1002]"
2050102,切斯特凤凰,100112,20501,"[101,201]","[1,1]",1:4:100|2:200255:1|2:100105:10,1:4:100|2:100105:5,99,"[1001,1002]"
2050103,纽卡斯尔老鹰,100113,20501,"[101,201]","[1,1]",1:4:100|2:200255:2|2:100105:10|2:600409:5,1:4:100|2:100105:5|2:600409:2,40,"[1001,1002]"
2050104,喀里多尼亚角斗士,100114,20501,"[101,201]","[1,1]",1:4:100|2:200255:1|2:100105:10,1:4:100|2:100105:5,99,"[1001,1002]"
2050105,谢菲尔德鲨鱼,100101,20501,"[101,201]","[1,1]",1:4:100|2:200255:1|2:100105:10,1:4:100|2:100105:5,99,"[1001,1002]"
2050106,普利茅斯爱国者,100102,20501,"[101,201]","[1,1]",1:4:100|2:200255:2|2:100105:10|2:600410:5,1:4:100|2:100105:5|2:600410:2,40,"[1001,1002]"
2050107,曼彻斯特巨人,100103,20501,"[101,201]","[1,1]",1:4:100|2:200255:1|2:100105:10,1:4:100|2:100105:5,99,"[1001,1002]"
2050108,莱切斯特骑士,100104,20501,"[101,201]","[1,1]",1:4:100|2:200255:1|2:100105:10,1:4:100|2:100105:5,99,"[1001,1002]"
2050109,布里斯托战斗机,100105,20501,"[101,201]","[1,1]",1:4:100|2:200255:2|2:100105:10|2:600401:5,1:4:100|2:100105:5|2:600401:2,40,"[1001,1002]"
2050110,谢菲尔德鲨鱼,100106,20501,"[101,201]","[1,1]",1:4:100|2:200255:2|2:100105:10|2:600402:5,1:4:100|2:100105:5|2:600402:2,40,"[1001,1002]"
2050201,费内巴切,100107,20502,"[101,201]","[1,1]",1:4:100|2:200255:1|2:100105:10,1:4:100|2:100105:5,99,"[1001,1002]"
2050202,土耳其电信,100108,20502,"[101,201]","[1,1]",1:4:100|2:200255:1|2:100105:10,1:4:100|2:100105:5,99,"[1001,1002]"
2050203,艾菲斯皮尔森,100109,20502,"[101,201]","[1,1]",1:4:100|2:200255:2|2:100105:10|2:600403:5,1:4:100|2:100105:5|2:600403:2,40,"[1001,1002]"
2050204,皮纳尔,100110,20502,"[101,201]","[1,1]",1:4:100|2:200255:1|2:100105:10,1:4:100|2:100105:5,99,"[1001,1002]"
2050205,柏萨士邦,100111,20502,"[101,201]","[1,1]",1:4:100|2:200255:1|2:100105:10,1:4:100|2:100105:5,99,"[1001,1002]"
2050206,达鲁萨法卡,100112,20502,"[101,201]","[1,1]",1:4:100|2:200255:2|2:100105:10|2:600404:5,1:4:100|2:100105:5|2:600404:2,40,"[1001,1002]"
2050207,巴赫切希尔,100113,20502,"[101,201]","[1,1]",1:4:100|2:200255:1|2:100105:10,1:4:100|2:100105:5,99,"[1001,1002]"
2050208,梅克泽芬迪,100114,20502,"[101,201]","[1,1]",1:4:100|2:200255:1|2:100105:10,1:4:100|2:100105:5,99,"[1001,1002]"
2050209,加拉塔萨雷,100101,20502,"[101,201]","[1,1]",1:4:100|2:200255:2|2:100105:10|2:600405:5,1:4:100|2:100105:5|2:600405:2,40,"[1001,1002]"
2050210,托法斯,100102,20502,"[101,201]","[1,1]",1:4:100|2:200255:2|2:100105:10|2:600406:5,1:4:100|2:100105:5|2:600406:2,40,"[1001,1002]"
2050301,考哈约恩,100103,20503,"[101,201]","[1,1]",1:4:100|2:200255:1|2:100105:10,1:4:100|2:100105:5,99,"[1001,1002]"
2050302,赫尔辛基海鸥,100104,20503,"[101,201]","[1,1]",1:4:100|2:200255:1|2:100105:10,1:4:100|2:100105:5,99,"[1001,1002]"
2050303,卡塔查,100105,20503,"[101,201]","[1,1]",1:4:100|2:200255:2|2:100105:10|2:600407:5,1:4:100|2:100105:5|2:600407:2,40,"[1001,1002]"
2050304,沙龙维尔帕斯,100106,20503,"[101,201]","[1,1]",1:4:100|2:200255:1|2:100105:10,1:4:100|2:100105:5,99,"[1001,1002]"
2050305,科沃特,100107,20503,"[101,201]","[1,1]",1:4:100|2:200255:1|2:100105:10,1:4:100|2:100105:5,99,"[1001,1002]"
2050306,KTP,100108,20503,"[101,201]","[1,1]",1:4:100|2:200255:2|2:100105:10|2:600408:5,1:4:100|2:100105:5|2:600408:2,40,"[1001,1002]"
2050307,拉普阿,100109,20503,"[101,201]","[1,1]",1:4:100|2:200255:1|2:100105:10,1:4:100|2:100105:5,99,"[1001,1002]"
2050308,BC诺基亚,100110,20503,"[101,201]","[1,1]",1:4:100|2:200255:1|2:100105:10,1:4:100|2:100105:5,99,"[1001,1002]"
2050309,坦佩雷恩,100111,20503,"[101,201]","[1,1]",1:4:100|2:200255:2|2:100105:10|2:600409:5,1:4:100|2:100105:5|2:600409:2,40,"[1001,1002]"
2050310,洪卡,100112,20503,"[101,201]","[1,1]",1:4:100|2:200255:2|2:100105:10|2:600410:5,1:4:100|2:100105:5|2:600410:2,40,"[1001,1002]"
2050401,卢布林,100113,20504,"[101,201]","[1,1]",1:4:100|2:200255:1|2:100105:10,1:4:100|2:100105:5,99,"[1001,1002]"
2050402,阿卡,100114,20504,"[101,201]","[1,1]",1:4:100|2:200255:1|2:100105:10,1:4:100|2:100105:5,99,"[1001,1002]"
2050403,蓝卡,100101,20504,"[101,201]","[1,1]",1:4:100|2:200255:2|2:100105:10|2:600401:5,1:4:100|2:100105:5|2:600401:2,40,"[1001,1002]"
2050404,格利维茨,100102,20504,"[101,201]","[1,1]",1:4:100|2:200255:1|2:100105:10,1:4:100|2:100105:5,99,"[1001,1002]"
2050405,阿迪高,100103,20504,"[101,201]","[1,1]",1:4:100|2:200255:1|2:100105:10,1:4:100|2:100105:5,99,"[1001,1002]"
2050406,托伦,100104,20504,"[101,201]","[1,1]",1:4:100|2:200255:2|2:100105:10|2:600402:5,1:4:100|2:100105:5|2:600402:2,40,"[1001,1002]"
2050407,历基亚,100105,20504,"[101,201]","[1,1]",1:4:100|2:200255:1|2:100105:10,1:4:100|2:100105:5,99,"[1001,1002]"
2050408,恩尼加斯扎尼,100106,20504,"[101,201]","[1,1]",1:4:100|2:200255:1|2:100105:10,1:4:100|2:100105:5,99,"[1001,1002]"
2050409,昂维厄,100107,20504,"[101,201]","[1,1]",1:4:100|2:200255:2|2:100105:10|2:600403:5,1:4:100|2:100105:5|2:600403:2,40,"[1001,1002]"
2050410,古尔尼恰,100108,20504,"[101,201]","[1,1]",1:4:100|2:200255:2|2:100105:10|2:600404:5,1:4:100|2:100105:5|2:600404:2,40,"[1001,1002]"
2050501,保罗沙,100109,20505,"[101,201]","[1,1]",1:4:100|2:200255:1|2:100105:10,1:4:100|2:100105:5,99,"[1001,1002]"
2050502,中央德国,100110,20505,"[101,201]","[1,1]",1:4:100|2:200255:1|2:100105:10,1:4:100|2:100105:5,99,"[1001,1002]"
2050503,汉堡,100111,20505,"[101,201]","[1,1]",1:4:100|2:200255:2|2:100105:10|2:600405:5,1:4:100|2:100105:5|2:600405:2,40,"[1001,1002]"
2050504,克赖尔森姆,100112,20505,"[101,201]","[1,1]",1:4:100|2:200255:1|2:100105:10,1:4:100|2:100105:5,99,"[1001,1002]"
2050505,海德堡,100113,20505,"[101,201]","[1,1]",1:4:100|2:200255:1|2:100105:10,1:4:100|2:100105:5,99,"[1001,1002]"
2050506,洛文不伦瑞克,100114,20505,"[101,201]","[1,1]",1:4:100|2:200255:2|2:100105:10|2:600406:5,1:4:100|2:100105:5|2:600406:2,40,"[1001,1002]"
2050507,法兰克福,100101,20505,"[101,201]","[1,1]",1:4:100|2:200255:1|2:100105:10,1:4:100|2:100105:5,99,"[1001,1002]"
2050508,BBC拜罗伊特,100102,20505,"[101,201]","[1,1]",1:4:100|2:200255:1|2:100105:10,1:4:100|2:100105:5,99,"[1001,1002]"
2050509,乌尔姆兰蒂奥帕姆,100103,20505,"[101,201]","[1,1]",1:4:100|2:200255:2|2:100105:10|2:600407:5,1:4:100|2:100105:5|2:600407:2,40,"[1001,1002]"
2050510,罗斯托克,100104,20505,"[101,201]","[1,1]",1:4:100|2:200255:2|2:100105:10|2:600408:5,1:4:100|2:100105:5|2:600408:2,40,"[1001,1002]"
2050601,利摩日,100105,20506,"[101,201]","[1,1]",1:4:100|2:200255:1|2:100105:10,1:4:100|2:100105:5,99,"[1001,1002]"
2050602,巴奥夫斯,100106,20506,"[101,201]","[1,1]",1:4:100|2:200255:1|2:100105:10,1:4:100|2:100105:5,99,"[1001,1002]"
2050603,南特尔,100107,20506,"[101,201]","[1,1]",1:4:100|2:200255:2|2:100105:10|2:600409:5,1:4:100|2:100105:5|2:600409:2,40,"[1001,1002]"
2050604,南锡,100108,20506,"[101,201]","[1,1]",1:4:100|2:200255:1|2:100105:10,1:4:100|2:100105:5,99,"[1001,1002]"
2050605,勒坡特,100109,20506,"[101,201]","[1,1]",1:4:100|2:200255:1|2:100105:10,1:4:100|2:100105:5,99,"[1001,1002]"
2050606,巴黎,100110,20506,"[101,201]","[1,1]",1:4:100|2:200255:2|2:100105:10|2:600410:5,1:4:100|2:100105:5|2:600410:2,40,"[1001,1002]"
2050607,布卢瓦,100111,20506,"[101,201]","[1,1]",1:4:100|2:200255:1|2:100105:10,1:4:100|2:100105:5,99,"[1001,1002]"
2050608,普罗旺斯,100112,20506,"[101,201]","[1,1]",1:4:100|2:200255:1|2:100105:10,1:4:100|2:100105:5,99,"[1001,1002]"
2050609,格拉夫莱尼斯,100113,20506,"[101,201]","[1,1]",1:4:100|2:200255:2|2:100105:10|2:600401:5,1:4:100|2:100105:5|2:600401:2,40,"[1001,1002]"
2050610,史特拉斯堡,100114,20506,"[101,201]","[1,1]",1:4:100|2:200255:2|2:100105:10|2:600402:5,1:4:100|2:100105:5|2:600402:2,40,"[1001,1002]"
2050701,米兰阿玛尼,100101,20507,"[101,201]","[1,1]",1:4:100|2:200255:1|2:100105:10,1:4:100|2:100105:5,99,"[1001,1002]"
2050702,维图斯,100102,20507,"[101,201]","[1,1]",1:4:100|2:200255:1|2:100105:10,1:4:100|2:100105:5,99,"[1001,1002]"
2050703,托尔托纳,100103,20507,"[101,201]","[1,1]",1:4:100|2:200255:2|2:100105:10|2:600403:5,1:4:100|2:100105:5|2:600403:2,40,"[1001,1002]"
2050704,比沙路,100104,20507,"[101,201]","[1,1]",1:4:100|2:200255:1|2:100105:10,1:4:100|2:100105:5,99,"[1001,1002]"
2050705,瓦尔瑟,100105,20507,"[101,201]","[1,1]",1:4:100|2:200255:1|2:100105:10,1:4:100|2:100105:5,99,"[1001,1002]"
2050706,萨里迪纳摩,100106,20507,"[101,201]","[1,1]",1:4:100|2:200255:2|2:100105:10|2:600404:5,1:4:100|2:100105:5|2:600404:2,40,"[1001,1002]"
2050707,埃奈尔布林迪西,100107,20507,"[101,201]","[1,1]",1:4:100|2:200255:1|2:100105:10,1:4:100|2:100105:5,99,"[1001,1002]"
2050708,特伦托,100108,20507,"[101,201]","[1,1]",1:4:100|2:200255:1|2:100105:10,1:4:100|2:100105:5,99,"[1001,1002]"
2050709,威尼斯雷耶,100109,20507,"[101,201]","[1,1]",1:4:100|2:200255:2|2:100105:10|2:600405:5,1:4:100|2:100105:5|2:600405:2,40,"[1001,1002]"
2050710,班列顿,100110,20507,"[101,201]","[1,1]",1:4:100|2:200255:2|2:100105:10|2:600406:5,1:4:100|2:100105:5|2:600406:2,40,"[1001,1002]"
2050801,奥林匹亚科斯,100111,20508,"[101,201]","[1,1]",1:4:100|2:200255:1|2:100105:10,1:4:100|2:100105:5,99,"[1001,1002]"
2050802,帕纳辛纳科斯,100112,20508,"[101,201]","[1,1]",1:4:100|2:200255:1|2:100105:10,1:4:100|2:100105:5,99,"[1001,1002]"
2050803,阿里斯,100113,20508,"[101,201]","[1,1]",1:4:100|2:200255:2|2:100105:10|2:600407:5,1:4:100|2:100105:5|2:600407:2,40,"[1001,1002]"
2050804,AEK雅典,100114,20508,"[101,201]","[1,1]",1:4:100|2:200255:1|2:100105:10,1:4:100|2:100105:5,99,"[1001,1002]"
2050805,PAOK沙朗历基,100101,20508,"[101,201]","[1,1]",1:4:100|2:200255:1|2:100105:10,1:4:100|2:100105:5,99,"[1001,1002]"
2050806,珀里斯特拉,100102,20508,"[101,201]","[1,1]",1:4:100|2:200255:2|2:100105:10|2:600408:5,1:4:100|2:100105:5|2:600408:2,40,"[1001,1002]"
2050807,普罗米修斯,100103,20508,"[101,201]","[1,1]",1:4:100|2:200255:1|2:100105:10,1:4:100|2:100105:5,99,"[1001,1002]"
2050808,科罗苏斯,100104,20508,"[101,201]","[1,1]",1:4:100|2:200255:1|2:100105:10,1:4:100|2:100105:5,99,"[1001,1002]"
2050809,伊安尼高斯,100105,20508,"[101,201]","[1,1]",1:4:100|2:200255:2|2:100105:10|2:600409:5,1:4:100|2:100105:5|2:600409:2,40,"[1001,1002]"
2050810,拉夫里罗,100106,20508,"[101,201]","[1,1]",1:4:100|2:200255:2|2:100105:10|2:600410:5,1:4:100|2:100105:5|2:600410:2,40,"[1001,1002]"
2050901,波拉斯,100107,20509,"[101,201]","[1,1]",1:4:100|2:200255:1|2:100105:10,1:4:100|2:100105:5,99,"[1001,1002]"
2050902,加姆特兰,100108,20509,"[101,201]","[1,1]",1:4:100|2:200255:1|2:100105:10,1:4:100|2:100105:5,99,"[1001,1002]"
2050903,诺科平海豚,100109,20509,"[101,201]","[1,1]",1:4:100|2:200255:2|2:100105:10|2:600401:5,1:4:100|2:100105:5|2:600401:2,40,"[1001,1002]"
2050904,佩兰加,100110,20509,"[101,201]","[1,1]",1:4:100|2:200255:1|2:100105:10,1:4:100|2:100105:5,99,"[1001,1002]"
2050905,于默奥,100111,20509,"[101,201]","[1,1]",1:4:100|2:200255:1|2:100105:10,1:4:100|2:100105:5,99,"[1001,1002]"
2050906,KFUM奈舍,100112,20509,"[101,201]","[1,1]",1:4:100|2:200255:2|2:100105:10|2:600402:5,1:4:100|2:100105:5|2:600402:2,40,"[1001,1002]"
2050907,乌普萨拉,100113,20509,"[101,201]","[1,1]",1:4:100|2:200255:1|2:100105:10,1:4:100|2:100105:5,99,"[1001,1002]"
2050908,科平星,100114,20509,"[101,201]","[1,1]",1:4:100|2:200255:1|2:100105:10,1:4:100|2:100105:5,99,"[1001,1002]"
2050909,南泰利耶国王,100101,20509,"[101,201]","[1,1]",1:4:100|2:200255:2|2:100105:10|2:600403:5,1:4:100|2:100105:5|2:600403:2,40,"[1001,1002]"
2050910,卡尔马,100102,20509,"[101,201]","[1,1]",1:4:100|2:200255:2|2:100105:10|2:600404:5,1:4:100|2:100105:5|2:600404:2,40,"[1001,1002]"
2051001,毕尔巴鄂,100103,20510,"[101,201]","[1,1]",1:4:100|2:200255:1|2:100105:10,1:4:100|2:100105:5,99,"[1001,1002]"
2051002,穆尔西亚,100104,20510,"[101,201]","[1,1]",1:4:100|2:200255:1|2:100105:10,1:4:100|2:100105:5,99,"[1001,1002]"
2051003,赫罗纳,100105,20510,"[101,201]","[1,1]",1:4:100|2:200255:2|2:100105:10|2:600405:5,1:4:100|2:100105:5|2:600405:2,40,"[1001,1002]"
2051004,哥瑞纳达,100106,20510,"[101,201]","[1,1]",1:4:100|2:200255:1|2:100105:10,1:4:100|2:100105:5,99,"[1001,1002]"
2051005,萨拉戈萨,100107,20510,"[101,201]","[1,1]",1:4:100|2:200255:1|2:100105:10,1:4:100|2:100105:5,99,"[1001,1002]"
2051006,皇家贝蒂斯,100108,20510,"[101,201]","[1,1]",1:4:100|2:200255:2|2:100105:10|2:600406:5,1:4:100|2:100105:5|2:600406:2,40,"[1001,1002]"
2051007,曼雷萨,100109,20510,"[101,201]","[1,1]",1:4:100|2:200255:1|2:100105:10,1:4:100|2:100105:5,99,"[1001,1002]"
2051008,富恩拉布雷达,100110,20510,"[101,201]","[1,1]",1:4:100|2:200255:1|2:100105:10,1:4:100|2:100105:5,99,"[1001,1002]"
2051009,奥布拉多伊洛,100111,20510,"[101,201]","[1,1]",1:4:100|2:200255:2|2:100105:10|2:600407:5,1:4:100|2:100105:5|2:600407:2,40,"[1001,1002]"
2051010,巴伦西亚,100112,20510,"[101,201]","[1,1]",1:4:100|2:200255:2|2:100105:10|2:600408:5,1:4:100|2:100105:5|2:600408:2,40,"[1001,1002]"
3010101,宁波町渥,900101,30101,"[101,201]","[1,1]",1:4:100|2:200255:1|2:100105:10,1:4:100|2:100105:5,99,"[1001,1002]"
3010102,福建浔兴股份,900102,30101,"[101,201]","[1,1]",1:4:100|2:200255:1|2:100105:10,1:4:100|2:100105:5,99,"[1001,1002]"
3010103,四川金荣实业,900103,30101,"[101,201]","[1,1]",1:4:100|2:200255:2|2:100105:10|2:600409:5,1:4:100|2:100105:5|2:600409:2,40,"[1001,1002]"
3010104,上海久事,900104,30101,"[101,201]","[1,1]",1:4:100|2:200255:1|2:100105:10,1:4:100|2:100105:5,99,"[1001,1002]"
3010105,天津先行者,900105,30101,"[101,201]","[1,1]",1:4:100|2:200255:1|2:100105:10,1:4:100|2:100105:5,99,"[1001,1002]"
3010106,浙江东阳光,900106,30101,"[101,201]","[1,1]",1:4:100|2:200255:2|2:100105:10|2:600410:5,1:4:100|2:100105:5|2:600410:2,40,"[1001,1002]"
3010107,广州龙狮,900107,30101,"[101,201]","[1,1]",1:4:100|2:200255:1|2:100105:10,1:4:100|2:100105:5,99,"[1001,1002]"
3010108,新疆伊力王酒,900108,30101,"[101,201]","[1,1]",1:4:100|2:200255:1|2:100105:10,1:4:100|2:100105:5,99,"[1001,1002]"
3010109,深圳马可波罗,900109,30101,"[101,201]","[1,1]",1:4:100|2:200255:2|2:100105:10|2:600401:5,1:4:100|2:100105:5|2:600401:2,40,"[1001,1002]"
3010110,广东东莞大益,900110,30101,"[101,201]","[1,1]",1:4:100|2:200255:2|2:100105:10|2:600402:5,1:4:100|2:100105:5|2:600402:2,40,"[1001,1002]"
3010201,安阳KGC,100101,30102,"[101,201]","[1,1]",1:4:100|2:200255:1|2:100105:10,1:4:100|2:100105:5,99,"[1001,1002]"
3010202,昌原LG猎隼,100102,30102,"[101,201]","[1,1]",1:4:100|2:200255:1|2:100105:10,1:4:100|2:100105:5,99,"[1001,1002]"
3010203,蔚山现代太阳神,100103,30102,"[101,201]","[1,1]",1:4:100|2:200255:2|2:100105:10|2:600403:5,1:4:100|2:100105:5|2:600403:2,40,"[1001,1002]"
3010204,首尔SK骑士,100104,30102,"[101,201]","[1,1]",1:4:100|2:200255:1|2:100105:10,1:4:100|2:100105:5,99,"[1001,1002]"
3010205,高阳猎户座,100105,30102,"[101,201]","[1,1]",1:4:100|2:200255:1|2:100105:10,1:4:100|2:100105:5,99,"[1001,1002]"
3010206,全州KCC宙斯盾,100106,30102,"[101,201]","[1,1]",1:4:100|2:200255:2|2:100105:10|2:600404:5,1:4:100|2:100105:5|2:600404:2,40,"[1001,1002]"
3010207,水原音速弹,100107,30102,"[101,201]","[1,1]",1:4:100|2:200255:1|2:100105:10,1:4:100|2:100105:5,99,"[1001,1002]"
3010208,原州东浦新世代,100108,30102,"[101,201]","[1,1]",1:4:100|2:200255:1|2:100105:10,1:4:100|2:100105:5,99,"[1001,1002]"
3010209,大邱飞马,100109,30102,"[101,201]","[1,1]",1:4:100|2:200255:2|2:100105:10|2:600405:5,1:4:100|2:100105:5|2:600405:2,40,"[1001,1002]"
3010210,首尔三星雷电,100110,30102,"[101,201]","[1,1]",1:4:100|2:200255:2|2:100105:10|2:600406:5,1:4:100|2:100105:5|2:600406:2,40,"[1001,1002]"
3010301,千叶喷射机,100111,30103,"[101,201]","[1,1]",1:4:100|2:200255:1|2:100105:10,1:4:100|2:100105:5,99,"[1001,1002]"
3010302,岛根魔术,100112,30103,"[101,201]","[1,1]",1:4:100|2:200255:1|2:100105:10,1:4:100|2:100105:5,99,"[1001,1002]"
3010303,琉球黄金帝王,100113,30103,"[101,201]","[1,1]",1:4:100|2:200255:2|2:100105:10|2:600407:5,1:4:100|2:100105:5|2:600407:2,40,"[1001,1002]"
3010304,东京电击,100114,30103,"[101,201]","[1,1]",1:4:100|2:200255:1|2:100105:10,1:4:100|2:100105:5,99,"[1001,1002]"
3010305,广岛蜻蜓,100101,30103,"[101,201]","[1,1]",1:4:100|2:200255:1|2:100105:10,1:4:100|2:100105:5,99,"[1001,1002]"
3010306,名古屋钻石海豚,100102,30103,"[101,201]","[1,1]",1:4:100|2:200255:2|2:100105:10|2:600408:5,1:4:100|2:100105:5|2:600408:2,40,"[1001,1002]"
3010307,川崎雷霆勇者,100103,30103,"[101,201]","[1,1]",1:4:100|2:200255:1|2:100105:10,1:4:100|2:100105:5,99,"[1001,1002]"
3010308,横滨海盗,100104,30103,"[101,201]","[1,1]",1:4:100|2:200255:1|2:100105:10,1:4:100|2:100105:5,99,"[1001,1002]"
3010309,群马县雷霆,100105,30103,"[101,201]","[1,1]",1:4:100|2:200255:2|2:100105:10|2:600409:5,1:4:100|2:100105:5|2:600409:2,40,"[1001,1002]"
3010310,秋田北部喜悦,100106,30103,"[101,201]","[1,1]",1:4:100|2:200255:2|2:100105:10|2:600410:5,1:4:100|2:100105:5|2:600410:2,40,"[1001,1002]"
3010401,生力啤,100107,30104,"[101,201]","[1,1]",1:4:100|2:200255:1|2:100105:10,1:4:100|2:100105:5,99,"[1001,1002]"
3010402,菲律宾电信TNT,100108,30104,"[101,201]","[1,1]",1:4:100|2:200255:1|2:100105:10,1:4:100|2:100105:5,99,"[1001,1002]"
3010403,基尼巴国王,100109,30104,"[101,201]","[1,1]",1:4:100|2:200255:2|2:100105:10|2:600401:5,1:4:100|2:100105:5|2:600401:2,40,"[1001,1002]"
3010404,湾区翼龙,100110,30104,"[101,201]","[1,1]",1:4:100|2:200255:1|2:100105:10,1:4:100|2:100105:5,99,"[1001,1002]"
3010405,汇众光纤,100111,30104,"[101,201]","[1,1]",1:4:100|2:200255:1|2:100105:10,1:4:100|2:100105:5,99,"[1001,1002]"
3010406,勇士之路,100112,30104,"[101,201]","[1,1]",1:4:100|2:200255:2|2:100105:10|2:600402:5,1:4:100|2:100105:5|2:600402:2,40,"[1001,1002]"
3010407,博尔特斯,100113,30104,"[101,201]","[1,1]",1:4:100|2:200255:1|2:100105:10,1:4:100|2:100105:5,99,"[1001,1002]"
3010408,拉马多斯,100114,30104,"[101,201]","[1,1]",1:4:100|2:200255:1|2:100105:10,1:4:100|2:100105:5,99,"[1001,1002]"
3010409,泰拉菲尔马,100101,30104,"[101,201]","[1,1]",1:4:100|2:200255:2|2:100105:10|2:600403:5,1:4:100|2:100105:5|2:600403:2,40,"[1001,1002]"
3010410,伊拉斯图阴阳天,100102,30104,"[101,201]","[1,1]",1:4:100|2:200255:2|2:100105:10|2:600404:5,1:4:100|2:100105:5|2:600404:2,40,"[1001,1002]"
3010501,Hi-Tech,100103,30105,"[101,201]","[1,1]",1:4:100|2:200255:1|2:100105:10,1:4:100|2:100105:5,99,"[1001,1002]"
3010502,湄公河联盟,100104,30105,"[101,201]","[1,1]",1:4:100|2:200255:1|2:100105:10,1:4:100|2:100105:5,99,"[1001,1002]"
3010503,Dunkin猛龙队,100105,30105,"[101,201]","[1,1]",1:4:100|2:200255:2|2:100105:10|2:600405:5,1:4:100|2:100105:5|2:600405:2,40,"[1001,1002]"
3010504,爱国勇士,100106,30105,"[101,201]","[1,1]",1:4:100|2:200255:1|2:100105:10,1:4:100|2:100105:5,99,"[1001,1002]"
3010505,ZNO老鹰,100107,30105,"[101,201]","[1,1]",1:4:100|2:200255:1|2:100105:10,1:4:100|2:100105:5,99,"[1001,1002]"
3010506,爱国勇士,100108,30105,"[101,201]","[1,1]",1:4:100|2:200255:2|2:100105:10|2:600406:5,1:4:100|2:100105:5|2:600406:2,40,"[1001,1002]"
3010507,文莱飞马,100109,30105,"[101,201]","[1,1]",1:4:100|2:200255:1|2:100105:10,1:4:100|2:100105:5,99,"[1001,1002]"
3010508,琅勃拉邦,100110,30105,"[101,201]","[1,1]",1:4:100|2:200255:1|2:100105:10,1:4:100|2:100105:5,99,"[1001,1002]"
3010509,SWU篮球俱乐部,100111,30105,"[101,201]","[1,1]",1:4:100|2:200255:2|2:100105:10|2:600407:5,1:4:100|2:100105:5|2:600407:2,40,"[1001,1002]"
3010510,NS矩阵,100112,30105,"[101,201]","[1,1]",1:4:100|2:200255:2|2:100105:10|2:600408:5,1:4:100|2:100105:5|2:600408:2,40,"[1001,1002]"
3010601,孟买城,100113,30106,"[101,201]","[1,1]",1:4:100|2:200255:1|2:100105:10,1:4:100|2:100105:5,99,"[1001,1002]"
3010602,海德拉巴,100114,30106,"[101,201]","[1,1]",1:4:100|2:200255:1|2:100105:10,1:4:100|2:100105:5,99,"[1001,1002]"
3010603,喀啦啦爆破手,100101,30106,"[101,201]","[1,1]",1:4:100|2:200255:2|2:100105:10|2:600409:5,1:4:100|2:100105:5|2:600409:2,40,"[1001,1002]"
3010604,班加罗尔,100102,30106,"[101,201]","[1,1]",1:4:100|2:200255:1|2:100105:10,1:4:100|2:100105:5,99,"[1001,1002]"
3010605,果阿,100103,30106,"[101,201]","[1,1]",1:4:100|2:200255:1|2:100105:10,1:4:100|2:100105:5,99,"[1001,1002]"
3010606,奥里萨,100104,30106,"[101,201]","[1,1]",1:4:100|2:200255:2|2:100105:10|2:600410:5,1:4:100|2:100105:5|2:600410:2,40,"[1001,1002]"
3010607,金奈,100105,30106,"[101,201]","[1,1]",1:4:100|2:200255:1|2:100105:10,1:4:100|2:100105:5,99,"[1001,1002]"
3010608,东孟加拉,100106,30106,"[101,201]","[1,1]",1:4:100|2:200255:1|2:100105:10,1:4:100|2:100105:5,99,"[1001,1002]"
3010609,贾姆谢德布尔,100107,30106,"[101,201]","[1,1]",1:4:100|2:200255:2|2:100105:10|2:600401:5,1:4:100|2:100105:5|2:600401:2,40,"[1001,1002]"
3010610,东北联,100108,30106,"[101,201]","[1,1]",1:4:100|2:200255:2|2:100105:10|2:600402:5,1:4:100|2:100105:5|2:600402:2,40,"[1001,1002]"
3010701,戈尔甘,100109,30107,"[101,201]","[1,1]",1:4:100|2:200255:1|2:100105:10,1:4:100|2:100105:5,99,"[1001,1002]"
3010702,扎巴汉,100110,30107,"[101,201]","[1,1]",1:4:100|2:200255:1|2:100105:10,1:4:100|2:100105:5,99,"[1001,1002]"
3010703,迈斯科曼,100111,30107,"[101,201]","[1,1]",1:4:100|2:200255:2|2:100105:10|2:600403:5,1:4:100|2:100105:5|2:600403:2,40,"[1001,1002]"
3010704,锡尔詹,100112,30107,"[101,201]","[1,1]",1:4:100|2:200255:1|2:100105:10,1:4:100|2:100105:5,99,"[1001,1002]"
3010705,阿莫尔,100113,30107,"[101,201]","[1,1]",1:4:100|2:200255:1|2:100105:10,1:4:100|2:100105:5,99,"[1001,1002]"
3010706,阿巴丹,100114,30107,"[101,201]","[1,1]",1:4:100|2:200255:2|2:100105:10|2:600404:5,1:4:100|2:100105:5|2:600404:2,40,"[1001,1002]"
3010707,马赫拉姆,100101,30107,"[101,201]","[1,1]",1:4:100|2:200255:1|2:100105:10,1:4:100|2:100105:5,99,"[1001,1002]"
3010708,马什哈德,100102,30107,"[101,201]","[1,1]",1:4:100|2:200255:1|2:100105:10,1:4:100|2:100105:5,99,"[1001,1002]"
3010709,迪兹富勒,100103,30107,"[101,201]","[1,1]",1:4:100|2:200255:2|2:100105:10|2:600405:5,1:4:100|2:100105:5|2:600405:2,40,"[1001,1002]"
3010710,德黑兰Exxon,100104,30107,"[101,201]","[1,1]",1:4:100|2:200255:2|2:100105:10|2:600406:5,1:4:100|2:100105:5|2:600406:2,40,"[1001,1002]"
3020101,国家青年队1,100105,30201,"[101,201]","[1,1]",1:4:100|2:200255:1|2:100105:10,1:4:100|2:100105:5,99,"[1001,1002]"
3020102,国家青年队2,100106,30201,"[101,201]","[1,1]",1:4:100|2:200255:1|2:100105:10,1:4:100|2:100105:5,99,"[1001,1002]"
3020103,国家青年队3,100107,30201,"[101,201]","[1,1]",1:4:100|2:200255:2|2:100105:10|2:600407:5,1:4:100|2:100105:5|2:600407:2,40,"[1001,1002]"
3020104,国家青年队4,100108,30201,"[101,201]","[1,1]",1:4:100|2:200255:1|2:100105:10,1:4:100|2:100105:5,99,"[1001,1002]"
3020105,国家青年队5,100109,30201,"[101,201]","[1,1]",1:4:100|2:200255:1|2:100105:10,1:4:100|2:100105:5,99,"[1001,1002]"
3020106,国家青年队6,100110,30201,"[101,201]","[1,1]",1:4:100|2:200255:2|2:100105:10|2:600408:5,1:4:100|2:100105:5|2:600408:2,40,"[1001,1002]"
3020107,国家青年队7,100111,30201,"[101,201]","[1,1]",1:4:100|2:200255:1|2:100105:10,1:4:100|2:100105:5,99,"[1001,1002]"
3020108,国家青年队8,100112,30201,"[101,201]","[1,1]",1:4:100|2:200255:1|2:100105:10,1:4:100|2:100105:5,99,"[1001,1002]"
3020109,国家青年队9,100113,30201,"[101,201]","[1,1]",1:4:100|2:200255:2|2:100105:10|2:600409:5,1:4:100|2:100105:5|2:600409:2,40,"[1001,1002]"
3020110,国家青年队10,100114,30201,"[101,201]","[1,1]",1:4:100|2:200255:2|2:100105:10|2:600410:5,1:4:100|2:100105:5|2:600410:2,40,"[1001,1002]"
3020201,国家青年队1,100101,30202,"[101,201]","[1,1]",1:4:100|2:200255:1|2:100105:10,1:4:100|2:100105:5,99,"[1001,1002]"
3020202,国家青年队2,100102,30202,"[101,201]","[1,1]",1:4:100|2:200255:1|2:100105:10,1:4:100|2:100105:5,99,"[1001,1002]"
3020203,国家青年队3,100103,30202,"[101,201]","[1,1]",1:4:100|2:200255:2|2:100105:10|2:600401:5,1:4:100|2:100105:5|2:600401:2,40,"[1001,1002]"
3020204,国家青年队4,100104,30202,"[101,201]","[1,1]",1:4:100|2:200255:1|2:100105:10,1:4:100|2:100105:5,99,"[1001,1002]"
3020205,国家青年队5,100105,30202,"[101,201]","[1,1]",1:4:100|2:200255:1|2:100105:10,1:4:100|2:100105:5,99,"[1001,1002]"
3020206,国家青年队6,100106,30202,"[101,201]","[1,1]",1:4:100|2:200255:2|2:100105:10|2:600402:5,1:4:100|2:100105:5|2:600402:2,40,"[1001,1002]"
3020207,国家青年队7,100107,30202,"[101,201]","[1,1]",1:4:100|2:200255:1|2:100105:10,1:4:100|2:100105:5,99,"[1001,1002]"
3020208,国家青年队8,100108,30202,"[101,201]","[1,1]",1:4:100|2:200255:1|2:100105:10,1:4:100|2:100105:5,99,"[1001,1002]"
3020209,国家青年队9,100109,30202,"[101,201]","[1,1]",1:4:100|2:200255:2|2:100105:10|2:600403:5,1:4:100|2:100105:5|2:600403:2,40,"[1001,1002]"
3020210,国家青年队10,100110,30202,"[101,201]","[1,1]",1:4:100|2:200255:2|2:100105:10|2:600404:5,1:4:100|2:100105:5|2:600404:2,40,"[1001,1002]"
3020301,国家青年队1,100111,30203,"[101,201]","[1,1]",1:4:100|2:200255:1|2:100105:10,1:4:100|2:100105:5,99,"[1001,1002]"
3020302,国家青年队2,100112,30203,"[101,201]","[1,1]",1:4:100|2:200255:1|2:100105:10,1:4:100|2:100105:5,99,"[1001,1002]"
3020303,国家青年队3,100113,30203,"[101,201]","[1,1]",1:4:100|2:200255:2|2:100105:10|2:600405:5,1:4:100|2:100105:5|2:600405:2,40,"[1001,1002]"
3020304,国家青年队4,100114,30203,"[101,201]","[1,1]",1:4:100|2:200255:1|2:100105:10,1:4:100|2:100105:5,99,"[1001,1002]"
3020305,国家青年队5,100101,30203,"[101,201]","[1,1]",1:4:100|2:200255:1|2:100105:10,1:4:100|2:100105:5,99,"[1001,1002]"
3020306,国家青年队6,100102,30203,"[101,201]","[1,1]",1:4:100|2:200255:2|2:100105:10|2:600406:5,1:4:100|2:100105:5|2:600406:2,40,"[1001,1002]"
3020307,国家青年队7,100103,30203,"[101,201]","[1,1]",1:4:100|2:200255:1|2:100105:10,1:4:100|2:100105:5,99,"[1001,1002]"
3020308,国家青年队8,100104,30203,"[101,201]","[1,1]",1:4:100|2:200255:1|2:100105:10,1:4:100|2:100105:5,99,"[1001,1002]"
3020309,国家青年队9,100105,30203,"[101,201]","[1,1]",1:4:100|2:200255:2|2:100105:10|2:600407:5,1:4:100|2:100105:5|2:600407:2,40,"[1001,1002]"
3020310,国家青年队10,100106,30203,"[101,201]","[1,1]",1:4:100|2:200255:2|2:100105:10|2:600408:5,1:4:100|2:100105:5|2:600408:2,40,"[1001,1002]"
3020401,国家青年队1,100107,30204,"[101,201]","[1,1]",1:4:100|2:200255:1|2:100105:10,1:4:100|2:100105:5,99,"[1001,1002]"
3020402,国家青年队2,100108,30204,"[101,201]","[1,1]",1:4:100|2:200255:1|2:100105:10,1:4:100|2:100105:5,99,"[1001,1002]"
3020403,国家青年队3,100109,30204,"[101,201]","[1,1]",1:4:100|2:200255:2|2:100105:10|2:600409:5,1:4:100|2:100105:5|2:600409:2,40,"[1001,1002]"
3020404,国家青年队4,100110,30204,"[101,201]","[1,1]",1:4:100|2:200255:1|2:100105:10,1:4:100|2:100105:5,99,"[1001,1002]"
3020405,国家青年队5,100111,30204,"[101,201]","[1,1]",1:4:100|2:200255:1|2:100105:10,1:4:100|2:100105:5,99,"[1001,1002]"
3020406,国家青年队6,100112,30204,"[101,201]","[1,1]",1:4:100|2:200255:2|2:100105:10|2:600410:5,1:4:100|2:100105:5|2:600410:2,40,"[1001,1002]"
3020407,国家青年队7,100113,30204,"[101,201]","[1,1]",1:4:100|2:200255:1|2:100105:10,1:4:100|2:100105:5,99,"[1001,1002]"
3020408,国家青年队8,100114,30204,"[101,201]","[1,1]",1:4:100|2:200255:1|2:100105:10,1:4:100|2:100105:5,99,"[1001,1002]"
3020409,国家青年队9,100101,30204,"[101,201]","[1,1]",1:4:100|2:200255:2|2:100105:10|2:600401:5,1:4:100|2:100105:5|2:600401:2,40,"[1001,1002]"
3020410,国家青年队10,100102,30204,"[101,201]","[1,1]",1:4:100|2:200255:2|2:100105:10|2:600402:5,1:4:100|2:100105:5|2:600402:2,40,"[1001,1002]"
3020501,埃及奥林匹克,100103,30205,"[101,201]","[1,1]",1:4:100|2:200255:1|2:100105:10,1:4:100|2:100105:5,99,"[1001,1002]"
3020502,赫里奥波里斯,100104,30205,"[101,201]","[1,1]",1:4:100|2:200255:1|2:100105:10,1:4:100|2:100105:5,99,"[1001,1002]"
3020503,亚历山大港,100105,30205,"[101,201]","[1,1]",1:4:100|2:200255:2|2:100105:10|2:600403:5,1:4:100|2:100105:5|2:600403:2,40,"[1001,1002]"
3020504,埃及艾查捷拉,100106,30205,"[101,201]","[1,1]",1:4:100|2:200255:1|2:100105:10,1:4:100|2:100105:5,99,"[1001,1002]"
3020505,史莫哈,100107,30205,"[101,201]","[1,1]",1:4:100|2:200255:1|2:100105:10,1:4:100|2:100105:5,99,"[1001,1002]"
3020506,埃及竞技,100108,30205,"[101,201]","[1,1]",1:4:100|2:200255:2|2:100105:10|2:600404:5,1:4:100|2:100105:5|2:600404:2,40,"[1001,1002]"
3020507,阿尔佐奥尔,100109,30205,"[101,201]","[1,1]",1:4:100|2:200255:1|2:100105:10,1:4:100|2:100105:5,99,"[1001,1002]"
3020508,埃及保险,100110,30205,"[101,201]","[1,1]",1:4:100|2:200255:1|2:100105:10,1:4:100|2:100105:5,99,"[1001,1002]"
3020509,埃及开罗国民,100111,30205,"[101,201]","[1,1]",1:4:100|2:200255:2|2:100105:10|2:600405:5,1:4:100|2:100105:5|2:600405:2,40,"[1001,1002]"
3020510,海亚阿尔卡纳,100112,30205,"[101,201]","[1,1]",1:4:100|2:200255:2|2:100105:10|2:600406:5,1:4:100|2:100105:5|2:600406:2,40,"[1001,1002]"
3020601,火鸟,100113,30206,"[101,201]","[1,1]",1:4:100|2:200255:1|2:100105:10,1:4:100|2:100105:5,99,"[1001,1002]"
3020602,杜阿拉大学,100114,30206,"[101,201]","[1,1]",1:4:100|2:200255:1|2:100105:10,1:4:100|2:100105:5,99,"[1001,1002]"
3020603,BEAC,100101,30206,"[101,201]","[1,1]",1:4:100|2:200255:2|2:100105:10|2:600407:5,1:4:100|2:100105:5|2:600407:2,40,"[1001,1002]"
3020604,Le恩坎篮球,100102,30206,"[101,201]","[1,1]",1:4:100|2:200255:1|2:100105:10,1:4:100|2:100105:5,99,"[1001,1002]"
3020605,FAP Yaounde,100103,30206,"[101,201]","[1,1]",1:4:100|2:200255:1|2:100105:10,1:4:100|2:100105:5,99,"[1001,1002]"
3020606,布埃亚火山勇士,100104,30206,"[101,201]","[1,1]",1:4:100|2:200255:2|2:100105:10|2:600408:5,1:4:100|2:100105:5|2:600408:2,40,"[1001,1002]"
3020607,Nzui Manto BGTE,100105,30206,"[101,201]","[1,1]",1:4:100|2:200255:1|2:100105:10,1:4:100|2:100105:5,99,"[1001,1002]"
3020608,Condor Yaounde,100106,30206,"[101,201]","[1,1]",1:4:100|2:200255:1|2:100105:10,1:4:100|2:100105:5,99,"[1001,1002]"
3020609,Ecole de Basket DLA,100107,30206,"[101,201]","[1,1]",1:4:100|2:200255:2|2:100105:10|2:600409:5,1:4:100|2:100105:5|2:600409:2,40,"[1001,1002]"
3020610,布埃亚火山勇士,100108,30206,"[101,201]","[1,1]",1:4:100|2:200255:2|2:100105:10|2:600410:5,1:4:100|2:100105:5|2:600410:2,40,"[1001,1002]"
3020701,国家青年队1,100109,30207,"[101,201]","[1,1]",1:4:100|2:200255:1|2:100105:10,1:4:100|2:100105:5,99,"[1001,1002]"
3020702,国家青年队2,100110,30207,"[101,201]","[1,1]",1:4:100|2:200255:1|2:100105:10,1:4:100|2:100105:5,99,"[1001,1002]"
3020703,国家青年队3,100111,30207,"[101,201]","[1,1]",1:4:100|2:200255:2|2:100105:10|2:600401:5,1:4:100|2:100105:5|2:600401:2,40,"[1001,1002]"
3020704,国家青年队4,100112,30207,"[101,201]","[1,1]",1:4:100|2:200255:1|2:100105:10,1:4:100|2:100105:5,99,"[1001,1002]"
3020705,国家青年队5,100113,30207,"[101,201]","[1,1]",1:4:100|2:200255:1|2:100105:10,1:4:100|2:100105:5,99,"[1001,1002]"
3020706,国家青年队6,100114,30207,"[101,201]","[1,1]",1:4:100|2:200255:2|2:100105:10|2:600402:5,1:4:100|2:100105:5|2:600402:2,40,"[1001,1002]"
3020707,国家青年队7,100101,30207,"[101,201]","[1,1]",1:4:100|2:200255:1|2:100105:10,1:4:100|2:100105:5,99,"[1001,1002]"
3020708,国家青年队8,100102,30207,"[101,201]","[1,1]",1:4:100|2:200255:1|2:100105:10,1:4:100|2:100105:5,99,"[1001,1002]"
3020709,国家青年队9,100103,30207,"[101,201]","[1,1]",1:4:100|2:200255:2|2:100105:10|2:600403:5,1:4:100|2:100105:5|2:600403:2,40,"[1001,1002]"
3020710,国家青年队10,100104,30207,"[101,201]","[1,1]",1:4:100|2:200255:2|2:100105:10|2:600404:5,1:4:100|2:100105:5|2:600404:2,40,"[1001,1002]"
3020801,国家青年队1,100105,30208,"[101,201]","[1,1]",1:4:100|2:200255:1|2:100105:10,1:4:100|2:100105:5,99,"[1001,1002]"
3020802,国家青年队2,100106,30208,"[101,201]","[1,1]",1:4:100|2:200255:1|2:100105:10,1:4:100|2:100105:5,99,"[1001,1002]"
3020803,国家青年队3,100107,30208,"[101,201]","[1,1]",1:4:100|2:200255:2|2:100105:10|2:600405:5,1:4:100|2:100105:5|2:600405:2,40,"[1001,1002]"
3020804,国家青年队4,100108,30208,"[101,201]","[1,1]",1:4:100|2:200255:1|2:100105:10,1:4:100|2:100105:5,99,"[1001,1002]"
3020805,国家青年队5,100109,30208,"[101,201]","[1,1]",1:4:100|2:200255:1|2:100105:10,1:4:100|2:100105:5,99,"[1001,1002]"
3020806,国家青年队6,100110,30208,"[101,201]","[1,1]",1:4:100|2:200255:2|2:100105:10|2:600406:5,1:4:100|2:100105:5|2:600406:2,40,"[1001,1002]"
3020807,国家青年队7,100111,30208,"[101,201]","[1,1]",1:4:100|2:200255:1|2:100105:10,1:4:100|2:100105:5,99,"[1001,1002]"
3020808,国家青年队8,100112,30208,"[101,201]","[1,1]",1:4:100|2:200255:1|2:100105:10,1:4:100|2:100105:5,99,"[1001,1002]"
3020809,国家青年队9,100113,30208,"[101,201]","[1,1]",1:4:100|2:200255:2|2:100105:10|2:600407:5,1:4:100|2:100105:5|2:600407:2,40,"[1001,1002]"
3020810,国家青年队10,100114,30208,"[101,201]","[1,1]",1:4:100|2:200255:2|2:100105:10|2:600408:5,1:4:100|2:100105:5|2:600408:2,40,"[1001,1002]"
3020901,国家青年队1,100101,30209,"[101,201]","[1,1]",1:4:100|2:200255:1|2:100105:10,1:4:100|2:100105:5,99,"[1001,1002]"
3020902,国家青年队2,100102,30209,"[101,201]","[1,1]",1:4:100|2:200255:1|2:100105:10,1:4:100|2:100105:5,99,"[1001,1002]"
3020903,国家青年队3,100103,30209,"[101,201]","[1,1]",1:4:100|2:200255:2|2:100105:10|2:600409:5,1:4:100|2:100105:5|2:600409:2,40,"[1001,1002]"
3020904,国家青年队4,100104,30209,"[101,201]","[1,1]",1:4:100|2:200255:1|2:100105:10,1:4:100|2:100105:5,99,"[1001,1002]"
3020905,国家青年队5,100105,30209,"[101,201]","[1,1]",1:4:100|2:200255:1|2:100105:10,1:4:100|2:100105:5,99,"[1001,1002]"
3020906,国家青年队6,100106,30209,"[101,201]","[1,1]",1:4:100|2:200255:2|2:100105:10|2:600410:5,1:4:100|2:100105:5|2:600410:2,40,"[1001,1002]"
3020907,国家青年队7,100107,30209,"[101,201]","[1,1]",1:4:100|2:200255:1|2:100105:10,1:4:100|2:100105:5,99,"[1001,1002]"
3020908,国家青年队8,100108,30209,"[101,201]","[1,1]",1:4:100|2:200255:1|2:100105:10,1:4:100|2:100105:5,99,"[1001,1002]"
3020909,国家青年队9,100109,30209,"[101,201]","[1,1]",1:4:100|2:200255:2|2:100105:10|2:600401:5,1:4:100|2:100105:5|2:600401:2,40,"[1001,1002]"
3020910,国家青年队10,100110,30209,"[101,201]","[1,1]",1:4:100|2:200255:2|2:100105:10|2:600402:5,1:4:100|2:100105:5|2:600402:2,40,"[1001,1002]"
3021001,国家青年队1,100111,30210,"[101,201]","[1,1]",1:4:100|2:200255:1|2:100105:10,1:4:100|2:100105:5,99,"[1001,1002]"
3021002,国家青年队2,100112,30210,"[101,201]","[1,1]",1:4:100|2:200255:1|2:100105:10,1:4:100|2:100105:5,99,"[1001,1002]"
3021003,国家青年队3,100113,30210,"[101,201]","[1,1]",1:4:100|2:200255:2|2:100105:10|2:600403:5,1:4:100|2:100105:5|2:600403:2,40,"[1001,1002]"
3021004,国家青年队4,100114,30210,"[101,201]","[1,1]",1:4:100|2:200255:1|2:100105:10,1:4:100|2:100105:5,99,"[1001,1002]"
3021005,国家青年队5,100101,30210,"[101,201]","[1,1]",1:4:100|2:200255:1|2:100105:10,1:4:100|2:100105:5,99,"[1001,1002]"
3021006,国家青年队6,100102,30210,"[101,201]","[1,1]",1:4:100|2:200255:2|2:100105:10|2:600404:5,1:4:100|2:100105:5|2:600404:2,40,"[1001,1002]"
3021007,国家青年队7,100103,30210,"[101,201]","[1,1]",1:4:100|2:200255:1|2:100105:10,1:4:100|2:100105:5,99,"[1001,1002]"
3021008,国家青年队8,100104,30210,"[101,201]","[1,1]",1:4:100|2:200255:1|2:100105:10,1:4:100|2:100105:5,99,"[1001,1002]"
3021009,国家青年队9,100105,30210,"[101,201]","[1,1]",1:4:100|2:200255:2|2:100105:10|2:600405:5,1:4:100|2:100105:5|2:600405:2,40,"[1001,1002]"
3021010,国家青年队10,100106,30210,"[101,201]","[1,1]",1:4:100|2:200255:2|2:100105:10|2:600406:5,1:4:100|2:100105:5|2:600406:2,40,"[1001,1002]"
3030101,宾厄姆顿大学熊猫队,100107,30301,"[101,201]","[1,1]",1:4:100|2:200255:1|2:100105:10,1:4:100|2:100105:5,99,"[1001,1002]"
3030102,布莱恩特大学斗牛犬队,100108,30301,"[101,201]","[1,1]",1:4:100|2:200255:1|2:100105:10,1:4:100|2:100105:5,99,"[1001,1002]"
3030103,缅因大学黑熊队,100109,30301,"[101,201]","[1,1]",1:4:100|2:200255:2|2:100105:10|2:600407:5,1:4:100|2:100105:5|2:600407:2,40,"[1001,1002]"
3030104,马里兰大学寻回犬队,100110,30301,"[101,201]","[1,1]",1:4:100|2:200255:1|2:100105:10,1:4:100|2:100105:5,99,"[1001,1002]"
3030105,马萨诸塞大学河鹰队,100111,30301,"[101,201]","[1,1]",1:4:100|2:200255:1|2:100105:10,1:4:100|2:100105:5,99,"[1001,1002]"
3030106,新罕布什尔大学野猫队,100112,30301,"[101,201]","[1,1]",1:4:100|2:200255:2|2:100105:10|2:600408:5,1:4:100|2:100105:5|2:600408:2,40,"[1001,1002]"
3030107,新泽西理工学院高地人队,100113,30301,"[101,201]","[1,1]",1:4:100|2:200255:1|2:100105:10,1:4:100|2:100105:5,99,"[1001,1002]"
3030108,佛蒙特大学目录队,100114,30301,"[101,201]","[1,1]",1:4:100|2:200255:1|2:100105:10,1:4:100|2:100105:5,99,"[1001,1002]"
3030109,中佛罗里达大学骑士队,100101,30301,"[101,201]","[1,1]",1:4:100|2:200255:2|2:100105:10|2:600409:5,1:4:100|2:100105:5|2:600409:2,40,"[1001,1002]"
3030110,N步行者,100102,30301,"[101,201]","[1,1]",1:4:100|2:200255:2|2:100105:10|2:600410:5,1:4:100|2:100105:5|2:600410:2,40,"[1001,1002]"
3030201,东卡罗来纳大学海盗队,100103,30302,"[101,201]","[1,1]",1:4:100|2:200255:1|2:100105:10,1:4:100|2:100105:5,99,"[1001,1002]"
3030202,休斯顿大学美洲狮队,100104,30302,"[101,201]","[1,1]",1:4:100|2:200255:1|2:100105:10,1:4:100|2:100105:5,99,"[1001,1002]"
3030203,孟菲斯大学老虎队队,100105,30302,"[101,201]","[1,1]",1:4:100|2:200255:2|2:100105:10|2:600401:5,1:4:100|2:100105:5|2:600401:2,40,"[1001,1002]"
3030204,南佛罗里达大学公牛队,100106,30302,"[101,201]","[1,1]",1:4:100|2:200255:1|2:100105:10,1:4:100|2:100105:5,99,"[1001,1002]"
3030205,南方卫理公会大学野马队,100107,30302,"[101,201]","[1,1]",1:4:100|2:200255:1|2:100105:10,1:4:100|2:100105:5,99,"[1001,1002]"
3030206,天普大学猫头鹰队,100108,30302,"[101,201]","[1,1]",1:4:100|2:200255:2|2:100105:10|2:600402:5,1:4:100|2:100105:5|2:600402:2,40,"[1001,1002]"
3030207,杜兰大学绿波队,100109,30302,"[101,201]","[1,1]",1:4:100|2:200255:1|2:100105:10,1:4:100|2:100105:5,99,"[1001,1002]"
3030208,塔尔萨大学金色飓风队,100110,30302,"[101,201]","[1,1]",1:4:100|2:200255:1|2:100105:10,1:4:100|2:100105:5,99,"[1001,1002]"
3030209,威奇托州立大学震惊者队,100111,30302,"[101,201]","[1,1]",1:4:100|2:200255:2|2:100105:10|2:600403:5,1:4:100|2:100105:5|2:600403:2,40,"[1001,1002]"
3030210,波士顿学院老鹰队,100112,30302,"[101,201]","[1,1]",1:4:100|2:200255:2|2:100105:10|2:600404:5,1:4:100|2:100105:5|2:600404:2,40,"[1001,1002]"
3030301,克莱姆森大学老虎队,100113,30303,"[101,201]","[1,1]",1:4:100|2:200255:1|2:100105:10,1:4:100|2:100105:5,99,"[1001,1002]"
3030302,杜克大学蓝魔队,100114,30303,"[101,201]","[1,1]",1:4:100|2:200255:1|2:100105:10,1:4:100|2:100105:5,99,"[1001,1002]"
3030303,佛罗里达州立大学塞米诺尔队,100101,30303,"[101,201]","[1,1]",1:4:100|2:200255:2|2:100105:10|2:600405:5,1:4:100|2:100105:5|2:600405:2,40,"[1001,1002]"
3030304,佐治亚理工学院黄色夹克队,100102,30303,"[101,201]","[1,1]",1:4:100|2:200255:1|2:100105:10,1:4:100|2:100105:5,99,"[1001,1002]"
3030305,路易斯维尔大学红衣主教队,100103,30303,"[101,201]","[1,1]",1:4:100|2:200255:1|2:100105:10,1:4:100|2:100105:5,99,"[1001,1002]"
3030306,迈阿密大学飓风队,100104,30303,"[101,201]","[1,1]",1:4:100|2:200255:2|2:100105:10|2:600406:5,1:4:100|2:100105:5|2:600406:2,40,"[1001,1002]"
3030307,飞艇队,100105,30303,"[101,201]","[1,1]",1:4:100|2:200255:1|2:100105:10,1:4:100|2:100105:5,99,"[1001,1002]"
3030308,勇者队,100106,30303,"[101,201]","[1,1]",1:4:100|2:200255:1|2:100105:10,1:4:100|2:100105:5,99,"[1001,1002]"
3030309,大湖队,100107,30303,"[101,201]","[1,1]",1:4:100|2:200255:2|2:100105:10|2:600407:5,1:4:100|2:100105:5|2:600407:2,40,"[1001,1002]"
3030310,国王队,100108,30303,"[101,201]","[1,1]",1:4:100|2:200255:2|2:100105:10|2:600408:5,1:4:100|2:100105:5|2:600408:2,40,"[1001,1002]"
3030401,雪城大学橙子队,100109,30304,"[101,201]","[1,1]",1:4:100|2:200255:1|2:100105:10,1:4:100|2:100105:5,99,"[1001,1002]"
3030402,弗吉尼亚大学骑士队队,100110,30304,"[101,201]","[1,1]",1:4:100|2:200255:1|2:100105:10,1:4:100|2:100105:5,99,"[1001,1002]"
3030403,弗吉尼亚理工学院霍基斯队,100111,30304,"[101,201]","[1,1]",1:4:100|2:200255:2|2:100105:10|2:600409:5,1:4:100|2:100105:5|2:600409:2,40,"[1001,1002]"
3030404,维克森林大学恶魔执事队,100112,30304,"[101,201]","[1,1]",1:4:100|2:200255:1|2:100105:10,1:4:100|2:100105:5,99,"[1001,1002]"
3030405,奥斯汀皮伊州立大学州长队,100113,30304,"[101,201]","[1,1]",1:4:100|2:200255:1|2:100105:10,1:4:100|2:100105:5,99,"[1001,1002]"
3030406,贝拉明大学骑士队,100114,30304,"[101,201]","[1,1]",1:4:100|2:200255:2|2:100105:10|2:600410:5,1:4:100|2:100105:5|2:600410:2,40,"[1001,1002]"
3030407,中央阿肯色大学熊队,100101,30304,"[101,201]","[1,1]",1:4:100|2:200255:1|2:100105:10,1:4:100|2:100105:5,99,"[1001,1002]"
3030408,东肯塔基大学上校队,100102,30304,"[101,201]","[1,1]",1:4:100|2:200255:1|2:100105:10,1:4:100|2:100105:5,99,"[1001,1002]"
3030409,神的母校,100103,30304,"[101,201]","[1,1]",1:4:100|2:200255:2|2:100105:10|2:600401:5,1:4:100|2:100105:5|2:600401:2,40,"[1001,1002]"
3030410,工蜂队,100104,30304,"[101,201]","[1,1]",1:4:100|2:200255:2|2:100105:10|2:600402:5,1:4:100|2:100105:5|2:600402:2,40,"[1001,1002]"
3030501,杰克逊维尔州立大学斗鸡队,100105,30305,"[101,201]","[1,1]",1:4:100|2:200255:1|2:100105:10,1:4:100|2:100105:5,99,"[1001,1002]"
3030502,肯尼索州立大学猫头鹰队,100106,30305,"[101,201]","[1,1]",1:4:100|2:200255:1|2:100105:10,1:4:100|2:100105:5,99,"[1001,1002]"
3030503,自由大学火焰队,100107,30305,"[101,201]","[1,1]",1:4:100|2:200255:2|2:100105:10|2:600403:5,1:4:100|2:100105:5|2:600403:2,40,"[1001,1002]"
3030504,利普斯科姆大学野牛队,100108,30305,"[101,201]","[1,1]",1:4:100|2:200255:1|2:100105:10,1:4:100|2:100105:5,99,"[1001,1002]"
3030505,北阿拉巴马大学狮子队,100109,30305,"[101,201]","[1,1]",1:4:100|2:200255:1|2:100105:10,1:4:100|2:100105:5,99,"[1001,1002]"
3030506,北佛罗里达大学鱼鹰队,100110,30305,"[101,201]","[1,1]",1:4:100|2:200255:2|2:100105:10|2:600404:5,1:4:100|2:100105:5|2:600404:2,40,"[1001,1002]"
3030507,夏洛特皇后大学[e]皇家队队,100111,30305,"[101,201]","[1,1]",1:4:100|2:200255:1|2:100105:10,1:4:100|2:100105:5,99,"[1001,1002]"
3030508,斯泰森大学帽匠队,100112,30305,"[101,201]","[1,1]",1:4:100|2:200255:1|2:100105:10,1:4:100|2:100105:5,99,"[1001,1002]"
3030509,戴维森学院野猫队,100113,30305,"[101,201]","[1,1]",1:4:100|2:200255:2|2:100105:10|2:600405:5,1:4:100|2:100105:5|2:600405:2,40,"[1001,1002]"
3030510,代顿大学传单队,100114,30305,"[101,201]","[1,1]",1:4:100|2:200255:2|2:100105:10|2:600406:5,1:4:100|2:100105:5|2:600406:2,40,"[1001,1002]"
3030601,杜肯大学公爵队,100101,30306,"[101,201]","[1,1]",1:4:100|2:200255:1|2:100105:10,1:4:100|2:100105:5,99,"[1001,1002]"
3030602,福特汉姆大学公羊队,100102,30306,"[101,201]","[1,1]",1:4:100|2:200255:1|2:100105:10,1:4:100|2:100105:5,99,"[1001,1002]"
3030603,乔治梅森大学爱国者队,100103,30306,"[101,201]","[1,1]",1:4:100|2:200255:2|2:100105:10|2:600407:5,1:4:100|2:100105:5|2:600407:2,40,"[1001,1002]"
3030604,乔治华盛顿大学殖民者队,100104,30306,"[101,201]","[1,1]",1:4:100|2:200255:1|2:100105:10,1:4:100|2:100105:5,99,"[1001,1002]"
3030605,拉萨尔大学探险家队,100105,30306,"[101,201]","[1,1]",1:4:100|2:200255:1|2:100105:10,1:4:100|2:100105:5,99,"[1001,1002]"
3030606,芝加哥洛约拉大学漫步者队,100106,30306,"[101,201]","[1,1]",1:4:100|2:200255:2|2:100105:10|2:600408:5,1:4:100|2:100105:5|2:600408:2,40,"[1001,1002]"
3030607,马萨诸塞大学阿默斯特分校民兵队,100107,30306,"[101,201]","[1,1]",1:4:100|2:200255:1|2:100105:10,1:4:100|2:100105:5,99,"[1001,1002]"
3030608,罗德岛大学公羊队,100108,30306,"[101,201]","[1,1]",1:4:100|2:200255:1|2:100105:10,1:4:100|2:100105:5,99,"[1001,1002]"
3030609,圣文德大学邦妮丝队,100109,30306,"[101,201]","[1,1]",1:4:100|2:200255:2|2:100105:10|2:600409:5,1:4:100|2:100105:5|2:600409:2,40,"[1001,1002]"
3030610,数字队,100110,30306,"[101,201]","[1,1]",1:4:100|2:200255:2|2:100105:10|2:600410:5,1:4:100|2:100105:5|2:600410:2,40,"[1001,1002]"
3030701,圣约瑟夫大学老鹰队,100111,30307,"[101,201]","[1,1]",1:4:100|2:200255:1|2:100105:10,1:4:100|2:100105:5,99,"[1001,1002]"
3030702,圣路易斯大学比利肯斯队,100112,30307,"[101,201]","[1,1]",1:4:100|2:200255:1|2:100105:10,1:4:100|2:100105:5,99,"[1001,1002]"
3030703,弗吉尼亚联邦大学公羊队,100113,30307,"[101,201]","[1,1]",1:4:100|2:200255:2|2:100105:10|2:600401:5,1:4:100|2:100105:5|2:600401:2,40,"[1001,1002]"
3030704,巴特勒大学斗牛犬队,100114,30307,"[101,201]","[1,1]",1:4:100|2:200255:1|2:100105:10,1:4:100|2:100105:5,99,"[1001,1002]"
3030705,克赖顿大学蓝鸟队,100101,30307,"[101,201]","[1,1]",1:4:100|2:200255:1|2:100105:10,1:4:100|2:100105:5,99,"[1001,1002]"
3030706,德保罗大学蓝色恶魔队,100102,30307,"[101,201]","[1,1]",1:4:100|2:200255:2|2:100105:10|2:600402:5,1:4:100|2:100105:5|2:600402:2,40,"[1001,1002]"
3030707,乔治城大学霍亚斯队,100103,30307,"[101,201]","[1,1]",1:4:100|2:200255:1|2:100105:10,1:4:100|2:100105:5,99,"[1001,1002]"
3030708,马凯特大学金鹰队队,100104,30307,"[101,201]","[1,1]",1:4:100|2:200255:1|2:100105:10,1:4:100|2:100105:5,99,"[1001,1002]"
3030709,普罗维登斯学院修士队,100105,30307,"[101,201]","[1,1]",1:4:100|2:200255:2|2:100105:10|2:600403:5,1:4:100|2:100105:5|2:600403:2,40,"[1001,1002]"
3030710,圣约翰大学红色风暴队,100106,30307,"[101,201]","[1,1]",1:4:100|2:200255:2|2:100105:10|2:600404:5,1:4:100|2:100105:5|2:600404:2,40,"[1001,1002]"
3030801,Sudbury Five,100107,30308,"[101,201]","[1,1]",1:4:100|2:200255:1|2:100105:10,1:4:100|2:100105:5,99,"[1001,1002]"
3030802,纽芬兰Rogues,100108,30308,"[101,201]","[1,1]",1:4:100|2:200255:1|2:100105:10,1:4:100|2:100105:5,99,"[1001,1002]"
3030803,London Lightning,100109,30308,"[101,201]","[1,1]",1:4:100|2:200255:2|2:100105:10|2:600405:5,1:4:100|2:100105:5|2:600405:2,40,"[1001,1002]"
3030804,Windsor Express,100110,30308,"[101,201]","[1,1]",1:4:100|2:200255:1|2:100105:10,1:4:100|2:100105:5,99,"[1001,1002]"
3030805,奥克兰县法老,100111,30308,"[101,201]","[1,1]",1:4:100|2:200255:1|2:100105:10,1:4:100|2:100105:5,99,"[1001,1002]"
3030806,KW Titans,100112,30308,"[101,201]","[1,1]",1:4:100|2:200255:2|2:100105:10|2:600406:5,1:4:100|2:100105:5|2:600406:2,40,"[1001,1002]"
3030807,詹姆斯敦豺狼,100113,30308,"[101,201]","[1,1]",1:4:100|2:200255:1|2:100105:10,1:4:100|2:100105:5,99,"[1001,1002]"
3030808,纽芬兰Rogues,100114,30308,"[101,201]","[1,1]",1:4:100|2:200255:1|2:100105:10,1:4:100|2:100105:5,99,"[1001,1002]"
3030809,London Lightning,100101,30308,"[101,201]","[1,1]",1:4:100|2:200255:2|2:100105:10|2:600407:5,1:4:100|2:100105:5|2:600407:2,40,"[1001,1002]"
3030810,Windsor Express,100102,30308,"[101,201]","[1,1]",1:4:100|2:200255:2|2:100105:10|2:600408:5,1:4:100|2:100105:5|2:600408:2,40,"[1001,1002]"
3030901,Metropolitanos,100103,30309,"[101,201]","[1,1]",1:4:100|2:200255:1|2:100105:10,1:4:100|2:100105:5,99,"[1001,1002]"
3030902,Matanzas,100104,30309,"[101,201]","[1,1]",1:4:100|2:200255:1|2:100105:10,1:4:100|2:100105:5,99,"[1001,1002]"
3030903,Mayabeque,100105,30309,"[101,201]","[1,1]",1:4:100|2:200255:2|2:100105:10|2:600409:5,1:4:100|2:100105:5|2:600409:2,40,"[1001,1002]"
3030904,Pinar del Rio,100106,30309,"[101,201]","[1,1]",1:4:100|2:200255:1|2:100105:10,1:4:100|2:100105:5,99,"[1001,1002]"
3030905,Artemisa,100107,30309,"[101,201]","[1,1]",1:4:100|2:200255:1|2:100105:10,1:4:100|2:100105:5,99,"[1001,1002]"
3030906,圣斯皮里图斯,100108,30309,"[101,201]","[1,1]",1:4:100|2:200255:2|2:100105:10|2:600410:5,1:4:100|2:100105:5|2:600410:2,40,"[1001,1002]"
3030907,圣地亚哥,100109,30309,"[101,201]","[1,1]",1:4:100|2:200255:1|2:100105:10,1:4:100|2:100105:5,99,"[1001,1002]"
3030908,谢戈德阿维拉,100110,30309,"[101,201]","[1,1]",1:4:100|2:200255:1|2:100105:10,1:4:100|2:100105:5,99,"[1001,1002]"
3030909,比亚克拉拉,100111,30309,"[101,201]","[1,1]",1:4:100|2:200255:2|2:100105:10|2:600401:5,1:4:100|2:100105:5|2:600401:2,40,"[1001,1002]"
3030910,Capitalinos,100112,30309,"[101,201]","[1,1]",1:4:100|2:200255:2|2:100105:10|2:600402:5,1:4:100|2:100105:5|2:600402:2,40,"[1001,1002]"
3031001,太空人,100113,30310,"[101,201]","[1,1]",1:4:100|2:200255:1|2:100105:10,1:4:100|2:100105:5,99,"[1001,1002]"
3031002,多拉多斯,100114,30310,"[101,201]","[1,1]",1:4:100|2:200255:1|2:100105:10,1:4:100|2:100105:5,99,"[1001,1002]"
3031003,阿比查斯,100101,30310,"[101,201]","[1,1]",1:4:100|2:200255:2|2:100105:10|2:600403:5,1:4:100|2:100105:5|2:600403:2,40,"[1001,1002]"
3031004,富尔萨雷吉亚,100102,30310,"[101,201]","[1,1]",1:4:100|2:200255:1|2:100105:10,1:4:100|2:100105:5,99,"[1001,1002]"
3031005,利伯塔多瑞斯,100103,30310,"[101,201]","[1,1]",1:4:100|2:200255:1|2:100105:10,1:4:100|2:100105:5,99,"[1001,1002]"
3031006,普拉特罗斯,100104,30310,"[101,201]","[1,1]",1:4:100|2:200255:2|2:100105:10|2:600404:5,1:4:100|2:100105:5|2:600404:2,40,"[1001,1002]"
3031007,米拿罗斯,100105,30310,"[101,201]","[1,1]",1:4:100|2:200255:1|2:100105:10,1:4:100|2:100105:5,99,"[1001,1002]"
3031008,墨西卡利,100106,30310,"[101,201]","[1,1]",1:4:100|2:200255:1|2:100105:10,1:4:100|2:100105:5,99,"[1001,1002]"
3031009,夏拉帕,100107,30310,"[101,201]","[1,1]",1:4:100|2:200255:2|2:100105:10|2:600405:5,1:4:100|2:100105:5|2:600405:2,40,"[1001,1002]"
3031010,克雷卡米诺斯,100108,30310,"[101,201]","[1,1]",1:4:100|2:200255:2|2:100105:10|2:600406:5,1:4:100|2:100105:5|2:600406:2,40,"[1001,1002]"
3040101,国家青年队1,100109,30401,"[101,201]","[1,1]",1:4:100|2:200255:1|2:100105:10,1:4:100|2:100105:5,99,"[1001,1002]"
3040102,国家青年队2,100110,30401,"[101,201]","[1,1]",1:4:100|2:200255:1|2:100105:10,1:4:100|2:100105:5,99,"[1001,1002]"
3040103,国家青年队3,100111,30401,"[101,201]","[1,1]",1:4:100|2:200255:2|2:100105:10|2:600407:5,1:4:100|2:100105:5|2:600407:2,40,"[1001,1002]"
3040104,国家青年队4,100112,30401,"[101,201]","[1,1]",1:4:100|2:200255:1|2:100105:10,1:4:100|2:100105:5,99,"[1001,1002]"
3040105,国家青年队5,100113,30401,"[101,201]","[1,1]",1:4:100|2:200255:1|2:100105:10,1:4:100|2:100105:5,99,"[1001,1002]"
3040106,国家青年队6,100114,30401,"[101,201]","[1,1]",1:4:100|2:200255:2|2:100105:10|2:600408:5,1:4:100|2:100105:5|2:600408:2,40,"[1001,1002]"
3040107,国家青年队7,100101,30401,"[101,201]","[1,1]",1:4:100|2:200255:1|2:100105:10,1:4:100|2:100105:5,99,"[1001,1002]"
3040108,国家青年队8,100102,30401,"[101,201]","[1,1]",1:4:100|2:200255:1|2:100105:10,1:4:100|2:100105:5,99,"[1001,1002]"
3040109,国家青年队9,100103,30401,"[101,201]","[1,1]",1:4:100|2:200255:2|2:100105:10|2:600409:5,1:4:100|2:100105:5|2:600409:2,40,"[1001,1002]"
3040110,国家青年队10,100104,30401,"[101,201]","[1,1]",1:4:100|2:200255:2|2:100105:10|2:600410:5,1:4:100|2:100105:5|2:600410:2,40,"[1001,1002]"
3040201,国家青年队1,100105,30402,"[101,201]","[1,1]",1:4:100|2:200255:1|2:100105:10,1:4:100|2:100105:5,99,"[1001,1002]"
3040202,国家青年队2,100106,30402,"[101,201]","[1,1]",1:4:100|2:200255:1|2:100105:10,1:4:100|2:100105:5,99,"[1001,1002]"
3040203,国家青年队3,100107,30402,"[101,201]","[1,1]",1:4:100|2:200255:2|2:100105:10|2:600501:5,1:4:100|2:100105:5|2:600501:2,40,"[1001,1002]"
3040204,国家青年队4,100108,30402,"[101,201]","[1,1]",1:4:100|2:200255:1|2:100105:10,1:4:100|2:100105:5,99,"[1001,1002]"
3040205,国家青年队5,100109,30402,"[101,201]","[1,1]",1:4:100|2:200255:1|2:100105:10,1:4:100|2:100105:5,99,"[1001,1002]"
3040206,国家青年队6,100110,30402,"[101,201]","[1,1]",1:4:100|2:200255:2|2:100105:10|2:600502:5,1:4:100|2:100105:5|2:600502:2,40,"[1001,1002]"
3040207,国家青年队7,100111,30402,"[101,201]","[1,1]",1:4:100|2:200255:1|2:100105:10,1:4:100|2:100105:5,99,"[1001,1002]"
3040208,国家青年队8,100112,30402,"[101,201]","[1,1]",1:4:100|2:200255:1|2:100105:10,1:4:100|2:100105:5,99,"[1001,1002]"
3040209,国家青年队9,100113,30402,"[101,201]","[1,1]",1:4:100|2:200255:2|2:100105:10|2:600503:5,1:4:100|2:100105:5|2:600503:2,40,"[1001,1002]"
3040210,国家青年队10,100114,30402,"[101,201]","[1,1]",1:4:100|2:200255:2|2:100105:10|2:600504:5,1:4:100|2:100105:5|2:600504:2,40,"[1001,1002]"
3040301,加勒比风暴群岛,100101,30403,"[101,201]","[1,1]",1:4:100|2:200255:1|2:100105:10,1:4:100|2:100105:5,99,"[1001,1002]"
3040302,巴兰基亚泰坦,100102,30403,"[101,201]","[1,1]",1:4:100|2:200255:1|2:100105:10,1:4:100|2:100105:5,99,"[1001,1002]"
3040303,波哥大海盗,100103,30403,"[101,201]","[1,1]",1:4:100|2:200255:2|2:100105:10|2:600505:5,1:4:100|2:100105:5|2:600505:2,40,"[1001,1002]"
3040304,巧克力栗色,100104,30403,"[101,201]","[1,1]",1:4:100|2:200255:1|2:100105:10,1:4:100|2:100105:5,99,"[1001,1002]"
3040305,卡利队,100105,30403,"[101,201]","[1,1]",1:4:100|2:200255:1|2:100105:10,1:4:100|2:100105:5,99,"[1001,1002]"
3040306,布卡罗斯,100106,30403,"[101,201]","[1,1]",1:4:100|2:200255:2|2:100105:10|2:600506:5,1:4:100|2:100105:5|2:600506:2,40,"[1001,1002]"
3040307,卡塔赫纳海盗,100107,30403,"[101,201]","[1,1]",1:4:100|2:200255:1|2:100105:10,1:4:100|2:100105:5,99,"[1001,1002]"
3040308,昆迪纳马卡秃鹰,100108,30403,"[101,201]","[1,1]",1:4:100|2:200255:1|2:100105:10,1:4:100|2:100105:5,99,"[1001,1002]"
3040309,卡塔赫纳海盗,100109,30403,"[101,201]","[1,1]",1:4:100|2:200255:2|2:100105:10|2:600507:5,1:4:100|2:100105:5|2:600507:2,40,"[1001,1002]"
3040310,昆迪纳马卡秃鹰,100110,30403,"[101,201]","[1,1]",1:4:100|2:200255:2|2:100105:10|2:600508:5,1:4:100|2:100105:5|2:600508:2,40,"[1001,1002]"
3040401,国家青年队1,100111,30404,"[101,201]","[1,1]",1:4:100|2:200255:1|2:100105:10,1:4:100|2:100105:5,99,"[1001,1002]"
3040402,国家青年队2,100112,30404,"[101,201]","[1,1]",1:4:100|2:200255:1|2:100105:10,1:4:100|2:100105:5,99,"[1001,1002]"
3040403,国家青年队3,100113,30404,"[101,201]","[1,1]",1:4:100|2:200255:2|2:100105:10|2:600509:5,1:4:100|2:100105:5|2:600509:2,40,"[1001,1002]"
3040404,国家青年队4,100114,30404,"[101,201]","[1,1]",1:4:100|2:200255:1|2:100105:10,1:4:100|2:100105:5,99,"[1001,1002]"
3040405,国家青年队5,100101,30404,"[101,201]","[1,1]",1:4:100|2:200255:1|2:100105:10,1:4:100|2:100105:5,99,"[1001,1002]"
3040406,国家青年队6,100102,30404,"[101,201]","[1,1]",1:4:100|2:200255:2|2:100105:10|2:600510:5,1:4:100|2:100105:5|2:600510:2,40,"[1001,1002]"
3040407,国家青年队7,100103,30404,"[101,201]","[1,1]",1:4:100|2:200255:1|2:100105:10,1:4:100|2:100105:5,99,"[1001,1002]"
3040408,国家青年队8,100104,30404,"[101,201]","[1,1]",1:4:100|2:200255:1|2:100105:10,1:4:100|2:100105:5,99,"[1001,1002]"
3040409,国家青年队9,100105,30404,"[101,201]","[1,1]",1:4:100|2:200255:2|2:100105:10|2:600501:5,1:4:100|2:100105:5|2:600501:2,40,"[1001,1002]"
3040410,国家青年队10,100106,30404,"[101,201]","[1,1]",1:4:100|2:200255:2|2:100105:10|2:600502:5,1:4:100|2:100105:5|2:600502:2,40,"[1001,1002]"
3040501,国家青年队1,100107,30405,"[101,201]","[1,1]",1:4:100|2:200255:1|2:100105:10,1:4:100|2:100105:5,99,"[1001,1002]"
3040502,国家青年队2,100108,30405,"[101,201]","[1,1]",1:4:100|2:200255:1|2:100105:10,1:4:100|2:100105:5,99,"[1001,1002]"
3040503,国家青年队3,100109,30405,"[101,201]","[1,1]",1:4:100|2:200255:2|2:100105:10|2:600503:5,1:4:100|2:100105:5|2:600503:2,40,"[1001,1002]"
3040504,国家青年队4,100110,30405,"[101,201]","[1,1]",1:4:100|2:200255:1|2:100105:10,1:4:100|2:100105:5,99,"[1001,1002]"
3040505,国家青年队5,100111,30405,"[101,201]","[1,1]",1:4:100|2:200255:1|2:100105:10,1:4:100|2:100105:5,99,"[1001,1002]"
3040506,国家青年队6,100112,30405,"[101,201]","[1,1]",1:4:100|2:200255:2|2:100105:10|2:600504:5,1:4:100|2:100105:5|2:600504:2,40,"[1001,1002]"
3040507,国家青年队7,100113,30405,"[101,201]","[1,1]",1:4:100|2:200255:1|2:100105:10,1:4:100|2:100105:5,99,"[1001,1002]"
3040508,国家青年队8,100114,30405,"[101,201]","[1,1]",1:4:100|2:200255:1|2:100105:10,1:4:100|2:100105:5,99,"[1001,1002]"
3040509,国家青年队9,100101,30405,"[101,201]","[1,1]",1:4:100|2:200255:2|2:100105:10|2:600505:5,1:4:100|2:100105:5|2:600505:2,40,"[1001,1002]"
3040510,国家青年队10,100102,30405,"[101,201]","[1,1]",1:4:100|2:200255:2|2:100105:10|2:600506:5,1:4:100|2:100105:5|2:600506:2,40,"[1001,1002]"
3040601,国家青年队1,100103,30406,"[101,201]","[1,1]",1:4:100|2:200255:1|2:100105:10,1:4:100|2:100105:5,99,"[1001,1002]"
3040602,国家青年队2,100104,30406,"[101,201]","[1,1]",1:4:100|2:200255:1|2:100105:10,1:4:100|2:100105:5,99,"[1001,1002]"
3040603,国家青年队3,100105,30406,"[101,201]","[1,1]",1:4:100|2:200255:2|2:100105:10|2:600507:5,1:4:100|2:100105:5|2:600507:2,40,"[1001,1002]"
3040604,国家青年队4,100106,30406,"[101,201]","[1,1]",1:4:100|2:200255:1|2:100105:10,1:4:100|2:100105:5,99,"[1001,1002]"
3040605,国家青年队5,100107,30406,"[101,201]","[1,1]",1:4:100|2:200255:1|2:100105:10,1:4:100|2:100105:5,99,"[1001,1002]"
3040606,国家青年队6,100108,30406,"[101,201]","[1,1]",1:4:100|2:200255:2|2:100105:10|2:600508:5,1:4:100|2:100105:5|2:600508:2,40,"[1001,1002]"
3040607,国家青年队7,100109,30406,"[101,201]","[1,1]",1:4:100|2:200255:1|2:100105:10,1:4:100|2:100105:5,99,"[1001,1002]"
3040608,国家青年队8,100110,30406,"[101,201]","[1,1]",1:4:100|2:200255:1|2:100105:10,1:4:100|2:100105:5,99,"[1001,1002]"
3040609,国家青年队9,100111,30406,"[101,201]","[1,1]",1:4:100|2:200255:2|2:100105:10|2:600509:5,1:4:100|2:100105:5|2:600509:2,40,"[1001,1002]"
3040610,国家青年队10,100112,30406,"[101,201]","[1,1]",1:4:100|2:200255:2|2:100105:10|2:600510:5,1:4:100|2:100105:5|2:600510:2,40,"[1001,1002]"
3040701,国家青年队1,100113,30407,"[101,201]","[1,1]",1:4:100|2:200255:1|2:100105:10,1:4:100|2:100105:5,99,"[1001,1002]"
3040702,国家青年队2,100114,30407,"[101,201]","[1,1]",1:4:100|2:200255:1|2:100105:10,1:4:100|2:100105:5,99,"[1001,1002]"
3040703,国家青年队3,100101,30407,"[101,201]","[1,1]",1:4:100|2:200255:2|2:100105:10|2:600501:5,1:4:100|2:100105:5|2:600501:2,40,"[1001,1002]"
3040704,国家青年队4,100102,30407,"[101,201]","[1,1]",1:4:100|2:200255:1|2:100105:10,1:4:100|2:100105:5,99,"[1001,1002]"
3040705,国家青年队5,100103,30407,"[101,201]","[1,1]",1:4:100|2:200255:1|2:100105:10,1:4:100|2:100105:5,99,"[1001,1002]"
3040706,国家青年队6,100104,30407,"[101,201]","[1,1]",1:4:100|2:200255:2|2:100105:10|2:600502:5,1:4:100|2:100105:5|2:600502:2,40,"[1001,1002]"
3040707,国家青年队7,100105,30407,"[101,201]","[1,1]",1:4:100|2:200255:1|2:100105:10,1:4:100|2:100105:5,99,"[1001,1002]"
3040708,国家青年队8,100106,30407,"[101,201]","[1,1]",1:4:100|2:200255:1|2:100105:10,1:4:100|2:100105:5,99,"[1001,1002]"
3040709,国家青年队9,100107,30407,"[101,201]","[1,1]",1:4:100|2:200255:2|2:100105:10|2:600503:5,1:4:100|2:100105:5|2:600503:2,40,"[1001,1002]"
3040710,国家青年队10,100108,30407,"[101,201]","[1,1]",1:4:100|2:200255:2|2:100105:10|2:600504:5,1:4:100|2:100105:5|2:600504:2,40,"[1001,1002]"
3040801,国家青年队1,100109,30408,"[101,201]","[1,1]",1:4:100|2:200255:1|2:100105:10,1:4:100|2:100105:5,99,"[1001,1002]"
3040802,国家青年队2,100110,30408,"[101,201]","[1,1]",1:4:100|2:200255:1|2:100105:10,1:4:100|2:100105:5,99,"[1001,1002]"
3040803,国家青年队3,100111,30408,"[101,201]","[1,1]",1:4:100|2:200255:2|2:100105:10|2:600505:5,1:4:100|2:100105:5|2:600505:2,40,"[1001,1002]"
3040804,国家青年队4,100112,30408,"[101,201]","[1,1]",1:4:100|2:200255:1|2:100105:10,1:4:100|2:100105:5,99,"[1001,1002]"
3040805,国家青年队5,100113,30408,"[101,201]","[1,1]",1:4:100|2:200255:1|2:100105:10,1:4:100|2:100105:5,99,"[1001,1002]"
3040806,国家青年队6,100114,30408,"[101,201]","[1,1]",1:4:100|2:200255:2|2:100105:10|2:600506:5,1:4:100|2:100105:5|2:600506:2,40,"[1001,1002]"
3040807,国家青年队7,100101,30408,"[101,201]","[1,1]",1:4:100|2:200255:1|2:100105:10,1:4:100|2:100105:5,99,"[1001,1002]"
3040808,国家青年队8,100102,30408,"[101,201]","[1,1]",1:4:100|2:200255:1|2:100105:10,1:4:100|2:100105:5,99,"[1001,1002]"
3040809,国家青年队9,100103,30408,"[101,201]","[1,1]",1:4:100|2:200255:2|2:100105:10|2:600507:5,1:4:100|2:100105:5|2:600507:2,40,"[1001,1002]"
3040810,国家青年队10,100104,30408,"[101,201]","[1,1]",1:4:100|2:200255:2|2:100105:10|2:600508:5,1:4:100|2:100105:5|2:600508:2,40,"[1001,1002]"
3040901,法兰卡,100105,30409,"[101,201]","[1,1]",1:4:100|2:200255:1|2:100105:10,1:4:100|2:100105:5,99,"[1001,1002]"
3040902,弗兰门戈,100106,30409,"[101,201]","[1,1]",1:4:100|2:200255:1|2:100105:10,1:4:100|2:100105:5,99,"[1001,1002]"
3040903,圣保罗,100107,30409,"[101,201]","[1,1]",1:4:100|2:200255:2|2:100105:10|2:600509:5,1:4:100|2:100105:5|2:600509:2,40,"[1001,1002]"
3040904,皮塔高拉斯,100108,30409,"[101,201]","[1,1]",1:4:100|2:200255:1|2:100105:10,1:4:100|2:100105:5,99,"[1001,1002]"
3040905,保利斯坦奴,100109,30409,"[101,201]","[1,1]",1:4:100|2:200255:1|2:100105:10,1:4:100|2:100105:5,99,"[1001,1002]"
3040906,科林蒂安波利斯塔,100110,30409,"[101,201]","[1,1]",1:4:100|2:200255:2|2:100105:10|2:600510:5,1:4:100|2:100105:5|2:600510:2,40,"[1001,1002]"
3040907,巴乌鲁,100111,30409,"[101,201]","[1,1]",1:4:100|2:200255:1|2:100105:10,1:4:100|2:100105:5,99,"[1001,1002]"
3040908,皮涅鲁斯,100112,30409,"[101,201]","[1,1]",1:4:100|2:200255:1|2:100105:10,1:4:100|2:100105:5,99,"[1001,1002]"
3040909,圣荷塞尤迈,100113,30409,"[101,201]","[1,1]",1:4:100|2:200255:2|2:100105:10|2:600501:5,1:4:100|2:100105:5|2:600501:2,40,"[1001,1002]"
3040910,卡西亚斯,100114,30409,"[101,201]","[1,1]",1:4:100|2:200255:2|2:100105:10|2:600502:5,1:4:100|2:100105:5|2:600502:2,40,"[1001,1002]"
3041001,瑞加塔斯,100101,30410,"[101,201]","[1,1]",1:4:100|2:200255:1|2:100105:10,1:4:100|2:100105:5,99,"[1001,1002]"
3041002,奥利瓦独立队,100102,30410,"[101,201]","[1,1]",1:4:100|2:200255:1|2:100105:10,1:4:100|2:100105:5,99,"[1001,1002]"
3041003,费罗卡利,100103,30410,"[101,201]","[1,1]",1:4:100|2:200255:2|2:100105:10|2:600503:5,1:4:100|2:100105:5|2:600503:2,40,"[1001,1002]"
3041004,里亚丘埃洛,100104,30410,"[101,201]","[1,1]",1:4:100|2:200255:1|2:100105:10,1:4:100|2:100105:5,99,"[1001,1002]"
3041005,福尔摩莎,100105,30410,"[101,201]","[1,1]",1:4:100|2:200255:1|2:100105:10,1:4:100|2:100105:5,99,"[1001,1002]"
3041006,阿根廷胡宁竞技,100106,30410,"[101,201]","[1,1]",1:4:100|2:200255:2|2:100105:10|2:600504:5,1:4:100|2:100105:5|2:600504:2,40,"[1001,1002]"
3041007,梅赛德斯交流会,100107,30410,"[101,201]","[1,1]",1:4:100|2:200255:1|2:100105:10,1:4:100|2:100105:5,99,"[1001,1002]"
3041008,圣塔菲联,100108,30410,"[101,201]","[1,1]",1:4:100|2:200255:1|2:100105:10,1:4:100|2:100105:5,99,"[1001,1002]"
3041009,圣洛伦索,100109,30410,"[101,201]","[1,1]",1:4:100|2:200255:2|2:100105:10|2:600505:5,1:4:100|2:100105:5|2:600505:2,40,"[1001,1002]"
3041010,阿顿纳斯,100110,30410,"[101,201]","[1,1]",1:4:100|2:200255:2|2:100105:10|2:600506:5,1:4:100|2:100105:5|2:600506:2,40,"[1001,1002]"
3050101,伦敦雄狮,100111,30501,"[101,201]","[1,1]",1:4:100|2:200255:1|2:100105:10,1:4:100|2:100105:5,99,"[1001,1002]"
3050102,切斯特凤凰,100112,30501,"[101,201]","[1,1]",1:4:100|2:200255:1|2:100105:10,1:4:100|2:100105:5,99,"[1001,1002]"
3050103,纽卡斯尔老鹰,100113,30501,"[101,201]","[1,1]",1:4:100|2:200255:2|2:100105:10|2:600507:5,1:4:100|2:100105:5|2:600507:2,40,"[1001,1002]"
3050104,喀里多尼亚角斗士,100114,30501,"[101,201]","[1,1]",1:4:100|2:200255:1|2:100105:10,1:4:100|2:100105:5,99,"[1001,1002]"
3050105,谢菲尔德鲨鱼,100101,30501,"[101,201]","[1,1]",1:4:100|2:200255:1|2:100105:10,1:4:100|2:100105:5,99,"[1001,1002]"
3050106,普利茅斯爱国者,100102,30501,"[101,201]","[1,1]",1:4:100|2:200255:2|2:100105:10|2:600508:5,1:4:100|2:100105:5|2:600508:2,40,"[1001,1002]"
3050107,曼彻斯特巨人,100103,30501,"[101,201]","[1,1]",1:4:100|2:200255:1|2:100105:10,1:4:100|2:100105:5,99,"[1001,1002]"
3050108,莱切斯特骑士,100104,30501,"[101,201]","[1,1]",1:4:100|2:200255:1|2:100105:10,1:4:100|2:100105:5,99,"[1001,1002]"
3050109,布里斯托战斗机,100105,30501,"[101,201]","[1,1]",1:4:100|2:200255:2|2:100105:10|2:600509:5,1:4:100|2:100105:5|2:600509:2,40,"[1001,1002]"
3050110,谢菲尔德鲨鱼,100106,30501,"[101,201]","[1,1]",1:4:100|2:200255:2|2:100105:10|2:600510:5,1:4:100|2:100105:5|2:600510:2,40,"[1001,1002]"
3050201,费内巴切,100107,30502,"[101,201]","[1,1]",1:4:100|2:200255:1|2:100105:10,1:4:100|2:100105:5,99,"[1001,1002]"
3050202,土耳其电信,100108,30502,"[101,201]","[1,1]",1:4:100|2:200255:1|2:100105:10,1:4:100|2:100105:5,99,"[1001,1002]"
3050203,艾菲斯皮尔森,100109,30502,"[101,201]","[1,1]",1:4:100|2:200255:2|2:100105:10|2:600501:5,1:4:100|2:100105:5|2:600501:2,40,"[1001,1002]"
3050204,皮纳尔,100110,30502,"[101,201]","[1,1]",1:4:100|2:200255:1|2:100105:10,1:4:100|2:100105:5,99,"[1001,1002]"
3050205,柏萨士邦,100111,30502,"[101,201]","[1,1]",1:4:100|2:200255:1|2:100105:10,1:4:100|2:100105:5,99,"[1001,1002]"
3050206,达鲁萨法卡,100112,30502,"[101,201]","[1,1]",1:4:100|2:200255:2|2:100105:10|2:600502:5,1:4:100|2:100105:5|2:600502:2,40,"[1001,1002]"
3050207,巴赫切希尔,100113,30502,"[101,201]","[1,1]",1:4:100|2:200255:1|2:100105:10,1:4:100|2:100105:5,99,"[1001,1002]"
3050208,梅克泽芬迪,100114,30502,"[101,201]","[1,1]",1:4:100|2:200255:1|2:100105:10,1:4:100|2:100105:5,99,"[1001,1002]"
3050209,加拉塔萨雷,100101,30502,"[101,201]","[1,1]",1:4:100|2:200255:2|2:100105:10|2:600503:5,1:4:100|2:100105:5|2:600503:2,40,"[1001,1002]"
3050210,托法斯,100102,30502,"[101,201]","[1,1]",1:4:100|2:200255:2|2:100105:10|2:600504:5,1:4:100|2:100105:5|2:600504:2,40,"[1001,1002]"
3050301,考哈约恩,100103,30503,"[101,201]","[1,1]",1:4:100|2:200255:1|2:100105:10,1:4:100|2:100105:5,99,"[1001,1002]"
3050302,赫尔辛基海鸥,100104,30503,"[101,201]","[1,1]",1:4:100|2:200255:1|2:100105:10,1:4:100|2:100105:5,99,"[1001,1002]"
3050303,卡塔查,100105,30503,"[101,201]","[1,1]",1:4:100|2:200255:2|2:100105:10|2:600505:5,1:4:100|2:100105:5|2:600505:2,40,"[1001,1002]"
3050304,沙龙维尔帕斯,100106,30503,"[101,201]","[1,1]",1:4:100|2:200255:1|2:100105:10,1:4:100|2:100105:5,99,"[1001,1002]"
3050305,科沃特,100107,30503,"[101,201]","[1,1]",1:4:100|2:200255:1|2:100105:10,1:4:100|2:100105:5,99,"[1001,1002]"
3050306,KTP,100108,30503,"[101,201]","[1,1]",1:4:100|2:200255:2|2:100105:10|2:600506:5,1:4:100|2:100105:5|2:600506:2,40,"[1001,1002]"
3050307,拉普阿,100109,30503,"[101,201]","[1,1]",1:4:100|2:200255:1|2:100105:10,1:4:100|2:100105:5,99,"[1001,1002]"
3050308,BC诺基亚,100110,30503,"[101,201]","[1,1]",1:4:100|2:200255:1|2:100105:10,1:4:100|2:100105:5,99,"[1001,1002]"
3050309,坦佩雷恩,100111,30503,"[101,201]","[1,1]",1:4:100|2:200255:2|2:100105:10|2:600507:5,1:4:100|2:100105:5|2:600507:2,40,"[1001,1002]"
3050310,洪卡,100112,30503,"[101,201]","[1,1]",1:4:100|2:200255:2|2:100105:10|2:600508:5,1:4:100|2:100105:5|2:600508:2,40,"[1001,1002]"
3050401,斯拉斯克,100113,30504,"[101,201]","[1,1]",1:4:100|2:200255:1|2:100105:10,1:4:100|2:100105:5,99,"[1001,1002]"
3050402,区奥斯特,100114,30504,"[101,201]","[1,1]",1:4:100|2:200255:1|2:100105:10,1:4:100|2:100105:5,99,"[1001,1002]"
3050403,索波特,100101,30504,"[101,201]","[1,1]",1:4:100|2:200255:2|2:100105:10|2:600509:5,1:4:100|2:100105:5|2:600509:2,40,"[1001,1002]"
3050404,什切青,100102,30504,"[101,201]","[1,1]",1:4:100|2:200255:1|2:100105:10,1:4:100|2:100105:5,99,"[1001,1002]"
3050405,斯颇那,100103,30504,"[101,201]","[1,1]",1:4:100|2:200255:1|2:100105:10,1:4:100|2:100105:5,99,"[1001,1002]"
3050406,绿山城,100104,30504,"[101,201]","[1,1]",1:4:100|2:200255:2|2:100105:10|2:600510:5,1:4:100|2:100105:5|2:600510:2,40,"[1001,1002]"
3050407,历基亚,100105,30504,"[101,201]","[1,1]",1:4:100|2:200255:1|2:100105:10,1:4:100|2:100105:5,99,"[1001,1002]"
3050408,恩尼加斯扎尼,100106,30504,"[101,201]","[1,1]",1:4:100|2:200255:1|2:100105:10,1:4:100|2:100105:5,99,"[1001,1002]"
3050409,昂维厄,100107,30504,"[101,201]","[1,1]",1:4:100|2:200255:2|2:100105:10|2:600501:5,1:4:100|2:100105:5|2:600501:2,40,"[1001,1002]"
3050410,古尔尼恰,100108,30504,"[101,201]","[1,1]",1:4:100|2:200255:2|2:100105:10|2:600502:5,1:4:100|2:100105:5|2:600502:2,40,"[1001,1002]"
3050501,ALBA柏林,100109,30505,"[101,201]","[1,1]",1:4:100|2:200255:1|2:100105:10,1:4:100|2:100105:5,99,"[1001,1002]"
3050502,特莱克姆波恩,100110,30505,"[101,201]","[1,1]",1:4:100|2:200255:1|2:100105:10,1:4:100|2:100105:5,99,"[1001,1002]"
3050503,拜仁慕尼黑,100111,30505,"[101,201]","[1,1]",1:4:100|2:200255:2|2:100105:10|2:600503:5,1:4:100|2:100105:5|2:600503:2,40,"[1001,1002]"
3050504,EWE奥尔登堡,100112,30505,"[101,201]","[1,1]",1:4:100|2:200255:1|2:100105:10,1:4:100|2:100105:5,99,"[1001,1002]"
3050505,哥廷根,100113,30505,"[101,201]","[1,1]",1:4:100|2:200255:1|2:100105:10,1:4:100|2:100105:5,99,"[1001,1002]"
3050506,路德维希堡,100114,30505,"[101,201]","[1,1]",1:4:100|2:200255:2|2:100105:10|2:600504:5,1:4:100|2:100105:5|2:600504:2,40,"[1001,1002]"
3050507,开姆尼茨,100101,30505,"[101,201]","[1,1]",1:4:100|2:200255:1|2:100105:10,1:4:100|2:100105:5,99,"[1001,1002]"
3050508,维尔茨堡,100102,30505,"[101,201]","[1,1]",1:4:100|2:200255:1|2:100105:10,1:4:100|2:100105:5,99,"[1001,1002]"
3050509,乌尔姆兰蒂奥帕姆,100103,30505,"[101,201]","[1,1]",1:4:100|2:200255:2|2:100105:10|2:600505:5,1:4:100|2:100105:5|2:600505:2,40,"[1001,1002]"
3050510,罗斯托克,100104,30505,"[101,201]","[1,1]",1:4:100|2:200255:2|2:100105:10|2:600506:5,1:4:100|2:100105:5|2:600506:2,40,"[1001,1002]"
3050601,摩纳哥,100105,30506,"[101,201]","[1,1]",1:4:100|2:200255:1|2:100105:10,1:4:100|2:100105:5,99,"[1001,1002]"
3050602,勒瓦卢瓦,100106,30506,"[101,201]","[1,1]",1:4:100|2:200255:1|2:100105:10,1:4:100|2:100105:5,99,"[1001,1002]"
3050603,肖莱特,100107,30506,"[101,201]","[1,1]",1:4:100|2:200255:2|2:100105:10|2:600507:5,1:4:100|2:100105:5|2:600507:2,40,"[1001,1002]"
3050604,第戎,100108,30506,"[101,201]","[1,1]",1:4:100|2:200255:1|2:100105:10,1:4:100|2:100105:5,99,"[1001,1002]"
3050605,勒芒萨尔特,100109,30506,"[101,201]","[1,1]",1:4:100|2:200255:1|2:100105:10,1:4:100|2:100105:5,99,"[1001,1002]"
3050606,布尔格,100110,30506,"[101,201]","[1,1]",1:4:100|2:200255:2|2:100105:10|2:600508:5,1:4:100|2:100105:5|2:600508:2,40,"[1001,1002]"
3050607,里昂,100111,30506,"[101,201]","[1,1]",1:4:100|2:200255:1|2:100105:10,1:4:100|2:100105:5,99,"[1001,1002]"
3050608,罗恩,100112,30506,"[101,201]","[1,1]",1:4:100|2:200255:1|2:100105:10,1:4:100|2:100105:5,99,"[1001,1002]"
3050609,格拉夫莱尼斯,100113,30506,"[101,201]","[1,1]",1:4:100|2:200255:2|2:100105:10|2:600509:5,1:4:100|2:100105:5|2:600509:2,40,"[1001,1002]"
3050610,史特拉斯堡,100114,30506,"[101,201]","[1,1]",1:4:100|2:200255:2|2:100105:10|2:600510:5,1:4:100|2:100105:5|2:600510:2,40,"[1001,1002]"
3050701,米兰阿玛尼,100101,30507,"[101,201]","[1,1]",1:4:100|2:200255:1|2:100105:10,1:4:100|2:100105:5,99,"[1001,1002]"
3050702,维图斯,100102,30507,"[101,201]","[1,1]",1:4:100|2:200255:1|2:100105:10,1:4:100|2:100105:5,99,"[1001,1002]"
3050703,托尔托纳,100103,30507,"[101,201]","[1,1]",1:4:100|2:200255:2|2:100105:10|2:600501:5,1:4:100|2:100105:5|2:600501:2,40,"[1001,1002]"
3050704,比沙路,100104,30507,"[101,201]","[1,1]",1:4:100|2:200255:1|2:100105:10,1:4:100|2:100105:5,99,"[1001,1002]"
3050705,瓦尔瑟,100105,30507,"[101,201]","[1,1]",1:4:100|2:200255:1|2:100105:10,1:4:100|2:100105:5,99,"[1001,1002]"
3050706,萨里迪纳摩,100106,30507,"[101,201]","[1,1]",1:4:100|2:200255:2|2:100105:10|2:600502:5,1:4:100|2:100105:5|2:600502:2,40,"[1001,1002]"
3050707,埃奈尔布林迪西,100107,30507,"[101,201]","[1,1]",1:4:100|2:200255:1|2:100105:10,1:4:100|2:100105:5,99,"[1001,1002]"
3050708,特伦托,100108,30507,"[101,201]","[1,1]",1:4:100|2:200255:1|2:100105:10,1:4:100|2:100105:5,99,"[1001,1002]"
3050709,威尼斯雷耶,100109,30507,"[101,201]","[1,1]",1:4:100|2:200255:2|2:100105:10|2:600503:5,1:4:100|2:100105:5|2:600503:2,40,"[1001,1002]"
3050710,班列顿,100110,30507,"[101,201]","[1,1]",1:4:100|2:200255:2|2:100105:10|2:600504:5,1:4:100|2:100105:5|2:600504:2,40,"[1001,1002]"
3050801,奥林匹亚科斯,100111,30508,"[101,201]","[1,1]",1:4:100|2:200255:1|2:100105:10,1:4:100|2:100105:5,99,"[1001,1002]"
3050802,帕纳辛纳科斯,100112,30508,"[101,201]","[1,1]",1:4:100|2:200255:1|2:100105:10,1:4:100|2:100105:5,99,"[1001,1002]"
3050803,阿里斯,100113,30508,"[101,201]","[1,1]",1:4:100|2:200255:2|2:100105:10|2:600505:5,1:4:100|2:100105:5|2:600505:2,40,"[1001,1002]"
3050804,AEK雅典,100114,30508,"[101,201]","[1,1]",1:4:100|2:200255:1|2:100105:10,1:4:100|2:100105:5,99,"[1001,1002]"
3050805,PAOK沙朗历基,100101,30508,"[101,201]","[1,1]",1:4:100|2:200255:1|2:100105:10,1:4:100|2:100105:5,99,"[1001,1002]"
3050806,珀里斯特拉,100102,30508,"[101,201]","[1,1]",1:4:100|2:200255:2|2:100105:10|2:600506:5,1:4:100|2:100105:5|2:600506:2,40,"[1001,1002]"
3050807,普罗米修斯,100103,30508,"[101,201]","[1,1]",1:4:100|2:200255:1|2:100105:10,1:4:100|2:100105:5,99,"[1001,1002]"
3050808,科罗苏斯,100104,30508,"[101,201]","[1,1]",1:4:100|2:200255:1|2:100105:10,1:4:100|2:100105:5,99,"[1001,1002]"
3050809,伊安尼高斯,100105,30508,"[101,201]","[1,1]",1:4:100|2:200255:2|2:100105:10|2:600507:5,1:4:100|2:100105:5|2:600507:2,40,"[1001,1002]"
3050810,拉夫里罗,100106,30508,"[101,201]","[1,1]",1:4:100|2:200255:2|2:100105:10|2:600508:5,1:4:100|2:100105:5|2:600508:2,40,"[1001,1002]"
3050901,波拉斯,100107,30509,"[101,201]","[1,1]",1:4:100|2:200255:1|2:100105:10,1:4:100|2:100105:5,99,"[1001,1002]"
3050902,加姆特兰,100108,30509,"[101,201]","[1,1]",1:4:100|2:200255:1|2:100105:10,1:4:100|2:100105:5,99,"[1001,1002]"
3050903,诺科平海豚,100109,30509,"[101,201]","[1,1]",1:4:100|2:200255:2|2:100105:10|2:600509:5,1:4:100|2:100105:5|2:600509:2,40,"[1001,1002]"
3050904,佩兰加,100110,30509,"[101,201]","[1,1]",1:4:100|2:200255:1|2:100105:10,1:4:100|2:100105:5,99,"[1001,1002]"
3050905,于默奥,100111,30509,"[101,201]","[1,1]",1:4:100|2:200255:1|2:100105:10,1:4:100|2:100105:5,99,"[1001,1002]"
3050906,KFUM奈舍,100112,30509,"[101,201]","[1,1]",1:4:100|2:200255:2|2:100105:10|2:600510:5,1:4:100|2:100105:5|2:600510:2,40,"[1001,1002]"
3050907,乌普萨拉,100113,30509,"[101,201]","[1,1]",1:4:100|2:200255:1|2:100105:10,1:4:100|2:100105:5,99,"[1001,1002]"
3050908,科平星,100114,30509,"[101,201]","[1,1]",1:4:100|2:200255:1|2:100105:10,1:4:100|2:100105:5,99,"[1001,1002]"
3050909,南泰利耶国王,100101,30509,"[101,201]","[1,1]",1:4:100|2:200255:2|2:100105:10|2:600501:5,1:4:100|2:100105:5|2:600501:2,40,"[1001,1002]"
3050910,卡尔马,100102,30509,"[101,201]","[1,1]",1:4:100|2:200255:2|2:100105:10|2:600502:5,1:4:100|2:100105:5|2:600502:2,40,"[1001,1002]"
3051001,巴塞罗那,100103,30510,"[101,201]","[1,1]",1:4:100|2:200255:1|2:100105:10,1:4:100|2:100105:5,99,"[1001,1002]"
3051002,皇家马德里,100104,30510,"[101,201]","[1,1]",1:4:100|2:200255:1|2:100105:10,1:4:100|2:100105:5,99,"[1001,1002]"
3051003,沙萨基,100105,30510,"[101,201]","[1,1]",1:4:100|2:200255:2|2:100105:10|2:600503:5,1:4:100|2:100105:5|2:600503:2,40,"[1001,1002]"
3051004,特内里费加那利,100106,30510,"[101,201]","[1,1]",1:4:100|2:200255:1|2:100105:10,1:4:100|2:100105:5,99,"[1001,1002]"
3051005,尤尼卡加,100107,30510,"[101,201]","[1,1]",1:4:100|2:200255:1|2:100105:10,1:4:100|2:100105:5,99,"[1001,1002]"
3051006,约文图特,100108,30510,"[101,201]","[1,1]",1:4:100|2:200255:2|2:100105:10|2:600504:5,1:4:100|2:100105:5|2:600504:2,40,"[1001,1002]"
3051007,格兰卡纳里亚,100109,30510,"[101,201]","[1,1]",1:4:100|2:200255:1|2:100105:10,1:4:100|2:100105:5,99,"[1001,1002]"
3051008,布雷奥干,100110,30510,"[101,201]","[1,1]",1:4:100|2:200255:1|2:100105:10,1:4:100|2:100105:5,99,"[1001,1002]"
3051009,奥布拉多伊洛,100111,30510,"[101,201]","[1,1]",1:4:100|2:200255:2|2:100105:10|2:600505:5,1:4:100|2:100105:5|2:600505:2,40,"[1001,1002]"
3051010,巴伦西亚,100112,30510,"[101,201]","[1,1]",1:4:100|2:200255:2|2:100105:10|2:600506:5,1:4:100|2:100105:5|2:600506:2,40,"[1001,1002]"
