Id,Name,Icon,Skindex,Sklv,Action,Actparam,Actobj,Side,When,Wparam2,Wparam1,Bufftime,Time,Desc,Fire
101001110,得分强化,101006110,1,1,addbuff,"[1,0,2]","[""self""]",0,onbattle,-1,=,10,-1,战斗开始时，增加2%得分能力，持续10分钟,0
101001120,得分强化,101006110,1,2,addbuff,"[1,0,4]","[""self""]",0,onbattle,-1,=,10,-1,战斗开始时，增加4%得分能力，持续10分钟,0
101002110,抢断强化,101002110,1,1,addbuff,"[5,0,2]","[""self""]",0,onbattle,-1,=,10,-1,战斗开始时，增加2%抢断能力，持续10分钟,0
101002120,抢断强化,101002110,1,2,addbuff,"[5,0,4]","[""self""]",0,onbattle,-1,=,10,-1,战斗开始时，增加4%抢断能力，持续10分钟,0
101003110,传球强化,101001110,1,1,addbuff,"[3,0,2]","[""self""]",0,onbattle,-1,=,10,-1,战斗开始时，增加2%传球能力，持续10分钟,0
101003120,传球强化,101001110,1,2,addbuff,"[3,0,4]","[""self""]",0,onbattle,-1,=,10,-1,战斗开始时，增加4%传球能力，持续10分钟,0
101004110,篮板强化,101004110,1,1,addbuff,"[2,0,2]","[""self""]",0,onbattle,-1,=,10,-1,战斗开始时，增加2%篮板能力，持续10分钟,0
101004120,篮板强化,101004110,1,2,addbuff,"[2,0,4]","[""self""]",0,onbattle,-1,=,10,-1,战斗开始时，增加4%篮板能力，持续10分钟,0
101005110,控球强化,101005110,1,1,addbuff,"[4,0,2]","[""self""]",0,onbattle,-1,=,10,-1,战斗开始时，增加2%控球能力，持续10分钟,0
101005120,控球强化,101005110,1,2,addbuff,"[4,0,4]","[""self""]",0,onbattle,-1,=,10,-1,战斗开始时，增加4%控球能力，持续10分钟,0
101006110,得分强化,101006110,1,1,addbuff,"[1,0,2]","[""self""]",0,onbattle,-1,=,10,-1,战斗开始时，增加2%得分能力，持续10分钟,0
101006120,得分强化,101006110,1,2,addbuff,"[1,0,4]","[""self""]",0,onbattle,-1,=,10,-1,战斗开始时，增加4%得分能力，持续10分钟,0
101007110,得分强化,101006110,1,1,addbuff,"[1,0,2]","[""self""]",0,onbattle,-1,=,10,-1,战斗开始时，增加2%得分能力，持续10分钟,0
101007120,得分强化,101006110,1,2,addbuff,"[1,0,4]","[""self""]",0,onbattle,-1,=,10,-1,战斗开始时，增加4%得分能力，持续10分钟,0
101008110,传球强化,101001110,1,1,addbuff,"[3,0,2]","[""self""]",0,onbattle,-1,=,10,-1,战斗开始时，增加2%传球能力，持续10分钟,0
101008120,传球强化,101001110,1,2,addbuff,"[3,0,4]","[""self""]",0,onbattle,-1,=,10,-1,战斗开始时，增加4%传球能力，持续10分钟,0
101009110,防守强化,101009110,1,1,addbuff,"[6,0,2]","[""self""]",0,onbattle,-1,=,10,-1,战斗开始时，增加2%防守能力，持续10分钟,0
101009120,防守强化,101009110,1,2,addbuff,"[6,0,4]","[""self""]",0,onbattle,-1,=,10,-1,战斗开始时，增加4%防守能力，持续10分钟,0
101010110,篮板强化,101004110,1,1,addbuff,"[2,0,2]","[""self""]",0,onbattle,-1,=,10,-1,战斗开始时，增加2%篮板能力，持续10分钟,0
101010120,篮板强化,101004110,1,2,addbuff,"[2,0,4]","[""self""]",0,onbattle,-1,=,10,-1,战斗开始时，增加4%篮板能力，持续10分钟,0
101011110,篮板强化,101004110,1,1,addbuff,"[2,0,2]","[""self""]",0,onbattle,-1,=,10,-1,战斗开始时，增加2%篮板能力，持续10分钟,0
101011120,篮板强化,101004110,1,2,addbuff,"[2,0,4]","[""self""]",0,onbattle,-1,=,10,-1,战斗开始时，增加4%篮板能力，持续10分钟,0
101012110,篮板强化,101004110,1,1,addbuff,"[2,0,2]","[""self""]",0,onbattle,-1,=,10,-1,战斗开始时，增加2%篮板能力，持续10分钟,0
101012120,篮板强化,101004110,1,2,addbuff,"[2,0,4]","[""self""]",0,onbattle,-1,=,10,-1,战斗开始时，增加4%篮板能力，持续10分钟,0
101013110,传球强化,101001110,1,1,addbuff,"[3,0,2]","[""self""]",0,onbattle,-1,=,10,-1,战斗开始时，增加2%传球能力，持续10分钟,0
101013120,传球强化,101001110,1,2,addbuff,"[3,0,4]","[""self""]",0,onbattle,-1,=,10,-1,战斗开始时，增加4%传球能力，持续10分钟,0
101014110,篮板强化,101004110,1,1,addbuff,"[2,0,2]","[""self""]",0,onbattle,-1,=,10,-1,战斗开始时，增加2%篮板能力，持续10分钟,0
101014120,篮板强化,101004110,1,2,addbuff,"[2,0,4]","[""self""]",0,onbattle,-1,=,10,-1,战斗开始时，增加4%篮板能力，持续10分钟,0
101015110,得分强化,101006110,1,1,addbuff,"[1,0,2]","[""self""]",0,onbattle,-1,=,10,-1,战斗开始时，增加2%得分能力，持续10分钟,0
101015120,得分强化,101006110,1,2,addbuff,"[1,0,4]","[""self""]",0,onbattle,-1,=,10,-1,战斗开始时，增加4%得分能力，持续10分钟,0
101016110,篮板强化,101004110,1,1,addbuff,"[2,0,2]","[""self""]",0,onbattle,-1,=,10,-1,战斗开始时，增加2%篮板能力，持续10分钟,0
101016120,篮板强化,101004110,1,2,addbuff,"[2,0,4]","[""self""]",0,onbattle,-1,=,10,-1,战斗开始时，增加4%篮板能力，持续10分钟,0
101017110,篮板强化,101004110,1,1,addbuff,"[5,0,2]","[""self""]",0,onbattle,-1,=,10,-1,战斗开始时，增加2%篮板能力，持续10分钟,0
101017120,篮板强化,101004110,1,2,addbuff,"[5,0,4]","[""self""]",0,onbattle,-1,=,10,-1,战斗开始时，增加4%篮板能力，持续10分钟,0
102001110,篮板强化,101004110,1,1,addbuff,"[2,0,4]","[""self""]",0,onbattle,-1,=,10,-1,战斗开始时，增加4%篮板能力，持续10分钟,0
102001120,篮板强化,101004110,1,2,addbuff,"[2,0,6]","[""self""]",0,onbattle,-1,=,10,-1,战斗开始时，增加6%篮板能力，持续10分钟,0
102001210,强化队友,102001210,2,1,addbuff,"[2,0,4]","[""1""]",0,onbattle,-1,=,10,-1,战斗开始时，增加控球后卫4%篮板能力，持续10分钟,1
102001220,强化队友,102001210,2,2,addbuff,"[2,0,6]","[""1""]",0,onbattle,-1,=,10,-1,战斗开始时，增加控球后卫6%篮板能力，持续10分钟,1
102002110,防守强化,101009110,1,1,addbuff,"[1,0,4]","[""self""]",0,onbattle,-1,=,10,-1,战斗开始时，增加4%防守能力，持续10分钟,0
102002120,防守强化,101009110,1,2,addbuff,"[1,0,6]","[""self""]",0,onbattle,-1,=,10,-1,战斗开始时，增加6%防守能力，持续10分钟,0
102002210,强化队友,102001210,2,1,addbuff,"[3,0,4]","[""4""]",0,onbattle,-1,=,10,-1,战斗开始时，增加大前锋4%传球能力，持续10分钟,1
102002220,强化队友,102001210,2,2,addbuff,"[3,0,6]","[""4""]",0,onbattle,-1,=,10,-1,战斗开始时，增加大前锋6%传球能力，持续10分钟,1
102003110,传球强化,101001110,1,1,addbuff,"[3,0,4]","[""self""]",0,onbattle,-1,=,10,-1,战斗开始时，增加4%传球能力，持续10分钟,0
102003120,传球强化,101001110,1,2,addbuff,"[3,0,6]","[""self""]",0,onbattle,-1,=,10,-1,战斗开始时，增加6%传球能力，持续10分钟,0
102003210,强化队友,102001210,2,1,addbuff,"[2,0,4]","[""1""]",0,onbattle,-1,=,10,-1,战斗开始时，增加控球后卫4%篮板能力，持续10分钟,1
102003220,强化队友,102001210,2,2,addbuff,"[2,0,6]","[""1""]",0,onbattle,-1,=,10,-1,战斗开始时，增加控球后卫6%篮板能力，持续10分钟,1
102004110,篮板强化,101004110,1,1,addbuff,"[2,0,4]","[""self""]",0,onbattle,-1,=,10,-1,战斗开始时，增加4%篮板能力，持续10分钟,0
102004120,篮板强化,101004110,1,2,addbuff,"[2,0,6]","[""self""]",0,onbattle,-1,=,10,-1,战斗开始时，增加6%篮板能力，持续10分钟,0
102004210,强化队友,102001210,2,1,addbuff,"[2,0,4]","[""1""]",0,onbattle,-1,=,10,-1,战斗开始时，增加控球后卫4%篮板能力，持续10分钟,1
102004220,强化队友,102001210,2,2,addbuff,"[2,0,6]","[""1""]",0,onbattle,-1,=,10,-1,战斗开始时，增加控球后卫6%篮板能力，持续10分钟,1
102004310,得分强化,101006110,1,1,addbuff,"[1,0,10]","[""self""]",0,onbattle,-1,=,10,-1,战斗开始时，增加10%得分能力，持续10分钟,0
102004320,得分强化,101006110,1,2,addbuff,"[1,0,15]","[""self""]",0,onbattle,-1,=,10,-1,战斗开始时，增加15%得分能力，持续10分钟,0
102005110,控球强化,101005110,1,1,addbuff,"[4,0,4]","[""self""]",0,onsection,2,=,10,-1,战斗开始时，增加4%控球能力，持续10分钟,0
102005120,控球强化,101005110,1,2,addbuff,"[4,0,6]","[""self""]",0,onsection,2,=,10,-1,战斗开始时，增加6%控球能力，持续10分钟,0
102005210,强化队友,102001210,2,1,addbuff,"[3,0,4]","[""4""]",0,onsection,2,=,10,-1,战斗开始时，增加大前锋4%传球能力，持续10分钟,1
102005220,强化队友,102001210,2,2,addbuff,"[3,0,6]","[""4""]",0,onsection,2,=,10,-1,战斗开始时，增加大前锋6%传球能力，持续10分钟,1
102005310,抢断强化,101002110,1,1,addbuff,"[5,0,10]","[""self""]",0,onbattle,-1,=,10,-1,战斗开始时，增加10%抢断能力，持续10分钟,0
102005320,抢断强化,101002110,1,2,addbuff,"[5,0,15]","[""self""]",0,onbattle,-1,=,10,-1,战斗开始时，增加15%抢断能力，持续10分钟,0
102006110,篮板强化,101004110,1,1,addbuff,"[2,0,4]","[""self""]",0,onsection,2,=,10,-1,战斗开始时，增加4%篮板能力，持续10分钟,0
102006120,篮板强化,101004110,1,2,addbuff,"[2,0,6]","[""self""]",0,onsection,2,=,10,-1,战斗开始时，增加6%篮板能力，持续10分钟,0
102006210,强化队友,102001210,2,1,addbuff,"[4,0,4]","[""3""]",0,onsection,2,=,10,-1,战斗开始时，增加小前锋4%控球能力，持续10分钟,1
102006220,强化队友,102001210,2,2,addbuff,"[4,0,6]","[""3""]",0,onsection,2,=,10,-1,战斗开始时，增加小前锋6%控球能力，持续10分钟,1
102007110,得分强化,101006110,1,1,addbuff,"[1,0,4]","[""self""]",0,onsection,2,=,10,-1,战斗开始时，增加4%得分能力，持续10分钟,0
102007120,得分强化,101006110,1,2,addbuff,"[1,0,6]","[""self""]",0,onsection,2,=,10,-1,战斗开始时，增加6%得分能力，持续10分钟,0
102007210,强化队友,102001210,2,1,addbuff,"[1,0,4]","[""2""]",0,onsection,2,=,10,-1,战斗开始时，增加得分后卫4%得分能力，持续10分钟,1
102007220,强化队友,102001210,2,2,addbuff,"[1,0,6]","[""2""]",0,onsection,2,=,10,-1,战斗开始时，增加得分后卫6%得分能力，持续10分钟,1
102008110,防守强化,101009110,1,1,addbuff,"[6,0,4]","[""self""]",0,onsection,2,=,10,-1,战斗开始时，增加4%防守能力，持续10分钟,0
102008120,防守强化,101009110,1,2,addbuff,"[6,0,6]","[""self""]",0,onsection,2,=,10,-1,战斗开始时，增加6%防守能力，持续10分钟,0
102008210,强化队友,102001210,2,1,addbuff,"[1,0,4]","[""4""]",0,onsection,2,=,10,-1,战斗开始时，增加大前锋4%得分能力，持续10分钟,1
102008220,强化队友,102001210,2,2,addbuff,"[1,0,6]","[""4""]",0,onsection,2,=,10,-1,战斗开始时，增加大前锋6%得分能力，持续10分钟,1
102009110,传球强化,101001110,1,1,addbuff,"[3,0,4]","[""self""]",0,onsection,3,=,10,-1,战斗开始时，增加4%传球能力，持续10分钟,0
102009120,传球强化,101001110,1,2,addbuff,"[3,0,6]","[""self""]",0,onsection,3,=,10,-1,战斗开始时，增加6%传球能力，持续10分钟,0
102009210,强化队友,102001210,2,1,addbuff,"[6,0,4]","[""2""]",0,onsection,3,=,10,-1,战斗开始时，增加得分后卫4%防守能力，持续10分钟,1
102009220,强化队友,102001210,2,2,addbuff,"[6,0,6]","[""2""]",0,onsection,3,=,10,-1,战斗开始时，增加得分后卫6%防守能力，持续10分钟,1
102010110,篮板强化,101004110,1,1,addbuff,"[2,0,4]","[""self""]",0,onsection,3,=,10,-1,战斗开始时，增加4%篮板能力，持续10分钟,0
102010120,篮板强化,101004110,1,2,addbuff,"[2,0,6]","[""self""]",0,onsection,3,=,10,-1,战斗开始时，增加6%篮板能力，持续10分钟,0
102010210,强化队友,102001210,2,1,addbuff,"[1,0,4]","[""5""]",0,onsection,3,=,10,-1,战斗开始时，增加中锋4%得分能力，持续10分钟,1
102010220,强化队友,102001210,2,2,addbuff,"[1,0,6]","[""5""]",0,onsection,3,=,10,-1,战斗开始时，增加中锋6%得分能力，持续10分钟,1
102011110,控球强化,101005110,1,1,addbuff,"[4,0,4]","[""self""]",0,onsection,3,=,10,-1,战斗开始时，增加4%控球能力，持续10分钟,0
102011120,控球强化,101005110,1,2,addbuff,"[4,0,6]","[""self""]",0,onsection,3,=,10,-1,战斗开始时，增加6%控球能力，持续10分钟,0
102011210,强化队友,102001210,2,1,addbuff,"[5,0,4]","[""1""]",0,onsection,3,=,10,-1,战斗开始时，增加控球后卫4%抢断能力，持续10分钟,1
102011220,强化队友,102001210,2,2,addbuff,"[5,0,6]","[""1""]",0,onsection,3,=,10,-1,战斗开始时，增加控球后卫6%抢断能力，持续10分钟,1
102012110,篮板强化,101004110,1,1,addbuff,"[2,0,4]","[""self""]",0,onsection,3,=,10,-1,战斗开始时，增加4%篮板能力，持续10分钟,0
102012120,篮板强化,101004110,1,2,addbuff,"[2,0,6]","[""self""]",0,onsection,3,=,10,-1,战斗开始时，增加6%篮板能力，持续10分钟,0
102012210,强化队友,102001210,2,1,addbuff,"[1,0,4]","[""2""]",0,onsection,3,=,10,-1,战斗开始时，增加得分后卫4%得分能力，持续10分钟,1
102012220,强化队友,102001210,2,2,addbuff,"[1,0,6]","[""2""]",0,onsection,3,=,10,-1,战斗开始时，增加得分后卫6%得分能力，持续10分钟,1
102013110,篮板强化,101004110,1,1,addbuff,"[2,0,4]","[""self""]",0,onsection,4,=,10,-1,战斗开始时，增加4%篮板能力，持续10分钟,0
102013120,篮板强化,101004110,1,2,addbuff,"[2,0,6]","[""self""]",0,onsection,4,=,10,-1,战斗开始时，增加6%篮板能力，持续10分钟,0
102013210,强化队友,102001210,2,1,addbuff,"[1,0,4]","[""2""]",0,onsection,4,=,10,-1,战斗开始时，增加得分后卫4%得分能力，持续10分钟,1
102013220,强化队友,102001210,2,2,addbuff,"[1,0,6]","[""2""]",0,onsection,4,=,10,-1,战斗开始时，增加得分后卫6%得分能力，持续10分钟,1
102014110,篮板强化,101004110,1,1,addbuff,"[2,0,4]","[""self""]",0,onsection,4,=,10,-1,战斗开始时，增加4%篮板能力，持续10分钟,0
102014120,篮板强化,101004110,1,2,addbuff,"[2,0,6]","[""self""]",0,onsection,4,=,10,-1,战斗开始时，增加6%篮板能力，持续10分钟,0
102014210,强化队友,102001210,2,1,addbuff,"[2,0,4]","[""4""]",0,onsection,4,=,10,-1,战斗开始时，增加大前锋4%传球能力，持续10分钟,1
102014220,强化队友,102001210,2,2,addbuff,"[2,0,6]","[""4""]",0,onsection,4,=,10,-1,战斗开始时，增加大前锋6%传球能力，持续10分钟,1
102015110,篮板强化,101004110,1,1,addbuff,"[2,0,4]","[""self""]",0,onsection,4,=,10,-1,战斗开始时，增加4%篮板能力，持续10分钟,0
102015120,篮板强化,101004110,1,2,addbuff,"[2,0,6]","[""self""]",0,onsection,4,=,10,-1,战斗开始时，增加6%篮板能力，持续10分钟,0
102015210,强化队友,102001210,2,1,addbuff,"[4,0,4]","[""1""]",0,onsection,4,=,10,-1,战斗开始时，增加控球后卫4%控球能力，持续10分钟,1
102015220,强化队友,102001210,2,2,addbuff,"[4,0,6]","[""1""]",0,onsection,4,=,10,-1,战斗开始时，增加控球后卫6%控球能力，持续10分钟,1
102016110,篮板强化,101004110,1,1,addbuff,"[2,0,4]","[""self""]",0,onsection,4,=,10,-1,战斗开始时，增加4%篮板能力，持续10分钟,0
102016120,篮板强化,101004110,1,2,addbuff,"[2,0,6]","[""self""]",0,onsection,4,=,10,-1,战斗开始时，增加6%篮板能力，持续10分钟,0
102016210,强化队友,102001210,2,1,addbuff,"[3,0,4]","[""4""]",0,onsection,4,=,10,-1,战斗开始时，增加大前锋4%传球能力，持续10分钟,1
102016220,强化队友,102001210,2,2,addbuff,"[3,0,6]","[""4""]",0,onsection,4,=,10,-1,战斗开始时，增加大前锋6%传球能力，持续10分钟,1
102017110,篮板强化,101004110,1,1,addbuff,"[2,0,4]","[""self""]",0,onsection,4,=,10,-1,战斗开始时，增加4%篮板能力，持续10分钟,0
102017120,篮板强化,101004110,1,2,addbuff,"[2,0,6]","[""self""]",0,onsection,4,=,10,-1,战斗开始时，增加6%篮板能力，持续10分钟,0
102017210,强化队友,102001210,2,1,addbuff,"[4,0,4]","[""1""]",0,onsection,4,=,10,-1,战斗开始时，增加控球后卫4%控球能力，持续10分钟,1
102017220,强化队友,102001210,2,2,addbuff,"[4,0,6]","[""1""]",0,onsection,4,=,10,-1,战斗开始时，增加控球后卫6%控球能力，持续10分钟,1
103001110,传球强化,101001110,1,1,addbuff,"[2,0,10]","[""self""]",0,onbattle,-1,=,10,-1,战斗开始时，增加10%传球能力，持续10分钟,0
103001120,传球强化,101001110,1,2,addbuff,"[2,0,15]","[""self""]",0,onbattle,-1,=,10,-1,战斗开始时，增加15%传球能力，持续10分钟,0
103001210,强化队友,102001210,2,1,addbuff,"[8,0,10]","[""2""]",0,onbattle,-1,=,10,-1,战斗开始时，增加得分后卫10%控球能力，持续10分钟,0
103001220,强化队友,102001210,2,2,addbuff,"[8,0,15]","[""2""]",0,onbattle,-1,=,10,-1,战斗开始时，增加得分后卫15%控球能力，持续10分钟,0
103001310,强化队友,102001210,3,1,addbuff,"[2,0,10]","[""4""]",0,onbattle,-1,=,12,-1,战斗开始时，增加大前锋10%传球能力,1
103001320,强化队友,102001210,3,2,addbuff,"[2,0,15]","[""4""]",0,onbattle,-1,=,12,-1,战斗开始时，增加大前锋15%传球能力,1
103002110,得分强化,101006110,1,1,addbuff,"[6,0,10]","[""self""]",0,onbattle,-1,=,10,-1,战斗开始时，增加10%得分能力，持续10分钟,0
103002120,得分强化,101006110,1,2,addbuff,"[6,0,15]","[""self""]",0,onbattle,-1,=,10,-1,战斗开始时，增加15%得分能力，持续10分钟,0
103002210,强化队友,102001210,2,1,addbuff,"[5,0,10]","[""1""]",0,onbattle,-1,=,10,-1,战斗开始时，增加控球后卫10%篮板能力，持续10分钟,0
103002220,强化队友,102001210,2,2,addbuff,"[5,0,15]","[""1""]",0,onbattle,-1,=,10,-1,战斗开始时，增加控球后卫15%篮板能力，持续10分钟,0
103002310,强化队友,102001210,3,1,addbuff,"[6,0,10]","[""2""]",0,onbattle,-1,=,12,-1,战斗开始时，增加得分后卫10%得分能力,1
103002320,强化队友,102001210,3,2,addbuff,"[6,0,15]","[""2""]",0,onbattle,-1,=,12,-1,战斗开始时，增加得分后卫15%得分能力,1
103003110,得分强化,101006110,1,1,addbuff,"[6,0,10]","[""self""]",0,onbattle,-1,=,10,-1,战斗开始时，增加10%得分能力，持续10分钟,0
103003120,得分强化,101006110,1,2,addbuff,"[6,0,15]","[""self""]",0,onbattle,-1,=,10,-1,战斗开始时，增加15%得分能力，持续10分钟,0
103003210,强化队友,102001210,2,1,addbuff,"[5,0,10]","[""1""]",0,onbattle,-1,=,10,-1,战斗开始时，增加控球后卫10%篮板能力，持续10分钟,0
103003220,强化队友,102001210,2,2,addbuff,"[5,0,15]","[""1""]",0,onbattle,-1,=,10,-1,战斗开始时，增加控球后卫15%篮板能力，持续10分钟,0
103003310,强化队友,102001210,3,1,addbuff,"[2,0,10]","[""4""]",0,onbattle,-1,=,12,-1,战斗开始时，增加大前锋10%传球能力,1
103003320,强化队友,102001210,3,2,addbuff,"[2,0,15]","[""4""]",0,onbattle,-1,=,12,-1,战斗开始时，增加大前锋15%传球能力,1
103004110,得分强化,101006110,1,1,addbuff,"[6,0,10]","[""self""]",0,onbattle,-1,=,10,-1,战斗开始时，增加10%得分能力，持续10分钟,0
103004120,得分强化,101006110,1,2,addbuff,"[6,0,15]","[""self""]",0,onbattle,-1,=,10,-1,战斗开始时，增加15%得分能力，持续10分钟,0
103004210,强化队友,102001210,2,1,addbuff,"[5,0,10]","[""5""]",0,onbattle,-1,=,10,-1,战斗开始时，增加中锋10%篮板能力，持续10分钟,0
103004220,强化队友,102001210,2,2,addbuff,"[5,0,15]","[""5""]",0,onbattle,-1,=,10,-1,战斗开始时，增加中锋15%篮板能力，持续10分钟,0
103004310,强化队友,102001210,3,1,addbuff,"[2,0,10]","[""4""]",0,onbattle,-1,=,12,-1,战斗开始时，增加大前锋10%传球能力,1
103004320,强化队友,102001210,3,2,addbuff,"[2,0,15]","[""4""]",0,onbattle,-1,=,12,-1,战斗开始时，增加大前锋15%传球能力,1
103005110,篮板强化,101004110,1,1,addbuff,"[5,0,10]","[""self""]",0,onbattle,-1,=,10,-1,战斗开始时，增加10%篮板能力，持续10分钟,0
103005120,篮板强化,101004110,1,2,addbuff,"[5,0,15]","[""self""]",0,onbattle,-1,=,10,-1,战斗开始时，增加15%篮板能力，持续10分钟,0
103005210,强化队友,102001210,2,1,addbuff,"[2,0,10]","[""4""]",0,onbattle,-1,=,10,-1,战斗开始时，增加大前锋10%传球能力，持续10分钟,0
103005220,强化队友,102001210,2,2,addbuff,"[2,0,15]","[""4""]",0,onbattle,-1,=,10,-1,战斗开始时，增加大前锋15%传球能力，持续10分钟,0
103005310,强化队友,102001210,3,1,addbuff,"[8,0,10]","[""3""]",0,onbattle,-1,=,12,-1,战斗开始时，增加小前锋10%控球能力,1
103005320,强化队友,102001210,3,2,addbuff,"[8,0,15]","[""3""]",0,onbattle,-1,=,12,-1,战斗开始时，增加小前锋15%控球能力,1
103006110,篮板强化,101004110,1,1,addbuff,"[5,0,10]","[""self""]",0,onbattle,-1,=,10,-1,战斗开始时，增加10%篮板能力，持续10分钟,0
103006120,篮板强化,101004110,1,2,addbuff,"[5,0,15]","[""self""]",0,onbattle,-1,=,10,-1,战斗开始时，增加15%篮板能力，持续10分钟,0
103006210,强化队友,102001210,2,1,addbuff,"[2,0,10]","[""4""]",0,onbattle,-1,=,10,-1,战斗开始时，增加大前锋10%传球能力，持续10分钟,0
103006220,强化队友,102001210,2,2,addbuff,"[2,0,15]","[""4""]",0,onbattle,-1,=,10,-1,战斗开始时，增加大前锋15%传球能力，持续10分钟,0
103006310,强化队友,102001210,3,1,addbuff,"[6,0,10]","[""4""]",0,onbattle,-1,=,12,-1,战斗开始时，增加大前锋10%得分能力,1
103006320,强化队友,102001210,3,2,addbuff,"[6,0,15]","[""4""]",0,onbattle,-1,=,12,-1,战斗开始时，增加大前锋15%得分能力,1
103007110,抢断强化,101002110,1,1,addbuff,"[7,0,10]","[""self""]",0,onbattle,-1,=,10,-1,战斗开始时，增加10%抢断能力，持续10分钟,0
103007120,抢断强化,101002110,1,2,addbuff,"[7,0,15]","[""self""]",0,onbattle,-1,=,10,-1,战斗开始时，增加15%抢断能力，持续10分钟,0
103007210,强化队友,102001210,2,1,addbuff,"[6,0,10]","[""3""]",0,onbattle,-1,=,10,-1,战斗开始时，增加小前锋10%得分能力，持续10分钟,0
103007220,强化队友,102001210,2,2,addbuff,"[6,0,15]","[""3""]",0,onbattle,-1,=,10,-1,战斗开始时，增加小前锋15%得分能力，持续10分钟,0
103007310,强化队友,102001210,3,1,addbuff,"[2,0,10]","[""4""]",0,onbattle,-1,=,12,-1,战斗开始时，增加大前锋10%传球能力,1
103007320,强化队友,102001210,3,2,addbuff,"[2,0,15]","[""4""]",0,onbattle,-1,=,12,-1,战斗开始时，增加大前锋15%传球能力,1
103008110,防守强化,101009110,1,1,addbuff,"[3,0,10]","[""self""]",0,onbattle,-1,=,10,-1,战斗开始时，增加10%防守能力，持续10分钟,0
103008120,防守强化,101009110,1,2,addbuff,"[3,0,15]","[""self""]",0,onbattle,-1,=,10,-1,战斗开始时，增加15%防守能力，持续10分钟,0
103008210,强化队友,102001210,2,1,addbuff,"[6,0,10]","[""4""]",0,onbattle,-1,=,10,-1,战斗开始时，增加大前锋10%得分能力，持续10分钟,0
103008220,强化队友,102001210,2,2,addbuff,"[6,0,15]","[""4""]",0,onbattle,-1,=,10,-1,战斗开始时，增加大前锋15%得分能力，持续10分钟,0
103008310,强化队友,102001210,3,1,addbuff,"[6,0,10]","[""4""]",0,onbattle,-1,=,12,-1,战斗开始时，增加大前锋10%得分能力,1
103008320,强化队友,102001210,3,2,addbuff,"[6,0,15]","[""4""]",0,onbattle,-1,=,12,-1,战斗开始时，增加大前锋15%得分能力,1
103009110,传球强化,101001110,1,1,addbuff,"[2,0,10]","[""self""]",0,onbattle,-1,=,10,-1,战斗开始时，增加10%传球能力，持续10分钟,0
103009120,传球强化,101001110,1,2,addbuff,"[2,0,15]","[""self""]",0,onbattle,-1,=,10,-1,战斗开始时，增加15%传球能力，持续10分钟,0
103009210,强化队友,102001210,2,1,addbuff,"[2,0,10]","[""4""]",0,onbattle,-1,=,10,-1,战斗开始时，增加大前锋10%传球能力，持续10分钟,0
103009220,强化队友,102001210,2,2,addbuff,"[2,0,15]","[""4""]",0,onbattle,-1,=,10,-1,战斗开始时，增加大前锋15%传球能力，持续10分钟,0
103009310,强化队友,102001210,3,1,addbuff,"[6,0,10]","[""3""]",0,onbattle,-1,=,12,-1,战斗开始时，增加小前锋10%得分能力,1
103009320,强化队友,102001210,3,2,addbuff,"[6,0,15]","[""3""]",0,onbattle,-1,=,12,-1,战斗开始时，增加小前锋15%得分能力,1
103010110,篮板强化,101004110,1,1,addbuff,"[5,0,10]","[""self""]",0,onbattle,-1,=,10,-1,战斗开始时，增加10%篮板能力，持续10分钟,0
103010120,篮板强化,101004110,1,2,addbuff,"[5,0,15]","[""self""]",0,onbattle,-1,=,10,-1,战斗开始时，增加15%篮板能力，持续10分钟,0
103010210,强化队友,102001210,2,1,addbuff,"[5,0,10]","[""4""]",0,onbattle,-1,=,10,-1,战斗开始时，增加大前锋10%篮板能力，持续10分钟,0
103010220,强化队友,102001210,2,2,addbuff,"[5,0,15]","[""4""]",0,onbattle,-1,=,10,-1,战斗开始时，增加大前锋15%篮板能力，持续10分钟,0
103010310,强化队友,102001210,3,1,addbuff,"[6,0,10]","[""4""]",0,onbattle,-1,=,12,-1,战斗开始时，增加大前锋10%得分能力,1
103010320,强化队友,102001210,3,2,addbuff,"[6,0,15]","[""4""]",0,onbattle,-1,=,12,-1,战斗开始时，增加大前锋15%得分能力,1
103011110,篮板强化,101004110,1,1,addbuff,"[5,0,10]","[""self""]",0,onbattle,-1,=,10,-1,战斗开始时，增加10%篮板能力，持续10分钟,0
103011120,篮板强化,101004110,1,2,addbuff,"[5,0,15]","[""self""]",0,onbattle,-1,=,10,-1,战斗开始时，增加15%篮板能力，持续10分钟,0
103011210,强化队友,102001210,2,1,addbuff,"[5,0,10]","[""1""]",0,onbattle,-1,=,10,-1,战斗开始时，增加控球后卫10%篮板能力，持续10分钟,0
103011220,强化队友,102001210,2,2,addbuff,"[5,0,15]","[""1""]",0,onbattle,-1,=,10,-1,战斗开始时，增加控球后卫15%篮板能力，持续10分钟,0
103011310,强化队友,102001210,3,1,addbuff,"[5,0,10]","[""2""]",0,onsection,4,=,12,-1,第4节增加得分后卫10%篮板能力,1
103011320,强化队友,102001210,3,2,addbuff,"[5,0,15]","[""2""]",0,onsection,4,=,12,-1,第4节增加得分后卫15%篮板能力,1
103012110,得分强化,101006110,1,1,addbuff,"[6,0,10]","[""self""]",0,onbattle,-1,=,10,-1,战斗开始时，增加10%得分能力，持续10分钟,0
103012120,得分强化,101006110,1,2,addbuff,"[6,0,15]","[""self""]",0,onbattle,-1,=,10,-1,战斗开始时，增加15%得分能力，持续10分钟,0
103012210,强化队友,102001210,2,1,addbuff,"[2,0,10]","[""4""]",0,onbattle,-1,=,10,-1,战斗开始时，增加大前锋10%传球能力，持续10分钟,0
103012220,强化队友,102001210,2,2,addbuff,"[2,0,15]","[""4""]",0,onbattle,-1,=,10,-1,战斗开始时，增加大前锋15%传球能力，持续10分钟,0
103012310,强化队友,102001210,3,1,addbuff,"[3,0,10]","[""3""]",0,onsection,4,=,12,-1,第4节增加小前锋10%防守能力,1
103012320,强化队友,102001210,3,2,addbuff,"[3,0,15]","[""3""]",0,onsection,4,=,12,-1,第4节增加小前锋15%防守能力,1
103013110,传球强化,101001110,1,1,addbuff,"[2,0,10]","[""self""]",0,onbattle,-1,=,10,-1,战斗开始时，增加10%传球能力，持续10分钟,0
103013120,传球强化,101001110,1,2,addbuff,"[2,0,15]","[""self""]",0,onbattle,-1,=,10,-1,战斗开始时，增加15%传球能力，持续10分钟,0
103013210,强化队友,102001210,2,1,addbuff,"[5,0,10]","[""5""]",0,onbattle,-1,=,10,-1,战斗开始时，增加中锋10%篮板能力，持续10分钟,0
103013220,强化队友,102001210,2,2,addbuff,"[5,0,15]","[""5""]",0,onbattle,-1,=,10,-1,战斗开始时，增加中锋15%篮板能力，持续10分钟,0
103013310,强化队友,102001210,3,1,addbuff,"[5,0,10]","[""1""]",0,onsection,3,=,12,-1,第3节增加控球后卫10%篮板能力,1
103013320,强化队友,102001210,3,2,addbuff,"[5,0,15]","[""1""]",0,onsection,3,=,12,-1,第3节增加控球后卫15%篮板能力,1
103014110,得分强化,101006110,1,1,addbuff,"[6,0,10]","[""self""]",0,onbattle,-1,=,10,-1,战斗开始时，增加10%得分能力，持续10分钟,0
103014120,得分强化,101006110,1,2,addbuff,"[6,0,15]","[""self""]",0,onbattle,-1,=,10,-1,战斗开始时，增加15%得分能力，持续10分钟,0
103014210,强化队友,102001210,2,1,addbuff,"[5,0,10]","[""1""]",0,onbattle,-1,=,10,-1,战斗开始时，增加控球后卫10%篮板能力，持续10分钟,0
103014220,强化队友,102001210,2,2,addbuff,"[5,0,15]","[""1""]",0,onbattle,-1,=,10,-1,战斗开始时，增加控球后卫15%篮板能力，持续10分钟,0
103014310,强化队友,102001210,3,1,addbuff,"[5,0,10]","[""2""]",0,onsection,4,=,12,-1,第4节增加得分后卫10%篮板能力,1
103014320,强化队友,102001210,3,2,addbuff,"[5,0,15]","[""2""]",0,onsection,4,=,12,-1,第4节增加得分后卫15%篮板能力,1
103015110,篮板强化,101004110,1,1,addbuff,"[5,0,10]","[""self""]",0,onbattle,-1,=,10,-1,战斗开始时，增加10%篮板能力，持续10分钟,0
103015120,篮板强化,101004110,1,2,addbuff,"[5,0,15]","[""self""]",0,onbattle,-1,=,10,-1,战斗开始时，增加15%篮板能力，持续10分钟,0
103015210,强化队友,102001210,2,1,addbuff,"[5,0,10]","[""5""]",0,onbattle,-1,=,10,-1,战斗开始时，增加中锋10%篮板能力，持续10分钟,0
103015220,强化队友,102001210,2,2,addbuff,"[5,0,15]","[""5""]",0,onbattle,-1,=,10,-1,战斗开始时，增加中锋15%篮板能力，持续10分钟,0
103015310,强化队友,102001210,3,1,addbuff,"[5,0,10]","[""1""]",0,onsection,3,=,12,-1,第3节增加控球后卫10%篮板能力,1
103015320,强化队友,102001210,3,2,addbuff,"[5,0,15]","[""1""]",0,onsection,3,=,12,-1,第3节增加控球后卫15%篮板能力,1
103016110,篮板强化,101004110,1,1,addbuff,"[5,0,10]","[""self""]",0,onbattle,-1,=,10,-1,战斗开始时，增加10%篮板能力，持续10分钟,0
103016120,篮板强化,101004110,1,2,addbuff,"[5,0,15]","[""self""]",0,onbattle,-1,=,10,-1,战斗开始时，增加15%篮板能力，持续10分钟,0
103016210,强化队友,102001210,2,1,addbuff,"[5,0,10]","[""4""]",0,onbattle,-1,=,10,-1,战斗开始时，增加大前锋10%篮板能力，持续10分钟,0
103016220,强化队友,102001210,2,2,addbuff,"[5,0,15]","[""4""]",0,onbattle,-1,=,10,-1,战斗开始时，增加大前锋15%篮板能力，持续10分钟,0
103016310,强化队友,102001210,3,1,addbuff,"[2,0,10]","[""5""]",0,onsection,3,=,12,-1,第3节增加中锋10%传球能力,1
103016320,强化队友,102001210,3,2,addbuff,"[2,0,15]","[""5""]",0,onsection,3,=,12,-1,第3节增加中锋15%传球能力,1
103017110,传球强化,101001110,1,1,addbuff,"[2,0,10]","[""self""]",0,onbattle,-1,=,10,-1,战斗开始时，增加10%传球能力，持续10分钟,0
103017120,传球强化,101001110,1,2,addbuff,"[2,0,15]","[""self""]",0,onbattle,-1,=,10,-1,战斗开始时，增加15%传球能力，持续10分钟,0
103017210,强化队友,102001210,2,1,addbuff,"[6,0,10]","[""4""]",0,onbattle,-1,=,10,-1,战斗开始时，增加大前锋10%得分能力，持续10分钟,0
103017220,强化队友,102001210,2,2,addbuff,"[6,0,15]","[""4""]",0,onbattle,-1,=,10,-1,战斗开始时，增加大前锋15%得分能力，持续10分钟,0
103017310,强化队友,102001210,3,1,addbuff,"[5,0,10]","[""3""]",0,onsection,4,=,12,-1,第4节增加小前锋10%篮板能力,1
103017320,强化队友,102001210,3,2,addbuff,"[5,0,15]","[""3""]",0,onsection,4,=,12,-1,第4节增加小前锋15%篮板能力,1
103018110,篮板强化,101004110,1,1,addbuff,"[5,0,10]","[""self""]",0,onbattle,-1,=,10,-1,战斗开始时，增加10%篮板能力，持续10分钟,0
103018120,篮板强化,101004110,1,2,addbuff,"[5,0,15]","[""self""]",0,onbattle,-1,=,10,-1,战斗开始时，增加15%篮板能力，持续10分钟,0
103018210,强化队友,102001210,2,1,addbuff,"[5,0,10]","[""4""]",0,onbattle,-1,=,10,-1,战斗开始时，增加大前锋10%篮板能力，持续10分钟,0
103018220,强化队友,102001210,2,2,addbuff,"[5,0,15]","[""4""]",0,onbattle,-1,=,10,-1,战斗开始时，增加大前锋15%篮板能力，持续10分钟,0
103018310,强化队友,102001210,3,1,addbuff,"[8,0,10]","[""3""]",0,onsection,3,=,12,-1,第3节增加小前锋10%控球能力,1
103018320,强化队友,102001210,3,2,addbuff,"[8,0,15]","[""3""]",0,onsection,3,=,12,-1,第3节增加小前锋15%控球能力,1
103019110,得分强化,101006110,1,1,addbuff,"[6,0,10]","[""self""]",0,onbattle,-1,=,10,-1,战斗开始时，增加10%得分能力，持续10分钟,0
103019120,得分强化,101006110,1,2,addbuff,"[6,0,15]","[""self""]",0,onbattle,-1,=,10,-1,战斗开始时，增加15%得分能力，持续10分钟,0
103019210,强化队友,102001210,2,1,addbuff,"[5,0,10]","[""3""]",0,onbattle,-1,=,10,-1,战斗开始时，增加小前锋10%篮板能力，持续10分钟,0
103019220,强化队友,102001210,2,2,addbuff,"[5,0,15]","[""3""]",0,onbattle,-1,=,10,-1,战斗开始时，增加小前锋15%篮板能力，持续10分钟,0
103019310,强化队友,102001210,3,1,addbuff,"[6,0,10]","[""5""]",0,onsection,4,=,12,-1,第4节增加中锋10%得分能力,1
103019320,强化队友,102001210,3,2,addbuff,"[6,0,15]","[""5""]",0,onsection,4,=,12,-1,第4节增加中锋15%得分能力,1
103020110,传球强化,101001110,1,1,addbuff,"[2,0,10]","[""self""]",0,onbattle,-1,=,10,-1,战斗开始时，增加10%传球能力，持续10分钟,0
103020120,传球强化,101001110,1,2,addbuff,"[2,0,15]","[""self""]",0,onbattle,-1,=,10,-1,战斗开始时，增加15%传球能力，持续10分钟,0
103020210,强化队友,102001210,2,1,addbuff,"[5,0,10]","[""5""]",0,onbattle,-1,=,10,-1,战斗开始时，增加中锋10%篮板能力，持续10分钟,0
103020220,强化队友,102001210,2,2,addbuff,"[5,0,15]","[""5""]",0,onbattle,-1,=,10,-1,战斗开始时，增加中锋15%篮板能力，持续10分钟,0
103020310,强化队友,102001210,3,1,addbuff,"[5,0,10]","[""2""]",0,onsection,3,=,12,-1,第3节增加得分后卫10%篮板能力,1
103020320,强化队友,102001210,3,2,addbuff,"[5,0,15]","[""2""]",0,onsection,3,=,12,-1,第3节增加得分后卫15%篮板能力,1
103021110,得分强化,101006110,1,1,addbuff,"[6,0,10]","[""self""]",0,onbattle,-1,=,10,-1,战斗开始时，增加10%得分能力，持续10分钟,0
103021120,得分强化,101006110,1,2,addbuff,"[6,0,15]","[""self""]",0,onbattle,-1,=,10,-1,战斗开始时，增加15%得分能力，持续10分钟,0
103021210,强化队友,102001210,2,1,addbuff,"[6,0,10]","[""3""]",0,onbattle,-1,=,10,-1,战斗开始时，增加小前锋10%得分能力，持续10分钟,0
103021220,强化队友,102001210,2,2,addbuff,"[6,0,15]","[""3""]",0,onbattle,-1,=,10,-1,战斗开始时，增加小前锋15%得分能力，持续10分钟,0
103021310,强化队友,102001210,3,1,addbuff,"[8,0,10]","[""3""]",0,onsection,4,=,12,-1,第4节增加小前锋10%控球能力,1
103021320,强化队友,102001210,3,2,addbuff,"[8,0,15]","[""3""]",0,onsection,4,=,12,-1,第4节增加小前锋15%控球能力,1
103022110,得分强化,101006110,1,1,addbuff,"[6,0,10]","[""self""]",0,onbattle,-1,=,10,-1,战斗开始时，增加10%得分能力，持续10分钟,0
103022120,得分强化,101006110,1,2,addbuff,"[6,0,15]","[""self""]",0,onbattle,-1,=,10,-1,战斗开始时，增加15%得分能力，持续10分钟,0
103022210,强化队友,102001210,2,1,addbuff,"[5,0,10]","[""2""]",0,onbattle,-1,=,10,-1,战斗开始时，增加得分后卫10%篮板能力，持续10分钟,0
103022220,强化队友,102001210,2,2,addbuff,"[5,0,15]","[""2""]",0,onbattle,-1,=,10,-1,战斗开始时，增加得分后卫15%篮板能力，持续10分钟,0
103022310,强化队友,102001210,3,1,addbuff,"[8,0,10]","[""2""]",0,onsection,2,=,12,-1,第2节增加得分后卫10%控球能力,1
103022320,强化队友,102001210,3,2,addbuff,"[8,0,15]","[""2""]",0,onsection,2,=,12,-1,第2节增加得分后卫15%控球能力,1
103023110,传球强化,101001110,1,1,addbuff,"[2,0,10]","[""self""]",0,onbattle,-1,=,10,-1,战斗开始时，增加10%传球能力，持续10分钟,0
103023120,传球强化,101001110,1,2,addbuff,"[2,0,15]","[""self""]",0,onbattle,-1,=,10,-1,战斗开始时，增加15%传球能力，持续10分钟,0
103023210,强化队友,102001210,2,1,addbuff,"[8,0,10]","[""3""]",0,onbattle,-1,=,10,-1,战斗开始时，增加小前锋10%控球能力，持续10分钟,0
103023220,强化队友,102001210,2,2,addbuff,"[8,0,15]","[""3""]",0,onbattle,-1,=,10,-1,战斗开始时，增加小前锋15%控球能力，持续10分钟,0
103023310,强化队友,102001210,3,1,addbuff,"[5,0,10]","[""2""]",0,onsection,2,=,12,-1,第2节增加得分后卫10%篮板能力,1
103023320,强化队友,102001210,3,2,addbuff,"[5,0,15]","[""2""]",0,onsection,2,=,12,-1,第2节增加得分后卫15%篮板能力,1
103024110,控球强化,101005110,1,1,addbuff,"[8,0,10]","[""self""]",0,onbattle,-1,=,10,-1,战斗开始时，增加10%控球能力，持续10分钟,0
103024120,控球强化,101005110,1,2,addbuff,"[8,0,15]","[""self""]",0,onbattle,-1,=,10,-1,战斗开始时，增加15%控球能力，持续10分钟,0
103024210,强化队友,102001210,2,1,addbuff,"[2,0,10]","[""4""]",0,onbattle,-1,=,10,-1,战斗开始时，增加大前锋10%传球能力，持续10分钟,0
103024220,强化队友,102001210,2,2,addbuff,"[2,0,15]","[""4""]",0,onbattle,-1,=,10,-1,战斗开始时，增加大前锋15%传球能力，持续10分钟,0
103024310,强化队友,102001210,3,1,addbuff,"[5,0,10]","[""4""]",0,onsection,4,=,12,-1,第4节增加大前锋10%篮板能力,1
103024320,强化队友,102001210,3,2,addbuff,"[5,0,15]","[""4""]",0,onsection,4,=,12,-1,第4节增加大前锋15%篮板能力,1
103025110,控球强化,101005110,1,1,addbuff,"[8,0,10]","[""self""]",0,onbattle,-1,=,10,-1,战斗开始时，增加10%控球能力，持续10分钟,0
103025120,控球强化,101005110,1,2,addbuff,"[8,0,15]","[""self""]",0,onbattle,-1,=,10,-1,战斗开始时，增加15%控球能力，持续10分钟,0
103025210,强化队友,102001210,2,1,addbuff,"[2,0,10]","[""5""]",0,onbattle,-1,=,10,-1,战斗开始时，增加中锋10%传球能力，持续10分钟,0
103025220,强化队友,102001210,2,2,addbuff,"[2,0,15]","[""5""]",0,onbattle,-1,=,10,-1,战斗开始时，增加中锋15%传球能力，持续10分钟,0
103025310,强化队友,102001210,3,1,addbuff,"[5,0,10]","[""1""]",0,onsection,2,=,12,-1,第2节增加控球后卫10%篮板能力,1
103025320,强化队友,102001210,3,2,addbuff,"[5,0,15]","[""1""]",0,onsection,2,=,12,-1,第2节增加控球后卫15%篮板能力,1
103026110,篮板强化,101004110,1,1,addbuff,"[5,0,10]","[""self""]",0,onbattle,-1,=,10,-1,战斗开始时，增加10%篮板能力，持续10分钟,0
103026120,篮板强化,101004110,1,2,addbuff,"[5,0,15]","[""self""]",0,onbattle,-1,=,10,-1,战斗开始时，增加15%篮板能力，持续10分钟,0
103026210,强化队友,102001210,2,1,addbuff,"[8,0,10]","[""3""]",0,onbattle,-1,=,10,-1,战斗开始时，增加小前锋10%控球能力，持续10分钟,0
103026220,强化队友,102001210,2,2,addbuff,"[8,0,15]","[""3""]",0,onbattle,-1,=,10,-1,战斗开始时，增加小前锋15%控球能力，持续10分钟,0
103026310,强化队友,102001210,3,1,addbuff,"[6,0,10]","[""4""]",0,onsection,2,=,12,-1,第2节增加大前锋10%得分能力,1
103026320,强化队友,102001210,3,2,addbuff,"[6,0,15]","[""4""]",0,onsection,2,=,12,-1,第2节增加大前锋15%得分能力,1
103027110,控球强化,101005110,1,1,addbuff,"[8,0,10]","[""self""]",0,onbattle,-1,=,10,-1,战斗开始时，增加10%控球能力，持续10分钟,0
103027120,控球强化,101005110,1,2,addbuff,"[8,0,15]","[""self""]",0,onbattle,-1,=,10,-1,战斗开始时，增加15%控球能力，持续10分钟,0
103027210,强化队友,102001210,2,1,addbuff,"[5,0,10]","[""5""]",0,onbattle,-1,=,10,-1,战斗开始时，增加中锋10%篮板能力，持续10分钟,0
103027220,强化队友,102001210,2,2,addbuff,"[5,0,15]","[""5""]",0,onbattle,-1,=,10,-1,战斗开始时，增加中锋15%篮板能力，持续10分钟,0
103027310,强化队友,102001210,3,1,addbuff,"[5,0,10]","[""5""]",0,onsection,3,=,12,-1,第3节增加中锋10%篮板能力,1
103027320,强化队友,102001210,3,2,addbuff,"[5,0,15]","[""5""]",0,onsection,3,=,12,-1,第3节增加中锋15%篮板能力,1
103028110,防守强化,101009110,1,1,addbuff,"[3,0,10]","[""self""]",0,onbattle,-1,=,10,-1,战斗开始时，增加10%防守能力，持续10分钟,0
103028120,防守强化,101009110,1,2,addbuff,"[3,0,15]","[""self""]",0,onbattle,-1,=,10,-1,战斗开始时，增加15%防守能力，持续10分钟,0
103028210,强化队友,102001210,2,1,addbuff,"[6,0,10]","[""3""]",0,onbattle,-1,=,10,-1,战斗开始时，增加小前锋10%得分能力，持续10分钟,0
103028220,强化队友,102001210,2,2,addbuff,"[6,0,15]","[""3""]",0,onbattle,-1,=,10,-1,战斗开始时，增加小前锋15%得分能力，持续10分钟,0
103028310,强化队友,102001210,3,1,addbuff,"[5,0,10]","[""5""]",0,onsection,2,=,12,-1,第2节增加中锋10%篮板能力,1
103028320,强化队友,102001210,3,2,addbuff,"[5,0,15]","[""5""]",0,onsection,2,=,12,-1,第2节增加中锋15%篮板能力,1
103029110,篮板强化,101004110,1,1,addbuff,"[5,0,10]","[""self""]",0,onbattle,-1,=,10,-1,战斗开始时，增加10%篮板能力，持续10分钟,0
103029120,篮板强化,101004110,1,2,addbuff,"[5,0,15]","[""self""]",0,onbattle,-1,=,10,-1,战斗开始时，增加15%篮板能力，持续10分钟,0
103029210,强化队友,102001210,2,1,addbuff,"[2,0,10]","[""5""]",0,onbattle,-1,=,10,-1,战斗开始时，增加中锋10%传球能力，持续10分钟,0
103029220,强化队友,102001210,2,2,addbuff,"[2,0,15]","[""5""]",0,onbattle,-1,=,10,-1,战斗开始时，增加中锋15%传球能力，持续10分钟,0
103029310,强化队友,102001210,3,1,addbuff,"[5,0,10]","[""1""]",0,onsection,2,=,12,-1,第2节增加控球后卫10%篮板能力,1
103029320,强化队友,102001210,3,2,addbuff,"[5,0,15]","[""1""]",0,onsection,2,=,12,-1,第2节增加控球后卫15%篮板能力,1
103030110,篮板强化,101004110,1,1,addbuff,"[5,0,10]","[""self""]",0,onbattle,-1,=,10,-1,战斗开始时，增加10%篮板能力，持续10分钟,0
103030120,篮板强化,101004110,1,2,addbuff,"[5,0,15]","[""self""]",0,onbattle,-1,=,10,-1,战斗开始时，增加15%篮板能力，持续10分钟,0
103030210,强化队友,102001210,2,1,addbuff,"[2,0,10]","[""4""]",0,onbattle,-1,=,10,-1,战斗开始时，增加大前锋10%传球能力，持续10分钟,0
103030220,强化队友,102001210,2,2,addbuff,"[2,0,15]","[""4""]",0,onbattle,-1,=,10,-1,战斗开始时，增加大前锋15%传球能力，持续10分钟,0
103030310,强化队友,102001210,3,1,addbuff,"[5,0,10]","[""4""]",0,onsection,4,=,12,-1,第4节增加大前锋10%篮板能力,1
103030320,强化队友,102001210,3,2,addbuff,"[5,0,15]","[""4""]",0,onsection,4,=,12,-1,第4节增加大前锋15%篮板能力,1
103031110,得分强化,101006110,1,1,addbuff,"[6,0,10]","[""self""]",0,onbattle,-1,=,10,-1,战斗开始时，增加10%得分能力，持续10分钟,0
103031120,得分强化,101006110,1,2,addbuff,"[6,0,15]","[""self""]",0,onbattle,-1,=,10,-1,战斗开始时，增加15%得分能力，持续10分钟,0
103031210,强化队友,102001210,2,1,addbuff,"[7,0,10]","[""1""]",0,onbattle,-1,=,10,-1,战斗开始时，增加控球后卫10%抢断能力，持续10分钟,0
103031220,强化队友,102001210,2,2,addbuff,"[7,0,15]","[""1""]",0,onbattle,-1,=,10,-1,战斗开始时，增加控球后卫15%抢断能力，持续10分钟,0
103031310,强化队友,102001210,3,1,addbuff,"[6,0,10]","[""2""]",0,onsection,4,=,12,-1,第4节增加得分后卫10%得分能力,1
103031320,强化队友,102001210,3,2,addbuff,"[6,0,15]","[""2""]",0,onsection,4,=,12,-1,第4节增加得分后卫15%得分能力,1
103032110,防守强化,101009110,1,1,addbuff,"[3,0,10]","[""self""]",0,onbattle,-1,=,10,-1,战斗开始时，增加10%防守能力，持续10分钟,0
103032120,防守强化,101009110,1,2,addbuff,"[3,0,15]","[""self""]",0,onbattle,-1,=,10,-1,战斗开始时，增加15%防守能力，持续10分钟,0
103032210,强化队友,102001210,2,1,addbuff,"[5,0,10]","[""3""]",0,onbattle,-1,=,10,-1,战斗开始时，增加小前锋10%篮板能力，持续10分钟,0
103032220,强化队友,102001210,2,2,addbuff,"[5,0,15]","[""3""]",0,onbattle,-1,=,10,-1,战斗开始时，增加小前锋15%篮板能力，持续10分钟,0
103032310,强化队友,102001210,3,1,addbuff,"[5,0,10]","[""3""]",0,onsection,2,=,12,-1,第2节增加小前锋10%篮板能力,1
103032320,强化队友,102001210,3,2,addbuff,"[5,0,15]","[""3""]",0,onsection,2,=,12,-1,第2节增加小前锋15%篮板能力,1
103033110,篮板强化,101004110,1,1,addbuff,"[5,0,10]","[""self""]",0,onbattle,-1,=,10,-1,战斗开始时，增加10%篮板能力，持续10分钟,0
103033120,篮板强化,101004110,1,2,addbuff,"[5,0,15]","[""self""]",0,onbattle,-1,=,10,-1,战斗开始时，增加15%篮板能力，持续10分钟,0
103033210,强化队友,102001210,2,1,addbuff,"[5,0,10]","[""5""]",0,onbattle,-1,=,10,-1,战斗开始时，增加中锋10%篮板能力，持续10分钟,0
103033220,强化队友,102001210,2,2,addbuff,"[5,0,15]","[""5""]",0,onbattle,-1,=,10,-1,战斗开始时，增加中锋15%篮板能力，持续10分钟,0
103033310,强化队友,102001210,3,1,addbuff,"[5,0,10]","[""5""]",0,onsection,2,=,12,-1,第2节增加中锋10%篮板能力,1
103033320,强化队友,102001210,3,2,addbuff,"[5,0,15]","[""5""]",0,onsection,2,=,12,-1,第2节增加中锋15%篮板能力,1
103034110,得分强化,101006110,1,1,addbuff,"[6,0,10]","[""self""]",0,onbattle,-1,=,10,-1,战斗开始时，增加10%得分能力，持续10分钟,0
103034120,得分强化,101006110,1,2,addbuff,"[6,0,15]","[""self""]",0,onbattle,-1,=,10,-1,战斗开始时，增加15%得分能力，持续10分钟,0
103034210,强化队友,102001210,2,1,addbuff,"[5,0,10]","[""2""]",0,onbattle,-1,=,10,-1,战斗开始时，增加得分后卫10%篮板能力，持续10分钟,0
103034220,强化队友,102001210,2,2,addbuff,"[5,0,15]","[""2""]",0,onbattle,-1,=,10,-1,战斗开始时，增加得分后卫15%篮板能力，持续10分钟,0
103034310,强化队友,102001210,3,1,addbuff,"[5,0,10]","[""1""]",0,onsection,3,=,12,-1,第3节增加控球后卫10%篮板能力,1
103034320,强化队友,102001210,3,2,addbuff,"[5,0,15]","[""1""]",0,onsection,3,=,12,-1,第3节增加控球后卫15%篮板能力,1
103035110,传球强化,101001110,1,1,addbuff,"[2,0,10]","[""self""]",0,onbattle,-1,=,10,-1,战斗开始时，增加10%传球能力，持续10分钟,0
103035120,传球强化,101001110,1,2,addbuff,"[2,0,15]","[""self""]",0,onbattle,-1,=,10,-1,战斗开始时，增加15%传球能力，持续10分钟,0
103035210,强化队友,102001210,2,1,addbuff,"[5,0,10]","[""2""]",0,onbattle,-1,=,10,-1,战斗开始时，增加得分后卫10%篮板能力，持续10分钟,0
103035220,强化队友,102001210,2,2,addbuff,"[5,0,15]","[""2""]",0,onbattle,-1,=,10,-1,战斗开始时，增加得分后卫15%篮板能力，持续10分钟,0
103035310,强化队友,102001210,3,1,addbuff,"[5,0,10]","[""1""]",0,onsection,3,=,12,-1,第3节增加控球后卫10%篮板能力,1
103035320,强化队友,102001210,3,2,addbuff,"[5,0,15]","[""1""]",0,onsection,3,=,12,-1,第3节增加控球后卫15%篮板能力,1
103036110,传球强化,101001110,1,1,addbuff,"[2,0,10]","[""self""]",0,onbattle,-1,=,10,-1,战斗开始时，增加10%传球能力，持续10分钟,0
103036120,传球强化,101001110,1,2,addbuff,"[2,0,15]","[""self""]",0,onbattle,-1,=,10,-1,战斗开始时，增加15%传球能力，持续10分钟,0
103036210,强化队友,102001210,2,1,addbuff,"[5,0,10]","[""2""]",0,onbattle,-1,=,10,-1,战斗开始时，增加得分后卫10%篮板能力，持续10分钟,0
103036220,强化队友,102001210,2,2,addbuff,"[5,0,15]","[""2""]",0,onbattle,-1,=,10,-1,战斗开始时，增加得分后卫15%篮板能力，持续10分钟,0
103036310,强化队友,102001210,3,1,addbuff,"[5,0,10]","[""2""]",0,onsection,4,=,12,-1,第4节增加得分后卫10%篮板能力,1
103036320,强化队友,102001210,3,2,addbuff,"[5,0,15]","[""2""]",0,onsection,4,=,12,-1,第4节增加得分后卫15%篮板能力,1
103037110,篮板强化,101004110,1,1,addbuff,"[5,0,10]","[""self""]",0,onbattle,-1,=,10,-1,战斗开始时，增加10%篮板能力，持续10分钟,0
103037120,篮板强化,101004110,1,2,addbuff,"[5,0,15]","[""self""]",0,onbattle,-1,=,10,-1,战斗开始时，增加15%篮板能力，持续10分钟,0
103037210,强化队友,102001210,2,1,addbuff,"[5,0,10]","[""1""]",0,onbattle,-1,=,10,-1,战斗开始时，增加控球后卫10%篮板能力，持续10分钟,0
103037220,强化队友,102001210,2,2,addbuff,"[5,0,15]","[""1""]",0,onbattle,-1,=,10,-1,战斗开始时，增加控球后卫15%篮板能力，持续10分钟,0
103037310,强化队友,102001210,3,1,addbuff,"[6,0,10]","[""5""]",0,onsection,3,=,12,-1,第3节增加中锋10%得分能力,1
103037320,强化队友,102001210,3,2,addbuff,"[6,0,15]","[""5""]",0,onsection,3,=,12,-1,第3节增加中锋15%得分能力,1
103038110,篮板强化,101004110,1,1,addbuff,"[5,0,10]","[""self""]",0,onbattle,-1,=,10,-1,战斗开始时，增加10%篮板能力，持续10分钟,0
103038120,篮板强化,101004110,1,2,addbuff,"[5,0,15]","[""self""]",0,onbattle,-1,=,10,-1,战斗开始时，增加15%篮板能力，持续10分钟,0
103038210,强化队友,102001210,2,1,addbuff,"[6,0,10]","[""4""]",0,onbattle,-1,=,10,-1,战斗开始时，增加大前锋10%得分能力，持续10分钟,0
103038220,强化队友,102001210,2,2,addbuff,"[6,0,15]","[""4""]",0,onbattle,-1,=,10,-1,战斗开始时，增加大前锋15%得分能力，持续10分钟,0
103038310,强化队友,102001210,3,1,addbuff,"[8,0,10]","[""3""]",0,onsection,2,=,12,-1,第2节增加小前锋10%控球能力,1
103038320,强化队友,102001210,3,2,addbuff,"[8,0,15]","[""3""]",0,onsection,2,=,12,-1,第2节增加小前锋15%控球能力,1
103039110,得分强化,101006110,1,1,addbuff,"[6,0,10]","[""self""]",0,onbattle,-1,=,10,-1,战斗开始时，增加10%得分能力，持续10分钟,0
103039120,得分强化,101006110,1,2,addbuff,"[6,0,15]","[""self""]",0,onbattle,-1,=,10,-1,战斗开始时，增加15%得分能力，持续10分钟,0
103039210,强化队友,102001210,2,1,addbuff,"[5,0,10]","[""2""]",0,onbattle,-1,=,10,-1,战斗开始时，增加得分后卫10%篮板能力，持续10分钟,0
103039220,强化队友,102001210,2,2,addbuff,"[5,0,15]","[""2""]",0,onbattle,-1,=,10,-1,战斗开始时，增加得分后卫15%篮板能力，持续10分钟,0
103039310,强化队友,102001210,3,1,addbuff,"[8,0,10]","[""2""]",0,onsection,2,=,12,-1,第2节增加得分后卫10%控球能力,1
103039320,强化队友,102001210,3,2,addbuff,"[8,0,15]","[""2""]",0,onsection,2,=,12,-1,第2节增加得分后卫15%控球能力,1
103040110,抢断强化,101002110,1,1,addbuff,"[7,0,10]","[""self""]",0,onbattle,-1,=,10,-1,战斗开始时，增加10%抢断能力，持续10分钟,0
103040120,抢断强化,101002110,1,2,addbuff,"[7,0,15]","[""self""]",0,onbattle,-1,=,10,-1,战斗开始时，增加15%抢断能力，持续10分钟,0
103040210,强化队友,102001210,2,1,addbuff,"[2,0,10]","[""5""]",0,onbattle,-1,=,10,-1,战斗开始时，增加中锋10%传球能力，持续10分钟,0
103040220,强化队友,102001210,2,2,addbuff,"[2,0,15]","[""5""]",0,onbattle,-1,=,10,-1,战斗开始时，增加中锋15%传球能力，持续10分钟,0
103040310,强化队友,102001210,3,1,addbuff,"[6,0,10]","[""4""]",0,onsection,3,=,12,-1,第3节增加大前锋10%得分能力,1
103040320,强化队友,102001210,3,2,addbuff,"[6,0,15]","[""4""]",0,onsection,3,=,12,-1,第3节增加大前锋15%得分能力,1
103041110,得分强化,101006110,1,1,addbuff,"[6,0,10]","[""self""]",0,onbattle,-1,=,10,-1,战斗开始时，增加10%得分能力，持续10分钟,0
103041120,得分强化,101006110,1,2,addbuff,"[6,0,15]","[""self""]",0,onbattle,-1,=,10,-1,战斗开始时，增加15%得分能力，持续10分钟,0
103041210,强化队友,102001210,2,1,addbuff,"[2,0,10]","[""5""]",0,onbattle,-1,=,10,-1,战斗开始时，增加中锋10%传球能力，持续10分钟,0
103041220,强化队友,102001210,2,2,addbuff,"[2,0,15]","[""5""]",0,onbattle,-1,=,10,-1,战斗开始时，增加中锋15%传球能力，持续10分钟,0
103041310,强化队友,102001210,3,1,addbuff,"[6,0,10]","[""4""]",0,onsection,3,=,12,-1,第3节增加大前锋10%得分能力,1
103041320,强化队友,102001210,3,2,addbuff,"[6,0,15]","[""4""]",0,onsection,3,=,12,-1,第3节增加大前锋15%得分能力,1
103042110,抢断强化,101002110,1,1,addbuff,"[7,0,10]","[""self""]",0,onbattle,-1,=,10,-1,战斗开始时，增加10%抢断能力，持续10分钟,0
103042120,抢断强化,101002110,1,2,addbuff,"[7,0,15]","[""self""]",0,onbattle,-1,=,10,-1,战斗开始时，增加15%抢断能力，持续10分钟,0
103042210,强化队友,102001210,2,1,addbuff,"[2,0,10]","[""5""]",0,onbattle,-1,=,10,-1,战斗开始时，增加中锋10%传球能力，持续10分钟,0
103042220,强化队友,102001210,2,2,addbuff,"[2,0,15]","[""5""]",0,onbattle,-1,=,10,-1,战斗开始时，增加中锋15%传球能力，持续10分钟,0
103042310,强化队友,102001210,3,1,addbuff,"[6,0,10]","[""4""]",0,onsection,3,=,12,-1,第3节增加大前锋10%得分能力,1
103042320,强化队友,102001210,3,2,addbuff,"[6,0,15]","[""4""]",0,onsection,3,=,12,-1,第3节增加大前锋15%得分能力,1
104001110,传球强化,101001110,1,1,addbuff,"[2,0,10]","[""self""]",0,onbattle,-1,=,10,-1,战斗开始时，增加10%传球能力，持续10分钟,0
104001120,传球强化,101001110,1,2,addbuff,"[2,0,15]","[""self""]",0,onbattle,-1,=,10,-1,战斗开始时，增加15%传球能力(有概率触发[秒传])，持续10分钟,0
104001130,传球强化,101001110,1,3,addbuff,"[2,0,20]","[""self""]",0,onbattle,-1,=,10,-1,战斗开始时，增加20%传球能力，接到秒传的球员本次投篮命中提升80%，持续10分钟,0
104001140,传球强化,101001110,1,4,addbuff,"[2,0,30]","[""self""]",0,onbattle,-1,=,10,-1,战斗开始时，增加30%传球能力，接到秒传的球员本次投篮命中提升100%，持续10分钟,0
104001150,传球强化,101001110,1,5,addbuff,"[2,0,40]","[""self""]",0,onbattle,-1,=,10,-1,战斗开始时，增加40%传球能力，接到秒传的球员本次投篮命中提升100%，且下次投篮必定三分命中，持续10分钟,0
104001160,传球强化,101001110,1,6,addbuff,"[2,0,55]","[""self""]",0,onbattle,-1,=,10,-1,战斗开始时，增加55%传球能力，接到秒传的球员本次投篮命中提升100%，且下次投篮必定三分命中，持续10分钟,0
104001210,强化队友,102001210,2,1,addbuff,"[5,0,10]","[""2""]",0,onbattle,-1,=,10,-1,战斗开始时，增加得分后卫10%篮板能力，持续10分钟,0
104001220,强化队友,102001210,2,2,addbuff,"[5,0,15]","[""2""]",0,onbattle,-1,=,10,-1,战斗开始时，增加得分后卫15%篮板能力(有概率触发[捡漏])，持续10分钟,0
104001230,强化队友,102001210,2,3,addbuff,"[5,0,20]","[""2""]",0,onbattle,-1,=,10,-1,战斗开始时，增加得分后卫20%篮板能力，捡漏的篮板球长传到前场加快进攻节奏，持续10分钟,0
104001240,强化队友,102001210,2,4,addbuff,"[5,0,30]","[""2""]",0,onbattle,-1,=,10,-1,战斗开始时，增加得分后卫30%篮板能力，捡漏长传的进攻必定造成犯规，持续10分钟,0
104001250,强化队友,102001210,2,5,addbuff,"[5,0,40]","[""2""]",0,onbattle,-1,=,10,-1,战斗开始时，增加得分后卫40%篮板能力，捡漏长传的进攻有较高几率命中三分，持续10分钟,0
104001260,强化队友,102001210,2,6,addbuff,"[5,0,50]","[""2""]",0,onbattle,-1,=,10,-1,战斗开始时，增加得分后卫50%篮板能力，捡漏长传的进攻有较高几率命中三分，持续10分钟,0
104001310,强化队友,102001210,3,1,addbuff,"[5,0,10]","[""5""]",0,onbattle,-1,=,12,-1,战斗开始时，增加中锋10%篮板能力，持续1节,1
104001320,强化队友,102001210,3,2,addbuff,"[5,0,15]","[""5""]",0,onbattle,-1,=,12,-1,战斗开始时，增加中锋15%篮板能力，并小幅增强中锋单打能力，持续1节,1
104001330,强化队友,102001210,3,3,addbuff,"[5,0,20]","[""5""]",0,onbattle,-1,=,12,-1,战斗开始时，增加中锋20%篮板能力，并大幅增强中锋单打能力，持续1节,1
104001340,强化队友,102001210,3,4,addbuff,"[5,0,30]","[""5""]",0,onbattle,-1,=,12,-1,战斗开始时，增加中锋30%篮板能力，大幅度增强中锋单打能力，面对包夹传球视野增加，持续1节。,1
104001350,强化队友,102001210,3,5,addbuff,"[5,0,40]","[""5""]",0,onbattle,-1,=,12,-1,战斗开始时，增加中锋40%篮板能力，大幅度增强中锋单打能力，面对包夹传球视野和能力增加，持续1节。,1
104001360,强化队友,102001210,3,6,addbuff,"[5,0,50]","[""5""]",0,onbattle,-1,=,12,-1,战斗开始时，增加中锋50%篮板能力，大幅度增强中锋单打能力，面对包夹传球视野和能力大幅度增加，持续1节。,1
104001410,接力棒,104001410,4,1,addbuff,"[6,0,15]","[""target""]",0,onoff,0,=,3,-1,被换下场时，给替换球员增加15%的得分buff，持续3分钟,0
104001420,接力棒,104001410,4,2,addbuff,"[6,0,20]","[""target""]",0,onoff,0,=,3,-1,被换下场时，给替换球员增加20%的得分buff，并提升替换球员[必胜]信心，持续3分钟,0
104001430,接力棒,104001410,4,3,addbuff,"[6,0,30]","[""target""]",0,onoff,0,=,3,-1,被换下场时，给替换球员增加30%的得分buff，并提升替换球员[必胜]信心，持有必胜信心的球员防守积极性提升，持续3分钟,0
104001440,接力棒,104001410,4,4,addbuff,"[6,0,40]","[""target""]",0,onoff,0,=,3,-1,被换下场时，给替换球员增加40%的得分buff，并提升替换球员[必胜]信心，持有必胜信心的球员防守成功率提升，持续3分钟,0
104001450,接力棒,104001410,4,5,addbuff,"[6,0,50]","[""target""]",0,onoff,0,=,3,-1,被换下场时，给替换球员增加50%的得分buff，并提升替换球员[必胜]信心，持有必胜信心的球员防守成功率大幅提升，持续3分钟,0
104001460,接力棒,104001410,4,6,addbuff,"[6,0,65]","[""target""]",0,onoff,0,=,5,-1,被换下场时，给替换球员增加65%的得分buff，并提升替换球员[必胜]信心，持有必胜信心的球员防守成功率大幅提升，持续5分钟,0
104002110,篮板强化,101004110,1,1,addbuff,"[5,0,10]","[""self""]",0,onbattle,-1,=,10,-1,战斗开始时，增加10%篮板能力，持续10分钟,0
104002120,篮板强化,101004110,1,2,addbuff,"[5,0,15]","[""self""]",0,onbattle,-1,=,10,-1,战斗开始时，增加15%篮板能力，小概率获得[落点预判]能力，持续10分钟,0
104002130,篮板强化,101004110,1,3,addbuff,"[5,0,20]","[""self""]",0,onbattle,-1,=,10,-1,战斗开始时，增加20%篮板能力，必定获得[落点预判]能力，持续10分钟,0
104002140,篮板强化,101004110,1,4,addbuff,"[5,0,30]","[""self""]",0,onbattle,-1,=,10,-1,战斗开始时，增加30%篮板能力，并获得[落点预判]能力，小幅忽略双方篮板，优先获得篮板，持续10分钟,0
104002150,篮板强化,101004110,1,5,addbuff,"[5,0,40]","[""self""]",0,onbattle,-1,=,10,-1,战斗开始时，增加40%篮板能力，并获得[落点预判]能力，中幅忽略双方篮板，优先获得篮板，持续10分钟,0
104002160,篮板强化,101004110,1,6,addbuff,"[5,0,50]","[""self""]",0,onbattle,-1,=,10,-1,战斗开始时，增加50%篮板能力，并获得[落点预判]能力，大幅度忽略双方篮板，优先获得篮板，持续10分钟,0
104002210,强化队友,102001210,2,1,addbuff,"[6,0,10]","[""4""]",0,onbattle,-1,=,10,-1,战斗开始时，增加大前锋10%得分能力，持续10分钟,0
104002220,强化队友,102001210,2,2,addbuff,"[6,0,15]","[""4""]",0,onbattle,-1,=,10,-1,战斗开始时，增加大前锋15%得分能力，小概率形成[挡拆]，持续10分钟,0
104002230,强化队友,102001210,2,3,addbuff,"[6,0,20]","[""4""]",0,onbattle,-1,=,10,-1,战斗开始时，增加大前锋20%得分能力，中概率形成[挡拆]，持续10分钟,0
104002240,强化队友,102001210,2,4,addbuff,"[6,0,30]","[""4""]",0,onbattle,-1,=,10,-1,战斗开始时，增加大前锋30%得分能力，中概率形成[挡拆]，挡拆成功后提升中投能力，持续10分钟,0
104002250,强化队友,102001210,2,5,addbuff,"[6,0,40]","[""4""]",0,onbattle,-1,=,10,-1,战斗开始时，增加大前锋40%得分能力，中概率形成[挡拆]，挡拆成功后提升中投能力并降低被盖帽几率，持续10分钟,0
104002260,强化队友,102001210,2,6,addbuff,"[6,0,50]","[""4""]",0,onbattle,-1,=,10,-1,战斗开始时，增加大前锋50%得分能力，大概率形成[挡拆]，挡拆成功后提升中投能力并降低被盖帽几率，持续10分钟,0
104002310,强化队友,102001210,3,1,addbuff,"[6,0,10]","[""5""]",0,onbattle,-1,=,12,-1,战斗开始时，增加中锋10%得分能力,1
104002320,强化队友,102001210,3,2,addbuff,"[6,0,15]","[""5""]",0,onbattle,-1,=,12,-1,战斗开始时，增加中锋15%得分能力，小概率发动[空接]。,1
104002330,强化队友,102001210,3,3,addbuff,"[6,0,20]","[""5""]",0,onbattle,-1,=,12,-1,战斗开始时，增加中锋20%得分能力，小概率发动[空接]，本次进攻小概率忽略对方防守值。,1
104002340,强化队友,102001210,3,4,addbuff,"[6,0,30]","[""5""]",0,onbattle,-1,=,12,-1,战斗开始时，增加中锋30%得分能力，小概率发动[空接]，本次进攻大概率忽略对方防守值。,1
104002350,强化队友,102001210,3,5,addbuff,"[6,0,40]","[""5""]",0,onbattle,-1,=,12,-1,战斗开始时，增加中锋40%得分能力，小概率发动[空接]，本次进攻忽略对方防守值。,1
104002360,强化队友,102001210,3,6,addbuff,"[6,0,50]","[""5""]",0,onbattle,-1,=,12,-1,战斗开始时，增加中锋50%得分能力，小概率发动[空接]，本次进攻忽略对方防守值。,1
104002410,愈战愈勇,104002410,4,1,addbuff,"[6,0,10]","[""self""]",0,onpoint,30,=,3,1,得分超过30，增加10%得分buff，持续3分钟,0
104002420,愈战愈勇,104002410,4,2,addbuff,"[6,0,10]","[""self""]",0,onpoint,30,=,3,1,得分超过30，增加10%得分buff，进入[兴奋]状态，跑位积极性小幅度提升，持续3分钟,0
104002430,愈战愈勇,104002410,4,3,addbuff,"[6,0,10]","[""self""]",0,onpoint,25,=,3,1,得分超过25，增加10%得分buff，进入[兴奋]状态，跑位积极性小幅度提升，持续3分钟,0
104002440,愈战愈勇,104002410,4,4,addbuff,"[6,0,10]","[""self""]",0,onpoint,25,=,3,1,得分超过25，增加10%得分buff，进入[兴奋]状态，跑位、侧应小幅度提升，持续3分钟,0
104002450,愈战愈勇,104002410,4,5,addbuff,"[6,0,10]","[""self""]",0,onpoint,20,=,3,1,得分超过20，增加10%得分buff，进入[兴奋]状态，跑位、侧应、要球积极性小幅度提升，持续3分钟,0
104002460,愈战愈勇,104002410,4,6,addbuff,"[6,0,10]","[""self""]",0,onpoint,15,=,3,1,得分超过20，增加10%得分buff，进入[兴奋]状态，跑位、侧应、要球积极性小幅度提升，持续3分钟,0
104003110,得分强化,101006110,1,1,addbuff,"[6,0,10]","[""self""]",0,onbattle,-1,=,10,-1,战斗开始时，增加10%得分能力，持续10分钟,0
104003120,得分强化,101006110,1,2,addbuff,"[6,0,15]","[""self""]",0,onbattle,-1,=,10,-1,战斗开始时，增加15%得分能力，小幅度增加出手速度，持续10分钟,0
104003130,得分强化,101006110,1,3,addbuff,"[6,0,20]","[""self""]",0,onbattle,-1,=,10,-1,战斗开始时，增加20%得分能力，小幅度增加出手速度且命中率提升，持续10分钟,0
104003140,得分强化,101006110,1,4,addbuff,"[6,0,30]","[""self""]",0,onbattle,-1,=,10,-1,战斗开始时，增加30%得分能力，小幅度增加出手速度且命中率大幅提升，持续10分钟,0
104003150,得分强化,101006110,1,5,addbuff,"[6,0,40]","[""self""]",0,onbattle,-1,=,10,-1,战斗开始时，增加40%得分能力，中幅度增加出手速度且命中率大幅提升，持续10分钟,0
104003160,得分强化,101006110,1,6,addbuff,"[6,0,50]","[""self""]",0,onbattle,-1,=,10,-1,战斗开始时，增加50%得分能力，大幅度增加出手速度且命中率大幅提升，持续10分钟,0
104003210,篮板强化,101004110,2,1,addbuff,"[5,0,10]","[""1""]",0,onbattle,-1,=,10,-1,战斗开始时，增加控球后卫10%篮板能力，持续10分钟,0
104003220,强化队友,102001210,2,2,addbuff,"[5,0,15]","[""1""]",0,onbattle,-1,=,10,-1,战斗开始时，增加控球后卫15%篮板能力，小概率获得[鱼跃扑球]，持续10分钟,0
104003230,强化队友,102001210,2,3,addbuff,"[5,0,20]","[""1""]",0,onbattle,-1,=,10,-1,战斗开始时，增加控球后卫20%篮板能力，中概率获得[鱼跃扑球]，持续10分钟,0
104003240,强化队友,102001210,2,4,addbuff,"[5,0,30]","[""1""]",0,onbattle,-1,=,10,-1,战斗开始时，增加控球后卫30%篮板能力，大概率获得[鱼跃扑球]，持续10分钟,0
104003250,强化队友,102001210,2,5,addbuff,"[5,0,40]","[""1""]",0,onbattle,-1,=,10,-1,战斗开始时，增加控球后卫40%篮板能力，大概率获得[鱼跃扑球]，每次扑球小概率降低对手信心，持续10分钟,0
104003260,强化队友,102001210,2,6,addbuff,"[5,0,50]","[""1""]",0,onbattle,-1,=,10,-1,战斗开始时，增加控球后卫50%篮板能力，大概率获得[鱼跃扑球]，每次扑球小概率降低对手信心，持续10分钟,0
104003310,强化队友,102001210,3,1,addbuff,"[8,0,10]","[""1""]",0,onbattle,-1,=,12,-1,战斗开始时，增加控球后卫10%控球能力，持续1节。,1
104003320,强化队友,102001210,3,2,addbuff,"[8,0,15]","[""1""]",0,onbattle,-1,=,12,-1,战斗开始时，增加控球后卫15%控球能力，小概率开启[嘲讽]，吸引多名防守，持续1节。,1
104003330,强化队友,102001210,3,3,addbuff,"[8,0,20]","[""1""]",0,onbattle,-1,=,12,-1,战斗开始时，增加控球后卫20%控球能力，小概率开启[嘲讽]，嘲讽时小幅度提升护球能力，持续1节。,1
104003340,强化队友,102001210,3,4,addbuff,"[8,0,30]","[""1""]",0,onbattle,-1,=,12,-1,战斗开始时，增加控球后卫30%控球能力，小概率开启[嘲讽]，嘲讽时小幅度提升护球能力，并提升传球视野，持续1节。,1
104003350,强化队友,102001210,3,5,addbuff,"[8,0,40]","[""1""]",0,onbattle,-1,=,12,-1,战斗开始时，增加控球后卫40%控球能力，小概率开启[嘲讽]，嘲讽时小幅度提升护球能力，并大幅度提升传球视野，持续1节。,1
104003360,强化队友,102001210,3,6,addbuff,"[8,0,50]","[""1""]",0,onbattle,-1,=,12,-1,战斗开始时，增加控球后卫50%控球能力，小概率开启[嘲讽]，嘲讽时小幅度提升护球能力，并大幅度提升传球视野，持续1节。,1
104003410,体力强化,104003410,4,1,addbuff,"[101,0,100]","[""self""]",0,onpointbehind,15,=,99,1,比分落后超过15分，消耗双倍体力，得分能力提升20%,0
104003411,,101001110,4,1,addbuff,"[6,0,20]","[""self""]",0,,15,=,99,1,,0
104003420,体力强化,104003410,4,2,addbuff,"[101,0,100]","[""self""]",0,onpointbehind,15,=,99,1,比分落后超过15分，消耗双倍体力，得分能力提升25%，一定概率触发[奋起直追]。,0
104003421,,101001110,4,2,addbuff,"[6,0,25]","[""self""]",0,,15,=,99,1,,0
104003430,体力强化,104003410,4,3,addbuff,"[101,0,100]","[""self""]",0,onpointbehind,15,=,99,1,比分落后超过15分，消耗双倍体力，得分能力提升30%，较大概率触发[奋起直追]，命中小幅提升。,0
104003431,,101001110,4,3,addbuff,"[6,0,30]","[""self""]",0,,15,=,99,1,,0
104003440,体力强化,104003410,4,4,addbuff,"[101,0,100]","[""self""]",0,onpointbehind,15,=,99,1,比分落后超过15分，消耗双倍体力，得分能力提升40%，必定触发[奋起直追]，命中小幅提升。,0
104003441,,101001110,4,4,addbuff,"[6,0,35]","[""self""]",0,,15,=,99,1,,0
104003450,体力强化,104003410,4,5,addbuff,"[101,0,100]","[""self""]",0,onpointbehind,15,=,99,1,比分落后超过15分，消耗双倍体力，得分能力提升50%，必定触发[奋起直追]，命中中幅提升。,0
104003451,,101001110,4,5,addbuff,"[6,0,50]","[""self""]",0,,15,=,99,1,,0
104003460,体力强化,104003410,4,6,addbuff,"[101,0,100]","[""self""]",0,onpointbehind,12,=,99,1,比分落后超过12分，消耗双倍体力，得分能力提升55%，必定触发[奋起直追]，命中中幅提升。,0
104003461,,101001110,4,6,addbuff,"[6,0,55]","[""self""]",0,,12,=,99,1,,0
104004110,控球强化,101005110,1,1,addbuff,"[8,0,10]","[""self""]",0,onbattle,-1,=,10,-1,战斗开始时，增加10%控球能力，持续10分钟,0
104004120,控球强化,101005110,1,2,addbuff,"[8,0,15]","[""self""]",0,onbattle,-1,=,10,-1,战斗开始时，增加15%控球能力，持续10分钟，小概率开启花式运球。,0
104004130,控球强化,101005110,1,3,addbuff,"[8,0,20]","[""self""]",0,onbattle,-1,=,10,-1,战斗开始时，增加20%控球能力，持续10分钟，花式运球过人概率提升。,0
104004140,控球强化,101005110,1,4,addbuff,"[8,0,30]","[""self""]",0,onbattle,-1,=,10,-1,战斗开始时，增加30%控球能力，持续10分钟，花式运球触发后必定过人。,0
104004150,控球强化,101005110,1,5,addbuff,"[8,0,40]","[""self""]",0,onbattle,-1,=,10,-1,战斗开始时，增加40%控球能力，持续10分钟，花式运球小幅度触发[晃倒]。,0
104004160,控球强化,101005110,1,6,addbuff,"[8,0,50]","[""self""]",0,onbattle,-1,=,10,-1,战斗开始时，增加50%控球能力，持续10分钟，花式运球小幅度触发[晃倒]。,0
104004210,强化队友,102001210,2,1,addbuff,"[6,0,10]","[""5""]",0,onbattle,-1,=,10,-1,战斗开始时，增加中锋10%得分能力，持续10分钟,0
104004220,强化队友,102001210,2,2,addbuff,"[6,0,15]","[""5""]",0,onbattle,-1,=,10,-1,战斗开始时，增加中锋15%得分能力，持续10分钟，小概率提升中锋卡位能力。,0
104004230,强化队友,102001210,2,3,addbuff,"[6,0,20]","[""5""]",0,onbattle,-1,=,10,-1,战斗开始时，增加中锋20%得分能力，持续10分钟，中概率提升中锋卡位能力。,0
104004240,强化队友,102001210,2,4,addbuff,"[6,0,30]","[""5""]",0,onbattle,-1,=,10,-1,战斗开始时，增加中锋30%得分能力，持续10分钟，较大概率提升中锋卡位能力。,0
104004250,强化队友,102001210,2,5,addbuff,"[6,0,40]","[""5""]",0,onbattle,-1,=,10,-1,战斗开始时，增加中锋40%得分能力，持续10分钟，较大概率提升中锋卡位能力，并在本次进攻[制霸]篮下。,0
104004260,强化队友,102001210,2,6,addbuff,"[6,0,50]","[""5""]",0,onbattle,-1,=,10,-1,战斗开始时，增加中锋50%得分能力，持续10分钟，较大概率提升中锋卡位能力，并在本次进攻[制霸]篮下。,0
104004310,强化队友,102001210,3,1,addbuff,"[5,0,10]","[""3""]",0,onbattle,-1,=,12,-1,战斗开始时，增加小前锋10%篮板能力，持续1节。,1
104004320,强化队友,102001210,3,2,addbuff,"[5,0,15]","[""3""]",0,onbattle,-1,=,12,-1,战斗开始时，增加小前锋15%篮板能力，小概率提升小前锋的[底线穿插]能力，持续1节。,1
104004330,强化队友,102001210,3,3,addbuff,"[5,0,20]","[""3""]",0,onbattle,-1,=,12,-1,战斗开始时，增加小前锋20%篮板能力，中概率提升小前锋的[底线穿插]能力，持续1节。,1
104004340,强化队友,102001210,3,4,addbuff,"[5,0,30]","[""3""]",0,onbattle,-1,=,12,-1,战斗开始时，增加小前锋30%篮板能力，中概率提升小前锋的[底线穿插]能力，跑出空位后投篮命中率小幅提升，持续1节。,1
104004350,强化队友,102001210,3,5,addbuff,"[5,0,40]","[""3""]",0,onbattle,-1,=,12,-1,战斗开始时，增加小前锋40%篮板能力，中概率提升小前锋的[底线穿插]能力，跑出空位后投篮命中率大幅提升，持续1节。,1
104004360,强化队友,102001210,3,6,addbuff,"[5,0,50]","[""3""]",0,onbattle,-1,=,12,-1,战斗开始时，增加小前锋50%篮板能力，中概率提升小前锋的[底线穿插]能力，跑出空位后投篮命中率大幅提升，持续1节。,1
104004410,空中加油机,104004410,4,1,addbuff,"[6,0,5]","[""1""]",0,onroundfreq,10,=,3,-1,每10分钟，给控卫提供5%得分buff，持续3分钟。,0
104004420,空中加油机,104004410,4,2,addbuff,"[6,0,8]","[""1"",""2""]",0,onroundfreq,10,=,3,-1,每10分钟，给控卫、分卫提供8%得分buff，持续3分钟。且每次发动空中加油机时，持球队员投篮本次进攻命中率小幅提升,0
104004430,空中加油机,104004410,4,3,addbuff,"[6,0,10]","[""1"",""2"",""3""]",0,onroundfreq,10,=,3,-1,每10分钟，给控卫、分卫和小前锋提供10%得分buff，持续3分钟。且每次发动空中加油机时，持球队员本次投篮命中率大幅提升,0
104004440,空中加油机,104004410,4,4,addbuff,"[6,0,10]","[""1"",""2"",""3"",""4""]",0,onroundfreq,10,=,3,-1,每10分钟，给控卫、分卫、小前锋和大前锋提供10%得分buff，持续3分钟。且每次发动空中加油机时，持球队员本次投篮必定命中,0
104004450,空中加油机,104004410,4,5,addbuff,"[6,0,10]","[""1"",""2"",""3"",""4"",""5""]",0,onroundfreq,10,=,3,-1,每10分钟，给全队提供10%得分buff，持续3分钟。且每次发动空中加油机时，持球队员本地投篮必定命中且无法防御。,0
104004460,空中加油机,104004410,4,6,addbuff,"[6,0,12]","[""1"",""2"",""3"",""4"",""5""]",0,onroundfreq,8,=,3,-1,每8分钟，给全队提供12%得分buff，持续3分钟。且每次发动空中加油机时，持球队员本地投篮必定命中且无法防御。,0
104005110,得分强化,101006110,1,1,addbuff,"[6,0,10]","[""self""]",0,onbattle,-1,=,10,-1,战斗开始时，增加10%得分能力，持续10分钟,0
104005120,得分强化,101006110,1,2,addbuff,"[6,0,15]","[""self""]",0,onbattle,-1,=,10,-1,战斗开始时，增加15%得分能力，持续10分钟，并小幅增加封盖难度。,0
104005130,得分强化,101006110,1,3,addbuff,"[6,0,20]","[""self""]",0,onbattle,-1,=,10,-1,战斗开始时，增加20%得分能力，持续10分钟，并中幅度增加封盖难度。,0
104005140,得分强化,101006110,1,4,addbuff,"[6,0,30]","[""self""]",0,onbattle,-1,=,10,-1,战斗开始时，增加30%得分能力，持续10分钟，并大幅度增加封盖难度。,0
104005150,得分强化,101006110,1,5,addbuff,"[6,0,40]","[""self""]",0,onbattle,-1,=,10,-1,战斗开始时，增加40%得分能力，持续10分钟，并大幅度增加封盖难度，小概率造成犯规。,0
104005160,得分强化,101006110,1,6,addbuff,"[6,0,50]","[""self""]",0,onbattle,-1,=,10,-1,战斗开始时，增加50%得分能力，持续10分钟，并大幅度增加封盖难度，小概率造成犯规。,0
104005210,强化队友,102001210,2,1,addbuff,"[6,0,10]","[""3""]",0,onbattle,-1,=,10,-1,战斗开始时，增加小前锋10%得分能力，持续10分钟,0
104005220,强化队友,102001210,2,2,addbuff,"[6,0,15]","[""3""]",0,onbattle,-1,=,10,-1,战斗开始时，增加小前锋15%得分能力，持续10分钟，并小概率增加小前锋的突破成功率。,0
104005230,强化队友,102001210,2,3,addbuff,"[6,0,20]","[""3""]",0,onbattle,-1,=,10,-1,战斗开始时，增加小前锋20%得分能力，持续10分钟，并中概率增加小前锋的突破成功率。,0
104005240,强化队友,102001210,2,4,addbuff,"[6,0,30]","[""3""]",0,onbattle,-1,=,10,-1,战斗开始时，增加小前锋30%得分能力，持续10分钟，并大概率增加小前锋的突破成功率。,0
104005250,强化队友,102001210,2,5,addbuff,"[6,0,40]","[""3""]",0,onbattle,-1,=,10,-1,战斗开始时，增加小前锋40%得分能力，持续10分钟，并大概率增加小前锋的突破成功率，且突破后必定命中。,0
104005260,强化队友,102001210,2,6,addbuff,"[6,0,40]","[""3""]",0,onbattle,-1,=,10,-1,战斗开始时，增加小前锋40%得分能力，持续10分钟，并大概率增加小前锋的突破成功率，且突破后必定命中。,0
104005310,强化队友,102001210,3,1,addbuff,"[5,0,10]","[""2""]",0,onbattle,-1,=,12,-1,战斗开始时，增加得分后卫10%篮板能力，持续1节。,1
104005320,强化队友,102001210,3,2,addbuff,"[5,0,15]","[""2""]",0,onbattle,-1,=,12,-1,战斗开始时，增加得分后卫15%篮板能力，持续1节。获得篮板后必定发动[长传快攻]。,1
104005330,强化队友,102001210,3,3,addbuff,"[5,0,20]","[""2""]",0,onbattle,-1,=,12,-1,战斗开始时，增加得分后卫20%篮板能力，持续1节。获得篮板后必定发动[长传快攻]，且进攻球员命中率小幅提升。,1
104005340,强化队友,102001210,3,4,addbuff,"[5,0,30]","[""2""]",0,onbattle,-1,=,12,-1,战斗开始时，增加得分后卫30%篮板能力，持续1节。获得篮板后必定发动[长传快攻]，且进攻球员命中率中幅提升。,1
104005350,强化队友,102001210,3,5,addbuff,"[5,0,40]","[""2""]",0,onbattle,-1,=,12,-1,战斗开始时，增加得分后卫40%篮板能力，持续1节。获得篮板后必定发动[长传快攻]，且进攻球员命中率大幅提升。,1
104005360,强化队友,102001210,3,6,addbuff,"[5,0,50]","[""2""]",0,onbattle,-1,=,12,-1,战斗开始时，增加得分后卫50%篮板能力，持续1节。获得篮板后必定发动[长传快攻]，且进攻球员命中率大幅提升。,1
104005410,共命,104005410,4,1,forceoff,[20],"[""pointer""]",1,onoff,0,=,-1,-1,被换下场时，20%概率强制把对方得分最高的球员换下场。,0
104005420,共命,104005410,4,2,forceoff,[40],"[""pointer""]",1,onoff,0,=,-1,-1,被换下场时，40%概率强制把对方得分最高的球员换下场。被换下场球员小概率不回复体力。,0
104005430,共命,104005410,4,3,forceoff,[60],"[""pointer""]",1,onoff,0,=,-1,-1,被换下场时，60%概率强制把对方得分最高的球员换下场。被换下场球员小概率不回复体力，且小概率状态低迷。,0
104005440,共命,104005410,4,4,forceoff,[80],"[""pointer""]",1,onoff,0,=,-1,-1,被换下场时，80%概率强制把对方得分最高的球员换下场。被换下场球员较小概率不回复体力，且小概率状态下降。,0
104005450,共命,104005410,4,5,forceoff,[100],"[""pointer""]",1,onoff,0,=,-1,-1,被换下场时，100%概率强制把对方得分最高的球员换下场。被换下场球员较小概率不回复体力，且较小概率状态下降。,0
104005460,共命,104005410,4,6,forceoff,[100],"[""pointer""]",1,onoff,0,=,-1,-1,被换下场时，100%概率强制把对方得分最高的球员换下场。被换下场球员有概率不回复体力，且有概率状态下降。,0
104006110,篮板强化,101004110,1,1,addbuff,"[5,0,10]","[""self""]",0,onbattle,-1,=,10,-1,战斗开始时，增加10%篮板能力，持续10分钟,0
104006120,篮板强化,101004110,1,2,addbuff,"[5,0,15]","[""self""]",0,onbattle,-1,=,10,-1,战斗开始时，增加15%篮板能力，持续10分钟。,0
104006130,篮板强化,101004110,1,3,addbuff,"[5,0,20]","[""self""]",0,onbattle,-1,=,10,-1,战斗开始时，增加20%篮板能力，持续10分钟,0
104006140,篮板强化,101004110,1,4,addbuff,"[5,0,30]","[""self""]",0,onbattle,-1,=,10,-1,战斗开始时，增加30%篮板能力，持续10分钟,0
104006150,篮板强化,101004110,1,5,addbuff,"[5,0,40]","[""self""]",0,onbattle,-1,=,10,-1,战斗开始时，增加40%篮板能力，持续10分钟,0
104006160,篮板强化,101004110,1,6,addbuff,"[5,0,50]","[""self""]",0,onbattle,-1,=,10,-1,战斗开始时，增加50%篮板能力，持续10分钟,0
104006210,强化队友,102001210,2,1,addbuff,"[6,0,10]","[""4""]",0,onbattle,-1,=,10,-1,战斗开始时，增加大前锋10%得分能力，持续10分钟,0
104006220,强化队友,102001210,2,2,addbuff,"[6,0,15]","[""4""]",0,onbattle,-1,=,10,-1,战斗开始时，增加大前锋15%得分能力，持续10分钟，且小幅度增强大前锋的[终结]能力。,0
104006230,强化队友,102001210,2,3,addbuff,"[6,0,20]","[""4""]",0,onbattle,-1,=,10,-1,战斗开始时，增加大前锋20%得分能力，持续10分钟，且中幅度增强大前锋的[终结]能力。,0
104006240,强化队友,102001210,2,4,addbuff,"[6,0,30]","[""4""]",0,onbattle,-1,=,10,-1,战斗开始时，增加大前锋30%得分能力，持续10分钟，且较大幅度增强大前锋的[终结]能力。,0
104006250,强化队友,102001210,2,5,addbuff,"[6,0,40]","[""4""]",0,onbattle,-1,=,10,-1,战斗开始时，增加大前锋40%得分能力，持续10分钟，且较大幅度增强大前锋的[终结]能力。,0
104006260,强化队友,102001210,2,6,addbuff,"[6,0,55]","[""4""]",0,onbattle,-1,=,10,-1,战斗开始时，增加大前锋55%得分能力，持续10分钟，且较大幅度增强大前锋的[终结]能力。,0
104006310,强化队友,102001210,3,1,addbuff,"[5,0,10]","[""5""]",0,onbattle,-1,=,12,-1,战斗开始时，增加中锋10%篮板能力，持续1节。,1
104006320,强化队友,102001210,3,2,addbuff,"[5,0,15]","[""5""]",0,onbattle,-1,=,12,-1,战斗开始时，增加中锋15%篮板能力，同时小幅度增加[篮板卡位]能力，持续1节。,1
104006330,强化队友,102001210,3,3,addbuff,"[5,0,20]","[""5""]",0,onbattle,-1,=,12,-1,战斗开始时，增加中锋20%篮板能力，同时小幅度增加[篮板卡位]和[落点判断]能力，持续1节。,1
104006340,强化队友,102001210,3,4,addbuff,"[5,0,30]","[""5""]",0,onbattle,-1,=,12,-1,战斗开始时，增加中锋30%篮板能力，同时中幅度增加[篮板卡位]和[落点判断]能力，持续1节。,1
104006350,强化队友,102001210,3,5,addbuff,"[5,0,40]","[""5""]",0,onbattle,-1,=,12,-1,战斗开始时，增加中锋40%篮板能力，同时较大幅度增加[篮板卡位]和[落点判断]能力，持续1节。,1
104006360,强化队友,102001210,3,6,addbuff,"[5,0,50]","[""5""]",0,onbattle,-1,=,12,-1,战斗开始时，增加中锋50%篮板能力，同时较大幅度增加[篮板卡位]和[落点判断]能力，持续1节。,1
104006410,削弱得分,104006410,4,1,addbuff,"[6,0,-5]","[""ran""]",1,onroundfreq,10,=,3,-1,每10分钟，降低对方随机球员5%得分能力，持续3分钟。,0
104006420,削弱得分,104006410,4,2,addbuff,"[6,0,-8]","[""ran""]",1,onroundfreq,10,=,3,-1,每10分钟，降低对方随机球员8%得分能力，持续3分钟。小概率削弱对方[手感]。,0
104006430,削弱得分,104006410,4,3,addbuff,"[6,0,-10]","[""ran""]",1,onroundfreq,10,=,3,-1,每10分钟，降低对方随机球员10%得分能力，持续3分钟。小概率削弱对方[手感]。,0
104006440,削弱得分,104006410,4,4,addbuff,"[6,0,-15]","[""ran""]",1,onroundfreq,10,=,3,-1,每10分钟，降低对方随机球员15%得分能力，持续3分钟。中概率削弱对方[手感]。,0
104006450,削弱得分,104006410,4,5,addbuff,"[6,0,-20]","[""ran""]",1,onroundfreq,10,=,3,-1,每10分钟，降低对方随机球员20%得分能力，持续3分钟。大概率削弱对方[手感]。,0
104006460,削弱得分,104006410,4,6,addbuff,"[6,0,-30]","[""ran""]",1,onroundfreq,10,=,3,-1,每10分钟，降低对方随机球员30%得分能力，持续3分钟。大概率削弱对方[手感]。,0
104007110,削弱得分,104006410,1,1,addbuff,"[5,0,10]","[""self""]",0,onbattle,-1,=,10,-1,战斗开始时，增加10%篮板能力，持续10分钟,0
104007120,篮板强化,101004110,1,2,addbuff,"[5,0,15]","[""self""]",0,onbattle,-1,=,10,-1,战斗开始时，增加15%篮板能力，持续10分钟，每抢到1个篮板，提高10%球队韧性。,0
104007130,篮板强化,101004110,1,3,addbuff,"[5,0,20]","[""self""]",0,onbattle,-1,=,10,-1,战斗开始时，增加20%篮板能力，持续10分钟，每抢到1个篮板，提高10%球队韧性。,0
104007140,篮板强化,101004110,1,4,addbuff,"[5,0,30]","[""self""]",0,onbattle,-1,=,10,-1,战斗开始时，增加30%篮板能力，持续10分钟，每抢到1个篮板，提高10%球队韧性。,0
104007150,篮板强化,101004110,1,5,addbuff,"[5,0,40]","[""self""]",0,onbattle,-1,=,10,-1,战斗开始时，增加40%篮板能力，持续10分钟，每抢到1个篮板，提高10%球队韧性。,0
104007160,篮板强化,101004110,1,6,addbuff,"[5,0,50]","[""self""]",0,onbattle,-1,=,10,-1,战斗开始时，增加50%篮板能力，持续10分钟，每抢到1个篮板，提高10%球队韧性。,0
104007210,强化队友,102001210,2,1,addbuff,"[8,0,10]","[""1""]",0,onbattle,-1,=,10,-1,战斗开始时，增加控球后卫10%控球能力，持续10分钟,0
104007220,强化队友,102001210,2,2,addbuff,"[8,0,15]","[""1""]",0,onbattle,-1,=,10,-1,战斗开始时，增加控球后卫15%控球能力，持续10分钟，后卫随机获得[花式运球]和[穿裆]其中之一。,0
104007230,强化队友,102001210,2,3,addbuff,"[8,0,20]","[""1""]",0,onbattle,-1,=,10,-1,战斗开始时，增加控球后卫20%控球能力，持续10分钟，后卫随机获得[花式运球]和[穿裆]其中之一。,0
104007240,强化队友,102001210,2,4,addbuff,"[8,0,30]","[""1""]",0,onbattle,-1,=,10,-1,战斗开始时，增加控球后卫30%控球能力，持续10分钟，后卫随机获得[花式运球]和[穿裆]其中之一。,0
104007250,强化队友,102001210,2,5,addbuff,"[8,0,40]","[""1""]",0,onbattle,-1,=,10,-1,战斗开始时，增加控球后卫40%控球能力，持续10分钟，后卫随机获得[花式运球]和[穿裆]其中之一。,0
104007260,强化队友,102001210,2,6,addbuff,"[8,0,50]","[""1""]",0,onbattle,-1,=,10,-1,战斗开始时，增加控球后卫50%控球能力，持续10分钟，后卫随机获得[花式运球]和[穿裆]其中之一。,0
104007310,强化队友,102001210,3,1,addbuff,"[5,0,10]","[""2""]",0,onbattle,-1,=,12,-1,战斗开始时，增加得分后卫10%篮板能力,1
104007320,强化队友,102001210,3,2,addbuff,"[5,0,15]","[""2""]",0,onbattle,-1,=,12,-1,战斗开始时，增加得分后卫15%篮板能力，并小幅度增加协防能力。,1
104007330,强化队友,102001210,3,3,addbuff,"[5,0,20]","[""2""]",0,onbattle,-1,=,12,-1,战斗开始时，增加得分后卫20%篮板能力，并小幅度增加协防能力。,1
104007340,强化队友,102001210,3,4,addbuff,"[5,0,30]","[""2""]",0,onbattle,-1,=,12,-1,战斗开始时，增加得分后卫30%篮板能力，并小幅度增加协防能力。,1
104007350,强化队友,102001210,3,5,addbuff,"[5,0,40]","[""2""]",0,onbattle,-1,=,12,-1,战斗开始时，增加得分后卫40%篮板能力，并小幅度增加协防能力。,1
104007360,强化队友,102001210,3,6,addbuff,"[5,0,50]","[""2""]",0,onbattle,-1,=,12,-1,战斗开始时，增加得分后卫50%篮板能力，并小幅度增加协防能力。,1
104007410,连携强化,104007410,4,1,addbuff,"[6,0,15]","[""self""]",0,onbattlewith,104008,=,12,1,与王哲林一起上场时，自己得分能力提高15%，持续1节,0
104007420,连携强化,104007410,4,2,addbuff,"[6,0,20]","[""self""]",0,onbattlewith,104008,=,12,1,与王哲林一起上场时，自己得分能力提高20%，持续1节，小概率获得[双塔]加成。,0
104007430,连携强化,104007410,4,3,addbuff,"[6,0,30]","[""self""]",0,onbattlewith,104008,=,12,1,与王哲林一起上场时，自己得分能力提高30%，且王哲林在场时自己体力流失下降30%，持续1节，较小概率获得[双塔]加成。,0
104007431,,101001110,4,3,addbuff,"[101,0,-30]","[""self""]",0,onbattlewith,104008,=,12,-1,,0
104007440,连携强化,104007410,4,4,addbuff,"[6,0,40]","[""self""]",0,onbattlewith,104008,=,12,1,与王哲林一起上场时，自己得分能力提高40%，且王哲林在场时自己体力流失下降50%，持续1节，中概率获得[双塔]加成。,0
104007441,,101001110,4,4,addbuff,"[101,0,-50]","[""self""]",0,onbattlewith,104008,=,12,-1,,0
104007450,连携强化,104007410,4,5,addbuff,"[6,0,50]","[""self""]",0,onbattlewith,104008,=,12,1,与王哲林一起上场时，自己得分能力提高50%，且王哲林在场时自己体力不下降，持续1节，大概率获得[双塔]加成。,0
104007451,,101001110,4,5,addbuff,"[101,0,-100]","[""self""]",0,onbattlewith,104008,=,12,-1,,0
104007460,连携强化,104007410,4,6,addbuff,"[6,0,65]","[""self""]",0,onbattlewith,104008,=,12,1,与王哲林一起上场时，自己得分能力提高65%，且王哲林在场时自己体力不下降，持续1节，大概率获得[双塔]加成。,0
104007461,,101001110,4,6,addbuff,"[101,0,-100]","[""self""]",0,onbattlewith,104008,=,12,-1,,0
104008110,传球强化,101001110,1,1,addbuff,"[2,0,10]","[""self""]",0,onbattle,-1,=,10,-1,战斗开始时，增加10%传球能力，持续10分钟,0
104008120,传球强化,101001110,1,2,addbuff,"[2,0,15]","[""self""]",0,onbattle,-1,=,10,-1,战斗开始时，增加15%传球能力，持续10分钟，并小幅度提升传球视野。,0
104008130,传球强化,101001110,1,3,addbuff,"[2,0,20]","[""self""]",0,onbattle,-1,=,10,-1,战斗开始时，增加20%传球能力，持续10分钟，并小幅度提升传球视野。,0
104008140,传球强化,101001110,1,4,addbuff,"[2,0,30]","[""self""]",0,onbattle,-1,=,10,-1,战斗开始时，增加30%传球能力，持续10分钟，并中幅度提升传球视野。,0
104008150,传球强化,101001110,1,5,addbuff,"[2,0,40]","[""self""]",0,onbattle,-1,=,10,-1,战斗开始时，增加40%传球能力，持续10分钟，并大幅度提升传球视野。,0
104008160,传球强化,101001110,1,6,addbuff,"[2,0,50]","[""self""]",0,onbattle,-1,=,10,-1,战斗开始时，增加50%传球能力，持续10分钟，并大幅度提升传球视野。,0
104008210,强化队友,102001210,2,1,addbuff,"[5,0,10]","[""3""]",0,onbattle,-1,=,10,-1,战斗开始时，增加小前锋10%篮板能力，持续10分钟,0
104008220,强化队友,102001210,2,2,addbuff,"[5,0,15]","[""3""]",0,onbattle,-1,=,10,-1,战斗开始时，增加小前锋15%篮板能力，持续10分钟，并小幅度提升小前锋的[落点判断]能力。,0
104008230,强化队友,102001210,2,3,addbuff,"[5,0,20]","[""3""]",0,onbattle,-1,=,10,-1,战斗开始时，增加小前锋20%篮板能力，持续10分钟，并小幅度提升小前锋的[落点判断]能力。,0
104008240,强化队友,102001210,2,4,addbuff,"[5,0,30]","[""3""]",0,onbattle,-1,=,10,-1,战斗开始时，增加小前锋30%篮板能力，持续10分钟，并中幅度提升小前锋的[落点判断]能力。,0
104008250,强化队友,102001210,2,5,addbuff,"[5,0,40]","[""3""]",0,onbattle,-1,=,10,-1,战斗开始时，增加小前锋40%篮板能力，持续10分钟，并大幅度提升小前锋的[落点判断]能力。,0
104008260,强化队友,102001210,2,6,addbuff,"[5,0,50]","[""3""]",0,onbattle,-1,=,10,-1,战斗开始时，增加小前锋50%篮板能力，持续10分钟，并大幅度提升小前锋的[落点判断]能力。,0
104008310,强化队友,102001210,3,1,addbuff,"[8,0,10]","[""3""]",0,onsection,4,=,12,-1,第4节增加小前锋10%控球能力，持续1节。,1
104008320,强化队友,102001210,3,2,addbuff,"[8,0,15]","[""3""]",0,onsection,4,=,12,-1,第4节增加小前锋15%控球能力，持续1节。并提升小前锋的突破速度。,1
104008330,强化队友,102001210,3,3,addbuff,"[8,0,20]","[""3""]",0,onsection,4,=,12,-1,第4节增加小前锋20%控球能力，持续1节。并提升小前锋的突破速度。,1
104008340,强化队友,102001210,3,4,addbuff,"[8,0,30]","[""3""]",0,onsection,4,=,12,-1,第4节增加小前锋30%控球能力，持续1节。并提升小前锋的突破速度。,1
104008350,强化队友,102001210,3,5,addbuff,"[8,0,40]","[""3""]",0,onsection,4,=,12,-1,第4节增加小前锋40%控球能力，持续1节。并提升小前锋的突破速度。,1
104008360,强化队友,102001210,3,6,addbuff,"[8,0,50]","[""3""]",0,onsection,4,=,12,-1,第4节增加小前锋50%控球能力，持续1节。并提升小前锋的突破速度。,1
104008410,连携强化,104007410,4,1,addbuff,"[6,0,20]","[""self""]",0,onbattlewith,104007,=,12,1,与胡金秋一起上场时，自己得分能力提高20%，持续1节,0
104008420,连携强化,104007410,4,2,addbuff,"[6,0,25]","[""self""]",0,onbattlewith,104007,=,12,1,与胡金秋一起上场时，自己得分能力提高25%，持续1节，小概率获得[梦幻脚步]加成。,0
104008430,连携强化,104007410,4,3,addbuff,"[6,0,30]","[""self""]",0,onbattlewith,104007,=,12,1,与胡金秋一起上场时，自己得分能力提高30%，持续1节，小概率获得[梦幻脚步]加成。,0
104008440,连携强化,104007410,4,4,addbuff,"[6,0,40]","[""self""]",0,onbattlewith,104007,=,12,1,与胡金秋一起上场时，自己得分能力提高40%，持续1节，中概率获得[梦幻脚步]加成。,0
104008450,连携强化,104007410,4,5,addbuff,"[6,0,50]","[""self""]",0,onbattlewith,104007,=,12,1,与胡金秋一起上场时，自己得分能力提高50%，持续1节，大概率获得[梦幻脚步]加成。,0
104008460,连携强化,104007410,4,6,addbuff,"[6,0,60]","[""self""]",0,onbattlewith,104007,=,12,1,与胡金秋一起上场时，自己得分能力提高60%，持续1节，大概率获得[梦幻脚步]加成。,0
104009110,篮板强化,101004110,1,1,addbuff,"[5,0,10]","[""self""]",0,onbattle,-1,=,10,-1,战斗开始时，增加10%篮板能力，持续10分钟,0
104009120,篮板强化,101004110,1,2,addbuff,"[5,0,15]","[""self""]",0,onbattle,-1,=,10,-1,战斗开始时，增加15%篮板能力，持续10分钟，且小幅度提升[冲抢]篮板的成功率。,0
104009130,篮板强化,101004110,1,3,addbuff,"[5,0,20]","[""self""]",0,onbattle,-1,=,10,-1,战斗开始时，增加20%篮板能力，持续10分钟，且小幅度提升[冲抢]篮板的成功率。,0
104009140,篮板强化,101004110,1,4,addbuff,"[5,0,30]","[""self""]",0,onbattle,-1,=,10,-1,战斗开始时，增加30%篮板能力，持续10分钟，且中幅度提升[冲抢]篮板的成功率。,0
104009150,篮板强化,101004110,1,5,addbuff,"[5,0,40]","[""self""]",0,onbattle,-1,=,10,-1,战斗开始时，增加40%篮板能力，持续10分钟，且大幅度提升[冲抢]篮板的成功率。,0
104009160,篮板强化,101004110,1,6,addbuff,"[5,0,50]","[""self""]",0,onbattle,-1,=,10,-1,战斗开始时，增加50%篮板能力，持续10分钟，且大幅度提升[冲抢]篮板的成功率。,0
104009210,强化队友,102001210,2,1,addbuff,"[6,0,10]","[""2""]",0,onbattle,-1,=,10,-1,战斗开始时，增加得分后卫10%得分能力，持续10分钟,0
104009220,强化队友,102001210,2,2,addbuff,"[6,0,15]","[""2""]",0,onbattle,-1,=,10,-1,战斗开始时，增加得分后卫15%得分能力，持续10分钟，并小概率提升拉杆上篮成功率。,0
104009230,强化队友,102001210,2,3,addbuff,"[6,0,20]","[""2""]",0,onbattle,-1,=,10,-1,战斗开始时，增加得分后卫20%得分能力，持续10分钟，并小概率提升拉杆上篮成功率。,0
104009240,强化队友,102001210,2,4,addbuff,"[6,0,30]","[""2""]",0,onbattle,-1,=,10,-1,战斗开始时，增加得分后卫30%得分能力，持续10分钟，并中概率提升拉杆上篮成功率。,0
104009250,强化队友,102001210,2,5,addbuff,"[6,0,40]","[""2""]",0,onbattle,-1,=,10,-1,战斗开始时，增加得分后卫40%得分能力，持续10分钟，并较大概率提升拉杆上篮成功率。,0
104009260,强化队友,102001210,2,6,addbuff,"[6,0,50]","[""2""]",0,onbattle,-1,=,10,-1,战斗开始时，增加得分后卫50%得分能力，持续10分钟，并较大概率提升拉杆上篮成功率。,0
104009310,强化队友,102001210,3,1,addbuff,"[5,0,10]","[""3""]",0,onsection,3,=,12,-1,第3节增加小前锋10%篮板能力,1
104009320,强化队友,102001210,3,2,addbuff,"[5,0,15]","[""3""]",0,onsection,3,=,12,-1,第3节增加小前锋15%篮板能力，如果是进攻篮板，则一定幅度提升补篮概率。,1
104009330,强化队友,102001210,3,3,addbuff,"[5,0,20]","[""3""]",0,onsection,3,=,12,-1,第3节增加小前锋20%篮板能力，如果是进攻篮板，则大幅度提升补篮概率。,1
104009340,强化队友,102001210,3,4,addbuff,"[5,0,30]","[""3""]",0,onsection,3,=,12,-1,第3节增加小前锋30%篮板能力，如果是进攻篮板，则大幅度提升补篮概率。,1
104009350,强化队友,102001210,3,5,addbuff,"[5,0,40]","[""3""]",0,onsection,3,=,12,-1,第3节增加小前锋40%篮板能力，如果是进攻篮板，则大幅度提升补篮概率。,1
104009360,强化队友,102001210,3,6,addbuff,"[5,0,50]","[""3""]",0,onsection,3,=,12,-1,第3节增加小前锋50%篮板能力，如果是进攻篮板，则大幅度提升补篮概率。,1
104009410,体力回复,104009410,4,1,addprop,"[101,0,20]","[""self""]",0,onpoint,30,=,-1,1,得分超过30，回复20%体力,0
104009420,体力回复,104009410,4,2,addprop,"[101,0,20]","[""self""]",0,onpoint,30,=,-1,1,得分超过30，回复20%体力，每回复1点体力，增强1点[必胜]信念，每40点必胜信念，获得1次[必中]的投篮机会。,0
104009430,体力回复,104009410,4,3,addprop,"[101,0,20]","[""self""]",0,onpoint,25,=,-1,1,得分超过25，回复20%体力，每回复1点体力，增强1点[必胜]信念，每30点必胜信念，获得1次[必中]的投篮机会。,0
104009440,体力回复,104009410,4,4,addprop,"[101,0,20]","[""self""]",0,onpoint,25,=,-1,1,得分超过25，回复20%体力，每回复1点体力，增强1点[必胜]信念，每25点必胜信念，获得1次[必中]的投篮机会。,0
104009450,体力回复,104009410,4,5,addprop,"[101,0,20]","[""self""]",0,onpoint,20,=,-1,1,得分超过20，回复20%体力，每回复1点体力，增强1点[必胜]信念，每20点必胜信念，获得1次[必中]的投篮机会。,0
104009460,体力回复,104009410,4,6,addprop,"[101,0,15]","[""self""]",0,onpoint,15,=,-1,1,得分超过15，回复20%体力，每回复1点体力，增强1点[必胜]信念，每20点必胜信念，获得1次[必中]的投篮机会。,0
104010110,得分强化,101006110,1,1,addbuff,"[6,0,10]","[""self""]",0,onbattle,-1,=,10,-1,战斗开始时，增加10%得分能力，持续10分钟,0
104010120,得分强化,101006110,1,2,addbuff,"[6,0,15]","[""self""]",0,onbattle,-1,=,10,-1,战斗开始时，增加15%得分能力，持续10分钟，本场首次出手必定命中。,0
104010130,得分强化,101006110,1,3,addbuff,"[6,0,20]","[""self""]",0,onbattle,-1,=,10,-1,战斗开始时，增加20%得分能力，持续10分钟，本场首次出手必定命中，本节得分低于5则跑位积极性大幅度提高。,0
104010140,得分强化,101006110,1,4,addbuff,"[6,0,30]","[""self""]",0,onbattle,-1,=,10,-1,战斗开始时，增加30%得分能力，持续10分钟，本场首次出手必定命中，本节得分低于8则跑位积极性大幅度提高。,0
104010150,得分强化,101006110,1,5,addbuff,"[6,0,40]","[""self""]",0,onbattle,-1,=,10,-1,战斗开始时，增加40%得分能力，持续10分钟，本场首次出手必定命中，本节得分低于10则跑位积极性大幅度提高。,0
104010160,得分强化,101006110,1,6,addbuff,"[6,0,50]","[""self""]",0,onbattle,-1,=,10,-1,战斗开始时，增加50%得分能力，持续10分钟，本场首次出手必定命中，本节得分低于10则跑位积极性大幅度提高。,0
104010210,强化队友,102001210,2,1,addbuff,"[5,0,10]","[""1""]",0,onbattle,-1,=,10,-1,战斗开始时，增加控球后卫10%篮板能力，持续10分钟。,0
104010220,强化队友,102001210,2,2,addbuff,"[5,0,15]","[""1""]",0,onbattle,-1,=,10,-1,战斗开始时，增加控球后卫15%篮板能力，持续10分钟。抢到篮板后无论传球给谁，命中小幅提高。,0
104010230,强化队友,102001210,2,3,addbuff,"[5,0,20]","[""1""]",0,onbattle,-1,=,10,-1,战斗开始时，增加控球后卫20%篮板能力，持续10分钟。抢到篮板后无论传球给谁，命中小幅提高。,0
104010240,强化队友,102001210,2,4,addbuff,"[5,0,30]","[""1""]",0,onbattle,-1,=,10,-1,战斗开始时，增加控球后卫30%篮板能力，持续10分钟。抢到篮板后无论传球给谁，命中较小幅提高。,0
104010250,强化队友,102001210,2,5,addbuff,"[5,0,40]","[""1""]",0,onbattle,-1,=,10,-1,战斗开始时，增加控球后卫40%篮板能力，持续10分钟。抢到篮板后无论传球给谁，命中中幅提高。,0
104010260,强化队友,102001210,2,6,addbuff,"[5,0,50]","[""1""]",0,onbattle,-1,=,10,-1,战斗开始时，增加控球后卫50%篮板能力，持续10分钟。抢到篮板后无论传球给谁，命中中幅提高。,0
104010310,强化队友,102001210,3,1,addbuff,"[5,0,10]","[""1""]",0,onsection,4,=,12,-1,第4节增加控球后卫10%篮板能力，持续1节。,1
104010320,强化队友,102001210,3,2,addbuff,"[5,0,15]","[""1""]",0,onsection,4,=,12,-1,第4节增加控球后卫15%篮板能力，持续1节。后卫抢到篮板后，整体进攻节奏小幅度提高。,1
104010330,强化队友,102001210,3,3,addbuff,"[5,0,20]","[""1""]",0,onsection,4,=,12,-1,第4节增加控球后卫20%篮板能力，持续1节。后卫抢到篮板后，整体进攻节奏小幅度提高。,1
104010340,强化队友,102001210,3,4,addbuff,"[5,0,30]","[""1""]",0,onsection,4,=,12,-1,第4节增加控球后卫30%篮板能力，持续1节。后卫抢到篮板后，整体进攻节奏较小幅度提高。,1
104010350,强化队友,102001210,3,5,addbuff,"[5,0,40]","[""1""]",0,onsection,4,=,12,-1,第4节增加控球后卫40%篮板能力，持续1节。后卫抢到篮板后，整体进攻节奏中幅度提高。,1
104010360,强化队友,102001210,3,6,addbuff,"[5,0,50]","[""1""]",0,onsection,4,=,12,-1,第4节增加控球后卫50%篮板能力，持续1节。后卫抢到篮板后，整体进攻节奏中幅度提高。,1
104010410,削弱得分,104006410,4,1,addbuff,"[6,0,-10]","[""target""]",1,onpoint2,20,=,3,1,对方任意球员得分超过20，降低他10%得分能力，持续3分钟。,0
104010420,削弱得分,104006410,4,2,addbuff,"[6,0,-20]","[""target""]",1,onpoint2,20,=,3,1,对方任意球员得分超过20，降低他20%得分能力，持续3分钟。,0
104010430,削弱得分,104006410,4,3,addbuff,"[6,0,-30]","[""target""]",1,onpoint2,20,=,3,1,对方任意球员得分超过20，降低他30%得分能力，持续3分钟,0
104010440,削弱得分,104006410,4,4,addbuff,"[6,0,-50]","[""target""]",1,onpoint2,20,=,3,1,对方任意球员得分超过20，降低他50%得分能力，持续3分钟,0
104010450,削弱得分,104006410,4,5,addbuff,"[6,0,-100]","[""target""]",1,onpoint2,20,=,3,1,对方任意球员得分超过20，降低他100%得分能力，持续3分钟,0
104010460,削弱得分,104006410,4,6,addbuff,"[6,0,-100]","[""target""]",1,onpoint2,15,=,3,1,对方任意球员得分超过15，降低他100%得分能力，持续3分钟,0
104011110,篮板强化,101004110,1,1,addbuff,"[5,0,10]","[""self""]",0,onbattle,-1,=,10,-1,战斗开始时，增加10%篮板能力，持续10分钟。,0
104011120,篮板强化,101004110,1,2,addbuff,"[5,0,15]","[""self""]",0,onbattle,-1,=,10,-1,战斗开始时，增加15%篮板能力，持续10分钟。每抢到3个篮板，提升10点篮下对抗。,0
104011130,篮板强化,101004110,1,3,addbuff,"[5,0,20]","[""self""]",0,onbattle,-1,=,10,-1,战斗开始时，增加20%篮板能力，持续10分钟。每抢到3个篮板，提升15点篮下对抗。,0
104011140,篮板强化,101004110,1,4,addbuff,"[5,0,30]","[""self""]",0,onbattle,-1,=,10,-1,战斗开始时，增加30%篮板能力，持续10分钟。每抢到3个篮板，提升15点篮下对抗。,0
104011150,篮板强化,101004110,1,5,addbuff,"[5,0,40]","[""self""]",0,onbattle,-1,=,10,-1,战斗开始时，增加40%篮板能力，持续10分钟。每抢到3个篮板，提升15点篮下对抗。,0
104011160,篮板强化,101004110,1,6,addbuff,"[5,0,50]","[""self""]",0,onbattle,-1,=,10,-1,战斗开始时，增加50%篮板能力，持续10分钟。每抢到3个篮板，提升15点篮下对抗。,0
104011210,强化队友,102001210,2,1,addbuff,"[6,0,10]","[""2""]",0,onbattle,-1,=,10,-1,战斗开始时，增加得分后卫10%得分能力，持续10分钟,0
104011220,强化队友,102001210,2,2,addbuff,"[6,0,15]","[""2""]",0,onbattle,-1,=,10,-1,战斗开始时，增加得分后卫15%得分能力，持续10分钟，每连续投丢2个球，下1个球的命中率小幅度提升，最高提高60%。,0
104011230,强化队友,102001210,2,3,addbuff,"[6,0,20]","[""2""]",0,onbattle,-1,=,10,-1,战斗开始时，增加得分后卫20%得分能力，持续10分钟，每投丢1个球，下1个球的命中率小幅度提升，最高提高60%。,0
104011240,强化队友,102001210,2,4,addbuff,"[6,0,30]","[""2""]",0,onbattle,-1,=,10,-1,战斗开始时，增加得分后卫30%得分能力，持续10分钟，每投丢1个球，下1个球的命中率小幅度提升，最高提高60%。,0
104011250,强化队友,102001210,2,5,addbuff,"[6,0,40]","[""2""]",0,onbattle,-1,=,10,-1,战斗开始时，增加得分后卫40%得分能力，持续10分钟，每投丢1个球，下1个球的命中率小幅度提升，最高提高60%。,0
104011260,强化队友,102001210,2,6,addbuff,"[6,0,50]","[""2""]",0,onbattle,-1,=,10,-1,战斗开始时，增加得分后卫50%得分能力，持续10分钟，每投丢1个球，下1个球的命中率小幅度提升，最高提高60%。,0
104011310,强化队友,102001210,3,1,addbuff,"[8,0,10]","[""3""]",0,onsection,3,=,12,-1,第3节增加小前锋10%控球能力,1
104011320,强化队友,102001210,3,2,addbuff,"[8,0,15]","[""3""]",0,onsection,3,=,12,-1,第3节增加小前锋15%控球能力，面对中锋和大前锋时，小概率将对方[晃倒]。,1
104011330,强化队友,102001210,3,3,addbuff,"[8,0,20]","[""3""]",0,onsection,3,=,12,-1,第3节增加小前锋20%控球能力，面对中锋和大前锋时，小概率将对方[晃倒]。,1
104011340,强化队友,102001210,3,4,addbuff,"[8,0,30]","[""3""]",0,onsection,3,=,12,-1,第3节增加小前锋30%控球能力，面对中锋和大前锋时，小概率将对方[晃倒]。,1
104011350,强化队友,102001210,3,5,addbuff,"[8,0,40]","[""3""]",0,onsection,3,=,12,-1,第3节增加小前锋40%控球能力，面对中锋和大前锋时，小概率将对方[晃倒]。,1
104011360,强化队友,102001210,3,6,addbuff,"[8,0,50]","[""3""]",0,onsection,3,=,12,-1,第3节增加小前锋50%控球能力，面对中锋和大前锋时，小概率将对方[晃倒]。,1
104011410,接力棒,104001410,4,1,addbuff,"[3,0,15]","[""target""]",0,onoff,0,=,3,-1,被换下场时，给替换球员增加15%的防守属性，持续3分钟,0
104011420,接力棒,104001410,4,2,addbuff,"[3,0,20]","[""target""]",0,onoff,0,=,3,-1,被换下场时，给替换球员增加20%的防守属性，持续3分钟，并小概率提升协防技巧。,0
104011430,接力棒,104001410,4,3,addbuff,"[3,0,30]","[""target""]",0,onoff,0,=,3,-1,被换下场时，给替换球员增加30%的防守属性，持续3分钟，并小概率提升协防技巧。,0
104011440,接力棒,104001410,4,4,addbuff,"[3,0,40]","[""target""]",0,onoff,0,=,3,-1,被换下场时，给替换球员增加40%的防守属性，持续3分钟，并小概率提升协防技巧。,0
104011450,接力棒,104001410,4,5,addbuff,"[3,0,50]","[""target""]",0,onoff,0,=,3,-1,被换下场时，给替换球员增加50%的防守属性，持续3分钟，并较小概率提升协防技巧。,0
104011460,接力棒,104001410,4,6,addbuff,"[3,0,60]","[""target""]",0,onoff,0,=,3,-1,被换下场时，给替换球员增加60%的防守属性，持续3分钟，并较小概率提升协防技巧。,0
104012110,篮板强化,101004110,1,1,addbuff,"[5,0,10]","[""self""]",0,onbattle,-1,=,10,-1,战斗开始时，增加10%篮板能力，持续10分钟,0
104012120,篮板强化,101004110,1,2,addbuff,"[5,0,15]","[""self""]",0,onbattle,-1,=,10,-1,战斗开始时，增加15%篮板能力，持续10分钟，如果抢篮板失败，则一定幅度提升自己的移动速度。,0
104012130,篮板强化,101004110,1,3,addbuff,"[5,0,20]","[""self""]",0,onbattle,-1,=,10,-1,战斗开始时，增加20%篮板能力，持续10分钟，如果抢篮板失败，则一定幅度提升自己的移动速度。,0
104012140,篮板强化,101004110,1,4,addbuff,"[5,0,30]","[""self""]",0,onbattle,-1,=,10,-1,战斗开始时，增加30%篮板能力，持续10分钟，如果抢篮板失败，则一定幅度提升自己的移动速度。,0
104012150,篮板强化,101004110,1,5,addbuff,"[5,0,40]","[""self""]",0,onbattle,-1,=,10,-1,战斗开始时，增加40%篮板能力，持续10分钟，如果抢篮板失败，则一定幅度提升自己的移动速度。,0
104012160,篮板强化,101004110,1,6,addbuff,"[5,0,50]","[""self""]",0,onbattle,-1,=,10,-1,战斗开始时，增加50%篮板能力，持续10分钟，如果抢篮板失败，则一定幅度提升自己的移动速度。,0
104012210,强化队友,102001210,2,1,addbuff,"[6,0,10]","[""5""]",0,onbattle,-1,=,10,-1,战斗开始时，增加中锋10%得分能力，持续10分钟,0
104012220,强化队友,102001210,2,2,addbuff,"[6,0,15]","[""5""]",0,onbattle,-1,=,10,-1,战斗开始时，增加中锋15%得分能力，持续10分钟，一定概率与中锋挡拆，并提升自己的命中率。,0
104012230,强化队友,102001210,2,3,addbuff,"[6,0,20]","[""5""]",0,onbattle,-1,=,10,-1,战斗开始时，增加中锋20%得分能力，持续10分钟，一定概率与中锋挡拆，并提升自己的命中率。,0
104012240,强化队友,102001210,2,4,addbuff,"[6,0,30]","[""5""]",0,onbattle,-1,=,10,-1,战斗开始时，增加中锋30%得分能力，持续10分钟，一定概率与中锋挡拆，并提升自己的命中率。,0
104012250,强化队友,102001210,2,5,addbuff,"[6,0,40]","[""5""]",0,onbattle,-1,=,10,-1,战斗开始时，增加中锋40%得分能力，持续10分钟，一定概率与中锋挡拆，并提升自己的命中率。,0
104012260,强化队友,102001210,2,6,addbuff,"[6,0,50]","[""5""]",0,onbattle,-1,=,10,-1,战斗开始时，增加中锋50%得分能力，持续10分钟，一定概率与中锋挡拆，并提升自己的命中率。,0
104012310,强化队友,102001210,3,1,addbuff,"[2,0,10]","[""4""]",0,onsection,4,=,12,-1,第4节增加大前锋10%传球能力,1
104012320,强化队友,102001210,3,2,addbuff,"[2,0,15]","[""4""]",0,onsection,4,=,12,-1,第4节增加大前锋15%传球能力，一定概率与大前锋挡拆，提升自己的命中率。,1
104012330,强化队友,102001210,3,3,addbuff,"[2,0,20]","[""4""]",0,onsection,4,=,12,-1,第4节增加大前锋20%传球能力，一定概率与大前锋挡拆，提升自己的命中率。,1
104012340,强化队友,102001210,3,4,addbuff,"[2,0,30]","[""4""]",0,onsection,4,=,12,-1,第4节增加大前锋30%传球能力，一定概率与大前锋挡拆，提升自己的命中率。,1
104012350,强化队友,102001210,3,5,addbuff,"[2,0,40]","[""4""]",0,onsection,4,=,12,-1,第4节增加大前锋40%传球能力，一定概率与大前锋挡拆，提升自己的命中率。,1
104012360,强化队友,102001210,3,6,addbuff,"[2,0,50]","[""4""]",0,onsection,4,=,12,-1,第4节增加大前锋50%传球能力，一定概率与大前锋挡拆，提升自己的命中率。,1
104012410,带动全场,104012410,4,1,addbuff,"[6,0,10]","[""ran""]",0,onpoint,30,=,3,1,得分超过30，任意队友增加10%得分buff，持续3分钟,0
104012420,带动全场,104012410,4,2,addbuff,"[6,0,10]","[""ran""]",0,onpoint,30,=,3,1,得分超过30，任意队友增加10%得分buff，持续3分钟，小概率提升队友的命中率。,0
104012430,带动全场,104012410,4,3,addbuff,"[6,0,10]","[""ran""]",0,onpoint,25,=,3,1,得分超过25，任意队友增加10%得分buff，持续3分钟，小概率提升队友的命中率。,0
104012440,带动全场,104012410,4,4,addbuff,"[6,0,10]","[""ran""]",0,onpoint,22,=,3,1,得分超过22，任意队友增加10%得分buff，持续3分钟，小概率提升队友的命中率。,0
104012450,带动全场,104012410,4,5,addbuff,"[6,0,10]","[""ran""]",0,onpoint,20,=,3,1,得分超过20，任意队友增加10%得分buff，持续3分钟，小概率提升队友的命中率。,0
104012460,带动全场,104012410,4,6,addbuff,"[6,0,10]","[""ran""]",0,onpoint,20,=,5,1,得分超过20，任意队友增加10%得分buff，持续5分钟，小概率提升队友的命中率。,0
104013110,篮板强化,101004110,1,1,addbuff,"[5,0,10]","[""self""]",0,onbattle,-1,=,10,-1,战斗开始时，增加10%篮板能力，持续10分钟,0
104013120,篮板强化,101004110,1,2,addbuff,"[5,0,15]","[""self""]",0,onbattle,-1,=,10,-1,战斗开始时，增加15%篮板能力，持续10分钟，内线每多1个球员，篮板能力额外提升2%。,0
104013130,篮板强化,101004110,1,3,addbuff,"[5,0,20]","[""self""]",0,onbattle,-1,=,10,-1,战斗开始时，增加20%篮板能力，持续10分钟，内线每多1个球员，篮板能力额外提升2%。,0
104013140,篮板强化,101004110,1,4,addbuff,"[5,0,30]","[""self""]",0,onbattle,-1,=,10,-1,战斗开始时，增加30%篮板能力，持续10分钟，内线每多1个球员，篮板能力额外提升2%。,0
104013150,篮板强化,101004110,1,5,addbuff,"[5,0,40]","[""self""]",0,onbattle,-1,=,10,-1,战斗开始时，增加40%篮板能力，持续10分钟，内线每多1个球员，篮板能力额外提升2%。,0
104013160,篮板强化,101004110,1,6,addbuff,"[5,0,50]","[""self""]",0,onbattle,-1,=,10,-1,战斗开始时，增加50%篮板能力，持续10分钟，内线每多1个球员，篮板能力额外提升3%。,0
104013210,强化队友,102001210,2,1,addbuff,"[5,0,10]","[""1""]",0,onbattle,-1,=,10,-1,战斗开始时，增加控球后卫10%篮板能力，持续10分钟,0
104013220,强化队友,102001210,2,2,addbuff,"[5,0,15]","[""1""]",0,onbattle,-1,=,10,-1,战斗开始时，增加控球后卫15%篮板能力，持续10分钟,0
104013230,强化队友,102001210,2,3,addbuff,"[5,0,20]","[""1""]",0,onbattle,-1,=,10,-1,战斗开始时，增加控球后卫20%篮板能力，持续10分钟,0
104013240,强化队友,102001210,2,4,addbuff,"[5,0,30]","[""1""]",0,onbattle,-1,=,10,-1,战斗开始时，增加控球后卫30%篮板能力，持续10分钟,0
104013250,强化队友,102001210,2,5,addbuff,"[5,0,40]","[""1""]",0,onbattle,-1,=,10,-1,战斗开始时，增加控球后卫40%篮板能力，持续10分钟,0
104013260,强化队友,102001210,2,6,addbuff,"[5,0,50]","[""1""]",0,onbattle,-1,=,10,-1,战斗开始时，增加控球后卫50%篮板能力，持续10分钟,0
104013310,强化队友,102001210,3,1,addbuff,"[5,0,10]","[""1""]",0,onsection,4,=,12,-1,第4节增加控球后卫10%篮板能力，持续1节。,1
104013320,强化队友,102001210,3,2,addbuff,"[5,0,15]","[""1""]",0,onsection,4,=,12,-1,第4节增加控球后卫15%篮板能力，持续1节。后卫抢到篮板后，整体进攻节奏小幅度提高。,1
104013330,强化队友,102001210,3,3,addbuff,"[5,0,20]","[""1""]",0,onsection,4,=,12,-1,第4节增加控球后卫20%篮板能力，持续1节。后卫抢到篮板后，整体进攻节奏小幅度提高。,1
104013340,强化队友,102001210,3,4,addbuff,"[5,0,30]","[""1""]",0,onsection,4,=,12,-1,第4节增加控球后卫30%篮板能力，持续1节。后卫抢到篮板后，整体进攻节奏较小幅度提高。,1
104013350,强化队友,102001210,3,5,addbuff,"[5,0,40]","[""1""]",0,onsection,4,=,12,-1,第4节增加控球后卫40%篮板能力，持续1节。后卫抢到篮板后，整体进攻节奏中幅度提高。,1
104013360,强化队友,102001210,3,6,addbuff,"[5,0,50]","[""1""]",0,onsection,4,=,12,-1,第4节增加控球后卫50%篮板能力，持续1节。后卫抢到篮板后，整体进攻节奏中幅度提高。,1
104013410,投手噩梦,104013410,4,1,addbuff,"[101,0,100]","[""self""]",0,onpointbehind,15,=,99,1,比分落后超过15分，消耗双倍体力，对方最强得分手的得分能力下降20%,0
104013411,,101001110,4,1,addbuff,"[6,0,-20]","[""pointer""]",1,,15,=,99,1,,0
104013420,投手噩梦,104013410,4,2,addbuff,"[101,0,100]","[""self""]",0,onpointbehind,15,=,99,1,比分落后超过15分，消耗双倍体力，对方最强得分手的得分能力下降25%，在第3次不命中的时候获得[沮丧]，防守能力小幅度下降。,0
104013421,,101001110,4,2,addbuff,"[6,0,-25]","[""pointer""]",1,,15,=,99,1,,0
104013430,投手噩梦,104013410,4,3,addbuff,"[101,0,100]","[""self""]",0,onpointbehind,15,=,99,1,比分落后超过15分，消耗双倍体力，对方最强得分手的得分能力下降30%，在第3次不命中的时候获得[沮丧]，防守能力小幅度下降。,0
104013431,,101001110,4,3,addbuff,"[6,0,-30]","[""pointer""]",1,,15,=,99,1,,0
104013440,投手噩梦,104013410,4,4,addbuff,"[101,0,100]","[""self""]",0,onpointbehind,15,=,99,1,比分落后超过15分，消耗双倍体力，对方最强得分手的得分能力下降35%，在第3次不命中的时候获得[沮丧]，防守能力小幅度下降。,0
104013441,,101001110,4,4,addbuff,"[6,0,-35]","[""pointer""]",1,,15,=,99,1,,0
104013450,投手噩梦,104013410,4,5,addbuff,"[101,0,100]","[""self""]",0,onpointbehind,15,=,99,1,比分落后超过15分，消耗双倍体力，对方最强得分手的得分能力下降40%，在第3次不命中的时候获得[沮丧]，防守能力小幅度下降。,0
104013451,,101001110,4,5,addbuff,"[6,0,-40]","[""pointer""]",1,,15,=,99,1,,0
104013460,投手噩梦,104013410,4,6,addbuff,"[101,0,100]","[""self""]",0,onpointbehind,15,=,99,1,比分落后超过15分，消耗双倍体力，对方最强得分手的得分能力下降55%，在第3次不命中的时候获得[沮丧]，防守能力小幅度下降。,0
104013461,,101001110,4,6,addbuff,"[6,0,-55]","[""pointer""]",1,,15,=,99,1,,0
104014110,防守强化,101009110,1,1,addbuff,"[3,0,10]","[""self""]",0,onbattle,-1,=,10,-1,战斗开始时，增加10%防守能力，持续10分钟,0
104014120,防守强化,101009110,1,2,addbuff,"[3,0,15]","[""self""]",0,onbattle,-1,=,10,-1,战斗开始时，增加15%防守能力，持续10分钟。每成功抢断1次，小幅度提升自己的投篮命中率。,0
104014130,防守强化,101009110,1,3,addbuff,"[3,0,20]","[""self""]",0,onbattle,-1,=,10,-1,战斗开始时，增加20%防守能力，持续10分钟。每成功抢断1次，小幅度提升自己的投篮命中率。,0
104014140,防守强化,101009110,1,4,addbuff,"[3,0,30]","[""self""]",0,onbattle,-1,=,10,-1,战斗开始时，增加30%防守能力，持续10分钟。每成功抢断1次，小幅度提升自己的投篮命中率。,0
104014150,防守强化,101009110,1,5,addbuff,"[3,0,40]","[""self""]",0,onbattle,-1,=,10,-1,战斗开始时，增加40%防守能力，持续10分钟。每成功抢断1次，小幅度提升自己的投篮命中率。,0
104014160,防守强化,101009110,1,6,addbuff,"[3,0,50]","[""self""]",0,onbattle,-1,=,10,-1,战斗开始时，增加50%防守能力，持续10分钟。每成功抢断1次，小幅度提升自己的投篮命中率。,0
104014210,强化队友,102001210,2,1,addbuff,"[5,0,10]","[""4""]",0,onbattle,-1,=,10,-1,战斗开始时，增加大前锋10%篮板能力，持续10分钟。,0
104014220,强化队友,102001210,2,2,addbuff,"[5,0,15]","[""4""]",0,onbattle,-1,=,10,-1,战斗开始时，增加大前锋15%篮板能力，持续10分钟。体力越多，篮板能力越强。,0
104014230,强化队友,102001210,2,3,addbuff,"[5,0,20]","[""4""]",0,onbattle,-1,=,10,-1,战斗开始时，增加大前锋20%篮板能力，持续10分钟。体力越多，篮板能力越强。,0
104014240,强化队友,102001210,2,4,addbuff,"[5,0,30]","[""4""]",0,onbattle,-1,=,10,-1,战斗开始时，增加大前锋30%篮板能力，持续10分钟。体力越多，篮板能力越强。,0
104014250,强化队友,102001210,2,5,addbuff,"[5,0,40]","[""4""]",0,onbattle,-1,=,10,-1,战斗开始时，增加大前锋40%篮板能力，持续10分钟。体力越多，篮板能力越强。,0
104014260,强化队友,102001210,2,6,addbuff,"[5,0,50]","[""4""]",0,onbattle,-1,=,10,-1,战斗开始时，增加大前锋50%篮板能力，持续10分钟。体力越多，篮板能力越强。,0
104014310,强化队友,102001210,3,1,addbuff,"[7,0,10]","[""3""]",0,onsection,3,=,12,-1,第3节增加小前锋10%抢断能力。持续1节。,1
104014320,强化队友,102001210,3,2,addbuff,"[7,0,15]","[""3""]",0,onsection,3,=,12,-1,第3节增加小前锋15%抢断能力。抢断后本次进攻中持球队友命中率小幅提升。持续1节。,1
104014330,强化队友,102001210,3,3,addbuff,"[7,0,20]","[""3""]",0,onsection,3,=,12,-1,第3节增加小前锋20%抢断能力。抢断后本次进攻中持球队友命中率中幅提升。持续1节。,1
104014340,强化队友,102001210,3,4,addbuff,"[7,0,30]","[""3""]",0,onsection,3,=,12,-1,第3节增加小前锋30%抢断能力。抢断后本次进攻中持球队友命中率大幅提升。持续1节。,1
104014350,强化队友,102001210,3,5,addbuff,"[7,0,40]","[""3""]",0,onsection,3,=,12,-1,第3节增加小前锋40%抢断能力。抢断后本次进攻中持球队友必定命中。,1
104014360,强化队友,102001210,3,6,addbuff,"[7,0,50]","[""3""]",0,onsection,3,=,12,-1,第3节增加小前锋50%抢断能力。抢断后本次进攻中持球队友必定命中。,1
104014410,持续防护,104014410,4,1,addbuff,"[3,0,5]","[""1""]",0,onroundfreq,10,=,3,-1,每10分钟，给控卫提升5%防守属性，持续3分钟。,0
104014420,持续防护,104014410,4,2,addbuff,"[3,0,8]","[""1"",""2""]",0,onroundfreq,10,=,3,-1,每10分钟，给控卫、分卫提升8%防守属性，持续3分钟。,0
104014430,持续防护,104014410,4,3,addbuff,"[3,0,10]","[""1"",""2"",""3""]",0,onroundfreq,10,=,3,-1,每10分钟，给控卫、分卫和小前锋提供10%防守buff，持续3分钟。,0
104014440,持续防护,104014410,4,4,addbuff,"[3,0,10]","[""1"",""2"",""3"",""4""]",0,onroundfreq,10,=,3,-1,每10分钟，给控卫、分卫、小前锋和大前锋提供10%防守buff，持续3分钟。,0
104014450,持续防护,104014410,4,5,addbuff,"[3,0,10]","[""1"",""2"",""3"",""4"",""5""]",0,onroundfreq,10,=,3,-1,每10分钟，给全队提供10%防守buff，持续3分钟。,0
104014460,持续防护,104014410,4,6,addbuff,"[3,0,12]","[""1"",""2"",""3"",""4"",""5""]",0,onroundfreq,8,=,3,-1,每8分钟，给全队提供12%防守buff，持续3分钟。,0
104015110,得分强化,101006110,1,1,addbuff,"[6,0,10]","[""self""]",0,onbattle,-1,=,10,-1,战斗开始时，增加10%得分能力，持续10分钟。,0
104015120,得分强化,101006110,1,2,addbuff,"[6,0,15]","[""self""]",0,onbattle,-1,=,10,-1,战斗开始时，增加15%得分能力，持续10分钟。每命中2个球，下1个球命中小幅提升。,0
104015130,得分强化,101006110,1,3,addbuff,"[6,0,20]","[""self""]",0,onbattle,-1,=,10,-1,战斗开始时，增加20%得分能力，持续10分钟。每命中2个球，下1个球命中小幅提升。,0
104015140,得分强化,101006110,1,4,addbuff,"[6,0,30]","[""self""]",0,onbattle,-1,=,10,-1,战斗开始时，增加30%得分能力，持续10分钟。每命中2个球，下1个球命中较小幅提升。,0
104015150,得分强化,101006110,1,5,addbuff,"[6,0,40]","[""self""]",0,onbattle,-1,=,10,-1,战斗开始时，增加40%得分能力，持续10分钟。每命中2个球，下1个球命中中幅提升。,0
104015160,得分强化,101006110,1,6,addbuff,"[6,0,40]","[""self""]",0,onbattle,-1,=,10,-1,战斗开始时，增加40%得分能力，持续10分钟。每命中2个球，下1个球命中中幅提升。,0
104015210,篮板强化,101004110,2,1,addbuff,"[5,0,10]","[""2""]",0,onbattle,-1,=,10,-1,战斗开始时，增加得分后卫10%篮板能力，持续10分钟。,0
104015220,强化队友,102001210,2,2,addbuff,"[5,0,15]","[""2""]",0,onbattle,-1,=,10,-1,战斗开始时，增加得分后卫15%篮板能力，持续10分钟。,0
104015230,强化队友,102001210,2,3,addbuff,"[5,0,20]","[""2""]",0,onbattle,-1,=,10,-1,战斗开始时，增加得分后卫20%篮板能力，持续10分钟。,0
104015240,强化队友,102001210,2,4,addbuff,"[5,0,30]","[""2""]",0,onbattle,-1,=,10,-1,战斗开始时，增加得分后卫30%篮板能力，持续10分钟。,0
104015250,强化队友,102001210,2,5,addbuff,"[5,0,40]","[""2""]",0,onbattle,-1,=,10,-1,战斗开始时，增加得分后卫40%篮板能力，持续10分钟。,0
104015260,强化队友,102001210,2,6,addbuff,"[5,0,50]","[""2""]",0,onbattle,-1,=,10,-1,战斗开始时，增加得分后卫50%篮板能力，持续10分钟。,0
104015310,强化队友,102001210,3,1,addbuff,"[5,0,10]","[""1""]",0,onsection,4,=,12,-1,第4节增加控球后卫10%篮板能力，持续1节。,1
104015320,强化队友,102001210,3,2,addbuff,"[5,0,15]","[""1""]",0,onsection,4,=,12,-1,第4节增加控球后卫15%篮板能力，持续1节。后卫抢到篮板后，整体进攻节奏小幅度提高。,1
104015330,强化队友,102001210,3,3,addbuff,"[5,0,20]","[""1""]",0,onsection,4,=,12,-1,第4节增加控球后卫20%篮板能力，持续1节。后卫抢到篮板后，整体进攻节奏小幅度提高。,1
104015340,强化队友,102001210,3,4,addbuff,"[5,0,30]","[""1""]",0,onsection,4,=,12,-1,第4节增加控球后卫30%篮板能力，持续1节。后卫抢到篮板后，整体进攻节奏较小幅度提高。,1
104015350,强化队友,102001210,3,5,addbuff,"[5,0,40]","[""1""]",0,onsection,4,=,12,-1,第4节增加控球后卫40%篮板能力，持续1节。后卫抢到篮板后，整体进攻节奏中幅度提高。,1
104015360,强化队友,102001210,3,6,addbuff,"[5,0,50]","[""1""]",0,onsection,4,=,12,-1,第4节增加控球后卫50%篮板能力，持续1节。后卫抢到篮板后，整体进攻节奏中幅度提高。,1
104015410,共命,104005410,4,1,forceoff,[20],"[""defender""]",1,onoff,0,=,-1,-1,被换下场时，20%概率强制把对方防守最高的球员换下场。,0
104015420,共命,104005410,4,2,forceoff,[40],"[""defender""]",1,onoff,0,=,-1,-1,被换下场时，40%概率强制把对方防守最高的球员换下场。并小幅度提升我方控球后卫命中率。,0
104015430,共命,104005410,4,3,forceoff,[60],"[""defender""]",1,onoff,0,=,-1,-1,被换下场时，60%概率强制把对方防守最高的球员换下场。并小幅度提升我方控球后卫命中率。,0
104015440,共命,104005410,4,4,forceoff,[80],"[""defender""]",1,onoff,0,=,-1,-1,被换下场时，80%概率强制把对方防守最高的球员换下场。并小幅度提升我方后控球卫命中率。,0
104015450,共命,104005410,4,5,forceoff,[100],"[""defender""]",1,onoff,0,=,-1,-1,被换下场时，100%概率强制把对方防守最高的球员换下场。并小幅度提升我方控球后卫命中率。,0
104015460,共命,104005410,4,6,forceoff,[100],"[""defender""]",1,onoff,0,=,-1,-1,被换下场时，100%概率强制把对方防守最高的球员换下场。并提升我方控球后卫命中率。,0
104016110,得分强化,101006110,1,1,addbuff,"[6,0,10]","[""self""]",0,onbattle,-1,=,10,-1,战斗开始时，增加10%得分能力，持续10分钟,0
104016120,得分强化,101006110,1,2,addbuff,"[6,0,15]","[""self""]",0,onbattle,-1,=,10,-1,战斗开始时，增加15%得分能力，持续10分钟，每投丢1个球，延长30秒。,0
104016130,得分强化,101006110,1,3,addbuff,"[6,0,20]","[""self""]",0,onbattle,-1,=,10,-1,战斗开始时，增加20%得分能力，持续10分钟，每投丢1个球，延长30秒。,0
104016140,得分强化,101006110,1,4,addbuff,"[6,0,30]","[""self""]",0,onbattle,-1,=,10,-1,战斗开始时，增加30%得分能力，持续10分钟，每投丢1个球，延长30秒。,0
104016150,得分强化,101006110,1,5,addbuff,"[6,0,40]","[""self""]",0,onbattle,-1,=,10,-1,战斗开始时，增加40%得分能力，持续10分钟，每投丢1个球，延长30秒。,0
104016160,得分强化,101006110,1,6,addbuff,"[6,0,50]","[""self""]",0,onbattle,-1,=,10,-1,战斗开始时，增加50%得分能力，持续10分钟，每投丢1个球，延长30秒。,0
104016210,强化队友,102001210,2,1,addbuff,"[5,0,10]","[""3""]",0,onbattle,-1,=,10,-1,战斗开始时，增加小前锋10%篮板能力，持续10分钟,0
104016220,强化队友,102001210,2,2,addbuff,"[5,0,15]","[""3""]",0,onbattle,-1,=,10,-1,战斗开始时，增加小前锋15%篮板能力，持续10分钟，并小幅度提升小前锋的[落点判断]能力。,0
104016230,强化队友,102001210,2,3,addbuff,"[5,0,20]","[""3""]",0,onbattle,-1,=,10,-1,战斗开始时，增加小前锋20%篮板能力，持续10分钟，并小幅度提升小前锋的[落点判断]能力。,0
104016240,强化队友,102001210,2,4,addbuff,"[5,0,30]","[""3""]",0,onbattle,-1,=,10,-1,战斗开始时，增加小前锋30%篮板能力，持续10分钟，并中幅度提升小前锋的[落点判断]能力。,0
104016250,强化队友,102001210,2,5,addbuff,"[5,0,40]","[""3""]",0,onbattle,-1,=,10,-1,战斗开始时，增加小前锋40%篮板能力，持续10分钟，并大幅度提升小前锋的[落点判断]能力。,0
104016260,强化队友,102001210,2,6,addbuff,"[5,0,50]","[""3""]",0,onbattle,-1,=,10,-1,战斗开始时，增加小前锋50%篮板能力，持续10分钟，并大幅度提升小前锋的[落点判断]能力。,0
104016310,强化队友,102001210,3,1,addbuff,"[6,0,10]","[""3""]",0,onsection,3,=,12,-1,第3节增加小前锋10%得分能力，持续1节。,1
104016320,强化队友,102001210,3,2,addbuff,"[6,0,15]","[""3""]",0,onsection,3,=,12,-1,第3节增加小前锋15%得分能力，持续1节。如果当前处于落后状态，则得分能力额外小幅度提升。,1
104016330,强化队友,102001210,3,3,addbuff,"[6,0,20]","[""3""]",0,onsection,3,=,12,-1,第3节增加小前锋20%得分能力，持续1节。如果当前处于落后状态，则得分能力额外小幅度提升。,1
104016340,强化队友,102001210,3,4,addbuff,"[6,0,30]","[""3""]",0,onsection,3,=,12,-1,第3节增加小前锋30%得分能力，持续1节。如果当前处于落后状态，则得分能力额外小幅度提升。,1
104016350,强化队友,102001210,3,5,addbuff,"[6,0,40]","[""3""]",0,onsection,3,=,12,-1,第3节增加小前锋40%得分能力，持续1节。如果当前处于落后状态，则得分能力额外小幅度提升。,1
104016360,强化队友,102001210,3,6,addbuff,"[6,0,50]","[""3""]",0,onsection,3,=,12,-1,第3节增加小前锋40%得分能力，持续1节。如果当前处于落后状态，则得分能力额外小幅度提升。,1
104016410,精神折磨,104016410,4,1,addbuff,"[3,0,-5]","[""ran""]",1,onroundfreq,10,=,3,-1,每10分钟，降低对方随机球员5%防守能力，持续3分钟。,0
104016420,精神折磨,104016410,4,2,addbuff,"[3,0,-8]","[""ran""]",1,onroundfreq,10,=,3,-1,每10分钟，降低对方随机球员8%防守能力，持续3分钟。每次降低防守能力后，都额外叠加小幅度降低命中率。,0
104016430,精神折磨,104016410,4,3,addbuff,"[3,0,-10]","[""ran""]",1,onroundfreq,10,=,3,-1,每10分钟，降低对方随机球员10%防守能力，持续3分钟。每次降低防守能力后，都额外叠加小幅度降低命中率。,0
104016440,精神折磨,104016410,4,4,addbuff,"[3,0,-15]","[""ran""]",1,onroundfreq,10,=,3,-1,每10分钟，降低对方随机球员15%防守能力，持续3分钟。每次降低防守能力后，都额外叠加小幅度降低命中率。,0
104016450,精神折磨,104016410,4,5,addbuff,"[3,0,-20]","[""ran""]",1,onroundfreq,10,=,3,-1,每10分钟，降低对方随机球员20%防守能力，持续3分钟。每次降低防守能力后，都额外叠加小幅度降低命中率。,0
104016460,精神折磨,104016410,4,6,addbuff,"[3,0,-30]","[""ran""]",1,onroundfreq,10,=,3,-1,每10分钟，降低对方随机球员30%防守能力，持续3分钟。每次降低防守能力后，都额外叠加小幅度降低命中率。,0
104017110,得分强化,101006110,1,1,addbuff,"[6,0,10]","[""self""]",0,onbattle,-1,=,10,-1,战斗开始时，增加10%得分能力，持续10分钟,0
104017120,得分强化,101006110,1,2,addbuff,"[6,0,15]","[""self""]",0,onbattle,-1,=,10,-1,战斗开始时，增加15%得分能力，持续10分钟，每连续命中3次，下1次必定为3分且必定命中。,0
104017130,得分强化,101006110,1,3,addbuff,"[6,0,20]","[""self""]",0,onbattle,-1,=,10,-1,战斗开始时，增加20%得分能力，持续10分钟，每连续命中3次，下1次必定为3分且必定命中。,0
104017140,得分强化,101006110,1,4,addbuff,"[6,0,30]","[""self""]",0,onbattle,-1,=,10,-1,战斗开始时，增加30%得分能力，持续10分钟，每连续命中3次，下1次必定为3分且必定命中。,0
104017150,得分强化,101006110,1,5,addbuff,"[6,0,40]","[""self""]",0,onbattle,-1,=,10,-1,战斗开始时，增加40%得分能力，持续10分钟，每连续命中3次，下1次必定为3分且必定命中。,0
104017160,得分强化,101006110,1,6,addbuff,"[6,0,50]","[""self""]",0,onbattle,-1,=,10,-1,战斗开始时，增加50%得分能力，持续10分钟，每连续命中3次，下1次必定为3分且必定命中。,0
104017210,强化队友,102001210,2,1,addbuff,"[6,0,10]","[""5""]",0,onbattle,-1,=,10,-1,战斗开始时，增加中锋10%得分能力，持续10分钟,0
104017220,强化队友,102001210,2,2,addbuff,"[6,0,15]","[""5""]",0,onbattle,-1,=,10,-1,战斗开始时，增加中锋15%得分能力，持续10分钟，如果当前中锋得分最高，则额外小幅度增加命中率。,0
104017230,强化队友,102001210,2,3,addbuff,"[6,0,20]","[""5""]",0,onbattle,-1,=,10,-1,战斗开始时，增加中锋20%得分能力，持续10分钟，如果当前中锋得分最高，则额外小幅度增加命中率。,0
104017240,强化队友,102001210,2,4,addbuff,"[6,0,30]","[""5""]",0,onbattle,-1,=,10,-1,战斗开始时，增加中锋30%得分能力，持续10分钟，如果当前中锋得分最高，则额外小幅度增加命中率。,0
104017250,强化队友,102001210,2,5,addbuff,"[6,0,40]","[""5""]",0,onbattle,-1,=,10,-1,战斗开始时，增加中锋40%得分能力，持续10分钟，如果当前中锋得分最高，则额外小幅度增加命中率。,0
104017260,强化队友,102001210,2,6,addbuff,"[6,0,50]","[""5""]",0,onbattle,-1,=,10,-1,战斗开始时，增加中锋50%得分能力，持续10分钟，如果当前中锋得分最高，则额外小幅度增加命中率。,0
104017310,强化队友,102001210,3,1,addbuff,"[6,0,10]","[""4""]",0,onsection,4,=,12,-1,第4节增加大前锋10%得分能力，持续1节。,1
104017320,强化队友,102001210,3,2,addbuff,"[6,0,15]","[""4""]",0,onsection,4,=,12,-1,第4节增加大前锋15%得分能力，持续1节。小概率获得1次必中机会。,1
104017330,强化队友,102001210,3,3,addbuff,"[6,0,20]","[""4""]",0,onsection,4,=,12,-1,第4节增加大前锋20%得分能力，持续1节。小概率获得1次必中机会。,1
104017340,强化队友,102001210,3,4,addbuff,"[6,0,30]","[""4""]",0,onsection,4,=,12,-1,第4节增加大前锋30%得分能力，持续1节。小概率获得1次必中机会。,1
104017350,强化队友,102001210,3,5,addbuff,"[6,0,40]","[""4""]",0,onsection,4,=,12,-1,第4节增加大前锋40%得分能力，持续1节。小概率获得1次必中机会。,1
104017360,强化队友,102001210,3,6,addbuff,"[6,0,50]","[""4""]",0,onsection,4,=,12,-1,第4节增加大前锋50%得分能力，持续1节。小概率获得1次必中机会。,1
104017410,连携强化,104007410,4,1,addbuff,"[3,0,20]","[""self""]",0,onbattlewith,104018,=,12,1,与陈盈骏一起上场时，自己防守能力提高20%，持续1节比赛,0
104017420,连携强化,104007410,4,2,addbuff,"[3,0,25]","[""self""]",0,onbattlewith,104018,=,12,1,与陈盈骏一起上场时，自己防守能力提高25%，持续1节比赛,0
104017430,连携强化,104007410,4,3,addbuff,"[3,0,30]","[""self""]",0,onbattlewith,104018,=,12,1,与陈盈骏一起上场时，自己防守能力提高30%，且陈盈骏在场时自己体力流失下降30%，持续1节比赛,0
104017431,,101001110,4,3,addbuff,"[101,0,-30]","[""self""]",0,onbattlewith,104018,=,12,-1,,0
104017440,连携强化,104007410,4,4,addbuff,"[3,0,40]","[""self""]",0,onbattlewith,104018,=,12,1,与陈盈骏一起上场时，自己防守能力提高40%，且陈盈骏在场时自己体力流失下降50%，持续1节比赛,0
104017441,,101001110,4,4,addbuff,"[101,0,-50]","[""self""]",0,onbattlewith,104018,=,12,-1,,0
104017450,连携强化,104007410,4,5,addbuff,"[3,0,50]","[""self""]",0,onbattlewith,104018,=,12,1,与陈盈骏一起上场时，自己防守能力提高50%，且陈盈骏在场时自己体力不下降，持续1节比赛,0
104017451,,101001110,4,5,addbuff,"[101,0,-100]","[""self""]",0,onbattlewith,104018,=,12,-1,,0
104017460,连携强化,104007410,4,6,addbuff,"[3,0,65]","[""self""]",0,onbattlewith,104018,=,12,1,与陈盈骏一起上场时，自己防守能力提高65%，且陈盈骏在场时自己体力不下降，持续1节比赛,0
104017461,,101001110,4,6,addbuff,"[101,0,-100]","[""self""]",0,onbattlewith,104018,=,12,-1,,0
104018110,抢断强化,101002110,1,1,addbuff,"[7,0,10]","[""self""]",0,onbattle,-1,=,10,-1,战斗开始时，增加10%抢断能力，持续10分钟,0
104018120,抢断强化,101002110,1,2,addbuff,"[7,0,15]","[""self""]",0,onbattle,-1,=,10,-1,战斗开始时，增加15%抢断能力，持续10分钟。抢断后对方的进攻积极性小幅度下降。,0
104018130,抢断强化,101002110,1,3,addbuff,"[7,0,20]","[""self""]",0,onbattle,-1,=,10,-1,战斗开始时，增加20%抢断能力，持续10分钟。抢断后对方的进攻积极性小幅度下降。,0
104018140,抢断强化,101002110,1,4,addbuff,"[7,0,30]","[""self""]",0,onbattle,-1,=,10,-1,战斗开始时，增加30%抢断能力，持续10分钟。抢断后对方的进攻积极性小幅度下降。,0
104018150,抢断强化,101002110,1,5,addbuff,"[7,0,40]","[""self""]",0,onbattle,-1,=,10,-1,战斗开始时，增加40%抢断能力，持续10分钟。抢断后对方的进攻积极性小幅度下降。,0
104018160,抢断强化,101002110,1,6,addbuff,"[7,0,50]","[""self""]",0,onbattle,-1,=,10,-1,战斗开始时，增加50%抢断能力，持续10分钟。抢断后对方的进攻积极性小幅度下降。,0
104018210,强化队友,102001210,2,1,addbuff,"[5,0,10]","[""3""]",0,onbattle,-1,=,10,-1,战斗开始时，增加小前锋10%篮板能力，持续10分钟,0
104018220,强化队友,102001210,2,2,addbuff,"[5,0,15]","[""3""]",0,onbattle,-1,=,10,-1,战斗开始时，增加小前锋15%篮板能力，持续10分钟,0
104018230,强化队友,102001210,2,3,addbuff,"[5,0,20]","[""3""]",0,onbattle,-1,=,10,-1,战斗开始时，增加小前锋20%篮板能力，持续10分钟,0
104018240,强化队友,102001210,2,4,addbuff,"[5,0,30]","[""3""]",0,onbattle,-1,=,10,-1,战斗开始时，增加小前锋30%篮板能力，持续10分钟,0
104018250,强化队友,102001210,2,5,addbuff,"[5,0,40]","[""3""]",0,onbattle,-1,=,10,-1,战斗开始时，增加小前锋40%篮板能力，持续10分钟,0
104018260,强化队友,102001210,2,6,addbuff,"[5,0,50]","[""3""]",0,onbattle,-1,=,10,-1,战斗开始时，增加小前锋40%篮板能力，持续10分钟,0
104018310,强化队友,102001210,3,1,addbuff,"[2,0,10]","[""4""]",0,onsection,3,=,12,-1,第3节增加大前锋10%传球能力,1
104018320,强化队友,102001210,3,2,addbuff,"[2,0,15]","[""4""]",0,onsection,3,=,12,-1,第3节增加大前锋15%传球能力，大前锋传出的球命中率小幅度提升。,1
104018330,强化队友,102001210,3,3,addbuff,"[2,0,20]","[""4""]",0,onsection,3,=,12,-1,第3节增加大前锋20%传球能力，大前锋传出的球命中率小幅度提升。,1
104018340,强化队友,102001210,3,4,addbuff,"[2,0,30]","[""4""]",0,onsection,3,=,12,-1,第3节增加大前锋30%传球能力，大前锋传出的球命中率小幅度提升。,1
104018350,强化队友,102001210,3,5,addbuff,"[2,0,40]","[""4""]",0,onsection,3,=,12,-1,第3节增加大前锋40%传球能力，大前锋传出的球命中率小幅度提升。,1
104018360,强化队友,102001210,3,6,addbuff,"[2,0,50]","[""4""]",0,onsection,3,=,12,-1,第3节增加大前锋40%传球能力，大前锋传出的球命中率小幅度提升。,1
104018410,连携强化,104007410,4,1,addbuff,"[3,0,20]","[""self""]",0,onbattlewith,104017,=,12,1,与林庭谦一起上场时，自己防守能力提高20%，持续1节。,0
104018420,连携强化,104007410,4,2,addbuff,"[3,0,25]","[""self""]",0,onbattlewith,104017,=,12,1,与林庭谦一起上场时，自己防守能力提高25%，持续1节。每次出手后，小概率获得[外线铁网]状态，自己和林庭谦抢断额外提升。,0
104018430,连携强化,104007410,4,3,addbuff,"[3,0,30]","[""self""]",0,onbattlewith,104017,=,12,1,与林庭谦一起上场时，自己防守能力提高30%，持续1节。每次出手后，小概率获得[外线铁网]状态，自己和林庭谦抢断额外提升。,0
104018440,连携强化,104007410,4,4,addbuff,"[3,0,40]","[""self""]",0,onbattlewith,104017,=,12,1,与林庭谦一起上场时，自己防守能力提高40%，持续1节。每次出手后，小概率获得[外线铁网]状态，自己和林庭谦抢断额外提升。,0
104018450,连携强化,104007410,4,5,addbuff,"[3,0,50]","[""self""]",0,onbattlewith,104017,=,12,1,与林庭谦一起上场时，自己防守能力提高50%，持续1节。每次出手后，小概率获得[外线铁网]状态，自己和林庭谦抢断额外提升。,0
104018460,连携强化,104007410,4,6,addbuff,"[3,0,60]","[""self""]",0,onbattlewith,104017,=,12,1,与林庭谦一起上场时，自己防守能力提高50%，持续1节。每次出手后，小概率获得[外线铁网]状态，自己和林庭谦抢断额外提升。,0
104019110,得分强化,101006110,1,1,addbuff,"[6,0,10]","[""self""]",0,onbattle,-1,=,10,-1,战斗开始时，增加10%得分能力，持续10分钟,0
104019120,得分强化,101006110,1,2,addbuff,"[6,0,15]","[""self""]",0,onbattle,-1,=,10,-1,战斗开始时，增加15%得分能力，持续10分钟，上场时间越长命中率越高。,0
104019130,得分强化,101006110,1,3,addbuff,"[6,0,20]","[""self""]",0,onbattle,-1,=,10,-1,战斗开始时，增加20%得分能力，持续10分钟，上场时间越长命中率越高。,0
104019140,得分强化,101006110,1,4,addbuff,"[6,0,30]","[""self""]",0,onbattle,-1,=,10,-1,战斗开始时，增加30%得分能力，持续10分钟，上场时间越长命中率越高。,0
104019150,得分强化,101006110,1,5,addbuff,"[6,0,40]","[""self""]",0,onbattle,-1,=,10,-1,战斗开始时，增加40%得分能力，持续10分钟，上场时间越长命中率越高。,0
104019160,得分强化,101006110,1,6,addbuff,"[6,0,50]","[""self""]",0,onbattle,-1,=,10,-1,战斗开始时，增加50%得分能力，持续10分钟，上场时间越长命中率越高。,0
104019210,强化队友,102001210,2,1,addbuff,"[5,0,10]","[""2""]",0,onbattle,-1,=,10,-1,战斗开始时，增加得分后卫10%篮板能力，持续10分钟,0
104019220,强化队友,102001210,2,2,addbuff,"[5,0,15]","[""2""]",0,onbattle,-1,=,10,-1,战斗开始时，增加得分后卫15%篮板能力，持续10分钟。后卫每抢到1个篮板，[冲抢篮板]加成提高10%，持续3分钟。,0
104019230,强化队友,102001210,2,3,addbuff,"[5,0,20]","[""2""]",0,onbattle,-1,=,10,-1,战斗开始时，增加得分后卫20%篮板能力，持续10分钟。后卫每抢到1个篮板，[冲抢篮板]加成提高10%，持续3分钟。,0
104019240,强化队友,102001210,2,4,addbuff,"[5,0,30]","[""2""]",0,onbattle,-1,=,10,-1,战斗开始时，增加得分后卫30%篮板能力，持续10分钟。后卫每抢到1个篮板，[冲抢篮板]加成提高10%，持续3分钟。,0
104019250,强化队友,102001210,2,5,addbuff,"[5,0,40]","[""2""]",0,onbattle,-1,=,10,-1,战斗开始时，增加得分后卫40%篮板能力，持续10分钟。后卫每抢到1个篮板，[冲抢篮板]加成提高10%，持续3分钟。,0
104019260,强化队友,102001210,2,6,addbuff,"[5,0,50]","[""2""]",0,onbattle,-1,=,10,-1,战斗开始时，增加得分后卫50%篮板能力，持续10分钟。后卫每抢到1个篮板，[冲抢篮板]加成提高10%，持续3分钟。,0
104019310,强化队友,102001210,3,1,addbuff,"[5,0,10]","[""4""]",0,onsection,2,=,12,-1,第2节增加大前锋10%篮板能力,1
104019320,强化队友,102001210,3,2,addbuff,"[5,0,15]","[""4""]",0,onsection,2,=,12,-1,第2节增加大前锋15%篮板能力，且每次大前锋没抢到篮板，则下次[卡位]能力小幅度提升。,1
104019330,强化队友,102001210,3,3,addbuff,"[5,0,20]","[""4""]",0,onsection,2,=,12,-1,第2节增加大前锋20%篮板能力，且每次大前锋没抢到篮板，则下次[卡位]能力小幅度提升。,1
104019340,强化队友,102001210,3,4,addbuff,"[5,0,30]","[""4""]",0,onsection,2,=,12,-1,第2节增加大前锋30%篮板能力，且每次大前锋没抢到篮板，则下次[卡位]能力小幅度提升。,1
104019350,强化队友,102001210,3,5,addbuff,"[5,0,40]","[""4""]",0,onsection,2,=,12,-1,第2节增加大前锋40%篮板能力，且每次大前锋没抢到篮板，则下次[卡位]能力小幅度提升。,1
104019360,强化队友,102001210,3,6,addbuff,"[5,0,50]","[""4""]",0,onsection,2,=,12,-1,第2节增加大前锋50%篮板能力，且每次大前锋没抢到篮板，则下次[卡位]能力小幅度提升。,1
104019410,体力回复,104009410,4,1,addprop,"[101,0,20]","[""self""]",0,onpoint,30,=,-1,1,得分超过30，回复20%体力,0
104019420,体力回复,104009410,4,2,addprop,"[101,0,20]","[""self""]",0,onpoint,30,=,-1,1,得分超过30，回复20%体力。如果当前体力超过50%，进入[热血]状态，篮下挤压能力中幅度提升。,0
104019430,体力回复,104009410,4,3,addprop,"[101,0,20]","[""self""]",0,onpoint,25,=,-1,1,得分超过25，回复20%体力。如果当前体力超过50%，进入[热血]状态，篮下挤压能力中幅度提升。,0
104019440,体力回复,104009410,4,4,addprop,"[101,0,20]","[""self""]",0,onpoint,23,=,-1,1,得分超过23，回复20%体力。如果当前体力超过50%，进入[热血]状态，篮下挤压能力中幅度提升。,0
104019450,体力回复,104009410,4,5,addprop,"[101,0,20]","[""self""]",0,onpoint,20,=,-1,1,得分超过20，回复20%体力。如果当前体力超过50%，进入[热血]状态，篮下挤压能力中幅度提升。,0
104019460,体力回复,104009410,4,6,addprop,"[101,0,25]","[""self""]",0,onpoint,20,=,-1,1,得分超过20，回复25%体力。如果当前体力超过50%，进入[热血]状态，篮下挤压能力中幅度提升。,0
104020110,篮板强化,101004110,1,1,addbuff,"[5,0,10]","[""self""]",0,onbattle,-1,=,10,-1,战斗开始时，增加10%篮板能力，持续10分钟,0
104020120,篮板强化,101004110,1,2,addbuff,"[5,0,15]","[""self""]",0,onbattle,-1,=,10,-1,战斗开始时，增加15%篮板能力，持续10分钟，小概率无视篮板能力，优先获得篮板。,0
104020130,篮板强化,101004110,1,3,addbuff,"[5,0,20]","[""self""]",0,onbattle,-1,=,10,-1,战斗开始时，增加20%篮板能力，持续10分钟，小概率无视篮板能力，优先获得篮板。,0
104020140,篮板强化,101004110,1,4,addbuff,"[5,0,30]","[""self""]",0,onbattle,-1,=,10,-1,战斗开始时，增加30%篮板能力，持续10分钟，小概率无视篮板能力，优先获得篮板。,0
104020150,篮板强化,101004110,1,5,addbuff,"[5,0,40]","[""self""]",0,onbattle,-1,=,10,-1,战斗开始时，增加40%篮板能力，持续10分钟，小概率无视篮板能力，优先获得篮板。,0
104020160,篮板强化,101004110,1,6,addbuff,"[5,0,50]","[""self""]",0,onbattle,-1,=,10,-1,战斗开始时，增加50%篮板能力，持续10分钟，小概率无视篮板能力，优先获得篮板。,0
104020210,强化队友,102001210,2,1,addbuff,"[2,0,10]","[""4""]",0,onbattle,-1,=,10,-1,战斗开始时，增加大前锋10%传球能力，持续10分钟,0
104020220,强化队友,102001210,2,2,addbuff,"[2,0,15]","[""4""]",0,onbattle,-1,=,10,-1,战斗开始时，增加大前锋15%传球能力，(有概率触发[秒传])，持续10分钟,0
104020230,强化队友,102001210,2,3,addbuff,"[2,0,20]","[""4""]",0,onbattle,-1,=,10,-1,战斗开始时，增加大前锋20%传球能力，接到秒传的球员本次投篮命中提升80%，持续10分钟,0
104020240,强化队友,102001210,2,4,addbuff,"[2,0,30]","[""4""]",0,onbattle,-1,=,10,-1,战斗开始时，增加大前锋30%传球能力，接到秒传的球员本次投篮命中提升100%，持续10分钟,0
104020250,强化队友,102001210,2,5,addbuff,"[2,0,40]","[""4""]",0,onbattle,-1,=,10,-1,战斗开始时，增加大前锋40%传球能力，接到秒传的球员本次投篮命中提升100%，且下次投篮必定三分命中，持续10分钟,0
104020260,强化队友,102001210,2,6,addbuff,"[2,0,50]","[""4""]",0,onbattle,-1,=,10,-1,战斗开始时，增加大前锋50%传球能力，接到秒传的球员本次投篮命中提升100%，且下次投篮必定三分命中，持续10分钟,0
104020310,强化队友,102001210,3,1,addbuff,"[5,0,10]","[""4""]",0,onsection,2,=,12,-1,第2节增加大前锋10%篮板能力,1
104020320,强化队友,102001210,3,2,addbuff,"[5,0,15]","[""4""]",0,onsection,2,=,12,-1,第2节增加大前锋15%篮板能力，且每次大前锋没抢到篮板，则下次[卡位]能力小幅度提升。,1
104020330,强化队友,102001210,3,3,addbuff,"[5,0,20]","[""4""]",0,onsection,2,=,12,-1,第2节增加大前锋20%篮板能力，且每次大前锋没抢到篮板，则下次[卡位]能力小幅度提升。,1
104020340,强化队友,102001210,3,4,addbuff,"[5,0,30]","[""4""]",0,onsection,2,=,12,-1,第2节增加大前锋30%篮板能力，且每次大前锋没抢到篮板，则下次[卡位]能力小幅度提升。,1
104020350,强化队友,102001210,3,5,addbuff,"[5,0,40]","[""4""]",0,onsection,2,=,12,-1,第2节增加大前锋40%篮板能力，且每次大前锋没抢到篮板，则下次[卡位]能力小幅度提升。,1
104020360,强化队友,102001210,3,6,addbuff,"[5,0,50]","[""4""]",0,onsection,2,=,12,-1,第2节增加大前锋50%篮板能力，且每次大前锋没抢到篮板，则下次[卡位]能力小幅度提升。,1
104020410,如影随形,104020410,4,1,addbuff,"[101,0,20]","[""target""]",1,onpoint2,20,=,3,1,对方任意球员得分超过20，提高他20%体力消耗，持续3分钟,0
104020420,如影随形,104020410,4,2,addbuff,"[101,0,25]","[""target""]",1,onpoint2,20,=,3,1,对方任意球员得分超过20，提高他25%体力消耗，持续3分钟，当对方体力小于50%，命中额外小幅下降。,0
104020430,如影随形,104020410,4,3,addbuff,"[101,0,30]","[""target""]",1,onpoint2,20,=,3,1,对方任意球员得分超过20，提高他30%体力消耗，持续3分钟，当对方体力小于50%，命中额外小幅下降。,0
104020440,如影随形,104020410,4,4,addbuff,"[101,0,35]","[""target""]",1,onpoint2,20,=,3,1,对方任意球员得分超过20，提高他35%体力消耗，持续3分钟，当对方体力小于50%，命中额外小幅下降。,0
104020450,如影随形,104020410,4,5,addbuff,"[101,0,40]","[""target""]",1,onpoint2,20,=,3,1,对方任意球员得分超过20，提高他40%体力消耗，持续3分钟，当对方体力小于50%，命中额外小幅下降。,0
104020460,如影随形,104020410,4,6,addbuff,"[101,0,40]","[""target""]",1,onpoint2,20,=,3,1,对方任意球员得分超过20，提高他40%体力消耗，持续3分钟，当对方体力小于50%，命中额外小幅下降。,0
104021110,篮板强化,101004110,1,1,addbuff,"[5,0,10]","[""self""]",0,onbattle,-1,=,10,-1,战斗开始时，增加10%篮板能力，持续10分钟,0
104021120,篮板强化,101004110,1,2,addbuff,"[5,0,15]","[""self""]",0,onbattle,-1,=,10,-1,战斗开始时，增加15%篮板能力，持续10分钟,0
104021130,篮板强化,101004110,1,3,addbuff,"[5,0,20]","[""self""]",0,onbattle,-1,=,10,-1,战斗开始时，增加20%篮板能力，持续10分钟,0
104021140,篮板强化,101004110,1,4,addbuff,"[5,0,30]","[""self""]",0,onbattle,-1,=,10,-1,战斗开始时，增加30%篮板能力，持续10分钟,0
104021150,篮板强化,101004110,1,5,addbuff,"[5,0,40]","[""self""]",0,onbattle,-1,=,10,-1,战斗开始时，增加40%篮板能力，持续10分钟,0
104021160,篮板强化,101004110,1,6,addbuff,"[5,0,40]","[""self""]",0,onbattle,-1,=,10,-1,战斗开始时，增加40%篮板能力，持续10分钟,0
104021210,强化队友,102001210,2,1,addbuff,"[2,0,10]","[""5""]",0,onbattle,-1,=,10,-1,战斗开始时，增加中锋10%传球能力，持续10分钟,0
104021220,强化队友,102001210,2,2,addbuff,"[2,0,15]","[""5""]",0,onbattle,-1,=,10,-1,战斗开始时，增加中锋15%传球能力，持续10分钟,0
104021230,强化队友,102001210,2,3,addbuff,"[2,0,20]","[""5""]",0,onbattle,-1,=,10,-1,战斗开始时，增加中锋20%传球能力，持续10分钟,0
104021240,强化队友,102001210,2,4,addbuff,"[2,0,30]","[""5""]",0,onbattle,-1,=,10,-1,战斗开始时，增加中锋30%传球能力，持续10分钟,0
104021250,强化队友,102001210,2,5,addbuff,"[2,0,40]","[""5""]",0,onbattle,-1,=,10,-1,战斗开始时，增加中锋40%传球能力，持续10分钟,0
104021260,强化队友,102001210,2,6,addbuff,"[2,0,50]","[""5""]",0,onbattle,-1,=,10,-1,战斗开始时，增加中锋50%传球能力，持续10分钟,0
104021310,强化队友,102001210,3,1,addbuff,"[6,0,10]","[""4""]",0,onsection,3,=,12,-1,第3节增加大前锋10%得分能力,1
104021320,强化队友,102001210,3,2,addbuff,"[6,0,15]","[""4""]",0,onsection,3,=,12,-1,第3节增加大前锋15%得分能力,1
104021330,强化队友,102001210,3,3,addbuff,"[6,0,20]","[""4""]",0,onsection,3,=,12,-1,第3节增加大前锋20%得分能力,1
104021340,强化队友,102001210,3,4,addbuff,"[6,0,30]","[""4""]",0,onsection,3,=,12,-1,第3节增加大前锋30%得分能力,1
104021350,强化队友,102001210,3,5,addbuff,"[6,0,40]","[""4""]",0,onsection,3,=,12,-1,第3节增加大前锋40%得分能力,1
104021360,强化队友,102001210,3,6,addbuff,"[6,0,50]","[""4""]",0,onsection,3,=,12,-1,第3节增加大前锋50%得分能力,1
104021410,得分接力,104021410,4,1,addbuff,"[6,0,3]","[""1"",""2"",""3"",""4"",""5""]",0,onoff,0,=,3,-1,被换下场时，给我方场上全体队员3%的得分buff，持续3分钟,0
104021420,得分接力,104021410,4,2,addbuff,"[6,0,6]","[""1"",""2"",""3"",""4"",""5""]",0,onoff,0,=,3,-1,被换下场时，给我方场上全体队员6%的得分buff，持续3分钟,0
104021430,得分接力,104021410,4,3,addbuff,"[6,0,9]","[""1"",""2"",""3"",""4"",""5""]",0,onoff,0,=,3,-1,被换下场时，给我方场上全体队员9%的得分buff，持续3分钟,0
104021440,得分接力,104021410,4,4,addbuff,"[6,0,12]","[""1"",""2"",""3"",""4"",""5""]",0,onoff,0,=,3,-1,被换下场时，给我方场上全体队员12%的得分buff，持续3分钟,0
104021450,得分接力,104021410,4,5,addbuff,"[6,0,15]","[""1"",""2"",""3"",""4"",""5""]",0,onoff,0,=,3,-1,被换下场时，给我方场上全体队员15%的得分buff，持续3分钟,0
104021460,得分接力,104021410,4,6,addbuff,"[6,0,15]","[""1"",""2"",""3"",""4"",""5""]",0,onoff,0,=,5,-1,被换下场时，给我方场上全体队员15%的得分buff，持续5分钟,0
104022110,得分强化,101006110,1,1,addbuff,"[6,0,10]","[""self""]",0,onbattle,-1,=,10,-1,战斗开始时，增加10%得分能力，持续10分钟,0
104022120,得分强化,101006110,1,2,addbuff,"[6,0,15]","[""self""]",0,onbattle,-1,=,10,-1,战斗开始时，增加15%得分能力，持续10分钟，每次篮下得分后，防守能力小幅度提升。,0
104022130,得分强化,101006110,1,3,addbuff,"[6,0,20]","[""self""]",0,onbattle,-1,=,10,-1,战斗开始时，增加20%得分能力，持续10分钟，每次篮下得分后，防守能力小幅度提升。,0
104022140,得分强化,101006110,1,4,addbuff,"[6,0,30]","[""self""]",0,onbattle,-1,=,10,-1,战斗开始时，增加30%得分能力，持续10分钟，每次篮下得分后，防守能力小幅度提升。,0
104022150,得分强化,101006110,1,5,addbuff,"[6,0,40]","[""self""]",0,onbattle,-1,=,10,-1,战斗开始时，增加40%得分能力，持续10分钟，每次篮下得分后，防守能力小幅度提升。,0
104022160,得分强化,101006110,1,6,addbuff,"[6,0,50]","[""self""]",0,onbattle,-1,=,10,-1,战斗开始时，增加50%得分能力，持续10分钟，每次篮下得分后，防守能力小幅度提升。,0
104022210,强化队友,102001210,2,1,addbuff,"[5,0,10]","[""2""]",0,onbattle,-1,=,10,-1,战斗开始时，增加得分后卫10%篮板能力，持续10分钟,0
104022220,强化队友,102001210,2,2,addbuff,"[5,0,15]","[""2""]",0,onbattle,-1,=,10,-1,战斗开始时，增加得分后卫15%篮板能力，持续10分钟,0
104022230,强化队友,102001210,2,3,addbuff,"[5,0,20]","[""2""]",0,onbattle,-1,=,10,-1,战斗开始时，增加得分后卫20%篮板能力，持续10分钟,0
104022240,强化队友,102001210,2,4,addbuff,"[5,0,30]","[""2""]",0,onbattle,-1,=,10,-1,战斗开始时，增加得分后卫30%篮板能力，持续10分钟,0
104022250,强化队友,102001210,2,5,addbuff,"[5,0,40]","[""2""]",0,onbattle,-1,=,10,-1,战斗开始时，增加得分后卫40%篮板能力，持续10分钟,0
104022260,强化队友,102001210,2,6,addbuff,"[5,0,50]","[""2""]",0,onbattle,-1,=,10,-1,战斗开始时，增加得分后卫50%篮板能力，持续10分钟,0
104022310,强化队友,102001210,3,1,addbuff,"[2,0,10]","[""4""]",0,onsection,4,=,12,-1,第4节增加大前锋10%传球能力,1
104022320,强化队友,102001210,3,2,addbuff,"[2,0,15]","[""4""]",0,onsection,4,=,12,-1,第4节增加大前锋15%传球能力，一定概率与大前锋挡拆，提升自己的命中率。,1
104022330,强化队友,102001210,3,3,addbuff,"[2,0,20]","[""4""]",0,onsection,4,=,12,-1,第4节增加大前锋20%传球能力，一定概率与大前锋挡拆，提升自己的命中率。,1
104022340,强化队友,102001210,3,4,addbuff,"[2,0,30]","[""4""]",0,onsection,4,=,12,-1,第4节增加大前锋30%传球能力，一定概率与大前锋挡拆，提升自己的命中率。,1
104022350,强化队友,102001210,3,5,addbuff,"[2,0,40]","[""4""]",0,onsection,4,=,12,-1,第4节增加大前锋40%传球能力，一定概率与大前锋挡拆，提升自己的命中率。,1
104022360,强化队友,102001210,3,6,addbuff,"[2,0,50]","[""4""]",0,onsection,4,=,12,-1,第4节增加大前锋50%传球能力，一定概率与大前锋挡拆，提升自己的命中率。,1
104022410,愈战愈勇,104002410,4,1,addbuff,"[6,0,10]","[""self""]",0,onpoint,30,=,3,1,得分超过30，增加10%得分buff，持续3分钟,0
104022420,愈战愈勇,104002410,4,2,addbuff,"[6,0,10]","[""self""]",0,onpoint,30,=,3,1,得分超过30，增加10%得分buff，持续3分钟，每连续命中2个球，队友传球意愿小幅度提升。,0
104022430,愈战愈勇,104002410,4,3,addbuff,"[6,0,10]","[""self""]",0,onpoint,25,=,3,1,得分超过25，增加10%得分buff，持续3分钟，每连续命中2个球，队友传球意愿小幅度提升。,0
104022440,愈战愈勇,104002410,4,4,addbuff,"[6,0,10]","[""self""]",0,onpoint,23,=,3,1,得分超过23，增加10%得分buff，持续3分钟，每连续命中2个球，队友传球意愿小幅度提升。,0
104022450,愈战愈勇,104002410,4,5,addbuff,"[6,0,10]","[""self""]",0,onpoint,20,=,3,1,得分超过20，增加10%得分buff，持续3分钟，每连续命中2个球，队友传球意愿小幅度提升。,0
104022460,愈战愈勇,104002410,4,6,addbuff,"[6,0,12]","[""self""]",0,onpoint,18,=,3,1,得分超过18，增加12%得分buff，持续3分钟，每连续命中2个球，队友传球意愿小幅度提升。,0
104023110,篮板强化,101004110,1,1,addbuff,"[5,0,10]","[""self""]",0,onbattle,-1,=,10,-1,战斗开始时，增加10%篮板能力，持续10分钟,0
104023120,篮板强化,101004110,1,2,addbuff,"[5,0,15]","[""self""]",0,onbattle,-1,=,10,-1,战斗开始时，增加15%篮板能力，持续10分钟，每抢到1个篮板，提高10%球队韧性。,0
104023130,篮板强化,101004110,1,3,addbuff,"[5,0,20]","[""self""]",0,onbattle,-1,=,10,-1,战斗开始时，增加20%篮板能力，持续10分钟，每抢到1个篮板，提高10%球队韧性。,0
104023140,篮板强化,101004110,1,4,addbuff,"[5,0,30]","[""self""]",0,onbattle,-1,=,10,-1,战斗开始时，增加30%篮板能力，持续10分钟，每抢到1个篮板，提高10%球队韧性。,0
104023150,篮板强化,101004110,1,5,addbuff,"[5,0,40]","[""self""]",0,onbattle,-1,=,10,-1,战斗开始时，增加40%篮板能力，持续10分钟，每抢到1个篮板，提高10%球队韧性。,0
104023160,篮板强化,101004110,1,6,addbuff,"[5,0,50]","[""self""]",0,onbattle,-1,=,10,-1,战斗开始时，增加50%篮板能力，持续10分钟，每抢到1个篮板，提高10%球队韧性。,0
104023210,强化队友,102001210,2,1,addbuff,"[5,0,10]","[""4""]",0,onbattle,-1,=,10,-1,战斗开始时，增加大前锋10%篮板能力，持续10分钟,0
104023220,强化队友,102001210,2,2,addbuff,"[5,0,15]","[""4""]",0,onbattle,-1,=,10,-1,战斗开始时，增加大前锋15%篮板能力，持续10分钟,0
104023230,强化队友,102001210,2,3,addbuff,"[5,0,20]","[""4""]",0,onbattle,-1,=,10,-1,战斗开始时，增加大前锋20%篮板能力，持续10分钟,0
104023240,强化队友,102001210,2,4,addbuff,"[5,0,30]","[""4""]",0,onbattle,-1,=,10,-1,战斗开始时，增加大前锋30%篮板能力，持续10分钟,0
104023250,强化队友,102001210,2,5,addbuff,"[5,0,40]","[""4""]",0,onbattle,-1,=,10,-1,战斗开始时，增加大前锋40%篮板能力，持续10分钟,0
104023260,强化队友,102001210,2,6,addbuff,"[5,0,50]","[""4""]",0,onbattle,-1,=,10,-1,战斗开始时，增加大前锋50%篮板能力，持续10分钟,0
104023310,强化队友,102001210,3,1,addbuff,"[6,0,10]","[""4""]",0,onsection,2,=,12,-1,第2节增加大前锋10%得分能力,1
104023320,强化队友,102001210,3,2,addbuff,"[6,0,15]","[""4""]",0,onsection,2,=,12,-1,第2节增加大前锋15%得分能力，大前锋的得分越多，盖帽能力越强。,1
104023330,强化队友,102001210,3,3,addbuff,"[6,0,20]","[""4""]",0,onsection,2,=,12,-1,第2节增加大前锋20%得分能力，大前锋的得分越多，盖帽能力越强。,1
104023340,强化队友,102001210,3,4,addbuff,"[6,0,30]","[""4""]",0,onsection,2,=,12,-1,第2节增加大前锋30%得分能力，大前锋的得分越多，盖帽能力越强。,1
104023350,强化队友,102001210,3,5,addbuff,"[6,0,40]","[""4""]",0,onsection,2,=,12,-1,第2节增加大前锋40%得分能力，大前锋的得分越多，盖帽能力越强。,1
104023360,强化队友,102001210,3,6,addbuff,"[6,0,50]","[""4""]",0,onsection,2,=,12,-1,第2节增加大前锋50%得分能力，大前锋的得分越多，盖帽能力越强。,1
104023410,逆风铁墙,104023410,4,1,addbuff,"[101,0,100]","[""self""]",0,onpointbehind,15,=,99,1,比分落后超过15分，消耗双倍体力，防守能力提升20%,0
104023411,,101001110,4,1,addbuff,"[3,0,20]","[""self""]",0,,15,=,99,1,,0
104023420,逆风铁墙,104023410,4,2,addbuff,"[101,0,100]","[""self""]",0,onpointbehind,15,=,99,1,比分落后超过15分，消耗双倍体力，防守能力提升25%，并获得防守BUFF[密不透风]，限制对方外线传球和策应能力。,0
104023421,,101001110,4,2,addbuff,"[3,0,25]","[""self""]",0,,15,=,99,1,,0
104023430,逆风铁墙,104023410,4,3,addbuff,"[101,0,100]","[""self""]",0,onpointbehind,15,=,99,1,比分落后超过15分，消耗双倍体力，防守能力提升30%，并获得防守BUFF[密不透风]，限制对方外线传球和策应能力。,0
104023431,,101001110,4,3,addbuff,"[3,0,30]","[""self""]",0,,15,=,99,1,,0
104023440,逆风铁墙,104023410,4,4,addbuff,"[101,0,100]","[""self""]",0,onpointbehind,15,=,99,1,比分落后超过15分，消耗双倍体力，防守能力提升35%，并获得防守BUFF[密不透风]，限制对方外线传球和策应能力。,0
104023441,,101001110,4,4,addbuff,"[3,0,35]","[""self""]",0,,15,=,99,1,,0
104023450,逆风铁墙,104023410,4,5,addbuff,"[101,0,100]","[""self""]",0,onpointbehind,15,=,99,1,比分落后超过15分，消耗双倍体力，防守能力提升40%，并获得防守BUFF[密不透风]，限制对方外线传球和策应能力。,0
104023451,,101001110,4,5,addbuff,"[3,0,40]","[""self""]",0,,15,=,99,1,,0
104023460,逆风铁墙,104023410,4,6,addbuff,"[101,0,100]","[""self""]",0,onpointbehind,15,=,99,1,比分落后超过15分，消耗双倍体力，防守能力提升50%，并获得防守BUFF[密不透风]，限制对方外线传球和策应能力。,0
104023461,,101001110,4,6,addbuff,"[3,0,50]","[""self""]",0,,15,=,99,1,,0
104024110,篮板强化,101004110,1,1,addbuff,"[5,0,10]","[""self""]",0,onbattle,-1,=,10,-1,战斗开始时，增加10%篮板能力，持续10分钟,0
104024120,篮板强化,101004110,1,2,addbuff,"[5,0,15]","[""self""]",0,onbattle,-1,=,10,-1,战斗开始时，增加15%篮板能力，持续10分钟，如果抢篮板失败，则一定幅度提升自己的移动速度。,0
104024130,篮板强化,101004110,1,3,addbuff,"[5,0,20]","[""self""]",0,onbattle,-1,=,10,-1,战斗开始时，增加20%篮板能力，持续10分钟，如果抢篮板失败，则一定幅度提升自己的移动速度。,0
104024140,篮板强化,101004110,1,4,addbuff,"[5,0,30]","[""self""]",0,onbattle,-1,=,10,-1,战斗开始时，增加30%篮板能力，持续10分钟，如果抢篮板失败，则一定幅度提升自己的移动速度。,0
104024150,篮板强化,101004110,1,5,addbuff,"[5,0,40]","[""self""]",0,onbattle,-1,=,10,-1,战斗开始时，增加40%篮板能力，持续10分钟，如果抢篮板失败，则一定幅度提升自己的移动速度。,0
104024160,篮板强化,101004110,1,6,addbuff,"[5,0,50]","[""self""]",0,onbattle,-1,=,10,-1,战斗开始时，增加50%篮板能力，持续10分钟，如果抢篮板失败，则一定幅度提升自己的移动速度。,0
104024210,强化队友,102001210,2,1,addbuff,"[5,0,10]","[""4""]",0,onbattle,-1,=,10,-1,战斗开始时，增加大前锋10%篮板能力，持续10分钟。,0
104024220,强化队友,102001210,2,2,addbuff,"[5,0,15]","[""4""]",0,onbattle,-1,=,10,-1,战斗开始时，增加大前锋15%篮板能力，持续10分钟。体力越多，篮板能力越强。,0
104024230,强化队友,102001210,2,3,addbuff,"[5,0,20]","[""4""]",0,onbattle,-1,=,10,-1,战斗开始时，增加大前锋20%篮板能力，持续10分钟。体力越多，篮板能力越强。,0
104024240,强化队友,102001210,2,4,addbuff,"[5,0,30]","[""4""]",0,onbattle,-1,=,10,-1,战斗开始时，增加大前锋30%篮板能力，持续10分钟。体力越多，篮板能力越强。,0
104024250,强化队友,102001210,2,5,addbuff,"[5,0,40]","[""4""]",0,onbattle,-1,=,10,-1,战斗开始时，增加大前锋40%篮板能力，持续10分钟。体力越多，篮板能力越强。,0
104024260,强化队友,102001210,2,6,addbuff,"[5,0,50]","[""4""]",0,onbattle,-1,=,10,-1,战斗开始时，增加大前锋50%篮板能力，持续10分钟。体力越多，篮板能力越强。,0
104024310,强化队友,102001210,3,1,addbuff,"[2,0,10]","[""4""]",0,onsection,2,=,12,-1,第2节增加大前锋10%传球能力,1
104024320,强化队友,102001210,3,2,addbuff,"[2,0,15]","[""4""]",0,onsection,2,=,12,-1,第2节增加大前锋15%传球能力，接球球员的三分意愿显著增强。,1
104024330,强化队友,102001210,3,3,addbuff,"[2,0,20]","[""4""]",0,onsection,2,=,12,-1,第2节增加大前锋20%传球能力，接球球员的三分意愿显著增强，投篮命中率中幅度上升。,1
104024340,强化队友,102001210,3,4,addbuff,"[2,0,30]","[""4""]",0,onsection,2,=,12,-1,第2节增加大前锋30%传球能力，接球球员的三分意愿显著增强，投篮命中率大幅上升。,1
104024350,强化队友,102001210,3,5,addbuff,"[2,0,40]","[""4""]",0,onsection,2,=,12,-1,第2节增加大前锋40%传球能力，接球球员的三分意愿显著增强，投篮命中率大幅上升。,1
104024360,强化队友,102001210,3,6,addbuff,"[2,0,50]","[""4""]",0,onsection,2,=,12,-1,第2节增加大前锋50%传球能力，接球球员的三分意愿显著增强，投篮命中率大幅上升。,1
104024410,精神领袖,104024410,4,1,addbuff,"[2,0,10]","[""1""]",0,onroundfreq,10,=,3,-1,每隔10分钟，给控球后卫提升10%传球buff，效果持续3分钟。,0
104024420,精神领袖,104024410,4,2,addbuff,"[2,0,10]","[""1""]",0,onroundfreq,10,=,3,-1,每隔10分钟，给控球后卫提升10%传球buff，得分后卫10%得分buff，效果持续3分钟。,0
104024421,,101001110,4,2,addbuff,"[6,0,10]","[""2""]",0,onroundfreq,10,=,3,-1,,0
104024430,精神领袖,104024410,4,3,addbuff,"[2,0,10]","[""1""]",0,onroundfreq,10,=,3,-1,每隔10分钟，给控球后卫提升10%传球buff，得分后卫10%得分buff，小前锋10%抢断能力，效果持续3分钟。,0
104024431,,101001110,4,3,addbuff,"[6,0,10]","[""2""]",0,onroundfreq,10,=,3,-1,,0
104024432,,101001110,4,3,addbuff,"[7,0,10]","[""3""]",0,onroundfreq,10,=,3,-1,,0
104024440,精神领袖,104024410,4,4,addbuff,"[2,0,10]","[""1""]",0,onroundfreq,10,=,3,-1,每隔10分钟，给控球后卫提升10%传球buff，得分后卫10%得分buff，小前锋10%抢断能力，大前锋10%篮板能力，效果持续3分钟。,0
104024441,,101001110,4,4,addbuff,"[6,0,10]","[""2""]",0,onroundfreq,10,=,3,-1,,0
104024442,,101001110,4,4,addbuff,"[7,0,10]","[""3""]",0,onroundfreq,10,=,3,-1,,0
104024443,,101001110,4,4,addbuff,"[5,0,10]","[""4""]",0,onroundfreq,10,=,3,-1,,0
104024450,精神领袖,104024410,4,5,addbuff,"[2,0,10]","[""1""]",0,onroundfreq,10,=,3,-1,每隔10分钟，给控球后卫提升10%传球buff，得分后卫10%得分buff，小前锋10%抢断能力，大前锋10%篮板能力，中锋10%盖帽能力，效果持续3分钟。,0
104024451,,101001110,4,5,addbuff,"[6,0,10]","[""2""]",0,onroundfreq,10,=,3,-1,,0
104024452,,101001110,4,5,addbuff,"[7,0,10]","[""3""]",0,onroundfreq,10,=,3,-1,,0
104024453,,101001110,4,5,addbuff,"[5,0,10]","[""4""]",0,onroundfreq,10,=,3,-1,,0
104024454,,101001110,4,5,addbuff,"[9,0,10]","[""5""]",0,onroundfreq,10,=,3,-1,,0
104024460,精神领袖,104024410,4,6,addbuff,"[2,0,12]","[""1""]",0,onroundfreq,8,=,4,-1,每隔8分钟，给控球后卫提升12%传球属性，得分后卫12%得分属性，小前锋12%抢断能力，大前锋12%篮板能力，中锋12%盖帽能力，该效果持续4分钟。,0
104024461,,101001110,4,6,addbuff,"[6,0,12]","[""2""]",0,onroundfreq,8,=,4,-1,,0
104024462,,101001110,4,6,addbuff,"[7,0,12]","[""3""]",0,onroundfreq,8,=,4,-1,,0
104024463,,101001110,4,6,addbuff,"[5,0,12]","[""4""]",0,onroundfreq,8,=,4,-1,,0
104024464,,101001110,4,6,addbuff,"[9,0,12]","[""5""]",0,onroundfreq,8,=,4,-1,,0
104025110,抢断强化,101002110,1,1,addbuff,"[7,0,10]","[""self""]",0,onbattle,-1,=,10,-1,战斗开始时，增加10%抢断能力，持续10分钟,0
104025120,抢断强化,101002110,1,2,addbuff,"[7,0,15]","[""self""]",0,onbattle,-1,=,10,-1,战斗开始时，增加15%抢断能力，持续10分钟。抢断后对方的进攻积极性小幅度下降。,0
104025130,抢断强化,101002110,1,3,addbuff,"[7,0,20]","[""self""]",0,onbattle,-1,=,10,-1,战斗开始时，增加20%抢断能力，持续10分钟。抢断后对方的进攻积极性小幅度下降。,0
104025140,抢断强化,101002110,1,4,addbuff,"[7,0,30]","[""self""]",0,onbattle,-1,=,10,-1,战斗开始时，增加30%抢断能力，持续10分钟。抢断后对方的进攻积极性小幅度下降。,0
104025150,抢断强化,101002110,1,5,addbuff,"[7,0,40]","[""self""]",0,onbattle,-1,=,10,-1,战斗开始时，增加40%抢断能力，持续10分钟。抢断后对方的进攻积极性小幅度下降。,0
104025160,抢断强化,101002110,1,6,addbuff,"[7,0,50]","[""self""]",0,onbattle,-1,=,10,-1,战斗开始时，增加50%抢断能力，持续10分钟。抢断后对方的进攻积极性小幅度下降。,0
104025210,强化队友,102001210,2,1,addbuff,"[5,0,10]","[""5""]",0,onbattle,-1,=,10,-1,战斗开始时，增加中锋10%篮板能力，持续10分钟,0
104025220,强化队友,102001210,2,2,addbuff,"[5,0,15]","[""5""]",0,onbattle,-1,=,10,-1,战斗开始时，增加中锋15%篮板能力，持续10分钟，小概率提升中锋卡位能力。,0
104025230,强化队友,102001210,2,3,addbuff,"[5,0,20]","[""5""]",0,onbattle,-1,=,10,-1,战斗开始时，增加中锋20%篮板能力，持续10分钟，中概率提升中锋卡位能力。,0
104025240,强化队友,102001210,2,4,addbuff,"[5,0,30]","[""5""]",0,onbattle,-1,=,10,-1,战斗开始时，增加中锋30%篮板能力，持续10分钟，较大概率提升中锋卡位能力。,0
104025250,强化队友,102001210,2,5,addbuff,"[5,0,40]","[""5""]",0,onbattle,-1,=,10,-1,战斗开始时，增加中锋40%篮板能力，持续10分钟，较大概率提升中锋卡位能力，并在本次进攻[制霸]篮下。,0
104025260,强化队友,102001210,2,6,addbuff,"[5,0,50]","[""5""]",0,onbattle,-1,=,10,-1,战斗开始时，增加中锋50%篮板能力，持续10分钟，较大概率提升中锋卡位能力，并在本次进攻[制霸]篮下。,0
104025310,强化队友,102001210,3,1,addbuff,"[2,0,10]","[""4""]",0,onsection,3,=,12,-1,第3节增加大前锋10%传球能力,1
104025320,强化队友,102001210,3,2,addbuff,"[2,0,15]","[""4""]",0,onsection,3,=,12,-1,第3节增加大前锋15%传球能力，大前锋传出的球命中率小幅度提升。,1
104025330,强化队友,102001210,3,3,addbuff,"[2,0,20]","[""4""]",0,onsection,3,=,12,-1,第3节增加大前锋20%传球能力，大前锋传出的球命中率小幅度提升。,1
104025340,强化队友,102001210,3,4,addbuff,"[2,0,30]","[""4""]",0,onsection,3,=,12,-1,第3节增加大前锋30%传球能力，大前锋传出的球命中率小幅度提升。,1
104025350,强化队友,102001210,3,5,addbuff,"[2,0,40]","[""4""]",0,onsection,3,=,12,-1,第3节增加大前锋40%传球能力，大前锋传出的球命中率小幅度提升。,1
104025360,强化队友,102001210,3,6,addbuff,"[2,0,50]","[""4""]",0,onsection,3,=,12,-1,第3节增加大前锋50%传球能力，大前锋传出的球命中率小幅度提升。,1
104025410,共命,104005410,4,1,forceoff,[20],"[""ran""]",1,onoff,0,=,-1,-1,被换下场时，20%概率强制更换对方任意一名球员下场。,0
104025420,共命,104005410,4,2,forceoff,[40],"[""ran""]",1,onoff,0,=,-1,-1,被换下场时，40%概率强制更换对方任意一名球员下场。对方被换下场的球员，失误概率小幅度提升。,0
104025430,共命,104005410,4,3,forceoff,[60],"[""ran""]",1,onoff,0,=,-1,-1,被换下场时，60%概率强制更换对方任意一名球员下场。对方被换下场的球员，失误概率小幅度提升。,0
104025440,共命,104005410,4,4,forceoff,[80],"[""ran""]",1,onoff,0,=,-1,-1,被换下场时，80%概率强制更换对方任意一名球员下场。对方被换下场的球员，失误概率小幅度提升。对方被换上场的球员稳定性下降。,0
104025450,共命,104005410,4,5,forceoff,[100],"[""ran""]",1,onoff,0,=,-1,-1,被换下场时，100%概率强制更换对方任意一名球员下场。对方被换下场的球员，失误概率小幅度提升。对方被换上场的球员稳定性下降。,0
104025460,共命,104005410,4,6,forceoff,[100],"[""ran""]",1,onoff,0,=,-1,-1,被换下场时，100%概率强制更换对方任意一名球员下场。对方被换下场的球员，失误概率提升。对方被换上场的球员稳定性下降。,0
104026110,得分强化,101006110,1,1,addbuff,"[6,0,10]","[""self""]",0,onbattle,-1,=,10,-1,战斗开始时，增加10%得分能力，持续10分钟,0
104026120,得分强化,101006110,1,2,addbuff,"[6,0,15]","[""self""]",0,onbattle,-1,=,10,-1,战斗开始时，增加15%得分能力，持续10分钟，小概率获得[天勾]加成，勾手概率大幅度提升。,0
104026130,得分强化,101006110,1,3,addbuff,"[6,0,20]","[""self""]",0,onbattle,-1,=,10,-1,战斗开始时，增加20%得分能力，持续10分钟，小概率获得[天勾]加成，勾手概率大幅度提升。,0
104026140,得分强化,101006110,1,4,addbuff,"[6,0,30]","[""self""]",0,onbattle,-1,=,10,-1,战斗开始时，增加30%得分能力，持续10分钟，小概率获得[天勾]加成，勾手概率大幅度提升。,0
104026150,得分强化,101006110,1,5,addbuff,"[6,0,40]","[""self""]",0,onbattle,-1,=,10,-1,战斗开始时，增加40%得分能力，持续10分钟，小概率获得[天勾]加成，勾手概率大幅度提升。,0
104026160,得分强化,101006110,1,6,addbuff,"[6,0,40]","[""self""]",0,onbattle,-1,=,10,-1,战斗开始时，增加40%得分能力，持续10分钟，小概率获得[天勾]加成，勾手概率大幅度提升。,0
104026210,强化队友,102001210,2,1,addbuff,"[8,0,10]","[""2""]",0,onbattle,-1,=,10,-1,战斗开始时，增加得分后卫10%控球能力，持续10分钟,0
104026220,强化队友,102001210,2,2,addbuff,"[8,0,15]","[""2""]",0,onbattle,-1,=,10,-1,战斗开始时，增加得分后卫15%控球能力，持续10分钟，小概率提升后撤步命中率。,0
104026230,强化队友,102001210,2,3,addbuff,"[8,0,20]","[""2""]",0,onbattle,-1,=,10,-1,战斗开始时，增加得分后卫20%控球能力，持续10分钟，小概率提升后撤步命中率。,0
104026240,强化队友,102001210,2,4,addbuff,"[8,0,30]","[""2""]",0,onbattle,-1,=,10,-1,战斗开始时，增加得分后卫30%控球能力，持续10分钟，小概率提升后撤步命中率。,0
104026250,强化队友,102001210,2,5,addbuff,"[8,0,40]","[""2""]",0,onbattle,-1,=,10,-1,战斗开始时，增加得分后卫40%控球能力，持续10分钟，小概率提升后撤步命中率。,0
104026260,强化队友,102001210,2,6,addbuff,"[8,0,50]","[""2""]",0,onbattle,-1,=,10,-1,战斗开始时，增加得分后卫50%控球能力，持续10分钟，小概率提升后撤步命中率。,0
104026310,强化队友,102001210,3,1,addbuff,"[2,0,10]","[""4""]",0,onsection,2,=,12,-1,第2节增加大前锋10%传球能力,1
104026320,强化队友,102001210,3,2,addbuff,"[2,0,15]","[""4""]",0,onsection,2,=,12,-1,第2节增加大前锋15%传球能力，接球球员的三分意愿显著增强。,1
104026330,强化队友,102001210,3,3,addbuff,"[2,0,20]","[""4""]",0,onsection,2,=,12,-1,第2节增加大前锋20%传球能力，接球球员的三分意愿显著增强，投篮命中率中幅度上升。,1
104026340,强化队友,102001210,3,4,addbuff,"[2,0,30]","[""4""]",0,onsection,2,=,12,-1,第2节增加大前锋30%传球能力，接球球员的三分意愿显著增强，投篮命中率大幅上升。,1
104026350,强化队友,102001210,3,5,addbuff,"[2,0,40]","[""4""]",0,onsection,2,=,12,-1,第2节增加大前锋40%传球能力，接球球员的三分意愿显著增强，投篮命中率大幅上升。,1
104026360,强化队友,102001210,3,6,addbuff,"[2,0,50]","[""4""]",0,onsection,2,=,12,-1,第2节增加大前锋50%传球能力，接球球员的三分意愿显著增强，投篮命中率大幅上升。,1
104026410,体力干扰,104026410,4,1,addbuff,"[101,0,-5]","[""ran""]",1,onroundfreq,10,=,3,-1,每10分钟，降低对方随机球员5%体力，持续3分钟。,0
104026420,体力干扰,104026410,4,2,addbuff,"[101,0,-8]","[""ran""]",1,onroundfreq,10,=,3,-1,每10分钟，降低对方随机球员8%体力，持续3分钟。被降低体力的球员[配合]下降，持球时间越长命中越低。,0
104026430,体力干扰,104026410,4,3,addbuff,"[101,0,-10]","[""ran""]",1,onroundfreq,10,=,3,-1,每10分钟，降低对方随机球员10%体力，持续3分钟。被降低体力的球员[配合]下降，持球时间越长命中越低。,0
104026440,体力干扰,104026410,4,4,addbuff,"[101,0,-15]","[""ran""]",1,onroundfreq,10,=,3,-1,每10分钟，降低对方随机球员15%体力，持续3分钟。被降低体力的球员[配合]下降，持球时间越长命中越低。,0
104026450,体力干扰,104026410,4,5,addbuff,"[101,0,-20]","[""ran""]",1,onroundfreq,10,=,3,-1,每10分钟，降低对方随机球员20%体力，持续3分钟。被降低体力的球员[配合]下降，持球时间越长命中越低。,0
104026460,体力干扰,104026410,4,6,addbuff,"[101,0,-25]","[""ran""]",1,onroundfreq,10,=,3,-1,每10分钟，降低对方随机球员25%体力，持续3分钟。被降低体力的球员[配合]下降，持球时间越长命中越低。,0
104027110,篮板强化,101004110,1,1,addbuff,"[5,0,10]","[""self""]",0,onbattle,-1,=,10,-1,战斗开始时，增加10%篮板能力，持续10分钟。,0
104027120,篮板强化,101004110,1,2,addbuff,"[5,0,15]","[""self""]",0,onbattle,-1,=,10,-1,战斗开始时，增加15%篮板能力，持续10分钟。每次争抢篮板无论成败都增强[斗志]。,0
104027130,篮板强化,101004110,1,3,addbuff,"[5,0,20]","[""self""]",0,onbattle,-1,=,10,-1,战斗开始时，增加20%篮板能力，持续10分钟。每次争抢篮板无论成败都增强[斗志]。,0
104027140,篮板强化,101004110,1,4,addbuff,"[5,0,30]","[""self""]",0,onbattle,-1,=,10,-1,战斗开始时，增加30%篮板能力，持续10分钟。每次争抢篮板无论成败都增强[斗志]。斗志高昂时命中额外大幅增加。,0
104027150,篮板强化,101004110,1,5,addbuff,"[5,0,40]","[""self""]",0,onbattle,-1,=,10,-1,战斗开始时，增加40%篮板能力，持续10分钟。每次争抢篮板无论成败都增强[斗志]。斗志高昂时命中额外大幅增加。,0
104027160,篮板强化,101004110,1,6,addbuff,"[5,0,50]","[""self""]",0,onbattle,-1,=,10,-1,战斗开始时，增加50%篮板能力，持续10分钟。每次争抢篮板无论成败都增强[斗志]。斗志高昂时命中额外大幅增加。,0
104027210,强化队友,102001210,2,1,addbuff,"[5,0,10]","[""3""]",0,onbattle,-1,=,10,-1,战斗开始时，增加小前锋10%篮板能力，持续10分钟,0
104027220,强化队友,102001210,2,2,addbuff,"[5,0,15]","[""3""]",0,onbattle,-1,=,10,-1,战斗开始时，增加小前锋15%篮板能力，持续10分钟，并小幅度提升小前锋的[落点判断]能力。,0
104027230,强化队友,102001210,2,3,addbuff,"[5,0,20]","[""3""]",0,onbattle,-1,=,10,-1,战斗开始时，增加小前锋20%篮板能力，持续10分钟，并小幅度提升小前锋的[落点判断]能力。,0
104027240,强化队友,102001210,2,4,addbuff,"[5,0,30]","[""3""]",0,onbattle,-1,=,10,-1,战斗开始时，增加小前锋30%篮板能力，持续10分钟，并中幅度提升小前锋的[落点判断]能力。,0
104027250,强化队友,102001210,2,5,addbuff,"[5,0,40]","[""3""]",0,onbattle,-1,=,10,-1,战斗开始时，增加小前锋40%篮板能力，持续10分钟，并大幅度提升小前锋的[落点判断]能力。,0
104027260,强化队友,102001210,2,6,addbuff,"[5,0,50]","[""3""]",0,onbattle,-1,=,10,-1,战斗开始时，增加小前锋50%篮板能力，持续10分钟，并大幅度提升小前锋的[落点判断]能力。,0
104027310,强化队友,102001210,3,1,addbuff,"[5,0,10]","[""3""]",0,onsection,2,=,12,-1,第2节增加小前锋10%篮板能力,1
104027320,强化队友,102001210,3,2,addbuff,"[5,0,15]","[""3""]",0,onsection,2,=,12,-1,第2节增加小前锋15%篮板能力，小前锋篮板超过5个，抢断能力额外增加。,1
104027330,强化队友,102001210,3,3,addbuff,"[5,0,20]","[""3""]",0,onsection,2,=,12,-1,第2节增加小前锋20%篮板能力，小前锋篮板超过5个，抢断能力额外增加。,1
104027340,强化队友,102001210,3,4,addbuff,"[5,0,30]","[""3""]",0,onsection,2,=,12,-1,第2节增加小前锋30%篮板能力，小前锋篮板超过5个，抢断能力额外增加。,1
104027350,强化队友,102001210,3,5,addbuff,"[5,0,40]","[""3""]",0,onsection,2,=,12,-1,第2节增加小前锋40%篮板能力，小前锋篮板超过5个，抢断能力额外增加。,1
104027360,强化队友,102001210,3,6,addbuff,"[5,0,50]","[""3""]",0,onsection,2,=,12,-1,第2节增加小前锋50%篮板能力，小前锋篮板超过5个，抢断能力额外增加。,1
104027410,连携强化,104007410,4,1,addbuff,"[6,0,15]","[""self""]",0,onbattlewith,104028,=,12,1,与顾全一起上场时，自己得分能力提高15%，持续1节比赛,0
104027420,连携强化,104007410,4,2,addbuff,"[6,0,20]","[""self""]",0,onbattlewith,104028,=,12,1,与顾全一起上场时，自己得分能力提高20%，持续1节比赛。,0
104027430,连携强化,104007410,4,3,addbuff,"[6,0,30]","[""self""]",0,onbattlewith,104028,=,12,1,与顾全一起上场时，自己得分能力提高30%，且顾全在场时自己体力流失下降30%，持续1节比赛,0
104027431,,101001110,4,3,addbuff,"[101,0,-30]","[""self""]",0,onbattlewith,104028,=,12,-1,,0
104027440,连携强化,104007410,4,4,addbuff,"[6,0,40]","[""self""]",0,onbattlewith,104028,=,12,1,与顾全一起上场时，自己得分能力提高40%，且顾全在场时自己体力流失下降50%，持续1节比赛,0
104027441,,101001110,4,4,addbuff,"[101,0,-50]","[""self""]",0,onbattlewith,104028,=,12,-1,,0
104027450,连携强化,104007410,4,5,addbuff,"[6,0,50]","[""self""]",0,onbattlewith,104028,=,12,1,与顾全一起上场时，自己得分能力提高50%，且顾全在场时自己体力不下降，持续1节比赛,0
104027451,,101001110,4,5,addbuff,"[101,0,-100]","[""self""]",0,onbattlewith,104028,=,12,-1,,0
104027460,连携强化,104007410,4,6,addbuff,"[6,0,60]","[""self""]",0,onbattlewith,104028,=,12,1,与顾全一起上场时，自己得分能力提高60%，且顾全在场时自己体力不下降，持续1节比赛,0
104027461,,101001110,4,6,addbuff,"[101,0,-100]","[""self""]",0,onbattlewith,104028,=,12,-1,,0
104028110,篮板强化,101004110,1,1,addbuff,"[5,0,10]","[""self""]",0,onbattle,-1,=,10,-1,战斗开始时，增加10%篮板能力，持续10分钟,0
104028120,篮板强化,101004110,1,2,addbuff,"[5,0,15]","[""self""]",0,onbattle,-1,=,10,-1,战斗开始时，增加15%篮板能力，持续10分钟，如果是进攻篮板，则直接转为[补篮]。,0
104028130,篮板强化,101004110,1,3,addbuff,"[5,0,20]","[""self""]",0,onbattle,-1,=,10,-1,战斗开始时，增加20%篮板能力，持续10分钟，如果是进攻篮板，则直接转为[补篮]，[补篮]命中小幅提升。,0
104028140,篮板强化,101004110,1,4,addbuff,"[5,0,30]","[""self""]",0,onbattle,-1,=,10,-1,战斗开始时，增加30%篮板能力，持续10分钟，如果是进攻篮板，则直接转为[补篮]，[补篮]命中中幅提升。,0
104028150,篮板强化,101004110,1,5,addbuff,"[5,0,40]","[""self""]",0,onbattle,-1,=,10,-1,战斗开始时，增加40%篮板能力，持续10分钟，如果是进攻篮板，则直接转为[补篮]，[补篮]命中大幅提升。,0
104028160,篮板强化,101004110,1,6,addbuff,"[5,0,50]","[""self""]",0,onbattle,-1,=,10,-1,战斗开始时，增加50%篮板能力，持续10分钟，如果是进攻篮板，则直接转为[补篮]，[补篮]命中大幅提升。,0
104028210,强化队友,102001210,2,1,addbuff,"[5,0,10]","[""2""]",0,onbattle,-1,=,10,-1,战斗开始时，增加得分后卫10%篮板能力，持续10分钟,0
104028220,强化队友,102001210,2,2,addbuff,"[5,0,15]","[""2""]",0,onbattle,-1,=,10,-1,战斗开始时，增加得分后卫15%篮板能力，持续10分钟,0
104028230,强化队友,102001210,2,3,addbuff,"[5,0,20]","[""2""]",0,onbattle,-1,=,10,-1,战斗开始时，增加得分后卫20%篮板能力，持续10分钟,0
104028240,强化队友,102001210,2,4,addbuff,"[5,0,30]","[""2""]",0,onbattle,-1,=,10,-1,战斗开始时，增加得分后卫30%篮板能力，持续10分钟,0
104028250,强化队友,102001210,2,5,addbuff,"[5,0,40]","[""2""]",0,onbattle,-1,=,10,-1,战斗开始时，增加得分后卫40%篮板能力，持续10分钟,0
104028260,强化队友,102001210,2,6,addbuff,"[5,0,50]","[""2""]",0,onbattle,-1,=,10,-1,战斗开始时，增加得分后卫50%篮板能力，持续10分钟,0
104028310,强化队友,102001210,3,1,addbuff,"[6,0,10]","[""2""]",0,onsection,2,=,12,-1,第2节增加得分后卫10%得分能力,1
104028320,强化队友,102001210,3,2,addbuff,"[6,0,15]","[""2""]",0,onsection,2,=,12,-1,第2节增加得分后卫15%得分能力，并积极为其掩护，小概率造成对手犯规。,1
104028330,强化队友,102001210,3,3,addbuff,"[6,0,20]","[""2""]",0,onsection,2,=,12,-1,第2节增加得分后卫20%得分能力，并积极为其掩护，小概率造成对手犯规。,1
104028340,强化队友,102001210,3,4,addbuff,"[6,0,30]","[""2""]",0,onsection,2,=,12,-1,第2节增加得分后卫30%得分能力，并积极为其掩护，小概率造成对手犯规。,1
104028350,强化队友,102001210,3,5,addbuff,"[6,0,40]","[""2""]",0,onsection,2,=,12,-1,第2节增加得分后卫40%得分能力，并积极为其掩护，小概率造成对手犯规。,1
104028360,强化队友,102001210,3,6,addbuff,"[6,0,50]","[""2""]",0,onsection,2,=,12,-1,第2节增加得分后卫50%得分能力，并积极为其掩护，小概率造成对手犯规。,1
104028410,连携强化,104007410,4,1,addbuff,"[6,0,20]","[""self""]",0,onbattlewith,104027,=,12,1,与贺希宁一起上场时，自己得分能力提高20%，持续1节,0
104028420,连携强化,104007410,4,2,addbuff,"[6,0,25]","[""self""]",0,onbattlewith,104027,=,12,1,与贺希宁一起上场时，自己得分能力提高25%，持续1节。当贺希宁的进攻不中时，自己的篮板能力中幅度提升。,0
104028430,连携强化,104007410,4,3,addbuff,"[6,0,30]","[""self""]",0,onbattlewith,104027,=,12,1,与贺希宁一起上场时，自己得分能力提高30%，持续1节。当贺希宁的进攻不中时，自己的篮板能力中幅度提升。,0
104028440,连携强化,104007410,4,4,addbuff,"[6,0,40]","[""self""]",0,onbattlewith,104027,=,12,1,与贺希宁一起上场时，自己得分能力提高40%，持续1节。当贺希宁的进攻不中时，自己的篮板能力中幅度提升。,0
104028450,连携强化,104007410,4,5,addbuff,"[6,0,50]","[""self""]",0,onbattlewith,104027,=,12,1,与贺希宁一起上场时，自己得分能力提高50%，持续1节。当贺希宁的进攻不中时，自己的篮板能力中幅度提升。,0
104028460,连携强化,104007410,4,6,addbuff,"[6,0,60]","[""self""]",0,onbattlewith,104027,=,12,1,与贺希宁一起上场时，自己得分能力提高60%，持续1节。当贺希宁的进攻不中时，自己的篮板能力中幅度提升。,0
104029110,控球强化,101005110,1,1,addbuff,"[8,0,10]","[""self""]",0,onbattle,-1,=,10,-1,战斗开始时，增加10%控球能力，持续10分钟,0
104029120,控球强化,101005110,1,2,addbuff,"[8,0,15]","[""self""]",0,onbattle,-1,=,10,-1,战斗开始时，增加15%控球能力，持续10分钟，小概率开启花式运球。,0
104029130,控球强化,101005110,1,3,addbuff,"[8,0,20]","[""self""]",0,onbattle,-1,=,10,-1,战斗开始时，增加20%控球能力，持续10分钟，花式运球过人概率提升。,0
104029140,控球强化,101005110,1,4,addbuff,"[8,0,30]","[""self""]",0,onbattle,-1,=,10,-1,战斗开始时，增加30%控球能力，持续10分钟，花式运球触发后必定过人。,0
104029150,控球强化,101005110,1,5,addbuff,"[8,0,40]","[""self""]",0,onbattle,-1,=,10,-1,战斗开始时，增加40%控球能力，持续10分钟，花式运球小幅度触发[晃倒]。,0
104029160,控球强化,101005110,1,6,addbuff,"[8,0,50]","[""self""]",0,onbattle,-1,=,10,-1,战斗开始时，增加50%控球能力，持续10分钟，花式运球小幅度触发[晃倒]。,0
104029210,强化队友,102001210,2,1,addbuff,"[2,0,10]","[""5""]",0,onbattle,-1,=,10,-1,战斗开始时，增加中锋10%传球能力，持续10分钟,0
104029220,强化队友,102001210,2,2,addbuff,"[2,0,15]","[""5""]",0,onbattle,-1,=,10,-1,战斗开始时，增加中锋15%传球能力，持续10分钟，接到该中锋传球，必定命中。,0
104029230,强化队友,102001210,2,3,addbuff,"[2,0,20]","[""5""]",0,onbattle,-1,=,10,-1,战斗开始时，增加中锋20%传球能力，持续10分钟，接到该中锋传球，必定命中。,0
104029240,强化队友,102001210,2,4,addbuff,"[2,0,30]","[""5""]",0,onbattle,-1,=,10,-1,战斗开始时，增加中锋30%传球能力，持续10分钟，接到该中锋传球，必定命中。,0
104029250,强化队友,102001210,2,5,addbuff,"[2,0,40]","[""5""]",0,onbattle,-1,=,10,-1,战斗开始时，增加中锋40%传球能力，持续10分钟，接到该中锋传球，必定命中。,0
104029260,强化队友,102001210,2,6,addbuff,"[2,0,50]","[""5""]",0,onbattle,-1,=,10,-1,战斗开始时，增加中锋50%传球能力，持续10分钟，接到该中锋传球，必定命中。,0
104029310,强化队友,102001210,3,1,addbuff,"[2,0,10]","[""5""]",0,onsection,4,=,12,-1,第4节增加中锋10%传球能力,1
104029320,强化队友,102001210,3,2,addbuff,"[2,0,15]","[""5""]",0,onsection,4,=,12,-1,第4节增加中锋15%传球能力，接到该中锋传球，必定命中。,1
104029330,强化队友,102001210,3,3,addbuff,"[2,0,20]","[""5""]",0,onsection,4,=,12,-1,第4节增加中锋20%传球能力，接到该中锋传球，必定命中。,1
104029340,强化队友,102001210,3,4,addbuff,"[2,0,30]","[""5""]",0,onsection,4,=,12,-1,第4节增加中锋30%传球能力，接到该中锋传球，必定命中。,1
104029350,强化队友,102001210,3,5,addbuff,"[2,0,40]","[""5""]",0,onsection,4,=,12,-1,第4节增加中锋40%传球能力，接到该中锋传球，必定命中。,1
104029360,强化队友,102001210,3,6,addbuff,"[2,0,50]","[""5""]",0,onsection,4,=,12,-1,第4节增加中锋50%传球能力，接到该中锋传球，必定命中。,1
104029410,体力回复,104009410,4,1,addprop,"[101,0,20]","[""self""]",0,onpoint,30,=,-1,1,得分超过30，回复20%体力,0
104029420,体力回复,104009410,4,2,addprop,"[101,0,20]","[""self""]",0,onpoint,30,=,-1,1,得分超过30，回复20%体力，每回复1点体力，增强1点[必胜]信念，每40点必胜信念，获得1次[必中]的投篮机会。,0
104029430,体力回复,104009410,4,3,addprop,"[101,0,20]","[""self""]",0,onpoint,25,=,-1,1,得分超过25，回复20%体力，每回复1点体力，增强1点[必胜]信念，每30点必胜信念，获得1次[必中]的投篮机会。,0
104029440,体力回复,104009410,4,4,addprop,"[101,0,20]","[""self""]",0,onpoint,25,=,-1,1,得分超过25，回复20%体力，每回复1点体力，增强1点[必胜]信念，每25点必胜信念，获得1次[必中]的投篮机会。,0
104029450,体力回复,104009410,4,5,addprop,"[101,0,20]","[""self""]",0,onpoint,20,=,-1,1,得分超过20，回复20%体力，每回复1点体力，增强1点[必胜]信念，每20点必胜信念，获得1次[必中]的投篮机会。,0
104029460,体力回复,104009410,4,6,addprop,"[101,0,25]","[""self""]",0,onpoint,20,=,-1,1,得分超过20，回复25%体力，每回复1点体力，增强1点[必胜]信念，每20点必胜信念，获得1次[必中]的投篮机会。,0
104030110,抢断强化,101002110,1,1,addbuff,"[7,0,10]","[""self""]",0,onbattle,-1,=,10,-1,战斗开始时，增加10%抢断能力，持续10分钟,0
104030120,抢断强化,101002110,1,2,addbuff,"[7,0,15]","[""self""]",0,onbattle,-1,=,10,-1,战斗开始时，增加15%抢断能力，持续10分钟，每次抢断，降低被抢断对手[斗志]。,0
104030130,抢断强化,101002110,1,3,addbuff,"[7,0,20]","[""self""]",0,onbattle,-1,=,10,-1,战斗开始时，增加20%抢断能力，持续10分钟，每次抢断，降低被抢断对手[斗志]。,0
104030140,抢断强化,101002110,1,4,addbuff,"[7,0,30]","[""self""]",0,onbattle,-1,=,10,-1,战斗开始时，增加30%抢断能力，持续10分钟，每次抢断，降低被抢断对手[斗志]。对手[斗志]低迷时，命中率降低60%,0
104030150,抢断强化,101002110,1,5,addbuff,"[7,0,40]","[""self""]",0,onbattle,-1,=,10,-1,战斗开始时，增加40%抢断能力，持续10分钟，每次抢断，降低被抢断对手[斗志]。对手[斗志]低迷时，命中率降低60%,0
104030160,抢断强化,101002110,1,6,addbuff,"[7,0,50]","[""self""]",0,onbattle,-1,=,10,-1,战斗开始时，增加50%抢断能力，持续10分钟，每次抢断，降低被抢断对手[斗志]。对手[斗志]低迷时，命中率降低60%,0
104030210,强化队友,102001210,2,1,addbuff,"[6,0,10]","[""5""]",0,onbattle,-1,=,10,-1,战斗开始时，增加中锋10%得分能力，持续10分钟,0
104030220,强化队友,102001210,2,2,addbuff,"[6,0,15]","[""5""]",0,onbattle,-1,=,10,-1,战斗开始时，增加中锋15%得分能力，持续10分钟，中锋得分越高，被防守时扛干扰能力越强。,0
104030230,强化队友,102001210,2,3,addbuff,"[6,0,20]","[""5""]",0,onbattle,-1,=,10,-1,战斗开始时，增加中锋20%得分能力，持续10分钟，中锋得分越高，被防守时扛干扰能力越强。,0
104030240,强化队友,102001210,2,4,addbuff,"[6,0,30]","[""5""]",0,onbattle,-1,=,10,-1,战斗开始时，增加中锋30%得分能力，持续10分钟，中锋得分越高，被防守时扛干扰能力越强。,0
104030250,强化队友,102001210,2,5,addbuff,"[6,0,40]","[""5""]",0,onbattle,-1,=,10,-1,战斗开始时，增加中锋40%得分能力，持续10分钟，中锋得分越高，被防守时扛干扰能力越强。,0
104030260,强化队友,102001210,2,6,addbuff,"[6,0,50]","[""5""]",0,onbattle,-1,=,10,-1,战斗开始时，增加中锋50%得分能力，持续10分钟，中锋得分越高，被防守时扛干扰能力越强。,0
104030310,强化队友,102001210,3,1,addbuff,"[6,0,10]","[""5""]",0,onsection,3,=,12,-1,第3节增加中锋10%得分能力,1
104030320,强化队友,102001210,3,2,addbuff,"[6,0,15]","[""5""]",0,onsection,3,=,12,-1,第3节增加中锋15%得分能力,1
104030330,强化队友,102001210,3,3,addbuff,"[6,0,20]","[""5""]",0,onsection,3,=,12,-1,第3节增加中锋20%得分能力,1
104030340,强化队友,102001210,3,4,addbuff,"[6,0,30]","[""5""]",0,onsection,3,=,12,-1,第3节增加中锋30%得分能力,1
104030350,强化队友,102001210,3,5,addbuff,"[6,0,40]","[""5""]",0,onsection,3,=,12,-1,第3节增加中锋40%得分能力,1
104030360,强化队友,102001210,3,6,addbuff,"[6,0,50]","[""5""]",0,onsection,3,=,12,-1,第3节增加中锋50%得分能力,1
104030410,遇强则强,104030410,4,1,addbuff,"[3,0,10]","[""self""]",1,onpoint2,20,=,3,1,对方任意球员得分超过20，提高自己10%防守能力，持续3分钟,0
104030420,遇强则强,104030410,4,2,addbuff,"[3,0,20]","[""self""]",1,onpoint2,20,=,3,1,对方任意球员得分超过20，提高自己20%防守能力，持续3分钟，发起[针对]，被针对球员的得分能力小幅度下降。,0
104030430,遇强则强,104030410,4,3,addbuff,"[3,0,30]","[""self""]",1,onpoint2,20,=,3,1,对方任意球员得分超过20，提高自己30%防守能力，持续3分钟，发起[针对]，被针对球员的得分能力小幅度下降。,0
104030440,遇强则强,104030410,4,4,addbuff,"[3,0,50]","[""self""]",1,onpoint2,20,=,3,1,对方任意球员得分超过20，提高自己50%防守能力，持续3分钟，发起[针对]，被针对球员的得分能力较小幅度下降。,0
104030450,遇强则强,104030410,4,5,addbuff,"[3,0,100]","[""self""]",1,onpoint2,20,=,3,1,对方任意球员得分超过20，提高自己100%防守能力，持续3分钟，发起[针对]，被针对球员的得分能力较小幅度下降。,0
104030460,遇强则强,104030410,4,6,addbuff,"[3,0,110]","[""self""]",1,onpoint2,20,=,3,1,对方任意球员得分超过20，提高自己110%防守能力，持续3分钟，发起[针对]，被针对球员的得分能力较小幅度下降。,0
104031110,篮板强化,101004110,1,1,addbuff,"[5,0,10]","[""self""]",0,onbattle,-1,=,10,-1,战斗开始时，增加10%篮板能力，持续10分钟,0
104031120,篮板强化,101004110,1,2,addbuff,"[5,0,15]","[""self""]",0,onbattle,-1,=,10,-1,战斗开始时，增加15%篮板能力，持续10分钟，每次抢到篮板，获得30秒的[卡位]加成。,0
104031130,篮板强化,101004110,1,3,addbuff,"[5,0,20]","[""self""]",0,onbattle,-1,=,10,-1,战斗开始时，增加20%篮板能力，持续10分钟，每次抢到篮板，获得30秒的[卡位]加成。,0
104031140,篮板强化,101004110,1,4,addbuff,"[5,0,30]","[""self""]",0,onbattle,-1,=,10,-1,战斗开始时，增加30%篮板能力，持续10分钟，每次抢到篮板，获得1分钟的[卡位]加成。,0
104031150,篮板强化,101004110,1,5,addbuff,"[5,0,40]","[""self""]",0,onbattle,-1,=,10,-1,战斗开始时，增加40%篮板能力，持续10分钟，每次抢到篮板，获得1分钟的[卡位]加成。,0
104031160,篮板强化,101004110,1,6,addbuff,"[5,0,50]","[""self""]",0,onbattle,-1,=,10,-1,战斗开始时，增加50%篮板能力，持续10分钟，每次抢到篮板，获得1分钟的[卡位]加成。,0
104031210,强化队友,102001210,2,1,addbuff,"[5,0,10]","[""3""]",0,onbattle,-1,=,10,-1,战斗开始时，增加小前锋10%篮板能力，持续10分钟,0
104031220,强化队友,102001210,2,2,addbuff,"[5,0,15]","[""3""]",0,onbattle,-1,=,10,-1,战斗开始时，增加小前锋15%篮板能力，持续10分钟，并小幅度提升小前锋的[落点判断]能力。,0
104031230,强化队友,102001210,2,3,addbuff,"[5,0,20]","[""3""]",0,onbattle,-1,=,10,-1,战斗开始时，增加小前锋20%篮板能力，持续10分钟，并小幅度提升小前锋的[落点判断]能力。,0
104031240,强化队友,102001210,2,4,addbuff,"[5,0,30]","[""3""]",0,onbattle,-1,=,10,-1,战斗开始时，增加小前锋30%篮板能力，持续10分钟，并中幅度提升小前锋的[落点判断]能力。,0
104031250,强化队友,102001210,2,5,addbuff,"[5,0,40]","[""3""]",0,onbattle,-1,=,10,-1,战斗开始时，增加小前锋40%篮板能力，持续10分钟，并大幅度提升小前锋的[落点判断]能力。,0
104031260,强化队友,102001210,2,6,addbuff,"[5,0,50]","[""3""]",0,onbattle,-1,=,10,-1,战斗开始时，增加小前锋50%篮板能力，持续10分钟，并大幅度提升小前锋的[落点判断]能力。,0
104031310,强化队友,102001210,3,1,addbuff,"[5,0,10]","[""3""]",0,onsection,2,=,12,-1,第2节增加小前锋10%篮板能力,1
104031320,强化队友,102001210,3,2,addbuff,"[5,0,15]","[""3""]",0,onsection,2,=,12,-1,第2节增加小前锋15%篮板能力，小前锋篮板超过5个，抢断能力额外增加。,1
104031330,强化队友,102001210,3,3,addbuff,"[5,0,20]","[""3""]",0,onsection,2,=,12,-1,第2节增加小前锋20%篮板能力，小前锋篮板超过5个，抢断能力额外增加。,1
104031340,强化队友,102001210,3,4,addbuff,"[5,0,30]","[""3""]",0,onsection,2,=,12,-1,第2节增加小前锋30%篮板能力，小前锋篮板超过5个，抢断能力额外增加。,1
104031350,强化队友,102001210,3,5,addbuff,"[5,0,40]","[""3""]",0,onsection,2,=,12,-1,第2节增加小前锋40%篮板能力，小前锋篮板超过5个，抢断能力额外增加。,1
104031360,强化队友,102001210,3,6,addbuff,"[5,0,40]","[""3""]",0,onsection,2,=,12,-1,第2节增加小前锋40%篮板能力，小前锋篮板超过5个，抢断能力额外增加。,1
104031410,连携强化,104007410,4,1,addbuff,"[6,0,15]","[""self""]",0,onbattlewith,104033,=,12,1,与林葳一起上场时，自己得分能力提高15%，持续1节比赛,0
104031420,连携强化,104007410,4,2,addbuff,"[6,0,20]","[""self""]",0,onbattlewith,104033,=,12,1,与林葳一起上场时，自己得分能力提高20%，持续1节比赛,0
104031430,连携强化,104007410,4,3,addbuff,"[6,0,30]","[""self""]",0,onbattlewith,104033,=,12,1,与林葳一起上场时，自己得分能力提高30%，且林葳在场时自己体力流失下降30%，持续1节比赛,0
104031431,,101001110,4,3,addbuff,"[101,0,-30]","[""self""]",0,onbattlewith,104033,=,12,-1,,0
104031440,连携强化,104007410,4,4,addbuff,"[6,0,40]","[""self""]",0,onbattlewith,104033,=,12,1,与林葳一起上场时，自己得分能力提高40%，且林葳在场时自己体力流失下降50%，持续1节比赛,0
104031441,,101001110,4,4,addbuff,"[101,0,-50]","[""self""]",0,onbattlewith,104033,=,12,-1,,0
104031450,连携强化,104007410,4,5,addbuff,"[6,0,50]","[""self""]",0,onbattlewith,104033,=,12,1,与林葳一起上场时，自己得分能力提高50%，且林葳在场时自己体力不下降，持续1节比赛,0
104031451,,101001110,4,5,addbuff,"[101,0,-100]","[""self""]",0,onbattlewith,104033,=,12,-1,,0
104031460,连携强化,104007410,4,6,addbuff,"[6,0,60]","[""self""]",0,onbattlewith,104033,=,12,1,与林葳一起上场时，自己得分能力提高60%，且林葳在场时自己体力不下降，持续1节比赛,0
104031461,,101001110,4,6,addbuff,"[101,0,-100]","[""self""]",0,onbattlewith,104033,=,12,-1,,0
104032110,控球强化,101005110,1,1,addbuff,"[8,0,10]","[""self""]",0,onbattle,-1,=,10,-1,战斗开始时，增加10%控球能力，持续10分钟,0
104032120,控球强化,101005110,1,2,addbuff,"[8,0,15]","[""self""]",0,onbattle,-1,=,10,-1,战斗开始时，增加15%控球能力，持续10分钟，小概率开启花式运球。,0
104032130,控球强化,101005110,1,3,addbuff,"[8,0,20]","[""self""]",0,onbattle,-1,=,10,-1,战斗开始时，增加20%控球能力，持续10分钟，花式运球过人概率提升。,0
104032140,控球强化,101005110,1,4,addbuff,"[8,0,30]","[""self""]",0,onbattle,-1,=,10,-1,战斗开始时，增加30%控球能力，持续10分钟，花式运球触发后必定过人。,0
104032150,控球强化,101005110,1,5,addbuff,"[8,0,40]","[""self""]",0,onbattle,-1,=,10,-1,战斗开始时，增加40%控球能力，持续10分钟，花式运球小幅度触发[晃倒]。,0
104032160,控球强化,101005110,1,6,addbuff,"[8,0,50]","[""self""]",0,onbattle,-1,=,10,-1,战斗开始时，增加40%控球能力，持续10分钟，花式运球小幅度触发[晃倒]。,0
104032210,强化队友,102001210,2,1,addbuff,"[2,0,10]","[""5""]",0,onbattle,-1,=,10,-1,战斗开始时，增加中锋10%传球能力，持续10分钟,0
104032220,强化队友,102001210,2,2,addbuff,"[2,0,15]","[""5""]",0,onbattle,-1,=,10,-1,战斗开始时，增加中锋15%传球能力，持续10分钟，接到该中锋传球，必定命中。,0
104032230,强化队友,102001210,2,3,addbuff,"[2,0,20]","[""5""]",0,onbattle,-1,=,10,-1,战斗开始时，增加中锋20%传球能力，持续10分钟，接到该中锋传球，必定命中。,0
104032240,强化队友,102001210,2,4,addbuff,"[2,0,30]","[""5""]",0,onbattle,-1,=,10,-1,战斗开始时，增加中锋30%传球能力，持续10分钟，接到该中锋传球，必定命中。,0
104032250,强化队友,102001210,2,5,addbuff,"[2,0,40]","[""5""]",0,onbattle,-1,=,10,-1,战斗开始时，增加中锋40%传球能力，持续10分钟，接到该中锋传球，必定命中。,0
104032260,强化队友,102001210,2,6,addbuff,"[2,0,50]","[""5""]",0,onbattle,-1,=,10,-1,战斗开始时，增加中锋50%传球能力，持续10分钟，接到该中锋传球，必定命中。,0
104032310,强化队友,102001210,3,1,addbuff,"[2,0,10]","[""5""]",0,onsection,4,=,12,-1,第4节增加中锋10%传球能力,1
104032320,强化队友,102001210,3,2,addbuff,"[2,0,15]","[""5""]",0,onsection,4,=,12,-1,第4节增加中锋15%传球能力，接到该中锋传球，必定命中。,1
104032330,强化队友,102001210,3,3,addbuff,"[2,0,20]","[""5""]",0,onsection,4,=,12,-1,第4节增加中锋20%传球能力，接到该中锋传球，必定命中。,1
104032340,强化队友,102001210,3,4,addbuff,"[2,0,30]","[""5""]",0,onsection,4,=,12,-1,第4节增加中锋30%传球能力，接到该中锋传球，必定命中。,1
104032350,强化队友,102001210,3,5,addbuff,"[2,0,40]","[""5""]",0,onsection,4,=,12,-1,第4节增加中锋40%传球能力，接到该中锋传球，必定命中。,1
104032360,强化队友,102001210,3,6,addbuff,"[2,0,50]","[""6""]",0,onsection,4,=,12,-1,第4节增加中锋50%传球能力，接到该中锋传球，必定命中。,1
104032410,体力回复,104009410,4,1,addprop,"[101,0,20]","[""self""]",0,onpoint,30,=,-1,1,得分超过30，回复20%体力,0
104032420,体力回复,104009410,4,2,addprop,"[101,0,20]","[""self""]",0,onpoint,30,=,-1,1,得分超过30，回复20%体力，每回复1点体力，增强1点[必胜]信念，每40点必胜信念，获得1次[必中]的投篮机会。,0
104032430,体力回复,104009410,4,3,addprop,"[101,0,20]","[""self""]",0,onpoint,25,=,-1,1,得分超过25，回复20%体力，每回复1点体力，增强1点[必胜]信念，每30点必胜信念，获得1次[必中]的投篮机会。,0
104032440,体力回复,104009410,4,4,addprop,"[101,0,20]","[""self""]",0,onpoint,25,=,-1,1,得分超过25，回复20%体力，每回复1点体力，增强1点[必胜]信念，每25点必胜信念，获得1次[必中]的投篮机会。,0
104032450,体力回复,104009410,4,5,addprop,"[101,0,20]","[""self""]",0,onpoint,20,=,-1,1,得分超过20，回复20%体力，每回复1点体力，增强1点[必胜]信念，每20点必胜信念，获得1次[必中]的投篮机会。,0
104032460,体力回复,104009410,4,6,addprop,"[101,0,25]","[""self""]",0,onpoint,20,=,-1,1,得分超过20，回复25%体力，每回复1点体力，增强1点[必胜]信念，每20点必胜信念，获得1次[必中]的投篮机会。,0
104033110,篮板强化,101004110,1,1,addbuff,"[5,0,10]","[""self""]",0,onbattle,-1,=,10,-1,战斗开始时，增加10%篮板能力，持续10分钟,0
104033120,篮板强化,101004110,1,2,addbuff,"[5,0,15]","[""self""]",0,onbattle,-1,=,10,-1,战斗开始时，增加15%篮板能力，持续10分钟，冲抢篮板的成功概率提高。,0
104033130,篮板强化,101004110,1,3,addbuff,"[5,0,20]","[""self""]",0,onbattle,-1,=,10,-1,战斗开始时，增加20%篮板能力，持续10分钟，冲抢篮板的成功概率提高。,0
104033140,篮板强化,101004110,1,4,addbuff,"[5,0,30]","[""self""]",0,onbattle,-1,=,10,-1,战斗开始时，增加30%篮板能力，持续10分钟，冲抢篮板的成功概率提高。,0
104033150,篮板强化,101004110,1,5,addbuff,"[5,0,40]","[""self""]",0,onbattle,-1,=,10,-1,战斗开始时，增加40%篮板能力，持续10分钟，冲抢篮板的成功概率提高。,0
104033160,篮板强化,101004110,1,6,addbuff,"[5,0,50]","[""self""]",0,onbattle,-1,=,10,-1,战斗开始时，增加50%篮板能力，持续10分钟，冲抢篮板的成功概率提高。,0
104033210,强化队友,102001210,2,1,addbuff,"[5,0,10]","[""2""]",0,onbattle,-1,=,10,-1,战斗开始时，增加得分后卫10%篮板能力，持续10分钟,0
104033220,强化队友,102001210,2,2,addbuff,"[5,0,15]","[""2""]",0,onbattle,-1,=,10,-1,战斗开始时，增加得分后卫15%篮板能力，持续10分钟,0
104033230,强化队友,102001210,2,3,addbuff,"[5,0,20]","[""2""]",0,onbattle,-1,=,10,-1,战斗开始时，增加得分后卫20%篮板能力，持续10分钟,0
104033240,强化队友,102001210,2,4,addbuff,"[5,0,30]","[""2""]",0,onbattle,-1,=,10,-1,战斗开始时，增加得分后卫30%篮板能力，持续10分钟,0
104033250,强化队友,102001210,2,5,addbuff,"[5,0,40]","[""2""]",0,onbattle,-1,=,10,-1,战斗开始时，增加得分后卫40%篮板能力，持续10分钟,0
104033260,强化队友,102001210,2,6,addbuff,"[5,0,50]","[""2""]",0,onbattle,-1,=,10,-1,战斗开始时，增加得分后卫50%篮板能力，持续10分钟,0
104033310,强化队友,102001210,3,1,addbuff,"[6,0,10]","[""2""]",0,onsection,2,=,12,-1,第2节增加得分后卫10%得分能力,1
104033320,强化队友,102001210,3,2,addbuff,"[6,0,15]","[""2""]",0,onsection,2,=,12,-1,第2节增加得分后卫15%得分能力，并积极为其掩护，小概率造成对手犯规。,1
104033330,强化队友,102001210,3,3,addbuff,"[6,0,20]","[""2""]",0,onsection,2,=,12,-1,第2节增加得分后卫20%得分能力，并积极为其掩护，小概率造成对手犯规。,1
104033340,强化队友,102001210,3,4,addbuff,"[6,0,30]","[""2""]",0,onsection,2,=,12,-1,第2节增加得分后卫30%得分能力，并积极为其掩护，小概率造成对手犯规。,1
104033350,强化队友,102001210,3,5,addbuff,"[6,0,40]","[""2""]",0,onsection,2,=,12,-1,第2节增加得分后卫40%得分能力，并积极为其掩护，小概率造成对手犯规。,1
104033360,强化队友,102001210,3,6,addbuff,"[6,0,50]","[""2""]",0,onsection,2,=,12,-1,第2节增加得分后卫40%得分能力，并积极为其掩护，小概率造成对手犯规。,1
104033410,连携强化,104007410,4,1,addbuff,"[6,0,20]","[""self""]",0,onbattlewith,104031,=,12,1,与崔永熙一起上场时，自己得分能力提高20%，持续1节比赛,0
104033420,连携强化,104007410,4,2,addbuff,"[6,0,25]","[""self""]",0,onbattlewith,104031,=,12,1,与崔永熙一起上场时，自己得分能力提高25%，持续1节比赛。如果比分落后，较大概率开启[麦迪时刻]，3分钟内命中率提高100%。,0
104033430,连携强化,104007410,4,3,addbuff,"[6,0,30]","[""self""]",0,onbattlewith,104031,=,12,1,与崔永熙一起上场时，自己得分能力提高30%，持续1节比赛。如果比分落后，较大开启[麦迪时刻]，3分钟内命中率100%。,0
104033440,连携强化,104007410,4,4,addbuff,"[6,0,40]","[""self""]",0,onbattlewith,104031,=,12,1,与崔永熙一起上场时，自己得分能力提高40%，持续1节比赛。如果比分落后，开启[麦迪时刻]，3分钟内命中率提高100%。,0
104033450,连携强化,104007410,4,5,addbuff,"[6,0,50]","[""self""]",0,onbattlewith,104031,=,12,1,与崔永熙一起上场时，自己得分能力提高50%，持续1节比赛。如果比分落后，开启[麦迪时刻]，3分钟内命中率提高100%。,0
104033460,连携强化,104007410,4,6,addbuff,"[6,0,60]","[""self""]",0,onbattlewith,104031,=,12,1,与崔永熙一起上场时，自己得分能力提高60%，持续1节比赛。如果比分落后，开启[麦迪时刻]，3分钟内命中率提高100%。,0
104034110,抢断强化,101002110,1,1,addbuff,"[7,0,10]","[""self""]",0,onbattle,-1,=,10,-1,战斗开始时，增加10%抢断能力，持续10分钟,0
104034120,抢断强化,101002110,1,2,addbuff,"[7,0,15]","[""self""]",0,onbattle,-1,=,10,-1,战斗开始时，增加15%抢断能力，持续10分钟，每次抢断，降低被抢断对手[斗志]。,0
104034130,抢断强化,101002110,1,3,addbuff,"[7,0,20]","[""self""]",0,onbattle,-1,=,10,-1,战斗开始时，增加20%抢断能力，持续10分钟，每次抢断，降低被抢断对手[斗志]。,0
104034140,抢断强化,101002110,1,4,addbuff,"[7,0,30]","[""self""]",0,onbattle,-1,=,10,-1,战斗开始时，增加30%抢断能力，持续10分钟，每次抢断，降低被抢断对手[斗志]。对手[斗志]低迷时，命中率降低60%,0
104034150,抢断强化,101002110,1,5,addbuff,"[7,0,40]","[""self""]",0,onbattle,-1,=,10,-1,战斗开始时，增加40%抢断能力，持续10分钟，每次抢断，降低被抢断对手[斗志]。对手[斗志]低迷时，命中率降低60%,0
104034160,抢断强化,101002110,1,6,addbuff,"[7,0,50]","[""self""]",0,onbattle,-1,=,10,-1,战斗开始时，增加50%抢断能力，持续10分钟，每次抢断，降低被抢断对手[斗志]。对手[斗志]低迷时，命中率降低60%,0
104034210,强化队友,102001210,2,1,addbuff,"[6,0,10]","[""5""]",0,onbattle,-1,=,10,-1,战斗开始时，增加中锋10%得分能力，持续10分钟,0
104034220,强化队友,102001210,2,2,addbuff,"[6,0,15]","[""5""]",0,onbattle,-1,=,10,-1,战斗开始时，增加中锋15%得分能力，持续10分钟，中锋得分越高，被防守时扛干扰能力越强。,0
104034230,强化队友,102001210,2,3,addbuff,"[6,0,20]","[""5""]",0,onbattle,-1,=,10,-1,战斗开始时，增加中锋20%得分能力，持续10分钟，中锋得分越高，被防守时扛干扰能力越强。,0
104034240,强化队友,102001210,2,4,addbuff,"[6,0,30]","[""5""]",0,onbattle,-1,=,10,-1,战斗开始时，增加中锋30%得分能力，持续10分钟，中锋得分越高，被防守时扛干扰能力越强。,0
104034250,强化队友,102001210,2,5,addbuff,"[6,0,40]","[""5""]",0,onbattle,-1,=,10,-1,战斗开始时，增加中锋40%得分能力，持续10分钟，中锋得分越高，被防守时扛干扰能力越强。,0
104034260,强化队友,102001210,2,6,addbuff,"[6,0,40]","[""5""]",0,onbattle,-1,=,10,-1,战斗开始时，增加中锋40%得分能力，持续10分钟，中锋得分越高，被防守时扛干扰能力越强。,0
104034310,强化队友,102001210,3,1,addbuff,"[6,0,10]","[""5""]",0,onsection,3,=,12,-1,第3节增加中锋10%得分能力,1
104034320,强化队友,102001210,3,2,addbuff,"[6,0,15]","[""5""]",0,onsection,3,=,12,-1,第3节增加中锋15%得分能力,1
104034330,强化队友,102001210,3,3,addbuff,"[6,0,20]","[""5""]",0,onsection,3,=,12,-1,第3节增加中锋20%得分能力,1
104034340,强化队友,102001210,3,4,addbuff,"[6,0,30]","[""5""]",0,onsection,3,=,12,-1,第3节增加中锋30%得分能力,1
104034350,强化队友,102001210,3,5,addbuff,"[6,0,40]","[""5""]",0,onsection,3,=,12,-1,第3节增加中锋40%得分能力,1
104034360,强化队友,102001210,3,6,addbuff,"[6,0,50]","[""5""]",0,onsection,3,=,12,-1,第3节增加中锋50%得分能力,1
104034410,遇强则强,104030410,4,1,addbuff,"[3,0,10]","[""self""]",1,onpoint2,20,=,3,1,对方任意球员得分超过20，提高自己10%防守能力，持续3分钟,0
104034420,遇强则强,104030410,4,2,addbuff,"[3,0,20]","[""self""]",1,onpoint2,20,=,3,1,对方任意球员得分超过20，提高自己20%防守能力，持续3分钟，发起[针对]，被针对球员的得分能力小幅度下降。,0
104034430,遇强则强,104030410,4,3,addbuff,"[3,0,30]","[""self""]",1,onpoint2,20,=,3,1,对方任意球员得分超过20，提高自己30%防守能力，持续3分钟，发起[针对]，被针对球员的得分能力小幅度下降。,0
104034440,遇强则强,104030410,4,4,addbuff,"[3,0,50]","[""self""]",1,onpoint2,20,=,3,1,对方任意球员得分超过20，提高自己50%防守能力，持续3分钟，发起[针对]，被针对球员的得分能力较小幅度下降。,0
104034450,遇强则强,104030410,4,5,addbuff,"[3,0,100]","[""self""]",1,onpoint2,20,=,3,1,对方任意球员得分超过20，提高自己100%防守能力，持续3分钟，发起[针对]，被针对球员的得分能力较小幅度下降。,0
104034460,遇强则强,104030410,4,6,addbuff,"[3,0,120]","[""self""]",1,onpoint2,20,=,5,1,对方任意球员得分超过20，提高自己120%防守能力，持续5分钟，发起[针对]，被针对球员的得分能力较小幅度下降。,0
104035110,篮板强化,101004110,1,1,addbuff,"[5,0,10]","[""self""]",0,onbattle,-1,=,10,-1,战斗开始时，增加10%篮板能力，持续10分钟,0
104035120,篮板强化,101004110,1,2,addbuff,"[5,0,15]","[""self""]",0,onbattle,-1,=,10,-1,战斗开始时，增加15%篮板能力，小概率获得[点拨抓球]能力，持续10分钟,0
104035130,篮板强化,101004110,1,3,addbuff,"[5,0,20]","[""self""]",0,onbattle,-1,=,10,-1,战斗开始时，增加20%篮板能力，必定获得[点拨抓球]能力，持续10分钟,0
104035140,篮板强化,101004110,1,4,addbuff,"[5,0,30]","[""self""]",0,onbattle,-1,=,10,-1,战斗开始时，增加30%篮板能力，并获得[点拨抓球]能力，小概率忽略对方[摸高]属性，优先获得篮板，持续10分钟,0
104035150,篮板强化,101004110,1,5,addbuff,"[5,0,40]","[""self""]",0,onbattle,-1,=,10,-1,战斗开始时，增加40%篮板能力，并获得[点拨抓球]能力，中等概率忽略对方[摸高]属性，优先获得篮板，持续10分钟,0
104035160,篮板强化,101004110,1,6,addbuff,"[5,0,50]","[""self""]",0,onbattle,-1,=,10,-1,战斗开始时，增加50%篮板能力，并获得[点拨抓球]能力，中等概率忽略对方[摸高]属性，优先获得篮板，持续10分钟,0
104035210,火锅之王,101006110,2,1,addbuff,"[7,0,10]","[""self""]",0,onsection,2,=,10,-1,第2节增加自身10%盖帽能力，持续10分钟,1
104035220,火锅之王,101006110,2,2,addbuff,"[7,0,15]","[""self""]",0,onsection,2,=,10,-1,第2节增加自身15%盖帽能力，持续10分钟，自身盖帽越高，对方近距离命中率越低。,1
104035230,火锅之王,101006110,2,3,addbuff,"[7,0,20]","[""self""]",0,onsection,2,=,10,-1,第2节增加自身20%盖帽能力，持续10分钟，自身盖帽越高，对方近距离命中率越低。,1
104035240,火锅之王,101006110,2,4,addbuff,"[7,0,30]","[""self""]",0,onsection,2,=,10,-1,第2节增加自身30%盖帽能力，持续10分钟，自身盖帽越高，对方近距离命中率越低。,1
104035250,火锅之王,101006110,2,5,addbuff,"[7,0,40]","[""self""]",0,onsection,2,=,10,-1,第2节增加自身40%盖帽能力，持续10分钟，中锋盖帽越高，对方近距离命中率越低。,1
104035260,火锅之王,101006110,2,6,addbuff,"[7,0,50]","[""self""]",0,onsection,2,=,10,-1,第2节增加自身50%盖帽能力，持续10分钟，中锋盖帽越高，对方近距离命中率越低。,1
104035310,场外英雄,104021410,3,1,addbuff,"[6,0,5]","[""1"",""2"",""3"",""4"",""5""]",0,onoff,0,=,3,-1,被换下场时，给我方场上全体队员5%的得分buff，持续3分钟,0
104035320,场外英雄,104021410,3,2,addbuff,"[6,0,10]","[""1"",""2"",""3"",""4"",""5""]",0,onoff,0,=,3,-1,被换下场时，给我方场上全体队员10%的得分buff，持续3分钟,0
104035330,场外英雄,104021410,3,3,addbuff,"[6,0,15]","[""1"",""2"",""3"",""4"",""5""]",0,onoff,0,=,3,-1,被换下场时，给我方场上全体队员15%的得分buff，持续3分钟,0
104035340,场外英雄,104021410,3,4,addbuff,"[6,0,20]","[""1"",""2"",""3"",""4"",""5""]",0,onoff,0,=,3,-1,被换下场时，给我方场上全体队员20%的得分buff，持续3分钟,0
104035350,场外英雄,104021410,3,5,addbuff,"[6,0,25]","[""1"",""2"",""3"",""4"",""5""]",0,onoff,0,=,3,-1,被换下场时，给我方场上全体队员25%的得分buff，持续3分钟,0
104035360,场外英雄,104021410,3,6,addbuff,"[6,0,28]","[""1"",""2"",""3"",""4"",""5""]",0,onoff,0,=,5,-1,被换下场时，给我方场上全体队员28%的得分buff，持续5分钟,0
104035410,知耻后勇,104030410,4,1,addbuff,"[3,0,10]","[""self""]",1,onpoint2,10,=,5,1,本场失误达到球队的28%，提高自己10%防守能力，持续5分钟,0
104035420,知耻后勇,104030410,4,2,addbuff,"[3,0,20]","[""self""]",1,onpoint2,10,=,5,1,本场失误达到球队的24%，提高自己20%防守能力，持续5分钟，进入[小爆发]状态。,0
104035430,知耻后勇,104030410,4,3,addbuff,"[3,0,30]","[""self""]",1,onpoint2,10,=,5,1,本场失误达到球队的20%，提高自己30%防守能力，持续5分钟，进入[小爆发]状态。,0
104035440,知耻后勇,104030410,4,4,addbuff,"[3,0,50]","[""self""]",1,onpoint2,10,=,5,1,本场失误达到球队的16%，提高自己50%防守能力，持续5分钟，进入[小爆发]状态。,0
104035450,知耻后勇,104030410,4,5,addbuff,"[3,0,100]","[""self""]",1,onpoint2,10,=,5,1,本场失误达到球队的10%，提高自己100%防守能力，持续5分钟，进入[小爆发]状态。,0
104035460,知耻后勇,104030410,4,6,addbuff,"[3,0,120]","[""self""]",1,onpoint2,10,=,5,1,本场失误达到球队的8%，提高自己120%防守能力，持续5分钟，进入[小爆发]状态。,0
104036110,传球强化,101001110,1,1,addbuff,"[2,0,10]","[""self""]",0,onbattle,-1,=,10,-1,战斗开始时，增加10%传球能力，持续10分钟,0
104036120,传球强化,101001110,1,2,addbuff,"[2,0,15]","[""self""]",0,onbattle,-1,=,10,-1,战斗开始时，增加15%传球能力(有概率触发[秒传])，持续10分钟,0
104036130,传球强化,101001110,1,3,addbuff,"[2,0,20]","[""self""]",0,onbattle,-1,=,10,-1,战斗开始时，增加20%传球能力，接到秒传的球员本次投篮命中提升80%，持续10分钟,0
104036140,传球强化,101001110,1,4,addbuff,"[2,0,30]","[""self""]",0,onbattle,-1,=,10,-1,战斗开始时，增加30%传球能力，接到秒传的球员本次投篮命中提升100%，持续10分钟,0
104036150,传球强化,101001110,1,5,addbuff,"[2,0,40]","[""self""]",0,onbattle,-1,=,10,-1,战斗开始时，增加40%传球能力，接到秒传的球员本次投篮命中提升100%，且下次投篮必定三分命中，持续10分钟,0
104036160,传球强化,101001110,1,6,addbuff,"[2,0,50]","[""self""]",0,onbattle,-1,=,10,-1,战斗开始时，增加50%传球能力，接到秒传的球员本次投篮命中提升100%，且下次投篮必定三分命中，持续10分钟,0
104036210,强化队友,102001210,2,1,addbuff,"[5,0,10]","[""2""]",0,onbattle,-1,=,10,-1,战斗开始时，增加得分后卫10%篮板能力，持续10分钟,0
104036220,强化队友,102001210,2,2,addbuff,"[5,0,15]","[""2""]",0,onbattle,-1,=,10,-1,战斗开始时，增加得分后卫15%篮板能力(有概率触发[捡漏])，持续10分钟,0
104036230,强化队友,102001210,2,3,addbuff,"[5,0,20]","[""2""]",0,onbattle,-1,=,10,-1,战斗开始时，增加得分后卫20%篮板能力，捡漏的篮板球长传到前场加快进攻节奏，持续10分钟,0
104036240,强化队友,102001210,2,4,addbuff,"[5,0,30]","[""2""]",0,onbattle,-1,=,10,-1,战斗开始时，增加得分后卫30%篮板能力，捡漏长传的进攻必定造成犯规，持续10分钟,0
104036250,强化队友,102001210,2,5,addbuff,"[5,0,40]","[""2""]",0,onbattle,-1,=,10,-1,战斗开始时，增加得分后卫40%篮板能力，捡漏长传的进攻有较高几率命中三分，持续10分钟,0
104036260,强化队友,102001210,2,6,addbuff,"[5,0,55]","[""2""]",0,onbattle,-1,=,10,-1,战斗开始时，增加得分后卫55%篮板能力，捡漏长传的进攻有较高几率命中三分，持续10分钟,0
104036310,强化队友,102001210,3,1,addbuff,"[5,0,10]","[""5""]",0,onbattle,-1,=,12,-1,战斗开始时，增加中锋10%篮板能力，持续1节,1
104036320,强化队友,102001210,3,2,addbuff,"[5,0,15]","[""5""]",0,onbattle,-1,=,12,-1,战斗开始时，增加中锋15%篮板能力，并小幅增强中锋单打能力，持续1节,1
104036330,强化队友,102001210,3,3,addbuff,"[5,0,20]","[""5""]",0,onbattle,-1,=,12,-1,战斗开始时，增加中锋20%篮板能力，并大幅增强中锋单打能力，持续1节,1
104036340,强化队友,102001210,3,4,addbuff,"[5,0,30]","[""5""]",0,onbattle,-1,=,12,-1,战斗开始时，增加中锋30%篮板能力，大幅度增强中锋单打能力，面对包夹传球视野增加，持续1节。,1
104036350,强化队友,102001210,3,5,addbuff,"[5,0,40]","[""5""]",0,onbattle,-1,=,12,-1,战斗开始时，增加中锋40%篮板能力，大幅度增强中锋单打能力，面对包夹传球视野和能力增加，持续1节。,1
104036360,强化队友,102001210,3,6,addbuff,"[5,0,50]","[""5""]",0,onbattle,-1,=,12,-1,战斗开始时，增加中锋50%篮板能力，大幅度增强中锋单打能力，面对包夹传球视野和能力增加，持续1节。,1
104036410,接力棒,104001410,4,1,addbuff,"[6,0,15]","[""target""]",0,onoff,0,=,3,-1,被换下场时，给替换球员增加15%的得分buff，持续3分钟,0
104036420,接力棒,104001410,4,2,addbuff,"[6,0,20]","[""target""]",0,onoff,0,=,3,-1,被换下场时，给替换球员增加20%的得分buff，并提升替换球员[必胜]信心，持续3分钟,0
104036430,接力棒,104001410,4,3,addbuff,"[6,0,30]","[""target""]",0,onoff,0,=,3,-1,被换下场时，给替换球员增加30%的得分buff，并提升替换球员[必胜]信心，持有必胜信心的球员防守积极性提升，持续3分钟,0
104036440,接力棒,104001410,4,4,addbuff,"[6,0,40]","[""target""]",0,onoff,0,=,3,-1,被换下场时，给替换球员增加40%的得分buff，并提升替换球员[必胜]信心，持有必胜信心的球员防守成功率提升，持续3分钟,0
104036450,接力棒,104001410,4,5,addbuff,"[6,0,50]","[""target""]",0,onoff,0,=,3,-1,被换下场时，给替换球员增加50%的得分buff，并提升替换球员[必胜]信心，持有必胜信心的球员防守成功率大幅提升，持续3分钟,0
104036460,接力棒,104001410,4,6,addbuff,"[6,0,65]","[""target""]",0,onoff,0,=,3,-1,被换下场时，给替换球员增加65%的得分buff，并提升替换球员[必胜]信心，持有必胜信心的球员防守成功率大幅提升，持续3分钟,0
104037110,得分强化,101006110,1,1,addbuff,"[6,0,10]","[""self""]",0,onbattle,-1,=,10,-1,战斗开始时，增加10%得分能力，持续10分钟,0
104037120,得分强化,101006110,1,2,addbuff,"[6,0,15]","[""self""]",0,onbattle,-1,=,10,-1,战斗开始时，增加15%得分能力，持续10分钟，本场首次出手必定命中。,0
104037130,得分强化,101006110,1,3,addbuff,"[6,0,20]","[""self""]",0,onbattle,-1,=,10,-1,战斗开始时，增加20%得分能力，持续10分钟，本场首次出手必定命中，本节得分低于5则跑位积极性大幅度提高。,0
104037140,得分强化,101006110,1,4,addbuff,"[6,0,35]","[""self""]",0,onbattle,-1,=,10,-1,战斗开始时，增加35%得分能力，持续10分钟，本场首次出手必定命中，本节得分低于8则跑位积极性大幅度提高。,0
104037150,得分强化,101006110,1,5,addbuff,"[6,0,45]","[""self""]",0,onbattle,-1,=,10,-1,战斗开始时，增加45%得分能力，持续10分钟，本场首次出手必定命中，本节得分低于10则跑位积极性大幅度提高。,0
104037160,得分强化,101006110,1,6,addbuff,"[6,0,50]","[""self""]",0,onbattle,-1,=,10,-1,战斗开始时，增加50%得分能力，持续10分钟，本场首次出手必定命中，本节得分低于10则跑位积极性大幅度提高。,0
104037210,强化队友,102001210,2,1,addbuff,"[5,0,10]","[""1""]",0,onbattle,-1,=,10,-1,战斗开始时，增加控球后卫10%篮板能力，持续10分钟。,0
104037220,强化队友,102001210,2,2,addbuff,"[5,0,15]","[""1""]",0,onbattle,-1,=,10,-1,战斗开始时，增加控球后卫15%篮板能力，持续10分钟。抢到篮板后无论传球给谁，命中小幅提高。,0
104037230,强化队友,102001210,2,3,addbuff,"[5,0,20]","[""1""]",0,onbattle,-1,=,10,-1,战斗开始时，增加控球后卫20%篮板能力，持续10分钟。抢到篮板后无论传球给谁，命中小幅提高。,0
104037240,强化队友,102001210,2,4,addbuff,"[5,0,30]","[""1""]",0,onbattle,-1,=,10,-1,战斗开始时，增加控球后卫30%篮板能力，持续10分钟。抢到篮板后无论传球给谁，命中较小幅提高。,0
104037250,强化队友,102001210,2,5,addbuff,"[5,0,40]","[""1""]",0,onbattle,-1,=,10,-1,战斗开始时，增加控球后卫40%篮板能力，持续10分钟。抢到篮板后无论传球给谁，命中中幅提高。,0
104037260,强化队友,102001210,2,6,addbuff,"[5,0,55]","[""1""]",0,onbattle,-1,=,10,-1,战斗开始时，增加控球后卫55%篮板能力，持续10分钟。抢到篮板后无论传球给谁，命中中幅提高。,0
104037310,强化队友,102001210,3,1,addbuff,"[5,0,10]","[""1""]",0,onsection,4,=,12,-1,第4节增加控球后卫10%篮板能力，持续1节。,1
104037320,强化队友,102001210,3,2,addbuff,"[5,0,15]","[""1""]",0,onsection,4,=,12,-1,第4节增加控球后卫15%篮板能力，持续1节。后卫抢到篮板后，整体进攻节奏小幅度提高。,1
104037330,强化队友,102001210,3,3,addbuff,"[5,0,20]","[""1""]",0,onsection,4,=,12,-1,第4节增加控球后卫20%篮板能力，持续1节。后卫抢到篮板后，整体进攻节奏小幅度提高。,1
104037340,强化队友,102001210,3,4,addbuff,"[5,0,30]","[""1""]",0,onsection,4,=,12,-1,第4节增加控球后卫30%篮板能力，持续1节。后卫抢到篮板后，整体进攻节奏较小幅度提高。,1
104037350,强化队友,102001210,3,5,addbuff,"[5,0,40]","[""1""]",0,onsection,4,=,12,-1,第4节增加控球后卫40%篮板能力，持续1节。后卫抢到篮板后，整体进攻节奏中幅度提高。,1
104037360,强化队友,102001210,3,6,addbuff,"[5,0,55]","[""1""]",0,onsection,4,=,12,-1,第4节增加控球后卫55%篮板能力，持续1节。后卫抢到篮板后，整体进攻节奏中幅度提高。,1
104037410,削弱得分,104006410,4,1,addbuff,"[6,0,-10]","[""target""]",1,onpoint2,25,=,3,1,对方任意球员得分超过25，降低他10%得分能力，持续3分钟。,0
104037420,削弱得分,104006410,4,2,addbuff,"[6,0,-20]","[""target""]",1,onpoint2,25,=,3,1,对方任意球员得分超过25，降低他20%得分能力，持续3分钟。,0
104037430,削弱得分,104006410,4,3,addbuff,"[6,0,-30]","[""target""]",1,onpoint2,25,=,3,1,对方任意球员得分超过25，降低他30%得分能力，持续3分钟,0
104037440,削弱得分,104006410,4,4,addbuff,"[6,0,-50]","[""target""]",1,onpoint2,20,=,3,1,对方任意球员得分超过25，降低他50%得分能力，持续3分钟,0
104037450,削弱得分,104006410,4,5,addbuff,"[6,0,-100]","[""target""]",1,onpoint2,20,=,3,1,对方任意球员得分超过20，降低他70%得分能力，持续3分钟,0
104037460,削弱得分,104006410,4,6,addbuff,"[6,0,-100]","[""target""]",1,onpoint2,20,=,3,1,对方任意球员得分超过15，降低他95%得分能力，持续3分钟,0
104038110,篮板强化,101004110,1,1,addbuff,"[5,0,10]","[""self""]",0,onbattle,-1,=,10,-1,战斗开始时，增加10%篮板能力，持续10分钟,0
104038120,篮板强化,101004110,1,2,addbuff,"[5,0,15]","[""self""]",0,onbattle,-1,=,10,-1,战斗开始时，增加15%篮板能力，小概率获得[点拨抓球]能力，持续10分钟,0
104038130,篮板强化,101004110,1,3,addbuff,"[5,0,20]","[""self""]",0,onbattle,-1,=,10,-1,战斗开始时，增加20%篮板能力，必定获得[点拨抓球]能力，持续10分钟,0
104038140,篮板强化,101004110,1,4,addbuff,"[5,0,30]","[""self""]",0,onbattle,-1,=,10,-1,战斗开始时，增加30%篮板能力，并获得[点拨抓球]能力，小概率忽略对方[摸高]属性，优先获得篮板，持续10分钟,0
104038150,篮板强化,101004110,1,5,addbuff,"[5,0,40]","[""self""]",0,onbattle,-1,=,10,-1,战斗开始时，增加40%篮板能力，并获得[点拨抓球]能力，中等概率忽略对方[摸高]属性，优先获得篮板，持续10分钟,0
104038160,篮板强化,101004110,1,6,addbuff,"[5,0,50]","[""self""]",0,onbattle,-1,=,12,-1,战斗开始时，增加50%篮板能力，并获得[点拨抓球]能力，一定概率忽略对方[摸高]属性，优先获得篮板，持续12分钟,0
104038210,闪耀新星,101004110,2,1,addbuff,"[7,0,10]","[""self""]",0,onsection,1,=,10,-1,第1节增加自身10%盖帽能力，持续8分钟,1
104038220,闪耀新星,101004110,2,2,addbuff,"[7,0,15]","[""self""]",0,onsection,1,=,10,-1,第1节增加自身15%盖帽能力，持续10分钟，自身盖帽越高，对方近距离命中率越低。,1
104038230,闪耀新星,101004110,2,3,addbuff,"[7,0,20]","[""self""]",0,onsection,1,=,10,-1,第1节增加自身20%盖帽能力，持续10分钟，自身盖帽越高，对方近距离命中率越低。,1
104038240,闪耀新星,101004110,2,4,addbuff,"[7,0,30]","[""self""]",0,onsection,1,=,10,-1,第1节增加自身30%盖帽能力，持续10分钟，自身盖帽越高，对方近距离命中率越低。,1
104038250,闪耀新星,101004110,2,5,addbuff,"[7,0,45]","[""self""]",0,onsection,1,=,10,-1,第1节增加自身45%盖帽能力，持续10分钟，中锋盖帽越高，对方近距离命中率越低。,1
104038260,闪耀新星,101004110,2,6,addbuff,"[7,0,45]","[""self""]",0,onsection,1,=,10,-1,第1节增加自身55%盖帽能力，持续10分钟，中锋盖帽越高，对方近距离命中率越低。,1
104038310,协同作战,104021410,3,1,addbuff,"[6,0,6]","[""1"",""2"",""3"",""4"",""5""]",0,onoff,0,=,3,-1,被换下场时，给我方场上全体队员6%的得分buff，持续3分钟,0
104038320,协同作战,104021410,3,2,addbuff,"[6,0,12]","[""1"",""2"",""3"",""4"",""5""]",0,onoff,0,=,3,-1,被换下场时，给我方场上全体队员12%的得分buff，持续3分钟,0
104038330,协同作战,104021410,3,3,addbuff,"[6,0,18]","[""1"",""2"",""3"",""4"",""5""]",0,onoff,0,=,5,-1,被换下场时，给我方场上全体队员18%的得分buff，持续5分钟,0
104038340,协同作战,104021410,3,4,addbuff,"[6,0,24]","[""1"",""2"",""3"",""4"",""5""]",0,onoff,0,=,5,-1,被换下场时，给我方场上全体队员24%的得分buff，持续5分钟,0
104038350,协同作战,104021410,3,5,addbuff,"[6,0,30]","[""1"",""2"",""3"",""4"",""5""]",0,onoff,0,=,8,-1,被换下场时，给我方场上全体队员30%的得分buff，持续8分钟,0
104038360,协同作战,104021410,3,6,addbuff,"[6,0,35]","[""1"",""2"",""3"",""4"",""5""]",0,onoff,0,=,8,-1,被换下场时，给我方场上全体队员35%的得分buff，持续8分钟,0
104038410,坚固防守,104030410,4,1,addbuff,"[3,0,5]","[""self""]",1,onpoint2,10,=,5,1,本场失误达到球队的35%，提高自己5%防守能力，持续5分钟,0
104038420,坚固防守,104030410,4,2,addbuff,"[3,0,15]","[""self""]",1,onpoint2,10,=,5,1,本场失误达到球队的30%，提高自己15%防守能力，持续5分钟，进入[小爆发]状态。,0
104038430,坚固防守,104030410,4,3,addbuff,"[3,0,25]","[""self""]",1,onpoint2,10,=,5,1,本场失误达到球队的25%，提高自己25%防守能力，持续5分钟，进入[小爆发]状态。,0
104038440,坚固防守,104030410,4,4,addbuff,"[3,0,45]","[""self""]",1,onpoint2,10,=,5,1,本场失误达到球队的20%，提高自己45%防守能力，持续5分钟，进入[小爆发]状态。,0
104038450,坚固防守,104030410,4,5,addbuff,"[3,0,95]","[""self""]",1,onpoint2,10,=,8,1,本场失误达到球队的15%，提高自己95%防守能力，持续8分钟，进入[小爆发]状态。,0
104038460,坚固防守,104030410,4,6,addbuff,"[3,0,125]","[""self""]",1,onpoint2,10,=,8,1,本场失误达到球队的13%，提高自己125%防守能力，持续8分钟，进入[小爆发]状态。,0
104039110,游刃有余,101006110,1,1,addbuff,"[1,0,10]","[""self""]",0,onbattle,-1,=,10,-1,战斗开始时，增加10%得分能力，持续10分钟,0
104039120,游刃有余,101006110,1,2,addbuff,"[1,0,15]","[""self""]",0,onbattle,-1,=,10,-1,战斗开始时，增加15%得分能力，持续10分钟，本场首次出手必定命中。,0
104039130,游刃有余,101006110,1,3,addbuff,"[1,0,20]","[""self""]",0,onbattle,-1,=,10,-1,战斗开始时，增加20%得分能力，持续10分钟，本场首次出手必定命中，本节得分低于5则跑位积极性大幅度提高。,0
104039140,游刃有余,101006110,1,4,addbuff,"[1,0,30]","[""self""]",0,onbattle,-1,=,10,-1,战斗开始时，增加30%得分能力，持续10分钟，本场首次出手必定命中，本节得分低于8则跑位积极性大幅度提高。,0
104039150,游刃有余,101006110,1,5,addbuff,"[1,0,40]","[""self""]",0,onbattle,-1,=,12,-1,战斗开始时，增加45%得分能力，持续12分钟，本场首次出手必定命中，本节得分低于10则跑位积极性大幅度提高。,0
104039160,游刃有余,101006110,1,6,addbuff,"[1,0,55]","[""self""]",0,onbattle,-1,=,15,-1,战斗开始时，增加55%得分能力，持续15分钟，本场首次出手必定命中，本节得分低于10则跑位积极性大幅度提高。,0
104039210,连续强化,102001210,2,1,addbuff,"[1,0,10]","[""2""]",0,onsection,2,=,12,-1,"第2,第3节中增加得分后卫10%得分能力",1
104039211,,102001210,2,1,addbuff,"[1,0,10]","[""2""]",0,onsection,3,=,12,-1,,1
104039220,连续强化,102001210,2,2,addbuff,"[1,0,15]","[""2""]",0,onsection,2,=,12,-1,"第2,第3节中增加得分后卫15%得分能力，并积极为其掩护，小概率造成对手犯规。",1
104039221,,102001210,2,2,addbuff,"[1,0,15]","[""2""]",0,onsection,3,=,12,-1,,1
104039230,连续强化,102001210,2,3,addbuff,"[1,0,20]","[""2""]",0,onsection,2,=,12,-1,"第2,第3节中增加得分后卫20%得分能力，并积极为其掩护，小概率造成对手犯规。",1
104039231,,102001210,2,3,addbuff,"[1,0,20]","[""2""]",0,onsection,3,=,12,-1,,1
104039240,连续强化,102001210,2,4,addbuff,"[1,0,30]","[""2""]",0,onsection,2,=,12,-1,"第2,第3节中增加得分后卫30%得分能力，并积极为其掩护，小概率造成对手犯规。",1
104039241,,102001210,2,4,addbuff,"[1,0,30]","[""2""]",0,onsection,3,=,12,-1,,1
104039250,连续强化,102001210,2,5,addbuff,"[1,0,40]","[""2""]",0,onsection,2,=,12,-1,"第2,第3节中增加得分后卫40%得分能力，并积极为其掩护，小概率造成对手犯规。",1
104039251,,102001210,2,5,addbuff,"[1,0,40]","[""2""]",0,onsection,3,=,12,-1,,1
104039260,持续强化,102001210,3,6,addbuff,"[1,0,55]","[""2""]",0,onsection,2,=,12,-1,"第2,第3节中增加得分后卫55%得分能力，并积极为其掩护，小概率造成对手犯规。",1
104039261,,102001210,3,6,addbuff,"[1,0,55]","[""2""]",0,onsection,3,=,12,-1,,1
104039310,防守强化,101009110,3,1,addbuff,"[6,0,10]","[""self""]",0,onbattle,-1,=,10,-1,战斗开始时，增加10%防守能力，持续10分钟,0
104039320,防守强化,101009110,3,2,addbuff,"[6,0,15]","[""self""]",0,onbattle,-1,=,10,-1,战斗开始时，增加15%防守能力，持续10分钟。每成功抢断1次，小幅度提升自己的投篮命中率。,0
104039330,防守强化,101009110,3,3,addbuff,"[6,0,20]","[""self""]",0,onbattle,-1,=,10,-1,战斗开始时，增加20%防守能力，持续10分钟。每成功抢断1次，小幅度提升自己的投篮命中率。,0
104039340,防守强化,101009110,3,4,addbuff,"[6,0,30]","[""self""]",0,onbattle,-1,=,10,-1,战斗开始时，增加30%防守能力，持续10分钟。每成功抢断1次，小幅度提升自己的投篮命中率。,0
104039350,防守强化,101009110,3,5,addbuff,"[6,0,40]","[""self""]",0,onbattle,-1,=,10,-1,战斗开始时，增加40%防守能力，持续10分钟。每成功抢断1次，小幅度提升自己的投篮命中率。,0
104039360,防守强化,101009110,3,6,addbuff,"[6,0,55]","[""self""]",0,onbattle,-1,=,12,-1,战斗开始时，增加55%防守能力，持续12分钟。每成功抢断1次，小幅度提升自己的投篮命中率。,0
104039410,拦路虎,104030410,4,1,addbuff,"[7,0,5]","[""self""]",0,onpointbehind,0,=,99,-1,提升自身5%盖帽能力，盖帽成功时，有10%概率强制把对方得分最高的球员换下场。,0
104039411,,104030410,4,1,forceoff,[10],"[""pointer""]",1,onoff,0,=,99,-1,,0
104039420,拦路虎,104030410,4,2,addbuff,"[7,0,15]","[""self""]",0,onpointbehind,0,=,99,-1,提升自身15%盖帽能力，盖帽成功时，有15%概率强制把对方得分最高的球员换下场。,0
104039421,,104030410,4,2,forceoff,[15],"[""pointer""]",1,onoff,0,=,99,-1,,0
104039430,拦路虎,104030410,4,3,addbuff,"[7,0,20]","[""self""]",0,onpointbehind,0,=,99,-1,提升自身20%盖帽能力，盖帽成功时，有20%概率强制把对方得分最高的球员换下场。,0
104039431,,104030410,4,3,forceoff,[20],"[""pointer""]",1,onoff,0,=,99,-1,,0
104039440,拦路虎,104030410,4,4,addbuff,"[7,0,25]","[""self""]",0,onpointbehind,0,=,99,-1,提升自身25%盖帽能力，盖帽成功时，有25%概率强制把对方得分最高的球员换下场。,0
104039441,,104030410,4,4,forceoff,[25],"[""pointer""]",1,onoff,0,=,99,-1,,0
104039450,拦路虎,104030410,4,5,addbuff,"[7,0,30]","[""self""]",0,onpointbehind,0,=,99,-1,提升自身30%盖帽能力，盖帽成功时，有30%概率强制把对方得分最高的球员换下场。,0
104039451,,104030410,4,5,forceoff,[30],"[""pointer""]",1,onoff,0,=,99,-1,,0
104039460,拦路虎,104030410,4,6,addbuff,"[7,0,40]","[""self""]",0,onpointbehind,0,=,99,-1,提升自身40%盖帽能力，盖帽成功时，有40%概率强制把对方得分最高的球员换下场。,0
104039461,,104030410,4,6,forceoff,[40],"[""pointer""]",1,onoff,0,=,99,-1,,0
104040110,篮板强化,101004110,1,1,addbuff,"[5,0,10]","[""self""]",0,onbattle,-1,=,10,-1,战斗开始时，降低自身5%的体力消耗并增加自身10%篮板能力，持续10分钟,0
104040111,,101004110,1,1,addbuff,"[101,0,-5]","[""self""]",0,onbattle,-1,=,10,-1,,0
104040120,篮板强化,101004110,1,2,addbuff,"[5,0,15]","[""self""]",0,onbattle,-1,=,10,-1,战斗开始时，降低自身8%的体力消耗并增加自身15%篮板能力，持续10分钟,0
104040121,,101004110,1,2,addbuff,"[101,0,-8]","[""self""]",0,onbattle,-1,=,10,-1,,0
104040130,篮板强化,101004110,1,3,addbuff,"[5,0,20]","[""self""]",0,onbattle,-1,=,10,-1,战斗开始时，降低自身10%的体力消耗并增加自身20%篮板能力，持续10分钟,0
104040131,,101004110,1,3,addbuff,"[101,0,-10]","[""self""]",0,onbattle,-1,=,10,-1,,0
104040140,篮板强化,101004110,1,4,addbuff,"[5,0,30]","[""self""]",0,onbattle,-1,=,10,-1,战斗开始时，降低自身12%的体力消耗并增加自身30%篮板能力，持续10分钟,0
104040141,,101004110,1,4,addbuff,"[101,0,-12]","[""self""]",0,onbattle,-1,=,10,-1,,0
104040150,篮板强化,101004110,1,5,addbuff,"[5,0,40]","[""self""]",0,onbattle,-1,=,10,-1,战斗开始时，降低自身15%的体力消耗并增加自身40%篮板能力，持续10分钟,0
104040151,,101004110,1,5,addbuff,"[101,0,-15]","[""self""]",0,onbattle,-1,=,10,-1,,0
104040160,篮板强化,101004110,1,6,addbuff,"[5,0,50]","[""self""]",0,onbattle,-1,=,10,-1,战斗开始时，降低自身18%的体力消耗并增加自身50%篮板能力，持续10分钟,0
104040161,,101004110,1,6,addbuff,"[101,0,-18]","[""self""]",0,onbattle,-1,=,10,-1,,0
104040210,强化队友,102001210,2,1,addbuff,"[6,0,10]","[""4""]",0,onbattle,-1,=,10,-1,战斗开始时，增加大前锋10%得分能力，持续10分钟,0
104040220,强化队友,102001210,2,2,addbuff,"[6,0,15]","[""4""]",0,onbattle,-1,=,10,-1,战斗开始时，增加大前锋15%得分能力，持续10分钟，且小幅度增强大前锋的[终结]能力。,0
104040230,强化队友,102001210,2,3,addbuff,"[6,0,20]","[""4""]",0,onbattle,-1,=,10,-1,战斗开始时，增加大前锋20%得分能力，持续10分钟，且中幅度增强大前锋的[终结]能力。,0
104040240,强化队友,102001210,2,4,addbuff,"[6,0,30]","[""4""]",0,onbattle,-1,=,10,-1,战斗开始时，增加大前锋30%得分能力，持续10分钟，且较大幅度增强大前锋的[终结]能力。,0
104040250,强化队友,102001210,2,5,addbuff,"[6,0,40]","[""4""]",0,onbattle,-1,=,10,-1,战斗开始时，增加大前锋40%得分能力，持续10分钟，且较大幅度增强大前锋的[终结]能力。,0
104040260,强化队友,102001210,2,6,addbuff,"[6,0,55]","[""4""]",0,onbattle,-1,=,10,-1,战斗开始时，增加大前锋55%得分能力，持续10分钟，且较大幅度增强大前锋的[终结]能力。,0
104040310,强化队友,102001210,3,1,addbuff,"[5,0,10]","[""5""]",0,onbattle,-1,=,12,-1,战斗开始时，增加中锋10%篮板能力，持续1节。,1
104040320,强化队友,102001210,3,2,addbuff,"[5,0,15]","[""5""]",0,onbattle,-1,=,12,-1,战斗开始时，增加中锋15%篮板能力，同时小幅度增加[篮板卡位]能力，持续1节。,1
104040330,强化队友,102001210,3,3,addbuff,"[5,0,20]","[""5""]",0,onbattle,-1,=,12,-1,战斗开始时，增加中锋20%篮板能力，同时小幅度增加[篮板卡位]和[落点判断]能力，持续1节。,1
104040340,强化队友,102001210,3,4,addbuff,"[5,0,30]","[""5""]",0,onbattle,-1,=,12,-1,战斗开始时，增加中锋30%篮板能力，同时中幅度增加[篮板卡位]和[落点判断]能力，持续1节。,1
104040350,强化队友,102001210,3,5,addbuff,"[5,0,40]","[""5""]",0,onbattle,-1,=,12,-1,战斗开始时，增加中锋40%篮板能力，同时较大幅度增加[篮板卡位]和[落点判断]能力，持续1节。,1
104040360,强化队友,102001210,3,6,addbuff,"[5,0,50]","[""5""]",0,onbattle,-1,=,12,-1,战斗开始时，增加中锋50%篮板能力，同时较大幅度增加[篮板卡位]和[落点判断]能力，持续1节。,1
104040410,削弱得分,104006410,4,1,addbuff,"[6,0,-5]","[""ran""]",1,onroundfreq,10,=,3,-1,每10分钟，降低对方随机球员5%得分与防守能力，持续3分钟。,0
104040411,,104006410,4,1,addbuff,"[2,0,-5]","[""ran""]",1,onroundfreq,10,=,3,-1,,0
104040420,削弱得分,104006410,4,2,addbuff,"[6,0,-8]","[""ran""]",1,onroundfreq,10,=,3,-1,每10分钟，降低对方随机球员8%得分与防守能力，持续3分钟。小概率削弱对方[手感]。,0
104040421,,104006410,4,2,addbuff,"[2,0,-8]","[""ran""]",1,onroundfreq,10,=,3,-1,,0
104040430,削弱得分,104006410,4,3,addbuff,"[6,0,-10]","[""ran""]",1,onroundfreq,10,=,3,-1,每10分钟，降低对方随机球员10%得分与防守能力，持续3分钟。小概率削弱对方[手感]。,0
104040431,,104006410,4,3,addbuff,"[2,0,-10]","[""ran""]",1,onroundfreq,10,=,3,-1,,0
104040440,削弱得分,104006410,4,4,addbuff,"[6,0,-15]","[""ran""]",1,onroundfreq,10,=,3,-1,每10分钟，降低对方随机球员15%得分与防守能力，持续3分钟。中概率削弱对方[手感]。,0
104040441,,104006410,4,4,addbuff,"[2,0,-15]","[""ran""]",1,onroundfreq,10,=,3,-1,,0
104040450,削弱得分,104006410,4,5,addbuff,"[6,0,-20]","[""ran""]",1,onroundfreq,10,=,3,-1,每10分钟，降低对方随机球员20%得分与防守能力，持续3分钟。大概率削弱对方[手感]。,0
104040451,,104006410,4,5,addbuff,"[2,0,-20]","[""ran""]",1,onroundfreq,10,=,3,-1,,0
104040460,削弱得分,104006410,4,6,addbuff,"[6,0,-30]","[""ran""]",1,onroundfreq,10,=,3,-1,每10分钟，降低对方随机球员30%得分与防守能力，持续3分钟。大概率削弱对方[手感]。,0
104040461,,104006410,4,6,addbuff,"[2,0,-30]","[""ran""]",1,onroundfreq,10,=,3,-1,,0
104041110,篮板强化,101004110,1,1,addbuff,"[5,0,5]","[""self""]",0,onbattle,-1,=,10,-1,战斗开始时，增加自身5%的得分能力与篮板能力。,0
104041111,,101004110,1,1,addbuff,"[2,0,5]","[""self""]",0,onbattle,-1,=,10,-1,,0
104041120,篮板强化,101004110,1,2,addbuff,"[5,0,10]","[""self""]",0,onbattle,-1,=,10,-1,战斗开始时，增加自身10%的得分能力与篮板能力。,0
104041121,,101004110,1,2,addbuff,"[2,0,10]","[""self""]",0,onbattle,-1,=,10,-1,,0
104041130,篮板强化,101004110,1,3,addbuff,"[5,0,15]","[""self""]",0,onbattle,-1,=,10,-1,战斗开始时，增加自身15%的得分能力与篮板能力。,0
104041131,,101004110,1,3,addbuff,"[2,0,15]","[""self""]",0,onbattle,-1,=,10,-1,,0
104041140,篮板强化,101004110,1,4,addbuff,"[5,0,25]","[""self""]",0,onbattle,-1,=,10,-1,战斗开始时，增加自身25%的得分能力与篮板能力。,0
104041141,,101004110,1,4,addbuff,"[2,0,25]","[""self""]",0,onbattle,-1,=,10,-1,,0
104041150,篮板强化,101004110,1,5,addbuff,"[5,0,35]","[""self""]",0,onbattle,-1,=,10,-1,战斗开始时，增加自身35%的得分能力与篮板能力。,0
104041151,,101004110,1,5,addbuff,"[2,0,35]","[""self""]",0,onbattle,-1,=,10,-1,,0
104041160,篮板强化,101004110,1,6,addbuff,"[5,0,45]","[""self""]",0,onbattle,-1,=,10,-1,战斗开始时，增加自身50%的得分能力与篮板能力。,0
104041161,,101004110,1,6,addbuff,"[2,0,45]","[""self""]",0,onbattle,-1,=,10,-1,,0
104041210,强化队友,102001210,2,1,addbuff,"[5,0,10]","[""4""]",0,onbattle,-1,=,10,-1,战斗开始时，增加大前锋10%篮板能力，持续10分钟。,0
104041220,强化队友,102001210,2,2,addbuff,"[5,0,15]","[""4""]",0,onbattle,-1,=,10,-1,战斗开始时，增加大前锋15%篮板能力，持续10分钟。体力越多，篮板能力越强。,0
104041230,强化队友,102001210,2,3,addbuff,"[5,0,20]","[""4""]",0,onbattle,-1,=,10,-1,战斗开始时，增加大前锋20%篮板能力，持续10分钟。体力越多，篮板能力越强。,0
104041240,强化队友,102001210,2,4,addbuff,"[5,0,30]","[""4""]",0,onbattle,-1,=,10,-1,战斗开始时，增加大前锋30%篮板能力，持续10分钟。体力越多，篮板能力越强。,0
104041250,强化队友,102001210,2,5,addbuff,"[5,0,40]","[""4""]",0,onbattle,-1,=,10,-1,战斗开始时，增加大前锋40%篮板能力，持续10分钟。体力越多，篮板能力越强。,0
104041260,强化队友,102001210,2,6,addbuff,"[5,0,50]","[""4""]",0,onbattle,-1,=,10,-1,战斗开始时，增加大前锋50%篮板能力，持续10分钟。体力越多，篮板能力越强。,0
104041310,强化队友,102001210,3,1,addbuff,"[7,0,10]","[""3""]",0,onsection,3,=,12,-1,第3节增加小前锋10%抢断能力。持续1节。,1
104041320,强化队友,102001210,3,2,addbuff,"[7,0,15]","[""3""]",0,onsection,3,=,12,-1,第3节增加小前锋15%抢断能力。抢断后本次进攻中持球队友命中率小幅提升。持续1节。,1
104041330,强化队友,102001210,3,3,addbuff,"[7,0,20]","[""3""]",0,onsection,3,=,12,-1,第3节增加小前锋20%抢断能力。抢断后本次进攻中持球队友命中率中幅提升。持续1节。,1
104041340,强化队友,102001210,3,4,addbuff,"[7,0,30]","[""3""]",0,onsection,3,=,12,-1,第3节增加小前锋30%抢断能力。抢断后本次进攻中持球队友命中率大幅提升。持续1节。,1
104041350,强化队友,102001210,3,5,addbuff,"[7,0,40]","[""3""]",0,onsection,3,=,12,-1,第3节增加小前锋40%抢断能力。抢断后本次进攻中持球队友必定命中。,1
104041360,强化队友,102001210,3,6,addbuff,"[7,0,50]","[""3""]",0,onsection,3,=,12,-1,第3节增加小前锋50%抢断能力。抢断后本次进攻中持球队友必定命中。,1
104041410,持续防护,104014410,4,1,addbuff,"[3,0,5]","[""1""]",0,onroundfreq,10,=,3,-1,每10分钟，给控卫提升5%防守与得分能力，持续3分钟。,0
104041411,,104014410,4,1,addbuff,"[2,0,5]","[""1""]",0,onroundfreq,10,=,3,-1,每10分钟，给控卫提升5%防守与得分能力，持续3分钟。,0
104041420,持续防护,104014410,4,2,addbuff,"[3,0,8]","[""1"",""2""]",0,onroundfreq,10,=,3,-1,每10分钟，给控卫、分卫提升8%防守与得分能力，持续3分钟。,0
104041421,,104014410,4,2,addbuff,"[2,0,8]","[""1"",""2""]",0,onroundfreq,10,=,3,-1,每10分钟，给控卫、分卫提升8%防守与得分能力，持续3分钟。,0
104041430,持续防护,104014410,4,3,addbuff,"[3,0,10]","[""1"",""2"",""3""]",0,onroundfreq,10,=,3,-1,每10分钟，给控卫、分卫和小前锋提供10%防守与得分能力，持续3分钟。,0
104041431,,104014410,4,3,addbuff,"[2,0,10]","[""1"",""2"",""3""]",0,onroundfreq,10,=,3,-1,每10分钟，给控卫、分卫和小前锋提供10%防守与得分能力，持续3分钟。,0
104041440,持续防护,104014410,4,4,addbuff,"[3,0,12]","[""1"",""2"",""3"",""4""]",0,onroundfreq,10,=,3,-1,每10分钟，给控卫、分卫、小前锋和大前锋提供12%防守与得分能力，持续3分钟。,0
104041441,,104014410,4,4,addbuff,"[2,0,12]","[""1"",""2"",""3"",""4""]",0,onroundfreq,10,=,3,-1,每10分钟，给控卫、分卫、小前锋和大前锋提供12%防守与得分能力，持续3分钟。,0
104041450,持续防护,104014410,4,5,addbuff,"[3,0,15]","[""1"",""2"",""3"",""4"",""5""]",0,onroundfreq,10,=,3,-1,每10分钟，给全队提供15%防守与得分能力，持续3分钟。,0
104041451,,104014410,4,5,addbuff,"[2,0,15]","[""1"",""2"",""3"",""4"",""5""]",0,onroundfreq,10,=,3,-1,每10分钟，给全队提供15%防守与得分能力，持续3分钟。,0
104041460,持续防护,104014410,4,6,addbuff,"[3,0,15]","[""1"",""2"",""3"",""4"",""5""]",0,onroundfreq,8,=,3,-1,每8分钟，给全队提供15%防守与得分能力，持续3分钟。,0
104041461,,104014410,4,6,addbuff,"[2,0,15]","[""1"",""2"",""3"",""4"",""5""]",0,onroundfreq,8,=,3,-1,每8分钟，给全队提供15%防守与得分能力，持续3分钟。,0
104042110,出场首秀,101006110,1,1,addbuff,"[1,0,10]","[""self""]",0,onbattle,-1,=,12,-1,战斗开始时，增加10%得分能力，同时提高4%防守能力，本场首次出手必定命中。,0
104042111,出场首秀,101006110,1,1,addbuff,"[6,0,4]","[""self""]",0,onbattle,-1,=,12,-1,,0
104042120,出场首秀,101006110,1,2,addbuff,"[1,0,15]","[""self""]",0,onbattle,-1,=,12,-1,战斗开始时，增加15%得分能力，同时提高8%防守能力，本场首次出手必定命中。,0
104042121,出场首秀,101006110,1,2,addbuff,"[6,0,8]","[""self""]",0,onbattle,-1,=,12,-1,,0
104042130,出场首秀,101006110,1,3,addbuff,"[1,0,20]","[""self""]",0,onbattle,-1,=,12,-1,战斗开始时，增加20%得分能力，同时提高12%防守能力，本场首次出手必定命中。,0
104042131,出场首秀,101006110,1,3,addbuff,"[6,0,12]","[""self""]",0,onbattle,-1,=,12,-1,,0
104042140,出场首秀,101006110,1,4,addbuff,"[1,0,30]","[""self""]",0,onbattle,-1,=,12,-1,战斗开始时，增加30%得分能力，同时提高16%防守能力，本场首次出手必定命中。,0
104042141,出场首秀,101006110,1,4,addbuff,"[6,0,16]","[""self""]",0,onbattle,-1,=,12,-1,,0
104042150,出场首秀,101006110,1,5,addbuff,"[1,0,45]","[""self""]",0,onbattle,-1,=,12,-1,战斗开始时，增加45%得分能力，同时提高20%防守能力，本场首次出手必定命中。,0
104042151,出场首秀,101006110,1,5,addbuff,"[6,0,20]","[""self""]",0,onbattle,-1,=,12,-1,,0
104042160,出场首秀,101006110,1,6,addbuff,"[1,0,55]","[""self""]",0,onbattle,-1,=,12,-1,战斗开始时，增加55%得分能力，同时提高25%防守能力，本场首次出手必定命中。,0
104042161,出场首秀,101006110,1,6,addbuff,"[6,0,25]","[""self""]",0,onbattle,-1,=,12,-1,,0
104042210,协同强化,102001210,2,1,addbuff,"[2,0,5]","[""1""]",0,onbattle,-1,=,10,-1,战斗开始时，提升控球后卫5%的篮板和传球能力，持续10分钟。,0
104042211,协同强化,102001210,2,1,addbuff,"[3,0,5]","[""1""]",0,onbattle,-1,=,10,-1,,0
104042220,协同强化,102001210,2,2,addbuff,"[2,0,10]","[""1""]",0,onbattle,-1,=,10,-1,战斗开始时，提升控球后卫10%的篮板和传球能力，持续10分钟。,0
104042221,协同强化,102001210,2,2,addbuff,"[3,0,10]","[""1""]",0,onbattle,-1,=,10,-1,,0
104042230,协同强化,102001210,2,3,addbuff,"[2,0,15]","[""1""]",0,onbattle,-1,=,10,-1,战斗开始时，提升控球后卫15%的篮板和传球能力，持续10分钟，抢到篮板后无论传球给谁，命中小幅提高。,0
104042231,协同强化,102001210,2,3,addbuff,"[3,0,15]","[""1""]",0,onbattle,-1,=,10,-1,,0
104042240,协同强化,102001210,2,4,addbuff,"[2,0,25]","[""1""]",0,onbattle,-1,=,10,-1,战斗开始时，提升控球后卫25%的篮板和传球能力，持续10分钟。抢到篮板后无论传球给谁，命中提高。,0
104042241,协同强化,102001210,2,4,addbuff,"[3,0,25]","[""1""]",0,onbattle,-1,=,10,-1,,0
104042250,协同强化,102001210,2,5,addbuff,"[2,0,35]","[""1""]",0,onbattle,-1,=,10,-1,战斗开始时，提升控球后卫35%的篮板和传球能力，持续10分钟。抢到篮板后无论传球给谁，命中提高。,0
104042251,协同强化,102001210,2,5,addbuff,"[3,0,35]","[""1""]",0,onbattle,-1,=,10,-1,,0
104042260,协同强化,102001210,2,6,addbuff,"[2,0,45]","[""1""]",0,onbattle,-1,=,10,-1,战斗开始时，提升控球后卫45%的篮板和传球能力，持续10分钟。抢到篮板后无论传球给谁，命中提高。,0
104042261,协同强化,102001210,2,6,addbuff,"[3,0,45]","[""1""]",0,onbattle,-1,=,10,-1,,0
104042310,强化队友,102001210,3,1,addbuff,"[2,0,5]","[""1""]",0,onsection,4,=,12,-1,第4节增加控球后卫5%的篮板和传球能力，持续1节。,1
104042311,强化队友,102001210,3,1,addbuff,"[3,0,5]","[""1""]",0,onsection,4,=,12,-1,,1
104042320,强化队友,102001210,3,2,addbuff,"[2,0,10]","[""1""]",0,onsection,4,=,12,-1,第4节增加控球后卫10%的篮板和传球能力，持续10分钟。,1
104042321,强化队友,102001210,3,2,addbuff,"[3,0,10]","[""1""]",0,onsection,4,=,12,-1,,1
104042330,强化队友,102001210,3,3,addbuff,"[2,0,15]","[""1""]",0,onsection,4,=,12,-1,第4节增加控球后卫15%的篮板和传球能力，持续10分钟，抢到篮板后无论传球给谁，命中小幅提高。,1
104042331,强化队友,102001210,3,3,addbuff,"[3,0,15]","[""1""]",0,onsection,4,=,12,-1,,1
104042340,强化队友,102001210,3,4,addbuff,"[2,0,25]","[""1""]",0,onsection,4,=,12,-1,第4节增加控球后卫25%的篮板和传球能力，持续10分钟。抢到篮板后无论传球给谁，命中提高。,1
104042341,强化队友,102001210,3,4,addbuff,"[3,0,25]","[""1""]",0,onsection,4,=,12,-1,,1
104042350,强化队友,102001210,3,5,addbuff,"[2,0,35]","[""1""]",0,onsection,4,=,12,-1,第4节增加控球后卫35%的篮板和传球能力，持续10分钟。抢到篮板后无论传球给谁，命中提高。,1
104042351,强化队友,102001210,3,5,addbuff,"[3,0,35]","[""1""]",0,onsection,4,=,12,-1,,1
104042360,强化队友,102001210,3,6,addbuff,"[2,0,45]","[""1""]",0,onsection,4,=,12,-1,第4节增加控球后卫45%的篮板和传球能力，持续10分钟。抢到篮板后无论传球给谁，命中提高。,1
104042361,强化队友,102001210,3,6,addbuff,"[3,0,45]","[""1""]",0,onsection,4,=,12,-1,,1
104042410,削弱得分,104006410,4,1,addbuff,"[6,0,-2]","[""target""]",1,onbattle,-1,=,3,1,在场时，降低对方全体球员2%的防守和盖帽能力持续12分钟，对方任意球员超过20时，则降低其10%得分能力持续3分钟。,0
104042411,,104006410,4,1,addbuff,"[7,0,-2]","[""target""]",1,onbattle,-1,=,3,1,,0
104042412,,104006410,4,1,addbuff,"[1,0,-10]","[""target""]",1,onpoint2,20,=,3,1,,0
104042420,削弱得分,104006410,4,2,addbuff,"[6,0,-4]","[""target""]",1,onbattle,-1,=,3,1,在场时，降低对方全体球员4%的防守和盖帽能力持续12分钟，对方任意球员超过20时，则降低其15%得分能力持续3分钟。,0
104042421,,104006410,4,2,addbuff,"[7,0,-4]","[""target""]",1,onbattle,-1,=,3,1,,0
104042422,,104006410,4,2,addbuff,"[1,0,-15]","[""target""]",1,onpoint2,20,=,3,1,,0
104042430,削弱得分,104006410,4,3,addbuff,"[6,0,-6]","[""target""]",1,onpoint2,20,=,3,1,在场时，降低对方全体球员6%的防守和盖帽能力持续12分钟，对方任意球员超过20时，则降低其20%得分能力持续3分钟。,0
104042431,,104006410,4,3,addbuff,"[7,0,-6]","[""target""]",1,onbattle,-1,=,3,1,,0
104042432,,104006410,4,3,addbuff,"[1,0,-20]","[""target""]",1,onpoint2,20,=,3,1,,0
104042440,削弱得分,104006410,4,4,addbuff,"[6,0,-8]","[""target""]",1,onpoint2,20,=,3,1,在场时，降低对方全体球员8%的防守和盖帽能力持续12分钟，对方任意球员超过20时，则降低其25%得分能力持续3分钟。,0
104042441,,104006410,4,4,addbuff,"[7,0,-8]","[""target""]",1,onbattle,-1,=,3,1,,0
104042442,,104006410,4,4,addbuff,"[1,0,-25]","[""target""]",1,onpoint2,20,=,3,1,,0
104042450,削弱得分,104006410,4,5,addbuff,"[6,0,-10]","[""target""]",1,onpoint2,20,=,3,1,在场时，降低对方全体球员10%的防守和盖帽能力持续12分钟，对方任意球员超过15时，则降低其30%得分能力持续3分钟。,0
104042451,,104006410,4,5,addbuff,"[7,0,-10]","[""target""]",1,onbattle,-1,=,3,1,,0
104042452,,104006410,4,5,addbuff,"[1,0,-30]","[""target""]",1,onpoint2,20,=,3,1,,0
104042460,削弱得分,104006410,4,6,addbuff,"[6,0,-12]","[""target""]",1,onpoint2,15,=,3,1,在场时，降低对方全体球员12%的防守和盖帽能力，对方任意球员超过10时，则降低其40%得分能力持续3分钟。,0
104042461,,104006410,4,6,addbuff,"[7,0,-12]","[""target""]",1,onbattle,-1,=,3,1,,0
104042462,,104006410,4,6,addbuff,"[1,0,-40]","[""target""]",1,onpoint2,20,=,3,1,,0
104043110,极佳手感,101004110,1,1,addbuff,"[1,0,10]","[""self""]",0,onbattle,-1,=,10,-1,战斗开始时，增加自身10%得分能力，同时提高5%的控球能力。,0
104043120,极佳手感,101004110,1,2,addbuff,"[1,0,15]","[""self""]",0,onbattle,-1,=,10,-1,战斗开始时，增加自身15%得分能力，同时提高8%的控球能力。,0
104043130,极佳手感,101004110,1,3,addbuff,"[1,0,20]","[""self""]",0,onbattle,-1,=,10,-1,战斗开始时，增加自身20%得分能力，同时提高12%的控球能力。,0
104043140,极佳手感,101004110,1,4,addbuff,"[1,0,30]","[""self""]",0,onbattle,-1,=,10,-1,战斗开始时，增加自身30%得分能力，同时提高16%的控球能力。,0
104043150,极佳手感,101004110,1,5,addbuff,"[1,0,40]","[""self""]",0,onbattle,-1,=,10,-1,战斗开始时，增加自身45%得分能力，同时提高20%的控球能力。,0
104043160,极佳手感,101004110,1,6,addbuff,"[1,0,50]","[""self""]",0,onbattle,-1,=,10,-1,战斗开始时，增加自身55%得分能力，同时提高25%的控球能力。,0
104043210,强化队友,102001210,2,1,addbuff,"[2,0,10]","[""3""]",0,onbattle,-1,=,10,-1,战斗开始时，增加小前锋10%传球能力与篮板能力。持续10分钟,0
104043211,,102001210,2,1,addbuff,"[3,0,10]","[""3""]",0,onbattle,-1,=,10,-1,,0
104043220,强化队友,102001210,2,2,addbuff,"[2,0,15]","[""3""]",0,onbattle,-1,=,10,-1,战斗开始时，增加小前锋15%传球能力与篮板能力。持续10分钟，并小幅提升小前锋的[落点判断]能力。,0
104043221,,102001210,2,2,addbuff,"[3,0,15]","[""3""]",0,onbattle,-1,=,10,-1,,0
104043230,强化队友,102001210,2,3,addbuff,"[2,0,20]","[""3""]",0,onbattle,-1,=,10,-1,战斗开始时，增加小前锋20%传球能力与篮板能力。持续10分钟，并小幅提升小前锋的[落点判断]能力。,0
104043231,,102001210,2,3,addbuff,"[3,0,20]","[""3""]",0,onbattle,-1,=,10,-1,,0
104043240,强化队友,102001210,2,4,addbuff,"[2,0,25]","[""3""]",0,onbattle,-1,=,10,-1,战斗开始时，增加小前锋25%传球能力与篮板能力。持续10分钟，并小幅提升小前锋的[落点判断]能力。,0
104043241,,102001210,2,4,addbuff,"[3,0,25]","[""3""]",0,onbattle,-1,=,10,-1,,0
104043250,强化队友,102001210,2,5,addbuff,"[2,0,35]","[""3""]",0,onbattle,-1,=,10,-1,战斗开始时，增加小前锋35%传球能力与篮板能力。持续10分钟，并大幅度提升小前锋的[落点判断]能力。,0
104043251,,102001210,2,5,addbuff,"[3,0,35]","[""3""]",0,onbattle,-1,=,10,-1,,0
104043260,强化队友,102001210,2,6,addbuff,"[2,0,45]","[""3""]",0,onbattle,-1,=,10,-1,战斗开始时，增加小前锋45%传球能力与篮板能力。持续10分钟，并大幅度提升小前锋的[落点判断]能力。,0
104043261,,102001210,2,6,addbuff,"[3,0,45]","[""3""]",0,onbattle,-1,=,10,-1,,0
104043310,强化队友,102001210,3,1,addbuff,"[2,0,5]","[""3""]",0,onsection,2,=,12,-1,第2节增加小前锋5%篮板能力，并使自身体力消耗减少5%。,1
104043311,,102001210,3,1,addbuff,"[101,0,-5]","[""self""]",0,onsection,2,=,12,-1,,1
104043320,强化队友,102001210,3,2,addbuff,"[2,0,10]","[""3""]",0,onsection,2,=,12,-1,第2节增加小前锋10%篮板能力，并使自身体力消耗减少10%。,1
104043321,,102001210,3,2,addbuff,"[101,0,-10]","[""self""]",0,onsection,2,=,12,-1,,1
104043330,强化队友,102001210,3,3,addbuff,"[2,0,15]","[""3""]",0,onsection,2,=,12,-1,第2节增加小前锋15%篮板能力，并使自身体力消耗减少15%。,1
104043331,,102001210,3,3,addbuff,"[101,0,-15]","[""self""]",0,onsection,2,=,12,-1,,1
104043340,强化队友,102001210,3,4,addbuff,"[2,0,20]","[""3""]",0,onsection,2,=,12,-1,第2节增加小前锋20%篮板能力，并使自身体力消耗减少20%。,1
104043341,,102001210,3,4,addbuff,"[101,0,-20]","[""self""]",0,onsection,2,=,12,-1,,1
104043350,强化队友,102001210,3,5,addbuff,"[2,0,25]","[""3""]",0,onsection,2,=,12,-1,第2节增加小前锋25%篮板能力，并使自身体力消耗减少25%。,1
104043351,,102001210,3,5,addbuff,"[101,0,-25]","[""self""]",0,onsection,2,=,12,-1,,1
104043360,强化队友,102001210,3,6,addbuff,"[2,0,30]","[""3""]",0,onsection,2,=,12,-1,第2节增加小前锋30%篮板能力，并使自身体力消耗减少30%。,1
104043361,,102001210,3,6,addbuff,"[101,0,-30]","[""self""]",0,onsection,2,=,12,-1,,1
104043410,连携强化,104007410,4,1,addbuff,"[1,0,8]","[""self""]",0,onbattlewith,104033,=,12,1,与林威一起上场时，双方得分能力提高8%，持续1节比赛。,0
104043411,,104007410,4,1,addbuff,"[1,0,8]","[""target""]",0,onbattle,-1,=,12,1,,0
104043420,连携强化,104007410,4,2,addbuff,"[1,0,12]","[""self""]",0,onbattlewith,104033,=,12,1,与林威一起上场时，双方得分能力提高12%，持续1节比赛。,0
104043421,,104007410,4,2,addbuff,"[1,0,12]","[""target""]",0,onbattle,-1,=,12,1,,0
104043430,连携强化,104007410,4,3,addbuff,"[1,0,16]","[""self""]",0,onbattlewith,104033,=,12,1,与林威一起上场时，双方得分能力提高16%，持续1节比赛。且与林葳在场时双方体力流失降低10%，持续1节比赛,0
104043431,,104007410,4,3,addbuff,"[101,0,-10]","[""self""]",0,onbattlewith,104033,=,12,-1,,0
104043432,,104007410,4,3,addbuff,"[1,0,16]","[""target""]",0,onbattle,-1,=,12,1,,0
104043440,连携强化,104007410,4,4,addbuff,"[1,0,20]","[""self""]",0,onbattlewith,104033,=,12,1,与林威一起上场时，双方得分能力提高20%，持续1节比赛。且与林葳在场时双方体力流失降低15%，持续1节比赛,0
104043441,,104007410,4,4,addbuff,"[101,0,-15]","[""self""]",0,onbattlewith,104033,=,12,-1,,0
104043442,,104007410,4,4,addbuff,"[1,0,20]","[""target""]",0,onbattle,-1,=,12,1,,0
104043450,连携强化,104007410,4,5,addbuff,"[1,0,24]","[""self""]",0,onbattlewith,104033,=,12,1,与林威一起上场时，双方得分能力提高24%，持续1节比赛。且与林葳在场时双方体力流失降低25%，持续1节比赛,0
104043451,,104007410,4,5,addbuff,"[101,0,-25]","[""self""]",0,onbattlewith,104033,=,12,-1,,0
104043452,,104007410,4,5,addbuff,"[1,0,24]","[""target""]",0,onbattle,-1,=,12,1,,0
104043460,连携强化,104007410,4,6,addbuff,"[1,0,30]","[""self""]",0,onbattlewith,104033,=,12,1,与林威一起上场时，双方得分能力提高30%，持续1节比赛。且与林葳在场时双方体力流失降低35%，持续1节比赛,0
104043461,,104007410,4,6,addbuff,"[101,0,-35]","[""self""]",0,onbattlewith,104033,=,12,-1,,0
104043462,,104007410,4,6,addbuff,"[1,0,30]","[""target""]",0,onbattle,-1,=,12,1,,0
104044110,得分强化,101006110,1,1,addbuff,"[1,0,10]","[""self""]",0,onbattle,-1,=,10,-1,"战斗开始时，增加10%得分能力，同时提高4%稳定能力,持续10分钟。",0
104044111,得分强化,101006110,1,1,addbuff,"[10,0,4]","[""self""]",0,onbattle,-1,=,10,-1,,0
104044120,得分强化,101006110,1,2,addbuff,"[1,0,15]","[""self""]",0,onbattle,-1,=,10,-1,"战斗开始时，增加15%得分能力，同时提高8%稳定能力,持续10分钟。",0
104044121,得分强化,101006110,1,2,addbuff,"[10,0,8]","[""self""]",0,onbattle,-1,=,10,-1,,0
104044130,得分强化,101006110,1,3,addbuff,"[1,0,20]","[""self""]",0,onbattle,-1,=,10,-1,"战斗开始时，增加20%得分能力，同时提高12%稳定能力,持续10分钟。",0
104044131,得分强化,101006110,1,3,addbuff,"[10,0,12]","[""self""]",0,onbattle,-1,=,10,-1,,0
104044140,得分强化,101006110,1,4,addbuff,"[1,0,30]","[""self""]",0,onbattle,-1,=,10,-1,"战斗开始时，增加30%得分能力，同时提高16%稳定能力,持续10分钟。",0
104044141,得分强化,101006110,1,4,addbuff,"[10,0,16]","[""self""]",0,onbattle,-1,=,10,-1,,0
104044150,得分强化,101006110,1,5,addbuff,"[1,0,45]","[""self""]",0,onbattle,-1,=,10,-1,"战斗开始时，增加45%得分能力，同时提高20%稳定能力,持续10分钟。",0
104044151,得分强化,101006110,1,5,addbuff,"[10,0,20]","[""self""]",0,onbattle,-1,=,10,-1,,0
104044160,得分强化,101006110,1,6,addbuff,"[1,0,55]","[""self""]",0,onbattle,-1,=,10,-1,"战斗开始时，增加55%得分能力，同时提高25%稳定能力,持续10分钟。",0
104044161,得分强化,101006110,1,6,addbuff,"[10,0,25]","[""self""]",0,onbattle,-1,=,10,-1,,0
104044210,强化后卫,101004110,2,1,addbuff,"[2,0,10]","[""1""]",0,onbattle,-1,=,10,-1,战斗开始时，增加控球后卫10%篮板与传球能力，持续10分钟,0
104044211,,101004110,2,1,addbuff,"[3,0,10]","[""1""]",0,onbattle,-1,,10,-1,,0
104044220,强化后卫,101004110,2,2,addbuff,"[2,0,15]","[""1""]",0,onbattle,-1,=,10,-1,战斗开始时，增加控球后卫15%篮板与传球能力，持续10分钟,0
104044221,,101004110,2,2,addbuff,"[3,0,15]","[""1""]",0,onbattle,-1,,10,-1,,0
104044230,强化后卫,101004110,2,3,addbuff,"[2,0,20]","[""1""]",0,onbattle,-1,=,10,-1,战斗开始时，增加控球后卫20%篮板与传球能力，持续10分钟,0
104044231,,101004110,2,3,addbuff,"[3,0,20]","[""1""]",0,onbattle,-1,,10,-1,,0
104044240,强化后卫,101004110,2,4,addbuff,"[2,0,25]","[""1""]",0,onbattle,-1,=,10,-1,战斗开始时，增加控球后卫25%篮板与传球能力，持续10分钟,0
104044241,,101004110,2,4,addbuff,"[3,0,25]","[""1""]",0,onbattle,-1,,10,-1,,0
104044250,强化后卫,101004110,2,5,addbuff,"[2,0,30]","[""1""]",0,onbattle,-1,=,10,-1,战斗开始时，增加控球后卫30%篮板与传球能力，持续10分钟,0
104044251,,101004110,2,5,addbuff,"[3,0,30]","[""1""]",0,onbattle,-1,,10,-1,,0
104044260,强化后卫,101004110,2,6,addbuff,"[2,0,35]","[""1""]",0,onbattle,-1,=,10,-1,战斗开始时，增加控球后卫35%篮板与传球能力，持续10分钟,0
104044261,,101004110,2,6,addbuff,"[3,0,35]","[""1""]",0,onbattle,-1,,10,-1,,0
104044310,强化队友,102001210,3,1,addbuff,"[4,0,10]","[""1""]",0,onbattle,-1,=,12,-1,战斗开始时，增加控球后卫10%控球与抢断能力，持续1节。,1
104044311,,102001210,3,1,addbuff,"[5,0,10]","[""1""]",0,onbattle,-1,=,12,-1,,1
104044320,强化队友,102001210,3,2,addbuff,"[4,0,15]","[""1""]",0,onbattle,-1,=,12,-1,战斗开始时，增加控球后卫15%控球与抢断能力，持续1节。,1
104044321,,102001210,3,2,addbuff,"[5,0,15]","[""1""]",0,onbattle,-1,=,12,-1,,1
104044330,强化队友,102001210,3,3,addbuff,"[4,0,20]","[""1""]",0,onbattle,-1,=,12,-1,战斗开始时，增加控球后卫20%控球与抢断能力，持续1节。,1
104044331,,102001210,3,3,addbuff,"[5,0,20]","[""1""]",0,onbattle,-1,=,12,-1,,1
104044340,强化队友,102001210,3,4,addbuff,"[4,0,25]","[""1""]",0,onbattle,-1,=,12,-1,战斗开始时，增加控球后卫25%控球与抢断能力，持续1节。,1
104044341,,102001210,3,4,addbuff,"[5,0,25]","[""1""]",0,onbattle,-1,=,12,-1,,1
104044350,强化队友,102001210,3,5,addbuff,"[4,0,30]","[""1""]",0,onbattle,-1,=,12,-1,战斗开始时，增加控球后卫30%控球与抢断能力，持续1节。,1
104044351,,102001210,3,5,addbuff,"[5,0,30]","[""1""]",0,onbattle,-1,=,12,-1,,1
104044360,强化队友,102001210,3,6,addbuff,"[4,0,35]","[""1""]",0,onbattle,-1,=,12,-1,战斗开始时，增加控球后卫35%控球与抢断能力，持续1节。,1
104044361,,102001210,3,6,addbuff,"[5,0,35]","[""1""]",0,onbattle,-1,=,12,-1,,1
104044410,极限提升,104003410,4,1,addbuff,"[101,0,100]","[""self""]",0,onpointbehind,15,=,99,1,比分落后超过15分，额外消耗100%体力，得分与稳定能力提升20%，一定概率触发[奋起直追]。,0
104044411,,104003410,4,1,addbuff,"[1,0,20]","[""self""]",0,,15,=,99,1,,0
104044412,,104003410,4,1,addbuff,"[10,0,20]","[""self""]",0,,15,=,99,1,,0
104044420,极限提升,104003410,4,2,addbuff,"[101,0,80]","[""self""]",0,onpointbehind,15,=,99,1,比分落后超过15分，额外消耗80%体力，得分与稳定能力提升20%，一定概率触发[奋起直追]。,0
104044421,,104003410,4,2,addbuff,"[1,0,20]","[""self""]",0,,15,=,99,1,,0
104044422,,104003410,4,2,addbuff,"[10,0,20]","[""self""]",0,,15,=,99,1,,0
104044430,极限提升,104003410,4,3,addbuff,"[101,0,80]","[""self""]",0,onpointbehind,15,=,99,1,比分落后超过15分，额外消耗80%体力，得分与稳定能力提升25%，一定概率触发[奋起直追]。,0
104044431,,104003410,4,3,addbuff,"[1,0,25]","[""self""]",0,,15,=,99,1,,0
104044432,,104003410,4,3,addbuff,"[10,0,25]","[""self""]",0,,15,=,99,1,,0
104044440,极限提升,104003410,4,4,addbuff,"[101,0,80]","[""self""]",0,onpointbehind,15,=,99,1,比分落后超过15分，额外消耗80%体力，得分与稳定能力提升25%，一定概率触发[奋起直追]。,0
104044441,,104003410,4,4,addbuff,"[1,0,25]","[""self""]",0,,15,=,99,1,,0
104044442,,104003410,4,4,addbuff,"[10,0,25]","[""self""]",0,,15,=,99,1,,0
104044450,极限提升,104003410,4,5,addbuff,"[101,0,50]","[""self""]",0,onpointbehind,15,=,99,1,比分落后超过15分，额外消耗50%体力，得分与稳定能力提升30%，一定概率触发[奋起直追]。,0
104044451,,104003410,4,5,addbuff,"[1,0,30]","[""self""]",0,,15,=,99,1,,0
104044452,,104003410,4,5,addbuff,"[10,0,30]","[""self""]",0,,15,=,99,1,,0
104044460,极限提升,104003410,4,6,addbuff,"[101,0,50]","[""self""]",0,onpointbehind,12,=,99,1,比分落后超过12分，额外消耗50%体力，得分与稳定能力提升35%，一定概率触发[奋起直追]。,0
104044461,,104003410,4,6,addbuff,"[1,0,35]","[""self""]",0,,12,=,99,1,,0
104044462,,104003410,4,6,addbuff,"[10,0,35]","[""self""]",0,,12,=,99,1,,0
104045110,篮板增强,104006410,1,1,addbuff,"[1,0,10]","[""self""]",0,onbattle,-1,=,10,-1,战斗开始时，增加自身10%得分与篮板能力。,0
104045111,,104006410,1,1,addbuff,"[2,0,10]","[""self""]",0,onbattle,-1,=,10,-1,,0
104045120,篮板增强,104006410,1,2,addbuff,"[1,0,15]","[""self""]",0,onbattle,-1,=,10,-1,战斗开始时，增加自身15%得分与篮板能力。,0
104045121,,104006410,1,2,addbuff,"[2,0,15]","[""self""]",0,onbattle,-1,=,10,-1,,0
104045130,篮板增强,104006410,1,3,addbuff,"[1,0,20]","[""self""]",0,onbattle,-1,=,10,-1,战斗开始时，增加自身20%得分与篮板能力。,0
104045131,,104006410,1,3,addbuff,"[2,0,20]","[""self""]",0,onbattle,-1,=,10,-1,,0
104045140,篮板增强,104006410,1,4,addbuff,"[1,0,25]","[""self""]",0,onbattle,-1,=,10,-1,战斗开始时，增加自身25%得分与篮板能力。,0
104045141,,104006410,1,4,addbuff,"[2,0,25]","[""self""]",0,onbattle,-1,=,10,-1,,0
104045150,篮板增强,104006410,1,5,addbuff,"[1,0,30]","[""self""]",0,onbattle,-1,=,10,-1,战斗开始时，增加自身30%得分与篮板能力。,0
104045151,,104006410,1,5,addbuff,"[2,0,30]","[""self""]",0,onbattle,-1,=,10,-1,,0
104045160,篮板增强,104006410,1,6,addbuff,"[1,0,35]","[""self""]",0,onbattle,-1,=,10,-1,战斗开始时，增加自身35%得分与篮板能力。,0
104045161,,104006410,1,6,addbuff,"[2,0,35]","[""self""]",0,onbattle,-1,=,10,-1,,0
104045210,强化队友,102001210,2,1,addbuff,"[3,0,10]","[""1""]",0,onbattle,-1,=,10,-1,战斗开始时，增加控球后卫10%控球与传球能力，持续10分钟。,0
104045211,,102001210,2,1,addbuff,"[4,0,10]","[""1""]",0,onbattle,-1,=,10,-1,,0
104045220,强化队友,102001210,2,2,addbuff,"[3,0,15]","[""1""]",0,onbattle,-1,=,10,-1,战斗开始时，增加控球后卫15%控球与传球能力，持续10分钟。,0
104045221,,102001210,2,2,addbuff,"[4,0,15]","[""1""]",0,onbattle,-1,=,10,-1,,0
104045230,强化队友,102001210,2,3,addbuff,"[3,0,20]","[""1""]",0,onbattle,-1,=,10,-1,战斗开始时，增加控球后卫20%控球与传球能力，持续10分钟。,0
104045231,,102001210,2,3,addbuff,"[4,0,20]","[""1""]",0,onbattle,-1,=,10,-1,,0
104045240,强化队友,102001210,2,4,addbuff,"[3,0,35]","[""1""]",0,onbattle,-1,=,10,-1,战斗开始时，增加控球后卫35%控球与传球能力，持续10分钟。,0
104045241,,102001210,2,4,addbuff,"[4,0,35]","[""1""]",0,onbattle,-1,=,10,-1,,0
104045250,强化队友,102001210,2,5,addbuff,"[3,0,40]","[""1""]",0,onbattle,-1,=,10,-1,战斗开始时，增加控球后卫40%控球与传球能力，持续10分钟。,0
104045251,,102001210,2,5,addbuff,"[4,0,40]","[""1""]",0,onbattle,-1,=,10,-1,,0
104045260,强化队友,102001210,2,6,addbuff,"[3,0,45]","[""1""]",0,onbattle,-1,=,10,-1,战斗开始时，增加控球后卫45%控球与传球能力，持续10分钟。,0
104045261,,102001210,2,6,addbuff,"[4,0,45]","[""1""]",0,onbattle,-1,=,10,-1,,0
104045310,强化后卫,102001210,3,1,addbuff,"[1,0,10]","[""2""]",0,onbattle,-1,=,12,-1,战斗开始时，增加得分后卫10%篮板与得分能力。,1
104045311,,102001210,3,1,addbuff,"[2,0,10]","[""2""]",0,onbattle,-1,=,12,-1,,1
104045320,强化后卫,102001210,3,2,addbuff,"[1,0,15]","[""2""]",0,onbattle,-1,=,12,-1,战斗开始时，增加得分后卫15%篮板与得分能力。,1
104045321,,102001210,3,2,addbuff,"[2,0,15]","[""2""]",0,onbattle,-1,=,12,-1,,1
104045330,强化后卫,102001210,3,3,addbuff,"[1,0,20]","[""2""]",0,onbattle,-1,=,12,-1,战斗开始时，增加得分后卫20%篮板与得分能力。,1
104045331,,102001210,3,3,addbuff,"[2,0,20]","[""2""]",0,onbattle,-1,=,12,-1,,1
104045340,强化后卫,102001210,3,4,addbuff,"[1,0,25]","[""2""]",0,onbattle,-1,=,12,-1,战斗开始时，增加得分后卫25%篮板与得分能力。,1
104045341,,102001210,3,4,addbuff,"[2,0,25]","[""2""]",0,onbattle,-1,=,12,-1,,1
104045350,强化后卫,102001210,3,5,addbuff,"[1,0,30]","[""2""]",0,onbattle,-1,=,12,-1,战斗开始时，增加得分后卫30%篮板与得分能力。,1
104045351,,102001210,3,5,addbuff,"[2,0,30]","[""2""]",0,onbattle,-1,=,12,-1,,1
104045360,强化后卫,102001210,3,6,addbuff,"[1,0,35]","[""2""]",0,onbattle,-1,=,12,-1,战斗开始时，增加得分后卫35%篮板与得分能力。,1
104045361,,102001210,3,6,addbuff,"[2,0,35]","[""2""]",0,onbattle,-1,=,12,-1,,1
104045410,极限突破,104007410,4,1,addbuff,"[101,0,50]","[""self""]",0,onbattle,-1,=,99,1,战斗开始时，额外消耗50%体力，自己得分能力提升15%，持续3分钟。,0
104045411,极限突破,104007410,4,1,addbuff,"[1,0,15]","[""self""]",0,onbattle,-1,=,99,1,,0
104045412,极限突破,104007410,4,1,addbuff,"[10,0,15]","[""self""]",0,onbattle,-1,=,99,1,,0
104045420,极限突破,104007410,4,2,addbuff,"[101,0,50]","[""self""]",0,onbattle,-1,=,99,1,战斗开始时，额外消耗50%体力，自己得分能力提升20%，持续3分钟。,0
104045421,极限突破,104007410,4,2,addbuff,"[1,0,20]","[""self""]",0,onbattle,-1,=,99,1,,0
104045422,极限突破,104007410,4,2,addbuff,"[10,0,20]","[""self""]",0,onbattle,-1,=,99,1,,0
104045430,极限突破,104007410,4,3,addbuff,"[101,0,45]","[""self""]",0,onbattle,-1,=,99,1,战斗开始时，额外消耗45%体力，自己得分能力提升25%，持续3分钟。,0
104045431,极限突破,104007410,4,3,addbuff,"[1,0,25]","[""self""]",0,onbattle,-1,=,99,1,,0
104045432,极限突破,104007410,4,3,addbuff,"[10,0,25]","[""self""]",0,onbattle,-1,=,99,1,,0
104045440,极限突破,104007410,4,4,addbuff,"[101,0,45]","[""self""]",0,onbattle,-1,=,99,1,战斗开始时，额外消耗45%体力，自己得分能力提升30%，持续3分钟。,0
104045441,极限突破,104007410,4,4,addbuff,"[1,0,30]","[""self""]",0,onbattle,-1,=,99,1,,0
104045442,极限突破,104007410,4,4,addbuff,"[10,0,30]","[""self""]",0,onbattle,-1,=,99,1,,0
104045450,极限突破,104007410,4,5,addbuff,"[101,0,40]","[""self""]",0,onbattle,-1,=,99,1,战斗开始时，额外消耗40%体力，自己得分能力提升35%，持续5分钟。,0
104045451,极限突破,104007410,4,5,addbuff,"[1,0,35]","[""self""]",0,onbattle,-1,=,99,1,,0
104045452,极限突破,104007410,4,5,addbuff,"[10,0,35]","[""self""]",0,onbattle,-1,=,99,1,,0
104045460,极限突破,104007410,4,6,addbuff,"[101,0,40]","[""self""]",0,onbattle,-1,=,99,1,战斗开始时，额外消耗40%体力，自己得分能力提升40%，持续5分钟。,0
104045461,极限突破,104007410,4,6,addbuff,"[1,0,40]","[""self""]",0,onbattle,-1,=,99,1,,0
104045462,极限突破,104007410,4,6,addbuff,"[10,0,40]","[""self""]",0,onbattle,-1,=,99,1,,0
104046110,控球强化,101005110,1,1,addbuff,"[1,0,10]","[""self""]",0,onbattle,-1,=,10,-1,战斗开始时，增加10%控球能力，持续10分钟,0
104046120,控球强化,101005110,1,2,addbuff,"[1,0,15]","[""self""]",0,onbattle,-1,=,10,-1,战斗开始时，增加15%控球与得分能力，持续10分钟。,0
104046121,控球强化,101005110,1,2,addbuff,"[4,0,15]","[""self""]",0,onbattle,-1,=,10,-1,,0
104046130,控球强化,101005110,1,3,addbuff,"[1,0,20]","[""self""]",0,onbattle,-1,=,10,-1,战斗开始时，增加20%控球与得分能力，持续10分钟。,0
104046131,控球强化,101005110,1,3,addbuff,"[4,0,20]","[""self""]",0,onbattle,-1,=,10,-1,,0
104046140,控球强化,101005110,1,4,addbuff,"[1,0,25]","[""self""]",0,onbattle,-1,=,10,-1,战斗开始时，增加25%控球与得分能力，持续10分钟。,0
104046141,控球强化,101005110,1,4,addbuff,"[4,0,25]","[""self""]",0,onbattle,-1,=,10,-1,,0
104046150,控球强化,101005110,1,5,addbuff,"[1,0,30]","[""self""]",0,onbattle,-1,=,10,-1,战斗开始时，增加30%控球与得分能力，持续10分钟。,0
104046151,控球强化,101005110,1,5,addbuff,"[4,0,30]","[""self""]",0,onbattle,-1,=,10,-1,,0
104046160,控球强化,101005110,1,6,addbuff,"[1,0,35]","[""self""]",0,onbattle,-1,=,10,-1,战斗开始时，增加35%控球能力与得分能力，持续10分钟。,0
104046161,控球强化,101005110,1,6,addbuff,"[4,0,35]","[""self""]",0,onbattle,-1,=,10,-1,,0
104046210,强化队友,102001210,2,1,addbuff,"[1,0,10]","[""5""]",0,onbattle,-1,=,10,-1,战斗开始时，增加中锋10%得分能力，持续10分钟,0
104046220,强化队友,102001210,2,2,addbuff,"[1,0,15]","[""5""]",0,onbattle,-1,=,10,-1,战斗开始时，增加中锋15%得分与抢断能力，持续10分钟,0
104046221,强化队友,102001210,2,2,addbuff,"[5,0,15]","[""5""]",0,onbattle,-1,=,10,-1,,0
104046230,强化队友,102001210,2,3,addbuff,"[1,0,20]","[""5""]",0,onbattle,-1,=,10,-1,战斗开始时，增加中锋20%得分与抢断能力，持续10分钟。,0
104046231,强化队友,102001210,2,3,addbuff,"[5,0,20]","[""5""]",0,onbattle,-1,=,10,-1,,0
104046240,强化队友,102001210,2,4,addbuff,"[1,0,30]","[""5""]",0,onbattle,-1,=,10,-1,战斗开始时，增加中锋30%得分与抢断能力，持续10分钟。,0
104046241,强化队友,102001210,2,4,addbuff,"[5,0,30]","[""5""]",0,onbattle,-1,=,10,-1,,0
104046250,强化队友,102001210,2,5,addbuff,"[1,0,40]","[""5""]",0,onbattle,-1,=,10,-1,战斗开始时，增加中锋40%得分与抢断能力，持续10分钟。,0
104046251,强化队友,102001210,2,5,addbuff,"[5,0,40]","[""5""]",0,onbattle,-1,=,10,-1,,0
104046260,强化队友,102001210,2,6,addbuff,"[1,0,50]","[""5""]",0,onbattle,-1,=,10,-1,战斗开始时，增加中锋50%得分与抢断能力，持续10分钟。,0
104046261,强化队友,102001210,2,6,addbuff,"[5,0,50]","[""5""]",0,onbattle,-1,=,10,-1,,0
104046310,强化队友,102001210,3,1,addbuff,"[2,0,10]","[""3""]",0,onbattle,-1,=,12,-1,战斗开始时，增加小前锋10%篮板能力，持续1节。,1
104046320,强化队友,102001210,3,2,addbuff,"[2,0,15]","[""3""]",0,onbattle,-1,=,12,-1,战斗开始时，增加小前锋15%篮板能力。持续1节。,1
104046330,强化队友,102001210,3,3,addbuff,"[2,0,20]","[""3""]",0,onbattle,-1,=,12,-1,战斗开始时，增加小前锋20%篮板能力，持续1节。,1
104046340,强化队友,102001210,3,4,addbuff,"[2,0,30]","[""3""]",0,onbattle,-1,=,12,-1,战斗开始时，增加小前锋30%篮板能力，持续1节。,1
104046350,强化队友,102001210,3,5,addbuff,"[2,0,40]","[""3""]",0,onbattle,-1,=,12,-1,战斗开始时，增加小前锋40%篮板能力，持续1节。,1
104046360,强化队友,102001210,3,6,addbuff,"[2,0,55]","[""3""]",0,onbattle,-1,=,12,-1,战斗开始时，增加小前锋55%篮板能力，持续1节。,1
104046410,超绝加油机,104004410,4,1,addbuff,"[6,0,8]","[""1""]",0,onroundfreq,10,=,3,-1,每10分钟，给控卫提供8%得分buff，持续3分钟。,0
104046420,超绝加油机,104004410,4,2,addbuff,"[6,0,10]","[""1"",""2""]",0,onroundfreq,9,=,3,-1,每10分钟，给控卫、分卫提供10%得分buff，持续3分钟。,0
104046430,超绝加油机,104004410,4,3,addbuff,"[6,0,12]","[""1"",""2"",""3""]",0,onroundfreq,8,=,3,-1,每8分钟，给控卫、分卫和小前锋提供12%得分buff，持续3分钟。,0
104046440,超绝加油机,104004410,4,4,addbuff,"[6,0,14]","[""1"",""2"",""3"",""4""]",0,onroundfreq,7,=,4,-1,每7分钟，给控卫、分卫、小前锋和大前锋提供14%得分buff，持续4分钟。,0
104046450,超绝加油机,104004410,4,5,addbuff,"[6,0,16]","[""1"",""2"",""3"",""4"",""5""]",0,onroundfreq,6,=,5,-1,每6分钟，给全队提供16%得分buff，持续5分钟。,0
104046460,超绝加油机,104004410,4,6,addbuff,"[6,0,18]","[""1"",""2"",""3"",""4"",""5""]",0,onroundfreq,5,=,5,-1,每5分钟，给全队提供18%得分buff，持续5分钟。,0
104047110,篮板强化,101004110,1,1,addbuff,"[2,0,10]","[""self""]",0,onbattle,-1,=,12,-1,战斗开始时，增加10%传球与篮板能力，持续一节。,0
104047111,,101004110,1,1,addbuff,"[3,0,10]","[""self""]",0,onbattle,-1,=,12,-1,,0
104047120,篮板强化,101004110,1,2,addbuff,"[2,0,15]","[""self""]",0,onbattle,-1,=,12,-1,战斗开始时，增加15%传球与篮板能力，持续一节。,0
104047121,,101004110,1,2,addbuff,"[3,0,15]","[""self""]",0,onbattle,-1,=,12,-1,,0
104047130,篮板强化,101004110,1,3,addbuff,"[2,0,20]","[""self""]",0,onbattle,-1,=,12,-1,战斗开始时，增加20%传球与篮板能力，持续一节。,0
104047131,,101004110,1,3,addbuff,"[3,0,20]","[""self""]",0,onbattle,-1,=,12,-1,,0
104047140,篮板强化,101004110,1,4,addbuff,"[2,0,30]","[""self""]",0,onbattle,-1,=,12,-1,战斗开始时，增加30%传球与篮板能力，持续一节。,0
104047141,,101004110,1,4,addbuff,"[3,0,30]","[""self""]",0,onbattle,-1,=,12,-1,,0
104047150,篮板强化,101004110,1,5,addbuff,"[2,0,40]","[""self""]",0,onbattle,-1,=,12,-1,战斗开始时，增加40%传球与篮板能力，持续一节。,0
104047151,,101004110,1,5,addbuff,"[3,0,40]","[""self""]",0,onbattle,-1,=,12,-1,,0
104047160,篮板强化,101004110,1,6,addbuff,"[2,0,50]","[""self""]",0,onbattle,-1,=,12,-1,战斗开始时，增加50%传球与篮板能力，持续一节。,0
104047161,,101004110,1,6,addbuff,"[3,0,50]","[""self""]",0,onbattle,-1,=,10,-1,,0
104047210,强化队友,102001210,2,1,addbuff,"[1,0,10]","[""5""]",0,onbattle,-1,=,10,-1,战斗开始时，增加中锋10%得分与5%传球能力，持续10分钟。,0
104047211,强化队友,102001210,2,1,addbuff,"[3,0,5]","[""5""]",0,onbattle,-1,=,10,-1,,0
104047220,强化队友,102001210,2,2,addbuff,"[6,0,15]","[""5""]",0,onbattle,-1,=,10,-1,战斗开始时，增加中锋15%得分与10%传球能力，持续10分钟。,0
104047221,强化队友,102001210,2,2,addbuff,"[3,0,10]","[""5""]",0,onbattle,-1,=,10,-1,,0
104047230,强化队友,102001210,2,3,addbuff,"[6,0,20]","[""5""]",0,onbattle,-1,=,10,-1,战斗开始时，增加中锋20%得分与15%传球能力，持续10分钟。,0
104047231,强化队友,102001210,2,3,addbuff,"[3,0,15]","[""5""]",0,onbattle,-1,=,10,-1,,0
104047240,强化队友,102001210,2,4,addbuff,"[6,0,30]","[""5""]",0,onbattle,-1,=,10,-1,战斗开始时，增加中锋30%得分与25%传球能力，持续10分钟。,0
104047241,强化队友,102001210,2,4,addbuff,"[3,0,25]","[""5""]",0,onbattle,-1,=,10,-1,,0
104047250,强化队友,102001210,2,5,addbuff,"[6,0,40]","[""5""]",0,onbattle,-1,=,10,-1,战斗开始时，增加中锋40%得分与35%传球能力，持续10分钟。,0
104047251,强化队友,102001210,2,5,addbuff,"[3,0,35]","[""5""]",0,onbattle,-1,=,10,-1,,0
104047260,强化队友,102001210,2,6,addbuff,"[6,0,50]","[""5""]",0,onbattle,-1,=,10,-1,战斗开始时，增加中锋50%得分与45%传球能力，持续10分钟。,0
104047261,强化队友,102001210,2,6,addbuff,"[3,0,45]","[""5""]",0,onbattle,-1,=,10,-1,,0
104047310,强化队友,102001210,3,1,addbuff,"[2,0,15]","[""4""]",0,onsection,4,=,12,-1,第4节增加大前锋15%传球能力，持续一节。,1
104047320,强化队友,102001210,3,2,addbuff,"[2,0,20]","[""4""]",0,onsection,4,=,12,-1,第4节增加大前锋20%传球能力，持续一节。,1
104047330,强化队友,102001210,3,3,addbuff,"[2,0,25]","[""4""]",0,onsection,4,=,12,-1,第4节增加大前锋25%传球能力，持续一节。,1
104047340,强化队友,102001210,3,4,addbuff,"[2,0,35]","[""4""]",0,onsection,4,=,12,-1,第4节增加大前锋35%传球能力，持续一节。,1
104047350,强化队友,102001210,3,5,addbuff,"[2,0,45]","[""4""]",0,onsection,4,=,12,-1,第4节增加大前锋45%传球能力，持续一节。,1
104047360,强化队友,102001210,3,6,addbuff,"[2,0,55]","[""4""]",0,onsection,4,=,12,-1,第4节增加大前锋55%传球能力，持续一节。,1
104047410,带动全场,104007410,4,1,addbuff,"[6,0,10]","[""ran""]",0,onpoint,30,=,3,1,得分超过30，任意队友增加10%得分与防守能力，持续3分钟,0
104047411,带动全场,104007410,4,1,addbuff,"[1,0,10]","[""ran""]",0,onpoint,30,=,3,1,,0
104047420,带动全场,104007410,4,2,addbuff,"[6,0,15]","[""ran""]",0,onpoint,25,=,3,1,得分超过25，任意队友增加15%得分与防守能力，持续3分钟,0
104047421,带动全场,104007410,4,2,addbuff,"[1,0,15]","[""ran""]",0,onpoint,25,=,3,1,,0
104047430,带动全场,104007410,4,3,addbuff,"[6,0,15]","[""ran""]",0,onpoint,20,=,3,1,得分超过20，任意队友增加15%得分与防守能力，持续3分钟,0
104047431,带动全场,104007410,4,3,addbuff,"[1,0,15]","[""ran""]",0,onpoint,20,=,3,1,,0
104047440,带动全场,104007410,4,4,addbuff,"[6,0,20]","[""ran""]",0,onpoint,20,=,3,1,得分超过20，任意队友增加20%得分与防守能力，持续3分钟,0
104047441,带动全场,104007410,4,4,addbuff,"[1,0,20]","[""ran""]",0,onpoint,20,=,3,1,,0
104047450,带动全场,104007410,4,5,addbuff,"[6,0,25]","[""ran""]",0,onpoint,20,=,3,1,得分超过20，任意队友增加25%得分与防守能力，持续4分钟,0
104047451,带动全场,104007410,4,5,addbuff,"[1,0,25]","[""ran""]",0,onpoint,20,=,3,1,,0
104047460,带动全场,104007410,4,6,addbuff,"[6,0,30]","[""ran""]",0,onpoint,20,=,5,1,得分超过20，任意队友增加30%得分与防守能力，持续5分钟,0
104047461,带动全场,104007410,4,6,addbuff,"[1,0,30]","[""ran""]",0,onpoint,20,=,5,1,,0
