00c3a4c171eaf3147bf997376e1949be,02b29aed6bfdbfccf244f8bf8ae8ef19,16955074387605563589
0084938e06a950a4e915f5606a34a6b6,b891e4e32daf173f5d5f4db95d57db50,15001308733929176379
0076f3df20f3b5b49bacf026ac2a93c2,a9ce39a636302ccac4297700757e81c6,9272349745225235797
00679fe0d1993664294eb5e9ac48f0ff,fd34c0e02f095232c004d74c050e7dd0,12444899641195319765
0078b3400ac79954487cbd005a783da8,49ac4a36062defbaff8a90a1b5d37572,10499024650524450667
006a452a50c853c4fa97179b6643f864,0dba3eae1a8d0d949753c94c24e77e44,13996956676625871051
10c2256ebaed37d48a0f47e4960c4ce4,d4e822f25d37d3aafabd2a89da15a910,9259386021557047198
1025d502f1b8c634ba489fdab7a15a72,f0184de9a310f52b5457b5c835d7f52a,15051046513855639800
10c81d5cff1ac014da1d641417b377c3,1877377a10961fb2c309da0fcd5cd3fb,15752278242982842981
20756ef17c135704c9685320952051d8,7de344dd1d5d496a66043df88a4e354c,14815659030337932441
201830ecc9c948b4589f239487a81aae,df923c0347d06f1c335dc8edf9e5937f,10520134109840366382
30246c41ac1272a4790656aa2486356f,6f5881fa2c3421da953ebe40bdef722a,15340522340421219647
30b487d1009e9294d9da7448acedca03,962671e33cb186feab41876f7e0d5104,9514186808557419783
30c58bca07bd3814abe18a3a4f8138ed,cff225a7e94524e2658a8fff41897a67,18044683065189106021
30c6adff86490444c8326864dd74d9e8,8cd3e7396d2046a1d2d1b7a9a7c38a20,14173724250974400019
3088ceb423a146448922d30056e70aba,362611a25e58aae5458f29340930cdbe,10197966404097301098
30ea7ddb2bd7bea439c5b123ae9d12e9,6c0a236d656dd44c009e061efce63650,9453903592030689740
301b30730ee77894b9ce4257ea9d75f5,71e1388bf2a5c621562ca19eca7d9c31,18446463698210922496
30abe12547ffb8146b64fc7e58ad1780,515a687a21a3bd57040c7550c904e091,13852081532579886399
30bea6dff5c38aa48bac22c907f26394,4cffb21115413a82d246bbf340f78747,10434637172262262584
30bf3866af1068d48be2e060d4fb9757,ff9ab6981badaa4ada0b9830dfa1f33e,13866934951077306774
405729de9321bde4689eae0e73938f4b,644060cfc5558163f5fba7e6b0ac8358,10648032594839771609
406bc02602df48c4e9f5f96b2b320820,f524adace367d449840dcbbdb1fa5b24,14143113443125866904
40bfb1ff0bda1ad46b6f8dd3af8fccbc,5d4895f2a5f041549d921c12f49b6418,15136351220399354464
5052c237d6cb54a4da1bb62be4fbf9c4,d944e80d30bd5ea4d97072d8622be9da,10722307876913822765
5034eeb3380f614429ed08711b4c0ca5,78b09b89abfd449b8996fa7649d11f14,14182744712435438397
506922a26e7b27944bd7a03b49b43fb0,2b9be257062b83c77c200a0ea457ac75,10535719210882370681
509c604db6598bb489480e4ea0d15d3f,916f6e0b35f12972d275402f4677fd08,10945692994476313370
50acd95fc6eef454f9aa986f5c047ee0,5a57ff6e012400e7a5a72f856572e3b3,17308324523401874908
506e444d66c5b2a4f8684a482db78b3b,e1f39378c156cfaefdbf75271780aad6,9627110943398242680
500f503fcb0d7ac4995636494298d5fb,e748f8389e215fe2507dfd898ac0bd53,15054526129551521087
502f534e9b0f3d14282f8533b9f078ea,b8f30093650348b80580cc9158d41c74,13657796612744555820
50df804a7e58297429f76a5cbec17e30,770af5b91a0f646cafdafe3dc5e30834,13895598523068387575
60e90221c4e550d49b1c0744fe972e23,92fbc1bd71533da74705b2b936b9c472,10206417259023684722
60bb1256058eb3f479df7bf64e603d5d,92e2bcc2a0c61ee1d3719ab94f7984d2,14325520712613217842
702064cc67183d841af155a1bae6cbdd,c3c4e4192cf099cca679b2c337840254,14636970650126400924
7094d61edaa9dea4ebccdba26dbd1efa,e6c0ea44e169c43d37dea8f8df123835,15354281353043858831
70250d5c9e282f84e9cf1321177fc9bf,27ca0de7c1543951e04e002bbe214668,9639761729391521510
7057dbcf6e51dc04fb2db4bce4a9dd22,c1baf564efcaf0b895cdd8421b7c8026,12300898200612016568
7058ce4d3f64fba4580b59b65b853c29,c3e19792b2c9eabd0a77816813ad9fab,9611058322734590423
8010c1877cf638d40a2afbbb711cb789,043e85ebb1abc8a49aecc8b06d8bd63c,13996910110740330468
80c30ee81888c8f4ea3d44dd1675079f,663c8e904ec68791cfacc50aaa228730,15088759036891770658
80a4dc38615223a4f8467eb0fe6aced8,faa291e7e43bf9fcaea73f601ea6d28b,15147298152316942324
809719761d77df3448d1de2df7452898,b4b23a95caad2f4b4d984668e72aeed7,10693915595160932244
80c792f3bd058ee45bd6895a782239af,3080df3ee7adc770bc5833ec17ed62ad,14496091678095127943
803844fadd7da7c4294c958cb5ddfc0c,fd83fbe7426385d299516839fdf8fb88,10434566782077066086
809988830694f704c8650da80fd97683,0f8c17af124e16ef760a1b86606022d1,11036715333348390283
80c9c9bb98a55634c8fae2b93cc27810,4c6921b590047917ac201e8adc70337e,13876270476502334693
803c00b4aab3a0a4badc9b17caafcd99,097a19dfb0681ffe671aeaae1f180c94,13948517125965204326
80ac20b53b53f8b4983bb87d134e8772,8234c2ee566bc91b1254a56147da6396,18091867638500132122
80df4ef40389a084f9d3af344ee67f79,f860d9b6bb286cb95d2d74772aca8864,15085458606234352238
9062c5531e968ff4b930de3d6e4157c3,4a7a2b1eef0e7dc01f3946c6f9741e74,15397077256616947185
90b73bd828f88cc42a3dd79155946bc6,eaaf3a9ee50f824149eb426df56698c4,12273810550958675370
904ca26f927a4744e8b0f4d33a9a3435,658f04ff87d32f20af48f462d329447d,9570284925938489875
903d317e32e43354f9c9e4876ee632b4,079606c03c9a7567a2a808d8627258dc,15187173149486853507
90deee1f32af00b438e46cf4d1a39b30,e1ee0481721394ab66da45c86ff32dd1,13778315982848377887
a0a2d2169776cee4f9e4cfaac511e01f,3ec277b8724b670b4f0fc95f694a5173,15289025143360415975
a04374bd9d31507458d358ce6f492f84,0f04a8626479cd6636ca6e70f8bbbd84,9337938405584478103
a0a3b37b54f8ac34d8f49af4544508c3,21619c06dc440c72e0858ff6700559c7,10680369810477366428
a01465fd9d8e66a4d8703b8cbb3ad5b2,c649b6439ac9290eb5b181d971430418,9253639133488496188
a0f891c63b53f1d498cf94e5dfb020c2,f4f0c4d1a58137d5543002136e549dc0,10721746025481755429
a0e91679949c6134aa2c8b97e5619e9a,6fdde7566f15945f4dac3080212480eb,9777449556230654285
a03ba5f443560da42a16dd35d9414a17,a62db9a4d7a6890e01bd3745c7508994,15407143127968576902
a0fb25cc8196902408c2f57a82974661,f8a6e1a997e311a6c3553b3ef54b6360,14400594489766233817
a0bdd412270b03549b51eb95d33e19b6,feea8dcabae42bcc57cfa12aeb402e87,13877612776826720822
a0af43a596cfc36449fecd1f52188d59,ea06ad005ec855ae47d8a7441b9d22e5,13964279483776847668
b0a2386c7448b704084665b85a29de54,dbe01b5ec978055df869de0051fd7299,11067934512224023449
b084c40d365aac944868e3ca97772a5d,75faf16dffacd7fd065b56e2cf27487b,15543101382180674363
b0e5fc78d8323284ea050c921589484d,3fead9647b5f19cdf6e44d2656200a78,10573392839154918713
b0f7b114cfa187542b06e609bc1353cc,9ab165cd4056606df96c1c66588911bd,13011521841099240473
b00afaffb2ab2114ab7b6e2514e9927d,b0a5c1fe7df4f7c371832a27d5365338,13926043454669767116
b01b1f4a9915c3c4fa2b6a3a29a6f298,3859004c3e6e442296e35d59694fb604,15119096260592779729
b08b839399b167a41baf2dcd1a9e0a14,1b290e44cfe118d9ca7b9441057ca1a5,12652142244722742684
b00c9023e285432479af51275465d07b,7c2d46f022fb2aabadc229dbc4042580,9679992830156722479
b06cd926003af9247891e505b610a35b,262af4ba50c72c41cb0659e7e920db51,9778839356108845176
c09c96cf6939d6d49a2c089355d3cc1b,6972c6a83c499c370c255325659073ac,9519828127864132341
c0fee17faebea66448e68791b9327436,a9f7dde3df977c25731486d23b84df81,11972435436773025703
d0415ba65567fa247a3c50d00af89beb,b7680c77fae7f08e4c5de35ca0217c9f,13958126822070303849
d03326c00671339409600e3270bf80b6,2069984300a78e6f2e9dfd8606d35e20,9610988228868334039
d0e5aea92aefd9c4caaf6dfded6123dc,9e489a2734ea6e1a2d970bd227e0a517,15390301401516892824
d0f73bcb391e5544893f4cbefbd86c42,f27e3e5fdf1d0712793b524772f5cbc4,15042421047687001816
d09b1400bc2c0584281535e63d856c82,85dfd8f866a73173883ebcef7141fa7c,16829831086247201337
e0a05461ea5bd82458553b693ce19eb0,19f6c759b78ac347c396b60855ba200d,13899585498615850293
e0d0904fa268bf64fbc7a502900f1bed,2a47e5fbdc7db9fd120d615314f87af3,10481687061850370969
e05ac3b4b14f930449a8d3bcedfb5cb2,f930334ed1e68210d3606d663e4626f5,11500363384765743253
e09da65288f17734982cdb5698b361b6,a9562915ea964ed7671a186946e795a4,9553398568675232483
f00299959e6a7a348bb1a7e8209dc0d9,df67f092783790de6b499d77e9ef4289,13889124783980688191
f0153556e927c81498276c6a1cf713a5,53134bfddcddaf9521aecf2fc9e746b5,15147924679770845798
f0372c8e8bb657342b3f85a106f0fb4c,e50f1f12836dcf3042e1a30008f33dac,10686597237314017640
f028383c841a30245b1dea2f4f6954b5,6fbda2fa6abc7997e8ee79d2028a37c8,15042378891676890151
f01c8e705f180054fb404c3e43c7a008,bcb6ca69b14ba34f51966dda745649f3,10199918010462263372
f04c8615ef7481340bb6ccff628dd2c0,0519bc187bbe93b352ce9137904a75a2,9413146050683456101
f05e7e43db2cb1a4696534b332b57a71,3e1285c549df71d57a32caabce67993d,9638682029169103951
f01fc1e43a9227c4083ace52974e3333,c6c309c48a474b2640de21156dbd2bc0,13878695043533455065
f0bf7fb9e7429be4e9280a71a9395b7a,795239e88ee3f92b846e6ab78e924216,9624307224604301886
01e0463b06517c4439d2875f82663837,174b1fc417c989b056ae55b611a28245,9703627743062514126
0162abb29c417ce4e9d46d03c90a6c44,995202ec0db476d51a9790070a049533,15405741688340466636
01e39d3041a7d3d4b8febd9f384d5880,d5c33f999a5d7cb0d65578036fb2ee84,15176679528754328928
0189da84ec4fc0849bee9e18516f1984,d7bdc8b5d88ae9584253fa1767bd018b,17120390086835867980
012a870a985d7604ca362b600512cafe,c9cebaaea930e25d136fa38dfe9be005,10507860113464586994
1151498967b5ce44f9db5f60b4c1e0fb,a7a3e3a58870f2ae04b8df0b3c213ef3,14137708304892390508
11637d050f8754e42b4e3179293253f7,3e6dbf644a28c612c00efdb3d77fa37f,13882133967550399111
11931579668e9e042a61ac9274a60981,ec3e9529d673bb7e7cf08cba18b3dd0a,15334511806421747323
1193b8c9c85890946b7041b88700bbc9,519c349fdb0b7338a665b5f6571d1a00,17308324523401874908
110704c3927fd3c48b04e3cc618a0654,59ae64dd680faf96ff03801c8d507839,11075024030062758985
11a7385350faf1f4e94be9fa090d9a05,2e34a772164f5c129870de130e879569,10702007572063641479
112860a37c1fade4bb1b211dd0413bb1,4fd70486f6d47aa9f26f5b3170c9c4c3,15047206700130710838
11197fd98616f644287b339052b7a4f2,ca54c97a1429e77ba4783111a305326b,10714145523428441210
115b84e6570d9614dadb0c8e88d5d68e,497242046433ed1db37be70974107e1a,15005202114781805135
115b4fd54a1fb384ab482f49f5144533,c3b2caf28c3be1faec161363f0e0077d,13400957330158005443
115cb359125893b4a8074e220421b8c6,7972d668f5a9d98d94b44607acc767c7,15191238772598102546
21660e7e902463d41b5265b07b18b308,f6f2c1ac12e0a802a1eb6222ddb8cd96,18385287330071237698
217696f9ecf25cf45a1afca86113fb24,40dd1aabc1025b7ab74398069e8a07cd,11591793463883682465
214ced76b3ab03e48a2fe9b8b34dded0,c72b470870d3253af5d8941e977ca7cb,15340749972235302197
21edd3fa1ee6b8041b23c936e17541a1,b6db7f5437f0b13508bfcc31239fa675,10806749050288683038
213e952492b309f42af8163cc70aea83,74455ac47e71cf348fc336cb9cb581ce,10434082993102283577
215f6bd109356e0459d675069356369e,7785c1874c07df43cd298ef306e76260,12309932273895626146
31510e467d53062468a7968b56902d04,e67a5c3132b8a440a43262c0ae0820a0,9936016758390835509
31b2a714a48c6ed419b19fe3c111d39a,5a016133455814d21459ed5e0eff4ec2,14115720347578475805
3174dc50e7b335041a8d46c83319ee9a,e0cdd8f0ecf2f42c7d40524f04efbebe,10721737263378815804
31cafc4895790f740994469fc3dbfef5,9692a1abf40754f050bf9418c27581bd,15916956668633232693
412068b18ee7bbb4c894ab87e44bf6de,fa26f23f9773315e2abf3cffb23943a2,13778403651926524675
41b687919dfbce341b4e92ebb76886ea,0608042b802a6118b81f5653547ff6da,15122314408465091543
41272de4b977f6249a79aba19d71a968,dbe4f43ea6233ed872cc731097a9275b,10456355454760008015
4138fd84d007b2244bb9472ccc282f04,c8d45f4a8fce4c5115a202a4b0cbfd37,15052519596150699317
418966409deca3b45b2c0652e0812675,d4a9ecaebd2c282fee22fe904be7c4ec,9642435700304064362
417b5b95f800bbd4aa7e2ce1a54a6093,84d69112332d01286120eadbba5875ba,17173661268625949098
413ead418ccae06429b425cbaefda609,85c57b2197cf625622567760b5e70943,13852627992150357543
41bfbd32804745b4b9491b756b7cdd67,90afe3bdf82635e219dacc219a30d638,10151420888059042358
5194094f4ce36c04cb9f39477f51e11c,f9e9d0b87df6764d5412c760be66e340,12283442543841620068
51f48a9bea239ea45911c9bd8b023b9f,77db266e81683bb1d111ae1d50bdf0d6,13899577802034758943
518533ed81984f84cb24506289e9b125,4f18a8755c836e26366ad7bdca666dea,9607651716704555493
51d6dcd13ac68a24faedd8e62b3be25b,abf8ac7a0edf842b9286c96205890410,14539614369391791932
51878db6f4a48574d97ea2eb068bc3df,fc32cb3c4cdb4ac127758ba32e8d9fb8,15132660710021038068
512a7332235f4cd4c9154303d1320925,69627d696a78aab2a1f93ac967d715be,15127642624265956561
51cab7621cd3c8c459471da2fff05874,ebf7b6c4240353becc34b64345663d8d,9495131855032723366
51abbb841d3e4b94a913be38c1a5c882,f1fdaadf77412f9f2e2e994bd6776e25,10868146213542282137
512f7e98e7cb5a74c9fd1522879c4508,15d6cd0e043138b2ca6edd62f9a956cd,10505568845321460524
618073c1d9cd97041b0a461a1c54cdb2,ec8c71feaafa297f48f019a1140fb375,13899651452133647671
61b7fdee2b376a14193bc9d5a3f77469,df38cbb7aa77908212bdc4b3fb58ba98,9640024509803670732
619afb3b1292d00439396bded863c560,3b74062cf4c32522ff30162ce5eeee07,15261938628166389013
61aab7374dc8e994ab138a1b6695f3ce,249500cdbcf29adca90b741e17409def,9552766401028278861
61eb48e4529dde1499cc3ae092863ea4,8ee7600e8e6ddb8d8f27cee4b7d594bf,9271269693244255231
61ace8cf17e0d9146b1198915bbaf111,49bb530d324ffa78edf14674df2e240f,10710153192721644274
61bdffca195ddba48af3227ed2bc758e,9e5468fda831736578c5cf268b812211,14209202963506016459
71a20f36972a1c04db6a916a267428af,971e3ed9c88d532c247215399169bf3e,9265449816415682464
7174bcb220e754e418c868b73a95aa68,73a3f053076f8c7e3b336605728a7a28,10201915854159174218
71b430c09cf864c42a1172aea837e46d,1867c76503d48d17a014225ce83b15da,15348077310448700672
717553404acb7f74498cde831a8d4fa1,0a4cd16950b6d6ea8814a14110aa46d1,9673237636870738266
71d57df30d3f6004a96c1b2082321f7d,1ba5cb96cc64883769054a190977509a,14973398054865822598
71f612659b203eb4fa22650979b5e957,26284a96b67db967c19f2c0c77d394ad,13886069236622310505
71976c49eae043c4589926b900d071c4,4775545281a57fce9291335c77b3d54e,9635171676835576498
71de4076a664db3409de4dd741d8e372,234516806bebe8abfc5fe3053f054385,15005803468743587135
81b22caff7378f944ae2b2cb101761cf,41452e7ab06c43ea02a9de5dabc8d599,15050819763441045463
81332b069ad34b341bcda30097a02e93,fa9d8eb5dd3f78aaf2aea20b3ff24cd4,15595409574982029118
8135b0ef102099a46b2bb9844ec93a73,f1dd990270fbb58732c04720ac69d75a,15100900303562485457
81f95be3fc0b9344cb31a885dd9c8c24,e9ebd7194c334bed33fc8a5714f2e4d0,13850903973079103123
9180e12634b09e84eac1415cb0d4a4b1,6d11008592227e3a79ab620c8aec5d31,10151139438734821949
91510cf235bab4c40a30fa91054476a0,31df7ab672db2e7d3e73e7dfee195c9a,9713204885546309951
9182cb9972ec3a94e949e2a74ba4299b,b85c4a29a7c7b8969f0872b071367ad4,15412578318098836757
91399fac09b5d64489e725c62e4b4d39,806b02086e8bc906c3ecf56ff28eba9e,14177699308486146972
912ddfeaf27b20a47837d3101405bc91,95f4bbd0ddf6ab33a1daed3ad2931d99,9308201373994744922
914ebb7fb729c234ca8667c7b05c01d6,06d9e95c516cf33db14011b799ead1f1,9628228047212063096
a1624e1f6cbea8748b237c20a690b6d7,e1c674539006ea96123904b36677503c,15052179228684336957
a1f2162637262964e93fa01a0638603d,ce63ff5bcb96ca5922d33c2657cebbe4,12386748167468182606
a16437f6e3641a04f821eedc38a984b6,a31b2e4259aad243cb60678a4c99efef,13025453233702652345
a1a5085253ef7e547b3c8b38138fcae1,362aa1055c79ae8b589acdee5e61c14b,12261950847326698949
a1c8c7f7942df60429b46d4b511c455c,4fc6bc4d6f256ce67071d44fa2f50941,13949968458909602404
a12bd19ca4da7d644972193fc97747a2,ece32ce3d8dca2656f316e0368328e67,12180537724613609353
a1bb3d6695515004a998aa4bf339468d,f0dbf3a2f142a46180f9f3f7ba6363e8,13852311394945282614
b156f682b8e0be94c8ad862594794d6c,5f22ecce6791e231bf4bfb13441ad275,15270985958932948759
b17630d4032faef438512ba9bd58adf7,1b0b7e06ea0c401a1aea3f191da53040,13893352178309739975
b198f4702f6d1a64ca67a89c05f5d044,d0d37e8f82a0172370d2749ebc8a467f,12141409117986672388
b1e963136c8e7354b96a9a31b77c9cfb,f7717e71d6b404eba7c8484dc2f44d37,10506413256997625635
b15a9cff23748594c8dd2edad6d03a0e,dedcb70aa0a7bd5d83fcfe28e39931e1,12261754220573283711
b18aa25536ff4cd4d81f62187bb1b94b,383076a1d1c5879183b6f2f8ede22d97,13897568857557520572
b1ea83b1dd6482e408adecd6e38818d2,765fb0ffd14974c5aa4db6802ebe229b,18385826849603301963
b17b8575823e9564bbea6c2d2eafcbcf,ab8d41ffdb475ed1cb2456cbdc861820,10768733900576484662
b15e7ffdb15d1884b9d9a48b1404b30e,0019e860488ad71efbf2258f48d7d79a,11399562612343347763
c14095d3fc8862749aa215ada396677c,beea6abb889b9a9acab8058d11aa9b78,13899654751004098839
c17293952ff70464c91f0e34405e4850,5fd1c3a98cac617e7f54f9e3c36d15ce,9610987953995653591
c133c763e3e4ca740bb8c7994990515d,50a3bf0a42d8a95aa13068980766a852,12631201722017983274
c1ba485f136b10742bf6de033016540f,84d69112332d01286120eadbba5875ba,17173661268625949098
c17b7607a82af8c48b25a465155a9fe4,eb50f3adb8cd1d5ccee822c31f0ea604,9276089850477051279
c1dcc73e18169e74388c76c8932e5c51,288ba88e47b3c7222b80ffeac856a91b,15043267171409933367
c15e537efafe59a4d8bb55637b045ad8,c3bf157194ecd5071637e6a3b2c64812,14035238553452900405
d19332dc1a574544da6ebc5d0a047daf,3078e7338aef5818e873626523e8e0b7,18446463698227691520
d1e3d83e27e84fc4e93a1568acf8da85,2ca430ae78f33382998d2e13051f0470,12291895227671689402
d1c41a316ab40d248974ea6c3d46ee77,a82ea7e5e1866cf3c8892ca11bc5c786,9627704672573119176
d1b5a5f0d0dba9f40bb6e9370caca267,39af7c11ef748b04af37a48d86d133a4,13924125855347142962
d11818005ba47664d9f32ead9aa735c2,69e1dffbd108668dd75696fc20949444,10668278588349235983
d17930bed81c020419cba6c3ad58b392,e76928b5cb584acda245ae8dd7c1fd19,18041773375318296494
d189ab2667a5ba54e8f088341cce6ea7,5b549a22d0ef6673ca347d7184b58033,14112712900357398279
d11c4d6991d9d6440867398d851a052f,59ba2af1a6cbcc90fd1c57088b90d132,15016226903360814482
d13c3e32f7f2fce48b5bd844ea6e1a82,0eac2c5d32ce160f274865732d91655b,9637840911501183518
d1ffcf809e6d9494db7a734cb906a3e4,74528da538771cd69d5538437164c3c4,13852311394945282614
e12354608135c7b4b9a659e920df6aef,74a2b9160b9df41778ca217910cb3866,10763118092871361491
e19498988ae5b1142a8de9c55f8a63b2,cc13e5f0640f3a8f0e607b4f6b6ce2f4,11597920365971163208
e136adbab5c094f4ba5849cdfdd34eab,c84404ad2ef8ef8417078fb1db861330,10895383303465279177
e1c781d5c4c066343be1262572897cdf,080934f66942b437d3632afd51eb2afa,14355286242946789478
e1fe18b1c2b278e4ea5375ceda1a5d70,a66128354171318fd6104897582abb60,15199780748966000655
f1114bc39dc73394dac0d130a6400dba,a8a304f8e3833c998c766b9b0faf7d07,14165631351064474002
f1a35db0e22773740a53fb878b09eede,c7d3f618e5da5eabbc7a7f39a335b395,10706346700331248234
f1f3e8894b40b8441b3bbe87873ae773,b9657d57b5f452200e92cc4abea07fec,14245792083407981689
f10c8078b9b19ec4c97a5e565f01a318,8cb4e49de1e00da55b31e58de8d51c18,9239838225966948742
f1bf09a91868c564aa3653716138e916,aac597c6f2dae9326974f6ab5bb77387,12285672863662301332
0231f38130d771b45a09a57c0aeb1506,4628dbc23d09584a51c19d0ccd69fb78,15043170715337375551
02413d872c1e0e14494c297a595a95df,76068cfab23328a71d00ef42612b26a6,15330335041620948031
02a2538b27f46d34b878e432869a0fc1,3324214b9cd50577ab455a23966d5175,13639949397002867989
0284ce9b8539e5045b57652a6dccaa55,a018c72229bb38bbf44f4fc0aeb30818,9224776082929214716
0216c17169bf9764a99ace132f2c3fb5,c30fae6e3c53c42fd04c79164e282fb0,9294311492110253199
02c67a890318a2b4d9ee2a9fd456898c,3bc776fa945043f7dc82f8f5d9fb1cc5,9564050983773867223
02b8687f709161d4db55a45bb9f71395,45597eb0017ea62b507109dd01432253,9712353948443191897
0289bf82de1a31847b6143d8e671db07,0183afa1b95dd2e9c1e6191f8c45575e,10799713283985062926
02ead7c16ef70d841afde5ba64d54567,e66ad241cc608a5f9732459c59599271,15282250399755010814
023ee1cf64634864f982f7a47ac31cbb,e761edf130160e2045a5800be55e5088,18392749710995347764
12038b7d48af92149b34cb7b5997007e,42cfdcaa96ba5849f660a76c07462120,12117638212515914767
12c4bc9f8edfedc4788f9e044971c062,e0e0623ceccd58992e70eb398316282c,13763000548070473535
12b55332aa067264cba20aaf4340e005,0625366d4c74c08a68bbeffcb03a9c53,15189574025762255716
12684638a66c9784bad1a674d46323b3,942814340710e651c35b6b75b612edec,10491705321810841575
12b8ee677a5d6ad41b196a8b0d93ad88,94abf852222dd2948411ee70f96c1980,14139960459650714824
12dbcb87f58a0974d87014a7e9fe41d3,570ccdc8d4557338f96b6e6f2449fba4,15122877494783724375
125e04672b6d2ba48872abfc6ab34275,994bd5d6f0378e5ba10e40a07a1206f8,10750192105963728338
127f8b498771fb147bc8d95b68c1956f,9c9ac60d9991e8b3a540d8548cccb582,15042095594560501202
2206b3303f326d94ca12db80ead9c752,437bdfd27c5a2ed005451fabe31fd03a,17909854408905213901
22767b0e4bed8664e8e8fcf359f31185,c296849571b754f23dc164f6bab93a34,9607717509693299246
2237df079246da64eafac458f517150f,66ab38fb9f7b83c00ce90a8b1e93d9c8,12261328256380238506
227b5fd66156e5d44a010ae62c21c3f0,ccc69ff887a80c8c831ef7bd2a6e1192,15017370361188463707
32d38aa9dcb49854cba20ace6fd207ec,0c75dce9779a5e2e41ebad259fff1a99,10775777981277094142
32747442e45db5c458744e90a0fa9ea0,6ca2894a6785757b7542ce3952f61504,13850903973079102163
32a43000841f8774499e1b094fc111a7,972c8333b9711520443d0731a236b98f,15045218091594628409
32397717281deab4db1d7bc23d46ab66,9a6bdd63df0a3842248002b24edb6ccb,15293215820582040887
32cae5deea2487e4381c6f4d8c16cdc9,203ce5d29c7fa8b745a8233120d78ff0,9625734479392438994
32ef0d9153df0be47b62e4040a866d58,b41a3e0bc68246037ea8bcb1268686b0,14333886492733811999
4230ad124868fc241981c08bdcd58a2b,3e63fe89415bff825227f56fc17746d8,15004954727428142486
42d1461ff9a67d641941ec95595a1b22,169bc6f6c3a06d0a35506fc78e17f27b,15046623314723153366
425308f4fedc58a44ac04f453fd83e1e,bced03f726346cadb7b16048d76a52e4,15028863663440865262
42a7bb702bfc4ca4db3b318d5c146acf,5e4517bbf489c7b76834b0896576b37e,12145212532790367594
4208c602ee7da334196fae43353b7ac6,2ee6ca879efed40e61a4c0c549ff2033,17653407404014393999
42e8fe56f4a092c49bb344edbff301b5,21e9cd27ddc751e440a257d23e79b3c3,15052243584540042807
42f9d0eb73948654c9abb3093033d337,6981f5d7b66139f82007648affefeade,15001343866728103738
42cc942d00cb1a843b3408564ba3d815,15fa05182a6a3c1f60871a4d5b19dedc,9629291481174014682
425e4d1b7db1f5e40ba327453462da1e,5690dc44fe2b11625a5f896a9b972482,18410857533800435815
421ff59ca30c28f4aa8e99628bec749f,39960e93eb0d3c44b571d0725433da16,14819504989199258791
42af042077e90e047a43c25a0c4c8e27,b77787aaa88b15551f9adefb21e20e01,10434355697220531164
5233e1b57b1dde84f928e4ed2c6faf15,613d3f7c79752a5cc7bc8098747fcbba,13924355763242143113
52439143a33e8b348836dcddc2b84bd1,86770295cabcbc3c09f9c470777b7794,14124198793675226108
52a7f948e4cb5b1499fdd8fe2c6c29af,69626274674bdc932cb8b30a627149dc,15555542802328597675
52a72e55acf96124398d5c44fce99b14,7d547347740622ccc133c73ebd286529,10653340536069279390
524b86d7192252647a431b5b38e4cba7,409bd53d8026178bdda7319c558e8d86,12289326582750075002
527cb7abe3245d740b96f18e5b3564e5,7baee3df03087f65a5ba3aa7cb71a3ff,17221502602311685376
52ad3999c72afae42b01449e4eee9ed6,311800629ca8078d4324ef9d2dbfbc2b,14310532403095104716
522ed492f875596439ffdda0dbd77975,6a8b0fbc315d9f28268c89403846e4a9,15100916672856665273
52ffcff10463c6c4eb28901b610466e0,726873e17a12d4fde573fe0ef2b1265c,13890626227448122079
62231bb6639fb2040a8f4a3e6886480b,78df1b5abaedb0918fcce5e51b08b079,10465010679871807028
6233c17847755384f9dcfaa07e354c46,b1372abb51b702244cc3d2bf0f7daac7,10715271612313844858
6296ab684ba20494190f4b462d4d0ba5,264b662776d6faf69efb060dc3c7d7c3,15306743840088801190
62f69cbc1770a764eb37d4d26bf4b209,7f8ffd65d5e14e05ec65117643ddc012,13961281746218390078
621721f422b55484391ca360482f5863,57bb6807236d8ff43ade017d8465ade5,15015979891304064408
6268ffc46e2571147819509aa5351ae2,43c12b796268c88161febc598de97f52,14254295862217816048
62396eea5dcc1254a8054e260b144585,7055e29d1fdd80bdc82b4ace2665c4d6,9455079588968639841
622b4b5f3bfe7e7489e21ae796e2fbab,6bf522362bb7adb836aea477b5b05270,16662276100000470993
621f8cfbd5ceaa24f833a5469588e16f,8e791d30b5be251752ea318d7e29d111,13830769135834921020
7200bda8208c4684c8743fd089d861f2,7df00d404c2451ca0d84c882ed942618,10670504433741881538
72a0b49167917fb45b3d38b61acb62d8,7d570ba4d9b318f1f377c86c3f9be78c,15131814188929076181
7221a3fb36c31624393c5bca36511300,4a8e60c9203fc13b4196fb2628a3a0fc,15324150478115131567
72530416ca5591147b1b04388893cda0,5811873ede626eb23c7003db84741d39,14280265293363162774
7207bc75bc46fdd4fbf15c375fba433c,589ed10c29b42794e519ffbc46caeb7c,10720056085689089069
7287b710942f1d34db487b9fd4a1ad74,390a7ab7bf47f1f4c15b99c27a669a1c,12939623236419913551
72e9857be91eef04daf6d4a2ce000b0a,e7f4e14f7049db7d9df9315d2fdc07f6,16902473200209467117
725a1631fb6e91c4f8668e84e32bc5cb,d1ee2f998f050f35c39e9b82ab4f792f,14164731009969251381
72bdc9aff0982574a98dd95002e80a43,7ec5b0d61c18e97dcbfb5474c60b1291,9248818809416268059
82e1dcebad0297147b6192573893c6db,4d671f91b8f894f162034d21873ac573,15005794672717608255
82f12d075f260f9439c8d7fd9b55be44,fe73720c5f7577e5ad1e62b5756b0cb2,14209721919002079180
82127a55dde809a4e8705fccdaee7d6e,d168ff8a4c2a2715f684afada2c1ba72,9667608241560195668
82722d7e16ba811449db3c17a098bcad,f65780ef204c0ef3bdc950a9c427d042,12289326582750075002
82b24d3fbf248b2418414b1705d5a0c0,34e761aaa7869c225b75be2e787a82c4,15202935739593633152
82e2244bc4add254d830a4814b4da4a3,fd7678ee57cb602a7db63a746b91d463,15118916899987926736
82949e3e4e18755459a54f53a07e6dea,9921a4c4df71d106ada370cbeeb3590c,10479153112696385591
828781ece61cd5c449a8cf2fd71b3088,6d3e656af9ee71f574ad61a138f573da,15001308733929176379
8228b5b48f438f24193e41886d657953,f354898aec8696976adff5e8025d2a16,11054460675545462164
82d8614c08cee884586b7fee51e5265c,c88abe72b426ad8ffaf6498709eed9f2,13814158859315953847
82ba5b1c61c1301469c25db294d66659,d16719e3a11e01fcdedaf2db249b2f73,16911194526449129189
827bc5022d1f05c44a93748b7505e8d4,fb979f4be4778d0a1c251c0878df31f5,9622528256236399071
82def5c65878e384a8b8a3b458285a39,f0b94d5f110e3454ff481e4f11b687b6,13968499628175859558
92c06cce2dd236a45b2772b67b6381b8,ca5d74d5dc65c17a8daebb212cd6a135,15018478522791771546
92b12c38cf994884ca24307cde7f09f1,e62282a5aa53a62ae24ef31958bb8872,14253419137791119332
92c12a8161c0fb24e87fa8b067a8bc6e,36a1b942a95533eff33adbbbee85e9f0,9254382019455858221
922242829dd69984a8fb75d53f1b265e,19141aaab8d3759363f97d54a6748d77,15118916900021218961
925269992bd3dfb4ca33f98346366223,add0c27a41544e100f63cdfbf9adb574,15050749394696884183
92c6cfd754983d94c8e0356d3009696c,7b6dbd26b95f7ab8102bc687c4564b6a,13876573802666464612
92179819d891a3f458963cbf0aea5c0e,fdf4a26dc9b5bcc196fc2bdcb5820911,15057832698561655823
9258d794ec13b6c44a943d94bee0c9c3,f72c410943ecf863243963a63fe58977,9277247437051170137
9269a9469fb267b4f91c56d7e8d2d99a,71a67d1d1dfac33de64a1fea4b7e7a93,15113799378809400404
921ce26b8b36c444ead357071fbf8a7b,813a7a64b9ff3785fd41881e7deff32f,18306717852903244724
924cc43e04bc29d478cf3a5f7bc76d24,0210d1df13186c3007a756726f04224f,15052274405057705013
923d6f5380f8eaf49b32be1cb8de5ec2,3eb93bf337e75a5b750612c47d30e0c8,11594650257669030395
a2c2bcb6e32e2cb449fecec119af2f1e,7c5339e083d6e8dbc2073178bb25870c,9570284925938489875
a236edc742a53694e90ecff2da7f68ec,2fe9dbb13d6b31d7e15f5ff81f86e33e,11962869832210688645
a25aa46db3e0ee84585eac48869acb27,75b56ad5af82fb906232762d79f96f89,15045236439651071263
a23b6225799f8e745900ffe4c32b36eb,4501ada655ac69b678999dab3abdd948,10507128767257899409
a2dd78682bf0c714a88a61edbf28ccda,4b4dfe506425928f97e32e178b6625eb,9295149251140976895
a26f22e423affa64987988a576cdd526,497d63c011991358e04bb6bed2719041,10679524294623313106
b23156264788e4742aac4b99795d79a5,33105a533600e7b610d07398fcc7d4ab,11054205761756501865
b281ba485a1928e46b91420c4ab06e54,7d55e6d7c43fc45bca6c3935ae257114,13895364327005698679
b2c1dd2851289c94d9baf70c12b6b33b,624cea221abdc5304bd426b871556cd9,9338633717977827380
b26289fe7d2759d46927dd166b5fe125,3ec277b8724b670b4f0fc95f694a5173,15289025143360415975
b272f274a42d276449f55ce77c034dbc,3087b641f9a03b90e091e9a0bdd0b621,18325007884726866874
b2532507f9027be499fb89a092a0c277,cf73825a6a0e9b956e885046276cc663,13852580711170782575
b2a4f79f67c1732458ce3e282123c171,b68b1d110a2c3affb373ecf24c60d8ad,11071420363185797012
b2e4f8ab68d06384cbc3b0248e7381ad,b2241bca73cd084741934cc8b6672cd0,15372473459227064080
b2e59abaf8021c943a5543c76cc4775b,8ac7fbb90e52f64cc3f8116b8bf26703,9626188543334820069
b21674b84d82f7f47be396dd63e01fa3,0729eaf7dcf449686cb8321cf29a357f,13802899744285704316
b2f632e5196635545a962c23883fc8e1,a847ff91bf2c5f8d34680962f7cf26b0,14036661704374117337
b2387a9e159fdc649a3c3687a88c0d6a,1bca77b35956e3deed9e23d222859ea3,15906823131393375292
b24a6d9848f71434f93c96fc1ce764d2,d7d4a6d72651e3738dbc897d4f7c1417,17252595519825480774
c2301152e02252247a7a151a4300b71a,3da9aa3d0058b68c018999a3281d8730,12309839337967211861
c2c176a9d70b8b045a6163e2f230a23f,1bd525211e7e17eee1527712f96e4b14,17353443785472856362
c282a0956196aac49a8da72efed99473,062f3c992b36788a992ca16cc8105c97,10520128170501688279
c285c734d0608aa4c90b7300d287e901,3e1a90f43e9e50a698a67d458196a92a,13939035357017099992
c2ba82ddd1b68ec4e9b15b92b759c060,72c7d19e315c55b492b7cbc62f3d2e24,10774599974276628016
c2cb02bbdf8e52044a515f4478107a0d,73b018bcea464368e09e3f1f010f8f65,10936353134770439344
c25d95c2cd7ed054080559ef74c4e50b,d79c2cd87667175170547d8fff76197f,11911057551914063797
d2501b8e732336046b5d98c0806b0959,873de0d2a26d24f08dfa8bcc7a40ef28,13836190552242001407
d2f17651f10e5fa46a400285ebc14453,980fbec9f13bfb9caee79fccd439c36f,15408292339626347386
d23568e3538e59045b77df407e700a46,bc7623fad472f9dbdd6a448da98b7681,9613038502380185694
d2b70cfc195b2bf41813013b671217a8,cddcaf8695e86a205a2be06f0097db8f,15042919670032904751
d2d87c33a5d470e45874f63fd5f4e2a9,93adc376183414ab23d7da33abe8e80d,13502874116627417260
d2399e883cf9f664cbcb8950be1e65ff,f7937e3df91321e2c1a4febeca8a924f,12496682690337519243
d24975a615117fe408c094c39a98ca9c,eef13d221a9b079be18374bacfd5444f,15045218091527519609
d22a9e73ead761245a04c9522ca14881,8b0f0ec6c78359ef60b39a879e4ce49d,15852390308634068224
d2ea2163425777f4c86aeb8b21d1717e,5228319e70a83eaaeddfc20c672bdcbf,17216998891112748305
d24b42bffeca87945a794cf751013e6f,4f15b6a4e58e6000abe2b80334295b1e,15384244547840130256
d25e1194b0d429e4296999ee401d5bf0,ca806a8c7fed13bdf8af2fb9fa419f37,12843337626423960987
d25e4e52d647da347a2feb3cec231e0e,87fa84396c5ac0f06e2806d1153d30a6,13137763918525867092
e223229a473b91049a4af6428e063f15,e7970c0bb595594dd2cf6c89a8de2022,10896576694538966076
e2a3624ce6fa6c041a6b790f9e81561b,922c5a3bbac915a476501495874d16b6,16911194526449129189
e276886c768bd684d97d2a2246233cf7,724dc02b193d663dbaef478c77e02246,13865575628613039844
e21a7fcc0af71cf498b502f711340e4f,a2d50e56b5f656649fe680ee0f253250,15360336066548327146
e28a1b49d29f6e744b4b5a8d00b40708,38019a59dd5255a0a677ddaa1e1886e0,15339632370206319901
e2ea98e226be46348b00938051c3b7a9,866fec8cc72778d187f914b7ca042487,13917834349534542692
e2ab897507a59eb439c3c565e97af879,5d4895f2a5f041549d921c12f49b6418,15136351220399354464
f212b9538242e004fb15e73beeace697,1425c5ea95e6a79246b10e48a34dedbc,15018478278081258906
f2f27fd9988e6d046883b58d2a6fcdb8,f2180da16d133b0a57c35d458f6956ad,10783106875597401423
f274dc6b8b6182f4087cd1d763757099,d66b770c917dcd77df2fe5c9f0d87b4d,10771040864144280534
f225541c56d1cd542bf4abf66bff1a92,b4b569e2f9aa9b5c5d766e74ac9e2afe,10749272982167791489
f2aabf82b58347f4d8aaebe5ff6d6a8c,775c7c93eb605beba46e05eedb05351e,14178588317683776496
03c03cae2d9277d41b11710774626c1b,d569679ff473e5452593d3cd17ade4c9,13795018555294872006
03b71fdcbcd4f064c894f0e06ad30c06,7a9fd05bb835b505e83d7b4f8bb9d154,18057418769182606502
13c5d4a67fa24d14997b438e68c20b29,876d4012ce54798d26c38de0ee22e387,9614573345455876367
13c527f4188085a4eabada61bf72e0a8,7896d0f16aaa3de6ff959db5811bb339,15052239220685616437
13478e68ea3b22c43b0817ae3045ce80,a2aeff2d05161d23afd941070d6ee3c9,15405191214877649626
13bcb4be30e84ca4f859f1c653dd209d,5f2119bc33cbbeafb0f9d4085d358621,14572003096258453488
133d052e1a17b3b44b00b1a44865ff24,e6ea590f9084ba2659aae58c5c8dfd90,12266808485830285413
136dcae217261f04dac68ba3237fc285,60de700f11d3ffd1457a392cda52d1f5,15032795525172059201
2310ca5c001de5046b2bac3505effe78,57057f2017b989b56e1869a532ba9e24,9352040844269007257
23d04e65c34900e4596df2362a243bde,7df0b8a680de7d3a7d1ae7a4e8cf0857,13198591283067229493
23727aa2a57a3cb4d918edcf2b0f1a26,ce2e8a194a92f01dbcc7bc84dc0f561e,17150584759576134371
2307327e82ed3e448bc0cb7cae107e11,dd75fed9ef12110641723065500f429f,13843572541070893630
2328664c359ed9c4faa91e7af695a12f,2559e291a01d056bcbf8dfcbc64b82e7,13852853682763307499
23f81370d70d18546862721ee13930e5,9992e503550eb0111ea191d58189130d,10454041440477669943
3375379c69b85ac4ba408212fa28e2a6,c53bb273fbbb4b925489de59ebb0f428,15018478278081258906
330957c45750fd3409b19c2c1f33f5b6,1ee541583805132a21349dd50dc080fe,15005004136664868246
33fb3f31471c2fd4f9e7d9d080be9441,c5321974843297fbf30485020d5aa0e3,15463718915508788428
336e492f9b5207340ba76bc2bcd41991,75ca075d55745178f7c364a23e4cc083,15402946853399900062
337f4b3653be8204b9085e7db892e758,fdc6c4db6b516f287faf63ffea801232,13851220688268637796
4370e1380955b024190019a6c7309a61,5f90885281f858fd82e7be2b8cfdc495,10736093320242551595
439099b9de72faf4293ba011f5b0a9bc,fc698c0d21940cf275753cbb13afdf0b,9739645733972909038
4309a685aac68e14c9cda134137f1693,2dec0f6c24399836fe551e121f879cb5,15046660699611676612
43e9bdee26c20a64d8f2cfa56cd2042f,e6c1a9c36faaf70b82fdafb309804791,15895828607828309278
43eb9985f0ee9394991009c134709deb,c47e948fd8893fa668990275ea7feeef,10783124467783183695
53d249ef9074f1648a9bb1c0f912e935,4e8d496cbbb4096222291f04463f9097,11068003422296226105
53668147b2b41e144888a5d14531d13c,37fb6bc94e3cd394d9e98cfb26b24bd3,16407296232843641852
538bd629c86f2eb4fa406b94a47e55a9,439ecbda9d552eab60c0e8aecdb6780c,12284250139703846277
535df2fb300ec6c4d9a425cef3add218,eb627b057b31851c86765747f69515e0,15836692826428411335
530ed2a495c7a07418b1249daa48974d,ef8632e431726dbf1558bb96f2ae4b49,18310543696690911300
530e78633fd33c54594c5764bb0ccb55,d56dc200b53e8e3afb6816e471840331,15014455445422744997
63c5b55a50f853e45a324d38ce5c5602,135a869ee0c9703d55727fb3c21b51aa,10699281430494864308
6317e76ecc6f45e4bbf784ed2c478de3,14c96fc070fc90ae7a1b94343b9c8ef7,9770162993922320549
6397a7e280afb634bb53a6c8a94c12d7,957120176d2428e9c2222354b134829a,14181393494495539464
634eb87dde485c349938010ce3e4c31d,bafbae1948c20416fb4e7be6d41c6c9a,15707481285744005729
631fee04cf9222d468390738fb493854,ff1eca6794988eb26ef1dbf58ca67a52,10705455880340411338
73934e045c30df24d824ea7e18e0c9df,2d5f6e54d04734901793c03f83569dae,12551090548025446660
73da0383c702221478f7ac13a0b68b63,93134972d0917cbb5d2fe57b209aa962,14945841422614185669
730b1af2667ad5f48b4fe96a0d6bff03,5eb961afe3fc30ee6efb9ecc3d0f6ab2,14192895055763150533
73bd57cb2fd190f4d8a8004547661025,eea2d8e40fca9385bed4012a4f7af91d,9955836666622630213
8313da0f39ff50f47961d97efd4f2e26,09ad7b02e1867e5afd5aa22292f239a2,15173255174935768185
8304ece1f55657948a3548d36d28d293,0ddde1ce7a7fac08bb323eb93c97a9b4,14160581996228223907
837d467a46cc78c428d1d5578caa6aba,6bcad2cc2efa1d887d89266794d0101f,10736093045490473775
830e968e8bb3afa4992669e214f5dad1,ce3f24dffadf5dbfe0b4ffbb568cf504,17328836623620004636
835fd4eedb32da446841a9af2ea8444e,dea8fe6ea54bca49c7002a4d2f63a919,13948838363642165608
9362db75b768a46489a34cc655483045,66baa72b80e1c46916e60b05d63e41c8,14187846059848054069
936568045464f7c45b3470aeb5bcfdee,b5b2837fd4a60d5623c955ec631f5351,10215140582436035110
93f78f94f77627042b1808705542c0d5,041a498e1485ec902b9aff5ff9c9e1d3,10519924379171756843
932b6bd513e9154429c628d9dd6f8693,09d160a35d4251b681c531574cac6352,12717989688174726364
933c2a21402264d47a9b160b9867c85b,618a1e4152b574ed4aa5583d16df5669,9998410348010461283
936e7baa0df528840a76634f06912da8,0075c1dac7fe133b913007043632ac6f,15291245299777235605
a3b090a39ac7902449474663e7570c33,3e6db0bc3765e02e1863d5851acbd319,14781717583156241394
a3b11cd89fa9e7a4c9d7fa293fd1e812,d26dd779c1ccb166635db685d31b6043,15830192299373717455
a3926ac4b5df13249813a38aed21d219,d65e9d1efec4767236df5a9fa5dd6f82,9564050983773867223
a354f245c5f39154cb6a3f065bb23ba1,a9644e32b387659976152070349349b7,10778655691505173479
a3173451d4d9e5541b5429ba97af6721,8f04be5cfe2455230e67493f485bd10b,14106185267081395395
a35ae7d6994c33d48bae054eaa9a1087,a77ca22492de0f7882e4996aa50b097d,9265381714333024104
a3db39bb7d2858f4583d5abda7b42e55,a51810f7fae11088fe8009584ad5701e,13763001592708035711
b3c05b9243098e34e8db22b48a933449,080c85b9eb932c0b072596d503a421fe,11168682719041449362
b3f09601644f30c44b1888af919644ec,cb985702a6bc7d1e2be996e4029ca3b5,9629291481174014682
b3d1aaa7a3e318942b6efe4c9e930fbe,e01b6622a4c96a1b8841c81218f1970a,15285550780342499999
b326f497dbad06440b37dd576ebc6da3,5975f249e5b098849a24066a62f63c67,9440392555436965887
b3f7c672cb1052646a5d4fbf7c112031,277a282f4c960f3cad24a6a67f4f9c02,10718684938785221528
c37033d007525bc4a8667604d38da45d,9e6f2b3326402309f82a415076411874,15844574362267820400
c3b0d82cf2bbaf04995bd357d587400d,733a12e73ee7c907053ac79ed510aec4,15169879962857426945
c3e1c42521383c340ab35863b9084f70,c2d9480e434435af91a20b88f590a4d9,13878808010528534637
c39348eecaeb68a478ec9df603f6cd0e,6bfbe1ecfba65f16d1b54412f84799c3,9235334167150276354
c3677906753f0424f98c84df1e36685d,e246c84c87c1df8f47080fc735de4c47,12505216524032858331
c32d7c30813a7d749a7c6be97b0fb5cb,7ac13e661f1220ebef706c154974d671,13971607307003049269
d36137a1659493847aaeeddaa782f661,f4f151009e4140f2774982933e6c4b1e,9640634763481303777
d371ecdc822bc2c418f396f44bf0f424,e00cdd8ef21864cccef93cb4692d149f,10474640773768504939
d323faf8617161140bbabbae7eb5a30e,8997773e12b3f1c1ff3541cc67ad6732,9626045606890318053
d3432416d5e7e3e429e98b0766fa9f92,146785944ea4118646da1e81d129cb3b,16878904544363907383
d3934d1f6ca3e984b990f31eb830c8f9,86b444596892146be8f58e0fb50b0f78,9315817554867092021
d3a31ee17d65024449b0c4e7b66057c4,9650c2507c20ac474d1f549e0218e6ac,13835461102310092702
d31bffd941adc0942a447ce296101e44,48777ea85c6cddc73eb6745572a402d8,15628695593112279317
d3dc09ee41dc65e45bda23050d04f41b,58b7e844d9e96bf9b0059244dd2098ca,15045483786851529783
d3dde5baf7c344a48ad0f7263a659732,44b3b7c0d7f181011a7f48b0161d18f9,13970487160009026740
e3f039daf9502344e872f70a4aaa751f,b05f56a49bc3c3865dde043fa27aa265,15169721709520858533
e3516b3bad7cf25498e998e60eff7962,2c25681cf5f96469ed129ea7d8e00f24,18258947535376432017
e3815e109b4b93b4d9e6aa290632b633,b8375a3bd3e22397b5684d02bf8e0227,9573246726208969573
e37299dd6341f72488c2e3bc6847af65,120708f3b02dd60419cf932865f35205,14441849038611035918
e323853ed6fafb44d8c8931712916220,6f720ace58a9d76e16aabe8989a79348,14403946308520584501
e384e15d8a228194ea13f24b7b09e55c,c2f815d8f6904be529a619156a88cda4,10384293454503991528
e3e94589067511942b88f6d1e30c39a7,9bf77ec47ad14a44d2bc5e563aae6838,14180737035560437484
e3ae68cf8880cb541b6982fa2cb96f67,29c6af90c82b742af77ae60d5b9f1b83,11136217442315077330
f360ab3d7b7a32d4ca2c6a02145be453,94d0d17f3dd17a2aa1f12897e94527c1,13849483015615879482
f3b0343f534682d459ecd3cd7bc22eb6,6f52ca280ff6ea97d5c2aeb7783f0087,14973123166866061363
f3c1344700003d3499e6e0e6db3134db,1d0098f5daf4b00a233ff37f1ae7c239,15046623314723153366
f3e27e7e4c7e1f44fa4fd539e5fd150a,ec4e09f5cdc4ae0a81a31e309a2523a7,15552395205429394755
f3a4ce8771ccba4459e887df776bebcc,3091d935d55e2a47131f4db20c6b920f,10506060323864663004
f3e41afec2d3ed744a563ccb108c7028,7eba70a7dd095bedb1a816c8a6b859f5,14226035389995563038
f365e05ea6ca32343a323650c7ed1155,9dc334f678ed5feb3dd411447641ecd5,10725405144345271141
f3d719aae491a784f9be01dd492d69ca,689df593c7bab5372b97db0584581fbd,15042140675920835987
f3da86ad5ee49a748862ba32e7431b5b,c6ad42a2820a2b9cc1d62da32745b60f,12258729052854010127
f36fbdddb048f9a458b38e1126b7afb8,c823ec7ae0945adb8a1270be81dc708f,9641106416516758067
04023595031d4134aa9092006c18a13f,5ade9419c40f3e8caa90f6a166838ded,11770174833343162601
04c534ecdb3be1545b98af0aa1f4ed60,71d12fa662bb17422774abb4c73741b2,15052273855268336951
04287b929f7c93e46bfe72a493fac3df,d668384bb0eecf20a4773db7f776d354,14355286242944692334
04fd65cc447e9b94eaedc484737958d0,8426eb42a1a2eca36ca7d14b9a855b9f,13852801511950925387
046e860e19f6e33488a2e65fed43fe7e,ed21a4633715a5c49f5ce079492aaf40,15118701396815916689
042f70bd6959def42a75d23656942ca1,55e683f0463d65faf07c01155365da60,9998410348010461283
14b060cea963a2a449d3eef8fc5b4584,c89173fbe59a5a8b394039eddb462779,14165068134822228406
14024b7e27b08d349b7a035b75b03988,f24c85286c29d97df30802cb28871ed1,9321397047711910749
1404675cbe4d45d4a94de410ace73506,ecbf384f4a1fef304b6ca3814c96f6b2,10581837032767907658
1474bc859ade3974090b7f1bcd251f48,d1e6bbe5af77bf4c1341e4d1c8893361,14540213109768206025
145636bd2ee4d9a4ea15bbe02daed7f2,faab161bfe766b19b51b104b934dd34c,10031056061832271640
14e773bb3eb9c5140bd5e01e244aeead,f102d7eab7f4b9bd65fe9c057c920b00,9610987953995653591
14f905e06b425184abe6b47fb9f0bcd2,d24def5c24efa484f698a88ed8e83666,9983491242234256492
145c5e924f0b95d4b89000b9aed23533,b3d5af0fde6a17624ab3dd02cb5ab881,15118916899987926736
2463a299bca87b74195a0813da19d413,d0e171627f180e91657e2c35604a3b74,17360689610029140774
24daffbdad34adb479232f8993d7b0e6,2930c5a9b4e4c4204357c6be4a8c8ed3,11913563261110376021
249b1467b8528e542b521e7b91c25ba3,16528947241801db9aa1da591565e8f8,9640542689105551839
24fde5dc5885e694a9586c11e1435a78,e1ad62a31021ef3286ea8cbda0d6c80f,13891154280575611500
24fd4f3bdd6e7da45b69bdba958afa8e,75942053c07d3de1fc9dd3b60441a921,14470687023504192557
24eef48c70b71004c9b421576b829a32,368be4f2976c59c85f4972fdbc4289c8,10772558395161722032
3483dde0f45e9d34ab1cd2b349e260c2,9c9147c55deb6eebcb2bec702fb9f05b,11049691158460783357
34f301ab32dbb864b9a3512a17900e1d,76571d99e4786d7d8e13e26f37268182,9279186731896483704
346556d8f16b5af4c832a36fcc5491e1,5b994f28bb8f01d5d5dca4b8dedf3e8a,9769570514900211875
3429fffc51c944740b4785fd374af1f4,39af7c11ef748b04af37a48d86d133a4,13924125855347142962
344d121160143c440a88e43a75ef6948,71b394a8123d8c283612baf2041e0da9,10792646929886771228
444100d5929725f4dac724a91fd56679,0a24a8357f934222ef6d6512fbef967d,18318532391847568602
4471b110e059b2947af0958ae0a29ea0,ead4da422f6a95a59601ade02a123fc1,9637527621496690388
44c13985e31579748b11d960d7207a54,544a8d912bf0f94dcda238e4a4777a62,9391472337504686506
4448b90f42d0e98449a2f43e8e6778c4,f5cb617e8f96bb5b3ae1fc3c90e5a646,13772124657543085856
442d1548ff85eae47ac900ec61324a9a,8b28fbf72e1788755ff9c961f85c1b8d,15018478797669678392
443f0dc51bc0df541993d71e01dfafa4,30e1aa64a68c808e6838dc4e62231a41,10209774892759177315
446fd79cbb094d249a1fb527f1f96f48,627817a609e5f45b6fa54ca8830fabb0,18297088250754049301
5471b0a6c746a1e4997653eaaf2d25a2,e6a6610c7590b2ff37bef17a1a0a98b1,16869699526017986914
547107cb35c8e5a40b6cf76024690e50,e83fa1f56eda78392e566222a9204740,10413570505323631255
54a141b50c5cab4408a19ffe5ac67d37,f3c20400625076173cacfef94ebf3581,15838914196924284440
54b1462b230ae37449f0e26f458ee6d6,7786bf30117c94fadcd285febf71fde3,0
54334c034a0c5d846aa5d5916888ed44,ddfe00864d2f373ce9edb89c6a20ac07,17376046915214694425
54d5bd48a6e1d9f4488fb3f87eff4dfb,e55a3ef9c99599bb4c9fe76f4807cb77,10437417048260689070
54e56a7469a79a947b4102e327558ec2,1713aaeb2a5dcb2b5e81966e4b831b3a,15265303639806037311
54f6053477c749644a7f1733be07768a,9d8b3567c3eba60442f2be97a8a906bf,10197966404097301098
5437dd0823755d7478ca736740f87887,189b6679e768612dd432c58afa81571b,11219636319287917266
542ac0582f24fd544bf9d7c0487c8b53,605746e3c8409c375d5e48c860d11631,10854635189917123923
54ca2169851f8f642b71c5dde660bbd5,6cb37bee327ba848c77517decf4d0645,13967684906796784178
547b4ad0c5a57f44a8f7514d66e92b99,46b5c40a86dd1ae88d4001b6decd1b32,12279854475024835930
6450ced62b82f4b43b5e91a66574ee45,5d0721e65e77aa8a2bbcec50ff0d50e4,14333915509843670105
64903bf8e9276b44e900c9ca9727f061,2ee510a1f4d6dca08e4df5b6c7e2c939,13890016316128900314
64e039e44c82d7c47b80d026516b210f,9caedefd6fb8fc7a3a06c00ba4af730c,11321558598717228952
64d2aeb66f3d3f3438618a6e2eafb0aa,72a5ddbef6c404f995a62a71fa497a66,15018478797669678392
64556b6e5ad66464db5841b6b057ddf0,5c0e4c410ccc868f7bcbf6d78f5e7535,9333287442388093685
643981343e5f66448898ec09c5125d40,7bd89bbd5d7e5118a1e253eab1741600,15100851925046684305
64993cdde79b4484dbed1150a20fdea8,610553a74cd62b985c45729ba4c7ee78,9564050983773867223
64994f3a7f3881644847049c72f960d8,830d87bd16149acd92114cba0ae7d845,14526432720979586013
644bdd6a6f64a1d4491c13d3d68ca5ff,bb572b1e94e8093b7de65a45ffaf35f4,15057012221384543191
64bb6b9485bcce34ba31f4a840ccb12d,c0e1c72fe92840fec0bda0ec91c253fb,12520639054514842213
646d0d12005f96d448253d50d3d460d9,560247d456a5b340a13752bc3056309e,10778655674342216643
744161d77d9c73541bf8edb9300860d5,b0bc0dfd0ea66b15b7ff154aa7940a9d,12489939350482227801
7464a0588e66a674096f2fdb6701bbb8,2d0e2058e8f08bf29cf693c3076c0c4a,15388519091894550329
74465a19f7952334881e53c269c3223a,d616949c276a78890198f25a34c65432,14232287678359938983
74f8c52ab971c7e4fba51464dbd776c5,2130d4625c459205ad834bb9e4c8f66f,15004990942643752254
74dafc185312ca9499452bafd3767a88,b5382061afd5b5a6705fa19b718360df,9583397765174549295
741e96c1acfb6a54c896c7a385b937ca,16876977b0a8c27ad00e213bffca18e2,9281731039058284531
746fdb65b23152c418c14d6a6f938fc0,4703deb9a8b10da779a08776d9e8057a,15052576255275370783
8432d650af182bd4a941bc74efcbec2b,2f462f5d7c64db2242ef03b33cbae63c,15050889697316040711
84a3adeed361b334ea717a795f41060d,5343f3cf63641524eae65961f0786b94,17898123305347839596
84257a728f053d946a65e1158fb61554,ca3ad4d01a21f47232e91dc67ff949e8,15048847867181474248
84061abf44f390b499bbea8b1c1ebde5,0157490dbaecc53c7fbc6cdc416739f0,10292344448926204143
849625dee2698fe48b35ae9c48959ab3,d1ab29db5d21196b7d18196bac4116a4,10447516422268341075
84c65f94c2f6dbd48bcdd14659d50292,0658911ca93595f72804ffedf299ebb8,10245740775379649481
84fbdd28bfd052140b375f5aefecfde7,ec5068d52b80833394bd2d06f80c36cd,10806695075082501635
847c8cafd5481614f888844039da1333,0a8b1485718503d033141a4cc3f80681,11931291516015367238
84cf00b90550f944da65c8241f85d5fa,4d84ca7f4e98931d29ca194b794df11c,11985827017991738725
94e024791cfe2264ca610436726202fc,65abc967ccc137267bbd7546eb286308,14397608778914471448
94f148ce38fab6049addb69128626550,dce0529888f5b76d2c7d184e8227a06a,11897131199111053879
9483058411f212040b14faeff14848c7,a3fbbd83465fc5de095844698d6ba502,13179840619480914761
94f4cfb99e4866847912399e31bd0dd7,2839f3be44abf3843a62f71cc2101c28,14021446558632734821
9445c38b4e2023c4d9a15be011e553eb,f36ad37c410707de3ce2ef4d0813d7dd,14009920621256252313
94b5c895ba5c77f4ebdd9c772752136b,be27111aec1255451f6e20cbbeed8d02,13968499344661962549
9427aa72673c8fe49bf82527020e2e0d,fa3f8a2ebfa54a97ec2fe763da2e11ec,15280535948038524261
94db2d63202075c4a8f5264fb22a5e7a,f5f495b888e572938e77ca4e0288fcc4,9280370398294850124
94eb5671fe7268b49b6d9dac43f91a72,6356ebbd57d9794b2cfeefd7ff8c58bb,10766537264584006614
940e3366992b8ea4aa23b9984ed3d53d,23a114b44b9861f3025c571577c3e68c,15912590554631975926
944efa9e7958b0d43a0b92b21c62993f,a49b0cb7d0a64b1059515784277cfc6f,9696119185364553343
947f6e398579703408f7b39f0683ee0e,f40b94a50825dc75f18b9643d63f3bf6,9613098148805355647
a4f2b86515a520044b5429efe8e8b168,eb732ae3b00454d121c7dd15e16509d4,12942098849772185170
a486023bc6c38c340a5161ecdaee6908,ef6a9e138d2457391006073acf116043,15289668852436319547
a4b6f7ad77e50da4ba7a12bfa8b811cd,e8f8fb99b70cf6bc6dd09ba48d184f63,15016226903356620182
a4676c1919fd9d048ad059aebfec7a02,250540efca24ef06560d01822617a0f1,12308573059190674896
a459abc23159d384f983e04364d73c8d,5dc8131fa6b489652c15364c5bfce7e7,15042421047687001816
a46a3bc09259df340a1ad8bbdd5dc446,0476f1bd6c424dbae3cce9a85e4a6045,9822491243705219096
a4dc8bef2b1b91f4f9e37ddc051102f5,9bed86a8adb18fc877b35b4faa57354f,18428589696894405522
a40d5976e05a56e489e55cd1852dcde7,3711f1f15006730b92d82f86df8f6734,9620946919502240270
b46d7fd582b413f49b91c990734cfdfa,1c0386ce3c98041f2343aa633d805368,10771036467036781526
b45f234744aca4f42b6065a6793ab95f,91b0d86dad5b8390aae6989925e2cf35,9527152159327111470
c405ec4075a71d34488eb6039a525048,57fff59c8b7968310543dff35642dd30,18258947525712755601
c4b5f04bc84cdca44be42e6ca036a5b5,9ceed9609ffb02d7eb5276440aa0c6df,13813781028902991306
c40895980863734488c2161c22d29d28,d4c91530980a83e2a9d133d68db64244,9259402033775984447
c40aeb437cead9a4cbc87afa22692f81,c20ce4f56d369a4ad11fb5427ae95e73,12286748334328081327
c41fc2f403fd6764b90d4129b6979948,5fc4b0dac83a56e9da99d3f805ed344b,9748721353213948063
d422f63af48beee42b52bf0c8c867219,b31375b709c15f9d6d0f7d7de32a009d,12625790196929127882
d43257eaf174fd54b8bab3bc1c86dba1,e6c7da0c5c67d905da58b18eeec3073a,18420796374582987714
d4054be3224921d4a970012cb0ec93c0,4134582f9022d52a64f9a31193b9b882,11049694474175280861
d49afe9c128a531408a80f469ede2b3e,3bf3277e6b100f3133f1cb3e15f53a14,15042985086557566061
d41ca17cdf096a340b6cfcc8f36ba965,b56163c2d5e0bf0c03cfd90c4736f50e,10734685296954723175
d4ccaa7f1dd14594387c6cf78d95a22e,c6f5e5d08f37f462cfedff4e27f4fdc9,14383490517612982642
d43e17ffacc6ed347a34697da8d9474d,f8d0c9b24488e9b31c4312bdad9ff2a7,16204003269991438089
e4b4577130f9e9e4d953abe8b15bc9bf,bc7ad87ed8aac1298443cc616b63521d,18353506911477663158
e486798a310f93143b89f7c43d04533e,1ae29439ee649a5725502b551542e676,15077292142542646712
e4b7620579239b448a3467e00741976e,6a9a8bae10b9f0859ac78f1549194de6,9642906361566415401
e46966b497069d14298862bd03eb6a08,f6d7d7890907533c4e038fc56456f891,13887816747143081856
e4a9397e5d9429744b5be761024678a5,da5c7534e95e81b50dd742c975fa813e,9272918184188796566
e47a6585019b03047ab459ff5aa060b8,151b879f6d90cf8c826efcc3f0db4991,17524405770495668787
f450e97cb50e1214788595ca41b5cef7,822747a037c65ef77cd17e545a8e8478,11304395021997039177
f424a86d2b942ee45b10080e8b6dcef3,5ad159ca62932dd98c4e4a4230abfc92,10109799045099079516
f4b5503f4c40ae549bd43cdb5c262fb1,ab909476146fa55e6776caffb15ca04a,13852029855806206674
f4f5ab529dfd75c40b4f4fbd1612ca79,ef54ca85db8c001ee8240890748c297e,11412522357453122761
f47640242f0cfcf48ac4a52237a95651,54411331c18f10e483d504af56ef3cab,13879881987262719844
f43ba75018709834e862d8aded358689,66f6edd9973769821eb003c9666ee0f9,9638853924147654183
f4ccb5200bba9614dbc6854722434874,8fac10662a53935f42eae1030606d866,10960461643563415494
f4ad0c05340cf8c4e9c71a7e1189c36c,eb0eba1bbd60d17a16f61da06a166868,17279662248013604169
05d2b98e855e10143a1aa70493566b83,e11407c7c686c55e0c8578e78193c9ae,18269910356577123714
05459694133074845a3e564acc7b105c,6269b8f65b2ad70bf67a0daf856d435e,14060080558862116837
057bda7b3b2617a409e40fb0cf9efe65,ca22f02f1f385e34e26291bc5373802a,12017496287672570854
053c229b787114e49b4a20c7795b2882,64db1fe84761d74eb14a2e8764642969,9628157678467899769
056f040c8fe68ff43a88eaa44c539a76,b13ea5e40c0016ac4a62a00b5e8306e5,15903369530983509451
159050bb5e25d5b46aaed90a8fbb2f07,b19e8bb01379046c6c7875bd5aace8e7,9241213053328119638
1561da39f34688f4db1f2a047504c425,cc3d7ea4ddcce606b40fd64d3d940b93,13944599626737934038
15b1f6572e14c6641a3534c2ecbeb89d,c65a84311801aa6e0289870dc22e02f3,17997885517001594143
1552b8db5f417e14986b5c89cde750ef,2bff1887e88ea2576580b67b733b9f8a,14943842726089221219
15c338d3c5474e946b804c24d126ef38,feb2600615ead18e0082f2bd3e6f4bf7,9537072227740404052
15c7596108de1124ea95c0aaf3f5a632,bb465ceb22c7265612bf11b5ceb6a805,9529452208983734868
1598921bb0e8e9843868d2d268fe7008,7cfe18d1c0256c2e7265bcc5d1681145,12297829381041378730
15491a6deffd4424ebccf68391707437,5ae31780d834e81b48133c53f2e45f97,10727643681642236640
1589eba57938be54eb7a2cd6979d69a0,892b61cd291dbc8ddd57bebe41456424,10997341026134418797
152af9c6e31bb4847a430e6524e7ed34,3c27323af8f4b762f3c38f627ac3e688,12180429059048790631
157f5d729ab40da4582390d53d688908,b6ca793782b5862fd3e9d35866feb8f1,13950102620848810255
25d00e25559a77148b4764f922ffc4db,4f50c097ab5eb5ea101253882b4de1d6,10960461093807599566
25348a03a1f718a48b4ba91d8336c254,478745de08599d6b8b83e597f7359b1b,13890016316128900314
2595b1cf09c45604c8a1c2a948f3c948,ed22a98fb3afea558893f547f3b19784,15408126265381237796
25f7bf47881e6854b9739e4bdc8234a7,d5dd4739b6b0756ca2c71072ac306ccf,9738604052875875878
25aa470dd8e3b53439bb797f2ac87d25,b9ef78d6f3623c4ebf2d42bc04c791d2,13092063641268214431
257e943f86de710498c2b3a0fa3e60d9,db7043308fd13c82fb6470dc10c2e596,9596430630233734175
35d27f138f7ffd443a3506fe8aaea38c,7a466371b0aaa65ae106dea521dc97b7,9525744585818368341
35440451b647cda478d51f18d8806985,b781d63db063a260f0b8c0bd2f98c3bd,13805151474654494748
3535cd56050eabb438caf12c56a740cd,505c8aae4cb2d70ec9d7aa74dc2210f0,16680656349315254113
3566a733cd2e5ce4d929d018c3dfa9fd,b5f395419edf47b1a29ccac5b99c3bd2,9544910637250535254
3596ac4966e82e347b46ce6fb10f6adf,ac19b71797850cf04789a16713be08f0,14818440443677348069
35c6b2a0080a91149a00bcc6be6ca269,cc14af07a7c7ac04c73ed9759e34c18a,15018478531381574972
35c6797d3804f004c86354bab5bdc7ee,5b30a29d9b4befa7afa1b84603c6dbba,15043222572482114845
3567878fa481f914f9e98e55f39b7840,cbf910d44df9b070e990897219c08402,15043171814849003295
358753236e5b095448f7b4a76aac6445,951aeba164ab09578e86b9fd00ee0b66,15045201701999162477
3588a346e420c9b4d82d931de6f4e2d4,12f65314492e57a5bc6f298b2436cdf6,11819321854595147175
3598bd050b913fd448600be0cde1d9f2,45f4ee60a76367023c06cdeacb4dd235,9919596366597904557
355ce13d8edfdfb4bbb980eefd237b73,8c0ebebeac93d74c028046cd0b738abf,14212350214199011033
35fc1c03769e8ad4eb23f3041474b3f7,07a7de1200d4d6931720768f5c92d9cb,14038332467516878290
35dddf42a05f8a04d836b7459208ce9b,3dc36500d2032013363ad966ac52d448,11285574587651469427
356eed47a67c6c747b48c7a6a36244de,1753df26ec31c081e9ac65d05040543b,17613842991013808883
35eea40d82c275644ba637ca979725e6,0719aff7468d306eb2bef986fb6d4e28,10800047652471858033
4541d168e09702c4daaf7dcfbce0b7f4,b5d1fc469aef41cf33a922effbbc174d,15116631642610744125
4512109ec5366ec47bf30ccf8afa733a,8b5cfc1df9d5a4eeaa6a129efeb14230,15406621073361799990
4503097f89959ff4998c8c958f38af72,52e052dcd37cb6876ae847d379b0a327,13794456001793867992
45067b3b0efb6c24b854e7130dfaff6a,b76e0ee65c4d396c9a9c5e7a48987000,10793792907358523331
4558c92462caed547ae8a0c52e851ea6,182f72a3f19e94f084374b0d83add0e9,14125322426059233519
4529d7c3295d931459acbb8e32deee62,2bacd045c39dd42f72839a06b429754b,9333501008588893746
45fb3177c2e0b8447bc006094b5e2cdb,dfc218bcec02e92fa4a6c98a2b9e8925,11185081954560193230
453cafe47af11c048a446392fd4d7f92,b8be9e42c5cbef2b7d15157b5d4a39ee,10774599974008192562
452f7d11a2cd9f54fba662991b796492,9471f38e85a6a4c8c8ab89b2b75a5515,15030321311974124902
5593a8098fdd5c04889e6209c884ca5f,2037f5c3017dd5eb31c8e5dac489e1ad,18278700939737825440
55c66ee55a46ec442bd512ac3cab1165,7bbb5ca207cb6aac0cd8fb047456fe0d,13793048145869718891
55d88620841c4a14fbc86d6bae9ab282,aaf28ecfb05dc9fc38c3902837ea7db5,14973398054865822598
5509aed5fd1307e418e3071ccb9bb867,bb7ec4e4e22a39e8b3b0f3d81981b99b,14186636860377166008
55df63b822b8a0f48949306e710152c4,d295bffe3b7785799d224bcd9cbc8c8c,15058149044079113271
65943971ea6a063449dc3a3a8c4fd099,4494d083f2064643b41e11f990f6e8c9,13789671030268215418
65c4f4dde2da6664b8fc8293619abcf5,4c75dd234565134fcac1a7c731db9f83,15330608815720840253
65d61570563fcd841baba83d3d2f6f10,1b1426075a40875d862e2c5326ffa1fa,9610987953995653591
653802df4b2ea1949b43074f6e28d088,6431c304db285f569cf19f11bb0e3aad,15023000943021863990
65ca2db550275ef489bba0856da1f991,17306ab07481fe179551f63b5b78f1dc,13958085067123548010
65ab006d4c9c85641a13e271ffb31e83,b25e06920aa614c348f4974042e85de3,11364658208470536297
655d471870a66e947bd3e3bd5bcf2de7,52a4f1e82313369b522e2bce9a19a547,10763966554574306715
657d514d342d07d4f95d4470a568d853,ea21906ce8f1c8d665b33df3e9feb0ec,15169879962857426945
650e163a5d0814a468ed92ee808c1ecc,13e400f91fdb45f6aaf9713665b7a7ae,17527765920678486077
7561e579164e90c44bf5182d20f619a2,6cc324b9deecf05ed7c682c492b309a2,10137160024486005418
75b6f5718060449468d4fcd05d497361,b3d4c275baa1069627cbca95361ea07d,9295428535659314944
750dcd616d01e234aaa0a75aaae8d147,4b5536716567a2334d89c9123b56d7a2,9337755859191081125
750f8d713a1fc1549ad95575b44738f3,3e78edd4b07bd054d64ca7ddf2ab2548,9631562498093929072
75afddf9c7aa4384dae36323b7e7789c,b4de2da0a870ebcca0b842c8e3645086,16903599100115785453
85408ebc3ddc71a4c883134457bc0488,43a08b3539a777b11c1ca7a2781afd3a,9357079473294138164
85d02b607bc3c214e8270f5a005d515b,cc3007299ff2401c4175aea7a69e0ca3,17636240174104979583
85f01e9c146799a42b84764fb410331f,121855e2043b9f77b85da91a5ce4e4de,15005829857089697071
850ab19a07d194b4abccdaa4c6dddebb,a1b363c071c06e4587a26afc4223f1e3,15052273305546077493
850e4d064de4e91479f2b294c4060901,4144cba5448b3d86ea31cd84ff4fde12,16899543654526917237
855f8c8360b77dc41bb0e34f161edfa8,30c085f45539ee2b7c2df83fe52261ae,14884850019379168228
9541e27de7bb49c46a9c952acacbe360,6cade2a4b24e8634d5602fc7ba6fa756,10751541236989251280
959738f9b78a55a45ab66d8586872d8d,f5ce941141cc7096401efdaba1a0c4f0,14156522052036533170
9599875e506a1f04e87b5c0e2377b359,97990c52a838b209390081ea55f5acc0,14996822666283948951
95cbcce3c278b9547805f4aea395b1b8,d7cf8960f50b02b67b2dddab242a9348,16440784737529075061
95edfbd9b970b4e4a975b47c812c0d5e,6ab52fb2961cdd55b3ef884eca578603,15042949902186525805
95be9abfdd5cba54b8ce11f31df27c05,c781586118d4cf58114d7dc473ce73a2,15294060082750173253
a5f65de2f350900468fff3ba0dbaabbe,455727d98e6e8596d6bf09df847cffef,15018478522858880312
a5e81411d334182469cd8cc57e31fa6e,83ea954bfd13218a64019a54bcd77014,15135949717771407347
a53e41e6b04056d4890d635a04e5ba90,403e9fdab6f6f5759a744ef311202354,14236466031384219495
b502220aa802fcb46a11c04406a2f35a,943a321514952a22954a4b4d2508b427,10781734912638217037
b5958903ac528464688ae847998c4980,4c7a2ddefec4b08122fc5d306d27080a,15178729046214552964
b5060f7477d05914eb4f64a1e6309ef3,b3bc755398508d649a3ea96fe5754687,14190063224995128607
b51ad5b3cceb62047abea3d4c5832c9d,0ce3dac8279be30e446d8a0767276597,13924056663376073339
b58be0c2139077649932cb31312c442b,92f40a4eeb08f2dc7c9eff209f6baee8,11738756653411992062
b5dc7f206bfa7ae4eab127cacc2077dc,f08f406755357e21b9b6ae95e485df27,9427782448438497449
b57d0a25a0ea00449b7875bb61b9b606,8088d46dfd812b5dd906c667e0c46a5c,10178832504884337259
b5bdf28672e440c49932fa1d4b6a0732,de1f7beb0254dcda3a4476778a0cd986,10436888989256604452
b5fd9d017f2f98743b30273d7bba114f,54625aea5b4700008d5f9eec9fa24fd4,13963758329561402817
b53fb0d90bed7a342b809c32f4ddc793,c551a5468fb7a56711b552405e6626a4,14764017640626926645
b5ef783ae2d29aa4a83d3eb4bff5fb0b,779436099146d1eb1b8d030acc06b0fc,9594140995851116585
c5305c3abaf86564c80bc78a621856dd,6d90d7ae4f610be820eccf023fc8332e,0
c561697d34b9df24aa7169c7aeb7287e,e72ed58bd065a54b578c9f948856526a,14154103585590375479
c5b360326a671d14d9e4dcbf8f2af099,3a0ba90301a0e0abd8682d415b74fe5b,14828167963693573095
c524cb34b62d83c49a8ed339e8cf1f08,34aba443283a8a2ace4f63a415a7fd57,11863947850558917357
c5247fb2662199c4ca6eb428645ceb14,f9d126cc632b37ad75f6b45f1a8fbdc0,10787651053165265481
c5167d3879b77d44eac0ca5b74ab7110,8a8244ced14f8e11ecd7a9e5295eeda9,16931898048222274704
c5f62cf0d7ebbea499ab3e48370435d4,b193c87eb2970ae356a08d985e24cc2f,17506301554914745868
c5072004a9c05844eb1b054114e62759,114cd7fef8e030a001d49f6217d275d4,10766232219332201133
c5886b3d5e953dc41a37ef9c93d693ec,191cda414d96c003de6dd2abf4c91c5c,16865967520215517262
c579d53474a2def4486e8da97b5ef992,17545a860c52849d9b4356add7a1c810,15055092483407282535
c5bac86a6b9c07545964724dc884b2e6,9aa0588d585c5513737573a15432256c,15402946853408288668
c56c1f365bf5e274390fc3e100f7509f,858dfed54401f7ee72404db86b12ec1d,15052278794514567317
d5b0b7751798d4c429a5d5c04e107164,11453e516ea54f927a3c283c50f96765,13901557343956481343
d5f0d7257e5575348aa98da85aeaf90e,329352c4d620ca462a0f058c13ea2918,13961016569908301586
d532940d41083fb47b66cc18db22c8f1,0a0a31d0892eba153625ae52dbcc81e4,11426310828926934678
d548c4f420cc82648a6c82e9f9810dcf,18fdee40438fd040cb360a6ce702199f,10786237941116009502
d5cb141e83965014eb40f7a67395067f,adb91533057f68f9af9c9574408edbe9,16030950914773782800
d5ff1784f6f74c344b4925131270c4dc,2d52cd0f69f6a9bcac15b184fb8decbe,9628157678467883389
e5a2700326faad14285346e755afc70b,3b597f7946bd1a553b20ac6d87fdc3ac,18400230723582329467
e523315fb965b604c9e10cf0a6ef7dd3,ec5295b9320586062d63d4c0fd47641f,10448400137560140945
e5560c7bb9bb4344ba3f40c32451a456,e1716ee9d527b4cdc5ea9413cde81edd,14757957757838766897
e59c420824356834391643c8d629b63c,c448b850ab8b2f159a8f4252e379e3b5,9981798020096841850
e5de47e7a247394498f0489dac730a53,279808377a9191b7cb024f459ecd3410,13890018515152155864
f5340a8c75b68ac4a983b7c36720b5ac,a33404880aaf538ea1c3db49eefe0159,15004951424575418934
f5a76e5a96972f343ae81e94adf7ae6a,267513bed2a9fee1462807b073c323f1,13865530587321414859
f579afc36a373664990b071f0e82f816,ba825e94b0d71573f96bcec2ad1e98fb,10383645861596717402
f54c9a3c4b874754fb6ddbb3789f86fa,08342a15342ecf2c4d3b659f63935279,11117326525653428121
06d05680c32e9864cb67011670d0624b,cf77467c9dcd6d90c97f01bc267379ca,12646037389190430592
06e28fd40858acc46b6879e6b83084e2,b48735e2f3495f5bf0b93506b34469eb,15052519596150699317
0689d437b7e36ca41864957f5f753ead,9a305a33b18638512cb9c39b3ebdc989,12297735557480797610
06d9c77f3cf784247afe07ace832d8aa,0ce1caec73f54ec9177a8cc7f01b2776,12946233402068648369
065d27ebdcba76b4782308bcf8260a50,2de712b784dd33b123c0378d93cb43be,11985546994275486122
16017bf38a4a4f54d9d7bf26602d8aee,e6550ce5e68e3bb1e0f6c7df7c2af51f,13850840338884606601
16d166bcb16f27142a37839d48f249a3,a4c91da2f2bf3a7cf6ad8a8a649d6c26,11326098379415131534
162524a2b8fc07d4087da50b6dc33e43,a2b25de51aaa3832f0621cc8e1e35704,14512681132461820768
1647cf105a1136f4d864a3b7d6496722,e09a28c293b5295b3e8d0e66206baa9a,15052274405057705013
1667e54b853e8314caa713fceab06e82,ca557b5e2dde90a4aec343249511cf80,14333886256938847822
16789c622cb035d4683b04f56f2d8df5,59c32b3a2fbde5cbe24943d4cc20fca4,9621143985330486998
16796e7ea03f8cd48bdd746f0fa6fb72,86a26f84c4d2fd39fae565e77c7979f3,10800593082259878038
166b66899bbabf243b24fc36b6c8e21d,2c82c27571b5a18a765d3c6e057fb0a5,12675610871065280709
16ac8d89de5b1cd4cbd988710c99010c,4b8e259f3b7dd497df2916367c0369e4,17094006969965750147
163d08a14e0cfa04b92a243c83809620,41bdd2e317539b70ca582c06ba049cff,14253629162513833702
2611b20c597cd1f4db12641728a3a9b3,0de548784438250d7a066621093f0895,10390784671684092454
2644a5ee4df958e4b9d2343cc102945a,006f5fdd36d1a03276d7e66a28910ba5,9569707416599082808
264844f150caf234a94ce8424c405103,4277fa2b29c52e45d774604b9eb17f44,10203323209715976801
262a2ff0d752f3d449497ccb7d95de86,8f6843d2590172e148c2c5055a70d032,15553533809801383229
265d546f868cd794abb0c02fa27b3980,1a53af6c00e2ad8758f4f00ddc2ce06c,13889455565198734554
3600b3c85c0a278488965e1f4d037c9b,fde2497e7eb930b9f241ba84feedc97d,10752744214352355864
361037bcf9e8e7647aeb87af788d00ca,a12c2ae4cf1a619ccab776b64513e38f,15416798767712773388
3602c457519064f4ba645992b5a00926,2ae684ce98aac168210e0a81a0f69406,11858678410773551679
36d4f1ecc10337e48a79c37dc0da6742,adf78ac430e7d3c3449d206f1b452e12,18120573207148794785
36d41cad94c7a244ab67077a155304b9,91b3b939851bdf7194b87d5e3d32f27a,17521127673735924805
36b57112a4d6e3046ae9f6037826fa2c,9461a4f4b0fa0cdfb06de35cd055af43,9618070126428579866
36e58b581e2ad8047a1d760692d241e5,c4d06bbb841ae1130adb1ce08578dd13,14380622733593731437
3607868f7870ca443bbb3bf713f7ede2,7fe41b2448c16398d315eb40ef89358c,14999848974396648340
365c907365b20ce48b3e163e214370e4,1b5964ae5c4c52026944e554ccebb092,10765662169477566173
36ac1bf4e3c21cf4ca88420e5190714b,6f4d2bd86d64e89323567a7b06f37850,15052278304636378397
363ec925df2cc5b40ac0f10832edf3ab,b6131b5b2cabf7bb89419c00f01ed42e,13891094937333547719
46447afa08c43354c8deebf072bd4c24,5ba4c2a9ed83df2ff9cdde02d31d7ea5,10508875111816452924
46a4c1e2abecf3f4aae938e2cb7bec1b,757064a44f863ff12e2b13785b40749d,14165068134822228406
46a5c654b6ecc1848b2bc3112d753320,ced079259ce3257262203c5d1cb0ddaf,18415942984493405075
46b8b6b205ffb234c8a00bdc0331e564,b9b5fe0ea2ed7221bd3f53768309b54c,14095771405709067186
46c80d9809aa2884c9e4aba992d46ae7,767bb07143ffa624452e212c1b1808df,13805186981873762426
466ad833d4c77fe42ac04a2a90e002d0,8aa9038df7bf5573192873ebd0b8e9fe,15001343849011380027
463c9414cef933b41acebeb6644344c3,0e01e4e5fa0878ff179733deb43a8f83,11359610201690485398
46bc2ba1e78eb6e458e2951b409e767f,36d0ed1975d90b9b20d5c902b52dfd02,15059264013950339927
46edf5668a438ed4aa2ecddb83135b1b,cb9fd6d51e9ee734a922f9de93b9d160,10259588723851906028
461fc863771a63c4a876b07479686487,0fefc1e212bcdb3a55e147fabca1706b,13877865784933235225
469f90111b8ab454c9bca05b16c60c30,dbd2a7690b966337d4969bed388b0501,13809655856688513146
56824bc6fd8a777419a149da53421d2b,d8c6225b7ec75753d5aedbaee05826a4,15789431243441453792
56d3c3ebecc3bab45941a3ba0a45f7b3,36c00b3c185242ce23f034d00545f9ca,13155688045328363188
5665dd8848db12f4186c199ef088820b,b7fdab3c20a5f18f577b057a2ffd10ae,15426568876743551881
56a75dbcab55250499c0767e6eaf59e3,b4d04c14f382c888cb50cb24b776394d,12297980633700063573
5688b0d4d6c97434aa5489e00ddea498,2de314eb003c2944836db8cf0140e4e5,13785448746708025567
563a68e5d9413de4f830599d422348ee,f2c9e2983aaa592be652f5479cc09dcf,15193928536048250240
6642c5eb0085b2c42ae22e3d5ad3f14b,a51810f7fae11088fe8009584ad5701e,13763001592708035711
66621643026de694f88d5d6be0a06d3c,4a1042e7d42823317a68841b99dcc155,9224776090982278396
661d126f05557c441889fc8f07c04358,a93d4836507099c327ca2fa987c1c39e,15398386449356158049
76597eac2cbab9947b7c9bb63d2b6ce1,333c897bf3742324b6550d34a47641e7,13840404993877337757
8660b7373a619ef44bd72d6b166e63d3,22568233cfb18a862b27c9ff402eba50,10727656840992013342
8633ee49c204ec943962557071ff9bf2,dab8229de29328c3dca967051fd14cd5,10734404371729699510
8663b06dd88ed6f4296e8ef84e4d8a84,708dd65e664934c7bcdad384ed1e93cc,13947769452852319177
86856c793e8b3f7419ea97093115180a,08cb310e724c8efd9ef37880aea1d138,14199591373249617436
86e51b8d7ea3a8748a2a60531ec30feb,836276066a616d1d1081853b83c2bdad,11550087862278282281
8628ef547f3e17c4c96fe115d6a71b99,6ac6ca4294fa062fe6dc562d97d6b53b,10782825675502599246
86493d5d1817fba4fac9271961f445c3,f9612237671ff7e5d4d883dc84ac2f2e,15552395205431491906
865bd7fd6eb36114e9a4626908cce839,b3c87a5e5503e78487fac294ec561cc8,15052242553446281525
861cebb5f92a79b48ab3308e8c981498,a5314f8da6f77173d46e3618dbfe86b6,17527763997275458636
862c58007c060ed45953135ff0a150df,345fdd3f9ddafcfcc2916ddb0d9bb2f8,14041779595226532321
864d3b51f97ba4a428aebbf8573f7841,b8dddfffff42a2e3e07a4b14433c9d31,10517433735181179167
9662e0a9aaeddfd4ba0af5c654080881,76571d99e4786d7d8e13e26f37268182,9279186731896483704
96f2e86c8d92907499b35b831dc05fef,0ae76aa7c36499bf9ba66c294569e330,15052278253348398389
968f8f7f16922f4408ff94b55d8fbbf0,5522db29ad619a24afd5700c5f1f7dd2,15919207987393793311
a6d3aa4e0ee4c9140ab4f6a3c90c7ee3,4d7c70779dfd5f390701e65acfa9d31b,14661535241322541360
a6459b9631757a149bba5f0fa7daaa6f,5979cf91cb2b165085db86cb66130a27,15396249691021978308
a65a241630641f24ab1da86e60616628,e8c30b3737517788730beb08fc4f7c65,13958930028664725479
a66c3c8d11c9acf40b68cd366cba5a0c,f325ce26e20587ade74d4d418e95f306,13893346737212113607
a6ccf948c10075a458aa58cf88a53511,729bace5cf45a340ab95eb17dc7a0840,13834777590507779520
a6dc046c276c0704690295c31f94ffde,aa84936da29ad310d6e7d254df3c86af,17214465427219649362
a69ea738865a4cb46868326e992dfd30,5df800e3444307f8dba93b284f212095,17192998612778495368
a69e1f04c4bc39f45aa6c71e12a6dad2,4b3f253a3c0524983f7548fb64efe993,10535729157886601673
b69317da19fc8db48b967f80527dd500,15cf3b49eea970a39b0453e71e599017,14309996558420172739
b676c6449337f674eaaa737b1c15472e,3a2e3b58df6d62bcb9edcd1e4707835c,15178729046214552964
b68893f2b18b7b64ebae17942094ffb0,deaa4491220fcff40a39ff93f74680e0,13963998013027999540
b6f8b6fb1f2e4df44889e64e5a657f76,a54521ebd2a1f1c886499692b4d5554d,9927704932748212254
b6f87f5b44149824d98d23b7d2bec88a,90fc495ce77ee7ec8cb609844f17f3a7,15029126761648907239
b65985ab3e39f254c8f42e5fbd87b539,d723a304a8ffb84f36e703ea17f331f3,9685614050132477268
b67cd6977c748014584914232b396ffc,ec102ac0bcd2ae92e8e091d4a85253ba,9239213767760044863
b64d45b7d00beac4cab116836457e477,8d4cc8d8b7d01f214bc473ca0b5f44ac,14095488803853681559
c670dafd5ee665b4889d6e80bc9f282f,af48cfd4912f8ad40e98c516aae4fc8d,9615491828502110581
c6f432b22604f1b44a54f3c77649fbff,4fa9f11d9f3ab312f3f7669205b22e4f,9611058597618917749
c6c5396d18668884cac2a7270d3883d1,b80b8c22670085c6ad87e26388878dac,18032015527336512136
c6b6c9b5754643143af1355495b0465e,7fd5c93c982de62036b3aab8d939b9d3,15042104390653523408
c68738df48abdc042b376bc3d043267f,dc462d92ad29a7ee5e87f55104b973b1,9616121079635653743
c6afe63cb5dcfe148919367837191078,b096fdb6467e7c1b3d7d4f984521f4f6,15402540465344492607
d611462afa0432941b088f613561e111,301c667dff1544433e36deb690022a53,9224496854413344513
d6a2c7547b0994b4da3d9efa9a36261a,ce17b30a3850d8ab739a64fc86693354,12203440173355455845
d6b89dec2a26e314e8cc9923cbf28589,9bf0b4c8f65d020d5387fa3072cb97e1,10564439004293618072
d669cb665e41c874886de9ebee27ffa7,783f20143680f7750c84d9a2370a4b2b,11831587828050545004
d6ee4cf7324947c45b40563a13105ce9,f81bebb16c6c9972f69aaf1e50040b2f,14847861232952010704
d68f253288c1f5645a0395b54794e113,89d2d77de0fbfd0ce02cf680ea4b4db9,15042158268098491858
e61116120febafe46bf44873536494ab,f8fff1b79bcd8bc369b323ef1e0427b8,14131785323520444990
e6478cbef7e0cc04c9a11a98aba9fa35,8bee278216ca7ebb157d4b926bf31ec7,10843393110867075526
e6e8e45ad90a77541b17a0c183ad81ca,ce633f57b0f17f64d62118b7cb8d6e45,14603535086190964772
e62df77c16f526a42a7d0c69e20bd10b,72524ef4d72a24190db5a720006228ae,15351410158558604022
f6e260277bd0d3c4cb120d60831b8a99,6dd81a310023fb145ed552b14f195a32,13852627983694640679
f68356a9f2e0d124ba86e3a739b14675,fed81023a27f287048f48aad8addedb7,15214348990470175692
f614ff75952322f488e6f9ba23ffe565,c7b244081ec8dea302c9b4ed84501104,9626188543334820069
f674e9d28bec3c242a595581b4edecfe,8fcc2871b59cb67bca4b07631cd7fdc5,12314202364126924299
f6a46343bfba5674e8868ac27cbf0852,44bca4241352dca6d240ba1121bb40b9,15831908477674922287
f6b460dcfacbd4046a08cd6cfce2fb05,3fc90ef1085125551e0ff4c74380226b,15045201701999162925
f605e0180c049a648b7ebfb8e59a8786,aba255be23e49000d3d85f44f8c114d6,10607785583727043026
f6e7eb33a05bb324f8eb6d76eca1f64e,934eaf0a24b0355b2c7f346b49a41ae6,16722080021377835897
f63b9af97e8167e4794ad0bdb84a7adc,50958b9fc59f792a9cdd018be7e6fc8c,9856434700155865660
f6fc61e13a2b1354bbb022750301cec9,ea065acdd9b24911d5bdbe0ee209f1d7,15046623314656050630
f60de41c84e8b7f40b4ff22cceb33873,620918eaf1b45114fbbac8cde30e2e7c,9998410348010461283
f65e079af0ad5a144be0226afdb80cba,f2f2a1813359aedf57eef447194e151f,14801698321176081847
f6de6b5cf4043c049a1f643115e0e534,03c51c6586a107a1b41a38e2c2b7ad58,9379405419927797693
0713dd112f3574342b3dcbe18fd4b8f0,27bf69f26f278a72ebb1d1bbe3c9fffb,14071840548169410023
07142e55f551e064e8478d4b6a5ab25c,6eb8fbf5071ff9a3c1eace732fb0ae83,10438014885270117164
0725e80c81c990e40a2a03acf01b121d,f601e97acd0d96c7a14242f6346e5e37,13895908482719366378
0765ec7da4894b94b907c4b9edbf98d8,37ec8e159f90e62ad97ce9b2abbc4e94,10465010688325394036
0727b0f596dde2c46bfbb12f91d76e8b,4467d337554351c8d92d1263d4bc168e,10332130678046968013
0797d2b23f2153044af8e6bcf3a75a4e,d363a9e972ccb46931f73581be994e09,11152291163577686321
07d796665beb8fa4190f83e455aa4a09,fae6f2f8849e92aa23fb024e3fa8689f,15340758768328320317
07aa6d1c9d4af724691805f4a70a98be,79d99748a321e252522b100610eaeeca,15052239220652062013
075bc8b31bda46242b5637eea35627d2,73b9ac26e5aa826158ad9982e344b0f2,10781998585056210255
07bbd02ec7efa644ba307e96d9925cd0,a076acb4ab1062a7da684770170d3cf5,9595710921820024628
07bbe628681a888419e2539c685b87e2,54b5991b06bc69b42b25598d6a423e7f,15625477333024561368
07dd648e09695d8459be5aac8f8c14bb,26c863df5481167b4804b933a99b4d56,16090527197846693911
070ec741788713e4183b3aceaf2260bb,99ff22ea40be6abd6cfdb0954281eccd,13791094548922663124
17134508de107fe4e9fb6f313832157f,886ffe00ab3c88a89fdbbc09f3b42f8a,13809514936672122314
17a6fd34d19dc7e48b733f23b5be6c7a,41c5c2ef50763e1f90fd4fb749d8959c,13771393337639751767
17477e2ae191d19409ff9a25e74e7d1e,9428d65458bae4639d19e520d51e2d07,15124313307364406581
17778ed41e144b1408a99b48dce39bd7,33c02f4d3d1c1b953b8992341c9c3fca,13866366121404284722
17979a41309d25b47841685d943f2490,b81d2ecd4073f6a00e48cb7735403ec4,15821439693244010387
178bf4eae35b3cc4c8961f85643a8dc0,ae6ba975b3dc946ce51b7b1812639e52,9402716137941597570
170d975b0f62b6f4fbbb522f64c2a3b9,53ae37c6824018fa6c240e3391718f30,10197966404097301098
2751191556fc2ca41b4a0ef89b93b99a,edcd72dc1ede8882adcdad5026c96b16,13999212728864552633
2722d1afc03b18849aab05419df6b1a5,5860b2e39f6f93a243471ef457b4bb0a,9642873756307499685
27624147eab9d4b41bbacedf2e4aa220,b062635ba60e09462412806207513be5,9931288467156324150
27b3572bdb5fa414ea2f5e4115f4df30,cf419d38a22ede172f07d4511456fa55,15553533809799318845
2724888abf4090a4db151c6112734c0e,323a5b0de062c35db6c205efa6cf0a46,10477983618606649197
2738a38980b75174dacee4410237bff6,4a21f6b846592d8d1b86be58605784b0,10392689327475615126
27cbbec31b194eb499e54c4b99f738a1,78bfb3265dc9aa1b00a2aa85126acdd0,14151451298017991951
3791cb45b3f4f934688e8edcd2c30ce6,69ee50aceb0cb486d2f1d1dd014c885f,9999253626180328140
3792c43f1e2cba840accd786c8c03175,f5cc394151aef2803bb6e5037a233980,13835154774371610616
37e6472c2e5c2894e9430e40c6ea0757,cda09d1fd4f752b74309c7c8a7476d39,15169879962857426945
371740b2289f79c46acadf72d2ddd1c0,31b098b24c7dd431a902523122798d92,15369460935794838347
37b8e0d180e8b0542a06663fbc67ee8d,3f546f689bf94777519cfd01fdd0efc5,10178832504884337259
373b2a9835babfc488bcbf45574ee3f1,93b1b1a3740e3534fa908bfd65d7a678,10437379551860972518
373e297e67e15ad42a9d2eb851d6f641,9a4c800744e79bb0b4db849ff08537d5,9651346542656015051
376f9ce94c3c36944b337ab9f90abbbe,40ccd93d3b563d3b35d8c1572c62a122,13899545314952165175
47137f16a22ee914788952c266a70801,db036ea3e1c008fcb18a7797c2558226,15174948095284164390
47a46890bf571dc43b593fce649ac2d5,9a4dcfe4137b1aff439f2071c9549ad0,12144193302096808151
47e481a6ef5eb914396664583416a4d8,78575ecf91e5beab02d31e97308b1c18,13987660357370468801
47651f8afca804540b9da0ce56a7ffeb,3a0e5545de4059352413dc76992df4f5,17199952668174046949
47a716aa04a167d4f93d5abfefae6b33,f1ae7f0b2e742c57735577fe81d184ef,14071284386674145549
47487deb3626ad94daced7859194f82b,6ff0128649c2df18d24736bdfca4ba7f,15745880062397100388
4789cc5c6bce827428e449499155b365,e2c865a8ec8744eecd69482889a465b3,15409465149876148787
471abb55858130144b4959948621d9a2,f7e38c174b1f78f6020b8f5f8ffc3d9e,13852580711170782575
478c81307357d2d469edba40fb72da10,ff69cf48175d76acabc080970c28465a,11913487957952735658
478ddcf098fd4c54f9f8a645518ec203,28e770852126c0a214e63a909d333642,15066004912929122415
5760247b5b343ae4c923302bf9e0fb01,b3d5ed866a3605b223acba9ac8a64ba7,9588861714041902866
5723e6d0f55c37f4a9c233ffab8c5c2e,73cd39268678ba8177489868ca4cefbb,13792218988492194168
577587c1e7372de41b980596f0191ba9,244e0fc088872d2c742d102fb3cd44ea,15123208813608383765
5736e9e5bec672b4db557252fd55fdf8,f9d2bfac83dd1357753ce6fd85baaca4,13893081409469908601
5708baccac5000d4bacf2cfd1effebe5,e21e3ed39f07208451622f5499cc88e2,9415678683007212001
57d8cb92093e65f4f9592455bf29a885,42d73b4ce8dc1ef701181caf8bb9a1ed,15016226886176816534
57dc5539153199243b73b3ee15fc7d16,7d8bd9341c40e41b5f348dc6b0ac08c3,15045218091594628409
574d1a9117ad23c4fb4682d69944b1bd,d70cfcbc6a8ff2c54d4aed96954f02dd,9982923902824077370
570e974447557df4e8d6816f21e39e3d,69edb43a5ca7ba093995067bab255384,9697998655843850605
57cf35e8fa0f7ff468c6d3760185c890,767038db885899e795c6642f30679ae7,15004951149697512054
67936d881013e2848a621fbe14f48b85,44fd2db9b00868dc46ea421c9fe461e5,13889124217061782335
6734a2e4ebcad2b4a8e9ad32f6af50e9,043d4849e8e6205ed33fcacf5730cae3,13993655170010329803
6775f67c0ffe3f04b9bbcf6f2c1ae3d8,897080aa0d3f529e04e637360b31a49d,15030252937440772758
6767833a519b0c94ea10cab94203e1ba,b05063ef7f01aa5294bfdbe73494ef22,10993963344467432347
6768a87418ec25e4d8d7cddb1aab63c3,d4d53cb776ed1d2dbc0babbc18e258d9,11841429801044298325
67dbe4a64f2bdde40a1ce6b54c6da7c3,3a1cfa7f894e6af6e3e8ff32a99aedeb,17710882107497135047
67fb397ee101b8c45a7e50e83e68c211,289f59273ea011eccb39b8977b1f9390,13975582565524514069
676e894dd76757142a3330ae120af978,484c84365c8428393869b9bf9b61cccd,18232703708993898096
67de5c96206e7b74c8b8e91c055715df,9e21650054f1bbc87dff616fbb22a0de,9357377658408426339
77b7ebf0771f8e545b6ae5691040e7b6,37d7adcb7f345b2bb025f8fec77f1eaa,12135676152956410423
776a6448d26b3b241adea72661f3c8e4,eb35f8525fce61368070feb44ccfd9b1,10557228637248999298
776b2dafa5cfd8545b48a59206040284,a30c997b18b54cb3e4cbf4c36a2393cd,13876239688566128101
779c651fe28d8254fbb283ce2e0f3d42,8d3d64033eedad4fe436f3b55eec8178,11450940717340895528
771daa85c36970c438c7ea5414053329,d3b98766351d2fbd06dcd1d0b5358b2a,13793049657765183893
779d6a857bb57eb4e8847befe9ef093b,3cf127a9ec0b8057e3a5d61bdcf807bd,15101012180538043392
771e0214b096a7442831fa3f11cb8d74,bedb38d0f60eaa42a78501b3d0d27c10,12296416488472290725
87609b7fc25070f4084b8b3c070fa595,48ce66778345131466835524bfa4e908,15131609846635318059
87e642e986a56d34bbe408da3a7b9869,73a9fd5c58bfa16c64622e5e64a31517,15176477087488781696
8728dec7a916e8f4a9cbff0568443897,556fe0293a987bac17f0034331b2cfc9,13865297460774549602
974127b41ff04e747bfd6b4b5b01ca8f,9f2752011c3d44bbf226ab50fccfcc87,9423552942840846651
9742003baa9411e438e1468d95aff0b2,1112232a41c274b7883eaeec1cedbf33,15173099460781780433
97b3a9fa0aa5e8345821a09f48801a22,3fca083eb010ce584014e6f567c43562,15052243068943020823
97941fa23b9a5f141a57b50b5ac5c77f,de4b61ba40e5a1b39b96e27ffd8c4eed,15089995105322740918
97766a0069337f0469bdf108e0f6e7f8,87518acbe86b35a7fec57b1be1a27edb,10876889357864755614
97a87effb683e6f4bbeee951f1cf47db,1ab3808d183e18101468c06da246ed2e,17346806331743985927
973aef38ddf0ca94988018ab2ae59d41,7248f788486d0fb6b3b00ba59e474b7e,14107873517628870544
970da8a466184da4898a19afc6689f62,7d63b4df567a9c77106163d1de04f19d,10778655691505173479
97fdfc44b500ec640981f89bd532251b,8e2f206e3d3781ab3ec41341c4f4a710,16912008199407425189
a734d8dbfea28fd42af817dc0dc78e02,8f43475613b7d4531bf49d0f1951c332,15016226886243859862
a7a5fc5ea0a7278428b23708583555a2,168a1db2eec05c55887758c150399d31,13053061516555390763
a7875ef910930b543be89375babe7ec6,03503d8d36cac31a8795a86cd3d356f0,13877911779464723907
a72afe49875f8a540857de2b291ca63e,1d928794a388239292bd112121a3723d,13889405829477448511
a74be6c4792e06a488e64dc523eae32a,baeac83f3bfda8d46dfc6bc89aea79a2,15059757869562507136
a7aede47bf9d98d47b8ed0e10321c815,468e32154ec5e7942c31039f93ae228d,9259259548785381261
a70f9366ae19125488d2b777cd2b9dad,f867a312f85e2187279b4b95faba81db,15118916899987926736
b7309e3c81fa9024ba1e0b0f8847dc8d,79127b8e8d88e42bb2d0f621168b64e9,15836692826428286439
b73215f592acb8a44992fba17bfe9c54,47b28bba8ea4b2b6251e57923b87883e,14066541301024148537
b7254c8f470a47e4a85e31f9366b5764,e6098448e4370c12f204aeb24b4f112e,12826189324521315087
b775138276c792d449c1db61b1307b38,44e439c3707b75d079b56e2d87ff1943,10434564570169171768
b78905b6b8367274080711fd3d1770cb,4dbb56fbb9b5926592b880ce6a1ca52c,11836160661976964848
b73af9596003f094db2c7448279cb303,750b5f6c5daa4e146e7dd611a61f8f3e,16638322195912929633
b70b88cf80920664bafa9a2287f092dc,fb7e2769b04bd919d225460803f08486,15191254805347380480
c710447f48a3e5b4a81ff3a42f8075bc,07364c8bd18365864dfa2c6d85150768,18023271536194148034
c7d1a5ddb0d5dff48a9287486f7f8a61,0625366d4c74c08a68bbeffcb03a9c53,15189574025762255716
c7c2c09b296b4264eb44f5c705141712,9325a453f402a558313e804dfe17e2eb,13932587765666758021
c7565975fc697a9448972c22e6c26f97,3d320ad9de8dabe3b70fa6e1978969d9,15918265361422118533
c796c473e8363874caffd09c42a6c751,2fbbfc4d33148fe351041e64c4229c39,15169879962857426945
c74730649bde46c42be4d98c40a85a50,f541700f6e18ef84a4a9755d5e6a6222,9541508740333033798
c768d5e5f469ead478d9c5104e0ef3f9,00b7e14d265cbc93c3ca1fe5c9ea90c2,12279787100610466159
c7194e7f62cfe7d40ac5fd285f192be0,c3d98de4972da5426b12a09c14353f5c,10486134605644752391
c79b0915278d6dd428733fdf4cbc0450,5568b2fd09acd2612f83c89f6f78e3d4,14065635325509710055
c78c78efaa857cb459ca304743eaef1f,8ad28997b5ce66377adca84eac3f7292,13780339827361956116
c7eee4b574a60864f8b856ad618a6da0,7d7bcf8a37afff685db76c2615bbdc84,13852627991881922151
d7f2ee9bb27ee0d4f97d2f597b632350,3cb0c9acab72870d6a3d8fb50a367bed,13924636108743259533
d7d3816752f07534aab1d25bfebc8a02,bf622e3706a3291674dbbcaa769190b4,15052519596150723863
d745931e57a987446af0a26d4b65922d,d7c974710834c15236c7cf6cf88229bb,18258947532155206545
d7b8d99b55b466749b7f3c1a8698fed6,ab9b83ff5f8957cd52b0c9389683b6ff,13903539419766009145
d7ea64b6a8bd9c349ac2f5f8e7247e56,493000ab1909987011c65b36459595c3,16989127343852001973
d72e69cda1287a243987970d7e47bee9,8876b2d29865596c957fde8ca5a877fe,18258947535376432017
d7de9807baa0b624a95436514bc1028d,8d3004e6f47720a6e2ce1e14fc0b3731,18190150809423090844
e772e43be7551f647a8c8a74fed52558,fd0a567ce950829e8d8cc7bd7bb6f6cd,11040883737285046013
e73476c86ee17514dade0a5a80b35363,eaaf3a9ee50f824149eb426df56698c4,12273810550958675370
e7389b377f69b5044a5004ab270cba6e,6fcbede153a0a22e3480257c2a47fa0c,15414227139574151813
e7990af0ad172d04a8b8d9446a123d24,5893e52de93a4d1b234d3c7dd77a92ac,10783106875597401423
e7bc05e7fb9b4264ebefebd3bce95a5c,7105b6fff749342d7d51188dcb162fc3,11355953666184080560
e7ce1e7069617474fad918f693b86f0b,bbef18b22b07d23b1ea2ba3bb1ee86f5,14670533402363678604
e71f6aec59962cb4ca11895ddeec03c2,6ebd3e527065668cdfb8813c303c0a62,10837465661073837169
e7af2e5345cfb5c409eebf841115ad11,d65d4b72f32c0ece7287bd36879ef305,15469111508026400160
f754cbddaa9d80249bb73d6dec815466,946d539fc1401944c7dcd8f922b73ca9,9912561772828876332
f7a612d3cc6a7c74da7be82d3bea430c,1fe605698035a96ddf1a2473e4a2cff1,14724884714030584746
f7578ad34de6699488b988539dcff81d,a9152b168c7d097a0cab0a30e241fc0d,9346610341495360466
f729cdb47f121fd4e8899a68ef25d2fd,8220118c56b83fba9d987f0a7dabac42,11091821700125213841
f76e89f72d14b944db61dfd09fb0c09b,a2acbd4f516f57e4eae10635e34c3d51,10787610624938822321
080216a7743cca943ab8d36b61a1b5a3,771b4de909ebb67cc1c882fffe8ff225,14250848820591155920
08b2a04332829474e967c75732dcfbb2,d08339e4ce1daf8d088451dedae5ebf3,13334475686272445794
0886f78ac2f39de429cffe4684f809a4,93adc376183414ab23d7da33abe8e80d,13502874116627417260
086873641123141408d7965d793ce4e0,5e99d4511aac8f464c8cd9ded4808d40,9270790684973948850
082a914e14387104ca8adbff4891087a,bcfeb939af553d318b4f96cf5ef5a1ee,10719774610712378415
08bce1a5fbc34314db24291204df433f,087144771bdd57c32d6cf398e7276bae,10673364953834841629
087dd55c09ecefc4e9fc02e0b44f7ffc,aa8bba093b0a05ecbdfc3630110b41bf,14857711372980899022
088d47ba1630ea24ab33651cad1eaf2c,2672c273c010832564ed8d68186a7a3b,9714382182446775644
08adb5c6e8c147545b208aee112a3b40,c6c62d4587e34918e22aa28cc2dea280,10920499239105433392
1830fc0abdf895f4cba13d0e561a2747,048beee8ea0a57bbceb1f3814b6979be,15052295596363191577
18116dc051f46824baf74578b3697983,bfc21924370c2f6c3db9bdfe8e079b59,13865540448536180324
18e1d7acd90f8264aae075dd2225acfa,ad4b03d4efc6bb2a1f161259c0ea4f04,12417995008071310933
186205ca36072fb49b46a2d1b7ef9e75,beb9908700d70922dbdf70ec7eb7684b,13387239126589162297
18d40d8a96a912d4e9bbc2674515652a,0fd61445015375d359b0a992a28ad967,11352450622404390834
18787a92cc730f24e8a44bea131274f5,bf5a1dad54fea3914ecaffe53bd98ee4,10781075900422317690
1899cd4e2c31e414aa26ac3f267adac6,b3a6f3ef1fc8f6d48fb92bc2b74a07c2,17501281824736577535
183d8dd261fcb574693858aa6f947860,5c176e9c0cb59a4183723d62083608d7,18401446431407715072
18ee07489bdcb614da6dd55563e849bd,80f484c047ff8d615152051c4faf8107,10680987963933892285
2834db33b5a1e8e4eb31e4ee5167a414,8d3d64033eedad4fe436f3b55eec8178,11450940717340895528
28b4690900ec7744c9acac203737c440,e23a535c56c8e2b3a6f2fd66bec0c0d7,15628694406778535229
2815ad51c2d6f5c47a6e7aae9f397877,2458a21438016f65aa2310a0ca1e6e2c,10788736885165340746
2856512c05585184e8a5ce05068bf661,f34ca2257e20ee9c018a0dcb26df6da9,12669938200756966485
28ccf97d8a593624bae1846939d03063,d7909169edd3d09c5226c7ac17d6feac,10817481246685173473
38518304da539c949a6e82992e2d7f27,0bb7ad8397e30b53dc3e1b31b52ef821,13922948605129379863
385290eabfcfa0e45b00d6ac8ce9749d,0b57d134ef9cf686fa37585717ed5e0e,11075589859791051084
3834e81e53ca036498b056b00541ab65,a671280c96e89ad26f7dca48ed63bf74,15318774093003123304
386485135ecea2343bd364788237e38b,8a973e21d317b1ff43f561cf918bf150,9258978073928659066
380864d078006ae4f829f8884138d82f,42e5cc9b986b89c227f30427bfcc9f15,17526726729652816948
38896d3fd7bbbc2409ce2c5d1f9dcb8e,f0ef5cf4f9008279384ecea91ff38560,16127667492332622387
38fafcbbd619410499fc54551ab5003b,8426eb42a1a2eca36ca7d14b9a855b9f,13852801511950925387
388e81906fe1b6840b3ab1ad9eddb0bf,85555f9bc7a5ee028018e512907d0bc8,13978916766400142118
480396449be8535479076af4f4e5e2e2,4f5c80a1511568743e182d38415d4f59,15052519596117407029
4825ced1c2d09dc47a22b1e0889b5b9c,e046e4b6c17996b14de929a26361dcf7,10637054146665830803
48f75aee0292c1b4eb7d198e4f5174b4,7119c953719ef76becb97e7d23193810,15334891075629170628
48ecc14a7f3892b4ab2e80d4ade969f5,9da2a6fd60483887cd67f20f687c2152,12021678230595906154
485d0e3a1a3bc1f4890f1dee55abf7ec,28d602927d67f9ea0258cd6231a72c0d,15043267162853553207
487d46a3867e0154bbce3b960fad9a34,2603baca2e0441454ab51c76010fc7af,11622265806128598442
48ad3be0be743de4da136ab7f3a78bab,6e6ee5b3579144019c0e66b4de48d8b0,13140523542452559708
5840b839c1026ac468a525c7869078a8,4455f81275aa668ef5c999bc9c92c2d9,15140932202961327584
58d0582a3ffbcd14f8c0f46c0fba8e1a,1ab5d48091886bd69a04eec095e7581a,13848340105239146706
5831a59dab49746448bf39c5fc09aa89,fcbb764265a0f1698c41984ebd7c336b,13642581224091226282
58c15f8da10c4a44bbdcfe5f5dd1e795,3bd49353a9b6eb18d7a1674b3be82bb5,10981860095652620694
5852ed6db9bfc374ab3cae4068a0a294,439ea705709cab2c66c2eafe846369ae,18024413714178426841
58239c1a0471d4e4c932bbb1c0e616e6,56c37f296c96fb340d37420b21df4c2a,14152066608312333664
5875a944a2f5668449ebc0450af45998,d8ddd2bedef736c2c98471b72908828b,15016226886180945302
5867cce2373425943925091e40980d5f,b08c6c696d191ecdeb069158e2a18b72,13929121473385868846
58ab4069bc50932439b8e33140557f1d,6aace207bb9de46010287f0efab2d4b8,9404231178015153962
580c4af1a6a9e7d448e29aa73a628ac5,4056614184b6d8bedde580d696cadb6d,15389655352126403900
581d25bf266776949a027f74cd37863e,270e5038447cc2f13f9f9458f57b9426,14170905708315226285
587fc0527dbcdfd42a934da9a1d01060,e4e08d77c017f81b851d53b1431ad5e4,10773009166889806458
68e2f8f032e98af44a0ea33dc3cfa3d9,cff96f541dbd9ff82c34d2be1c593311,15042421048223872728
685341d9cc45ef4479bfebea4513fe60,2963f9b1e59f2c3cc829397529fc5ed6,16892654980863068522
68c336f05cf9dc24ca8642c412b960e3,b0ea6eaee35968f38968dd02d262f41b,14901524843979659744
68f5ed0cdeca1ae408fec90090d04cd0,00944273c32a94d168313bf110bc415f,13950315900288972400
68f56fbf76f671b44a6f1ddad4b9f345,51e9d5527847daaee46e2a6569d27cf1,10677262748864110390
6878a1d113ef7f7408bc4094c5a3ef7d,03c9d98c825b5ac9aa0c18b03ef3c70c,15408452688462826133
68ef7756a98e7484e8ac0fe4a9ea9fbd,ee47ecaf07a4e9bf8e818973d3b21448,9957521892230522828
789065c9631e546419cc5d6963bbae0f,aeda5314ceda1f25e7df1be0c8db5670,10854776431750845129
7871f982a0a4c6a42bdd96b19d89610e,435d71b133e4010527607f0b6944c86b,15677925909610055526
78d12687cbf6c004aabd22378c0b4e4c,d19cf0d4626ff3ae63e7277d425f4f6c,15263595038046458321
7812dfa88fe7abb43aed68c9270e6bc3,dc59fb913122c163d6690db88629caf6,15406579270988234252
7882ff17c7acc164b936e220f52f7b47,a2c4a1809ae2da91baacd268b3554e11,15045483786851529783
78b238247c6af7844a4d8c03fae1d5d4,cfa3731c206e18770f9b96b9d8531366,15005830957977122111
78863ff81ba2db144a3efc5dba06d0b7,57dfdf858ce37f3bcbc467e4cd09be79,10504090040468135782
78f8f6e95ce2c204cb7e90d7b3e51a2e,0a3f6143116c7486fa5d5fdf7c86ce56,15149939385036199392
781b890ef8ad59347b00927360db8620,ff7e47db462b3d0148abf37fbfa23f64,17856985212215858505
788bfd89690f164489b24fa18ee24346,eae8087c99cd6a034f60769da8112764,18442170929167515840
782c7c22ec36ee945986cd4bda229645,8af774ae7e9ba151f19c515353c9f5d5,10750192105963728338
781e5d6995f0b134db6587ed48296970,9cb3b0fba79d50cb7eba9851dc67b5f9,11943615930098872869
8811e870918f71041aadbcdd733c9e2a,167a1d102b1a3cb574c7e4234eacab50,13787700671072157866
88611e5aa7b79c8448c30bdca01a635b,f55f2773cab6f910366170c98ddf5af7,15052520695595218229
88339880c7b25914d80c3ec5bc8280af,dcb094cc5267d3e64aa7d958aa79fcfb,10823101863798431305
88f32590c8435f341b10c807cb88cb20,3381c0244e9561c23f279c7068ae07a0,14853646952650090143
88071f20f1698114c9cddb3282f9e2f2,ef4a90e2286fd276cdcdbfad3fac4f1f,9627102216024435068
880d6113a69716d4aa1d233963487994,50d27c955ac0d65b24c8e4c76390daa7,13814194597740068969
98204faecf063b249ac35d073eb2a5ba,74b243db23ce7517e08ca9a0c1400f62,10781090254012030718
9880adc83ff25944d83c840944814313,f8664bfaf9816e73a10b1af17c248392,13890864504521895768
9811cf9f81f33ac4f89d69d5dc1fe30f,6c762f80051ff585afd5e6febf947a7c,9622598616396999039
98d3840fc7b60004189b023c646601e7,16e3c268be4f120c3f02305f4f2c724e,13890864504521895768
980422b55c1b5ca488745c0d8a380a83,6378408f127f04bf8533accdc9c0d1bd,15408268795152968404
98b4d0a8f95b77d439289e510ba10121,0cf804e5e78d748f321033f56bfac138,18160615689079173752
98b464e0ffdcac64cb8057f7261bd793,710109633f0e0cff5d866d46f0c6621a,13890016316128900314
98363109d6d1b334984aac254b7f7dc6,10a2d183c03e900ae8e24514728e4d2c,10794920723333499700
98672f3e497d8904f8658bdd09e5a4d7,8994ae8e4aefdd9fcae3dc60a643db17,13793054636099998177
98c7d3858e3707d47947437ef9332ae1,eadba4720edea83a921f17d782985190,13970480633997370687
986897fe06500294e86f06081fa7cf92,c4b036ddd9e38be6f5d73d001b4df13b,12153875456068831851
986e041cfb67dac4194d4de5fa413cf9,5b8de635ac91d00cdb1915ec27fc717e,14112096602204456851
98cf62b5fd6fd34438ce5052a67a6faf,9f1e3814ac1e974d70917d3834a5a437,15043267162853553207
a8c387a987a2b6c4aa21b1b2377e28f2,d0e909cc37e15d51692822ad8d311419,10469298744176307145
a8e85611a59b287489a1780c1d96e7ab,54208288057d6d198462f88d07b40001,9620946919502240270
a8b990a0e7172644792b21509457e1b7,fa11b32969fc7c207bec7258b8ba89fd,12948918439103220914
a8bd8e347e554d2479a396a8483415ed,d7cf71626573fe7dca63e0db1560944e,10793521046021614893
a88fdfac9a2553e409d9906e15b4a9e0,61b085625c24e672b452b81f13303cc5,14538523656694516761
b87276f71150bff42973f72904527911,657f08053233dec39840aa8a15c9c7d1,14523887561118986953
b8b5ace891fc1e84b8c1c41bcde4bab6,8d6c3b11b0c8ade5088f94bc4fcdbd4f,15016226886243859862
b8590fedab5de6d43ace91405368fc27,26c73d5900c6cdbf4afd97cf5fe9e5ec,15046343991434362169
c8c13434ececbe74abe12a4d59aedaff,fb4a5e3aa81aeaba3e6dd3af883c9eaf,18258947525712755601
c8846704f1b097b40b2577fec1894da8,ea7582ab8e3181e16d3c588eb61b2143,15390014603790273364
c825fc1f417ec0248bb493369478218c,2761880107497f8609ee32aff2eba3d9,9616962526428075417
c8cbb3f2ceecedf408b8d3cfd1c93c1f,0d92e6f1f749de4641b61f2e770164ae,15052520695595218229
c81db1da4af43474682a3f4c6e7a3cf6,728ba4d4ea22e0b9d51887f16620baf9,10702359457881640812
c84d2b806abb2de45beecf2f754e52c8,60f6b5beaf68d41e09439efccc42b95a,14394415011731445939
c87da4f03672e7449928af279195738f,f38045a628c78555ef6a96a0110a8e8f,15634367689286386459
c8fd45650b50d064bb24d537ee423e6f,b3a490bce56632fd6fb19f65cf16d07e,14829564343501244275
c80e925ff625fdc498aeb7c5f27d7c72,e8b7fd86f6699abcef6f1e2d47e8674c,15018513191798123926
c84e9dc2de0cc7e4d90d4ef38e32b7bf,5e4fc0f6f45017f4d1436654d7a73108,14188444185516516663
c86e7d832fc203a43a4f1def3199f281,62023ae37fd1f8022518be9f24fe2fba,11940484845606204522
d8120b6acd9a23a4b83afda5bbfa66de,9ffaed9c658c9c3eba5886f6561772a7,17178302644094134488
d8a447046c0690f48b6e7be0bab2067b,91d4c032a2b6087f9d7d2d645ca704c5,9622610968173108909
d88645671da69e7469d8417135d88637,5108fe24d6f13d943f9a5a7a5b062dc0,15372144888927081813
d8882c7f8561aed46bfa3c086d0ad910,8f117cc21901fd8c34d59391f9f1653a,13892561139816969535
d8a86d8765a06334182408be9faf585b,a47833d75f308458bdaa0eead66329c7,14251377396188139492
d80a17c0f21c94d40b2fc256502b8395,b95897248c7e71c27765afc49e82dfc1,12297665904614638332
d8fb88e2b7f10964eb9b56af1e27ea1a,1f47e4d0b457bc07949fe638afe9adf6,14326085170160744549
e8876bb118dd77d46a0ac59935a83b3b,b0d66e5ef9fa8fc106ecb5850cc30292,11429129356185581666
e809420cde13eec409ad5af5af26127e,acf9fae93a843f6c674813c323075c5a,10520134109840304955
e879c7af47b40b04b965895403965b40,cdb36324dcaec78e125d4a0e8b23ec34,10007047984050592096
e8a9257524d086d41a54d1477954868c,64af5fbeb8cb8f3df3182b6997727629,9313256906327695182
e82a5ba9f2694c046af358b40b04136e,bc1d41cb465c937c4612b14c7c416fc0,10779781763234866534
e8cd9f76cfc5dfc4caa26b89b7fac9fe,ac3818b2cb63a7fbf6853f0093ccfb6b,13611638776941451626
e8bf5d3b5d89cd64bba6d057786677c0,101e44b2ba7050529c0102e5c01fdae6,14929490778799328524
f8b0fac81926aec49aced1c2d127fff7,038a83d94a6e3b46421d0b6340f487e3,16518379808842869741
f801126a41168e249990cb7f249a70a4,d471fe204891b78928f49404eed7a3bf,11422924673764419480
f83264acc33b0684390e1c686766e9fa,46f661b3c66963ef1083fb98a8fd27aa,10178832504884337259
f854cc02c014c1b49ab489e1eb1ca8b2,cf90b18ab49faf5ea1ed664c8a1bc2a7,9729877875766126137
f8e940e6b2fb48f458774123c88fbb20,c9753c95e2f32357b6e4af94736e75ee,16623657708695008204
f83a248bfd9702b4a9d4d7269d661f13,53503d39316a977b920bc950d007739e,9333005988757768919
f8cdff5910c0ad940b86cab5dc93886b,81a9b36914e2077607ca81688fb7bfca,14022288870438351591
f8cededc86e65ae46bb2366b4ba436b1,c134a7a7c2e99781a514d2d1ca1326bc,9316565217012567863
f8cf438eacba6474dbda046fe78867bf,ff4cadb14298529af045f1565c25965a,12291947218127064810
090340eaeeb81604db480524e74f0ada,87d24f6b153a036f160614d7e43dfb5c,15018478522791771450
094419aa2b920b44ca6ef1dee0dc098c,adf68da804b58cb71a27136e17a8756f,9391480944670167511
09f69216ec736a040aeb0260c2c49eee,6c4a51070fb527146c7a264e802aa090,10852669213699643283
0967391fbce9683438f50e712baf3565,e83b1cd8c5ab3e342330c8862d97a5ea,10156589193832486915
1990b6f30622a9c47818b0ba42d75b36,b69aab0e3027c705d283696ba813ea35,9991369096985108194
19e05628128cbe64cab3fe9188d48a2b,aed6ba1e6c1a82b7b6fb9fb46c4eb920,10252785716846877078
198739167b779674385a31a93e1e68ae,87df662790dc3e14592a5e12282a3972,10420774701488824163
19c9dd81201a89b40a221349d7793f16,3bb405bd7054610c137626a424fa4be9,10197966404097301098
19fa376318645dc44bca745655b19285,5f3c53548f9e1ed851d832af03634f42,13924027096309256082
192d0300d2da66a4a90d2bf6f41da035,0d12feac01fd4d5f792d0c8e7df0bb63,12044945237578013508
19ceccb883753cb45af2790e904a9eac,e0f60232f4a76a82461b3d130d7c69a4,15004986544512382134
193f11fc524d1d5438da654f1f2f0a3e,b13a640304c23d990868531ae7d65d40,15348923994729831293
295185fcb74b5a04e804e2e2bfbff3de,9c4a6c3fa4b380ec027e2c2d7ea1b81d,9668435409167532747
2913cba2bb3b3a74e92a8b3efc08047c,db340eb8cdf35460e983b3aaf1ce9e0a,14041147465104081561
292463aad0be69540b9bad3fcf62dcb6,7f0341c575e1ae16ffd53520ec208c61,10852383365406365334
2996ca48685fe564095be223985b5b84,9f6424fdcd1ac7dbf6a70e995a8bedcf,15189539017319137081
2998cd3d811efa744bfec883b866f27e,6c7aa57f643bbca673cb9ec39a0a9936,16518379808842869741
293c376899aee3a4c9f2d07cff4e75d4,a9af278da6766f7308c7ac9b795fb38a,13778328513269448903
295e1fe5b3f45ae4dbcbae5ff6842a56,62b3834a10644d90927e2c74108fa6fe,10721746025481755444
39800f63f1cfbb54e908ee2e2143752b,e855c7993286aa24a3c79919e2abe837,9564026052801776186
39c19169058b7404d9c93eb30d914e91,90aff55b8b8eb4529b79dbea6bf4ffa3,9337755857647577317
397283967fffcee4a9c4f6c18f0da7f4,b000932759017506c656cf94b460a9a8,10726238835648977765
3923e0be102600849bc9ae9ac4ab747c,7da5dc531906ffec9f607fdc01c3cf0c,15057868277811721289
39547fe50d30f0b4dba69a07d23b0fc3,a7d392b2b43e4060bec5b01f28f0eed5,15405734653087437041
39152bcdfed5ccb4f827e9b28cea4e25,955373ae58a5f7a76c0250fa9d3e3c08,9618103881040226965
3975f278448dff54db68ada2d04f0b07,23742ad98a693923c6d28a693bba5459,10369056547423219074
3936557e153ba1b4d8fa521155e174ae,9d53100bdfc50fc565f0a0ada1ceaa7e,13852311394945282614
3996ccafe808db2458a2c87038c32bc6,84c2f84bfffda060c3b870ae46e7ca3c,10139122487445070508
39870195c44bd47459647c62d4121ead,f32168f22721d86cce31dfc5d5e25480,14082308208019494491
3979abdcba0a88a43b0814cc3741da6d,8593455c9dc03bdad6c1ab1340360ccf,15046343991434362169
391d05c8cf1b5e94f94f617755def405,79676b41174e8485f0a6091910cc2791,10608926860442770492
393def8a6942dd54d8aac6ffb32d7987,7c77c77158a27a906960ab9cec480b0d,14997616982682451363
395f7d5cb29cc22499fe0a354ea8ed5f,add388700176d69a8bbcdb9a982e9ce2,15017915066037927205
4972f0933448cb94aa2c672303fad70c,0e75db46ab1cc960680d99d6c71b3f3e,15101081717608180433
4963f723b6833794baee70af1469a5a5,59b3d08c4fc85037f9ef2783f6e61b37,15018513153213611418
49b47ab633fad6e4a8a733a629267d29,a709cc7ede5fece7a5b7be2123cae00c,12668014632731133133
49c4018c78f6cd74a8d37369078851c3,c03cda8d3c5357015709d07c31065620,9333287442388093685
4967917626cd38d4c8acefa275eaf85c,aef938409097211a2dc070bcb651dce6,15895669413115215075
4987be2bd272d4a49b2a9ba4578779c5,897891d3e110d6e7276fec7193741a13,9622528256236399071
49f805d6e2ad9984a868717bda9bc467,192bac92b55cd283fc2dd904c0a22c57,13865528405478028491
49abc69dcd1fc654babb1f0a3b8650bd,eb28ace87fbd401024b4221e244f9f20,10461416140303396754
496dccab9ead4184cb2d26ceb016d26c,201a20785362c07837eadcdb3fb2159b,9239838225999438222
59141292af5f4df40a47af577790b1df,6cdc7d86219cedabf9333f906bbdc69b,13889182886046676434
5985d9a95dd86854d9d9106c0dd689d6,bdf716adea20aeb782859a130eab1704,9641498969486940780
5958cb479da2256408577994c9b348b5,f230ca97279a7467833a07f3c457afe3,13006891866916264249
59e883653468dbe47b4ce20446489519,f2afb0699d2171a7af9b4f2e3893f58d,15018478518563913114
590c04eaf5b81f14cbb9b646e5365d1c,12da30466b9d480e6c48446e4de958f6,13877349443779260469
597cb4ab24c89cc49b9dbb7580858925,e3cd52b7348656b86aaca429af3376ff,9337684315424135996
597c0bee338840d46ad325d65629d20b,f94476fc4fa9b5fa165917be8252d98b,12321520560235402624
590d87745a14a764584086aba2217129,f30cbeedbf0d3e8a837a304eba3b1c4a,17772128639198832802
59be32496b93b3440b7c2f446cae13b3,a275b0381927b1625c3d2b700e598b96,13931065207648066218
69a4093866f3a264ba802f00603511c1,b5ca9074c84d7cae01ec0269f02787c1,9736336960034944165
69a564fe78e852a40a02bd6cc9e162dd,3cfe8d3f4e6dfa50b0a1ff8b5a50a3aa,15015369348781520278
6926f85eb1d8f584a8d5403a39579eff,c2404858a1aea0c0267bf9bb6b95bcf7,15001343918267711289
6927fc837363ff64eadb31d56c8a7c1a,b374c5cbbd3340e5f6c4360ad9c9ca64,15169879962857426945
69eee30b7ea7fe74faa69c57364915f1,0bd063b5fcb4091fe3d5efaa2a60173f,15123156639217850645
79809a4e8fd11654ab7da5ddbf21d4e3,cc28b005910d99935453ba55fc512483,15120625696012976341
791cd90ed487f214a9deba15f6cb7534,851041503504fc25866220bf81a75a30,15045483786851529783
79dcaaeae978bf447b08c711319a4b0a,a039cc9be4c7b6c2b726ddaddddc3e41,10715271612380953678
79cd1d9871623734cb8c1a2f23bb15f7,fc373faef919e507f0a0cfec074a2d3b,9376351592783263714
79beab43ba824b146a1666cc50f6c47c,76fd981b9c4cedae135ba99e395df1b2,10751318001575734722
792f4617b2318cd4682269166fc47a99,b53b96cf7c6cb60254196f31882aa121,13835154224951340792
89926ff6f8592be4289774347fb4b3d0,c6d75874bda3d3df74d5f71475752692,12289326582750075002
8943b2bd29feb4347bd06d544540a0b2,e8891c9e696a3df59fb7472b8739bbdf,12496480242588932813
891503f2907fec84fa17f6e5ae8e8ee2,3fec42f14bc3403416bce88c0350fb0e,15129632921103581393
8929b27bd75285c429c38f42403dc6ae,c18c085f513f866a81687c16506b4812,12297829382473034410
89398d28483f63b4189aa83d30cb7142,c300783d3edf8c527b4a370aebe7f672,13852808503317704903
891a5896dcd3f894ab4d67bd9df0a5ee,52f7e2f98040daf56d60ac69529cd3dd,15052239254995284535
899aa23fc87e01241a84cb47c54f438a,65ed0da89dc74af72ca95ef42e53bf2d,11922494116900539306
892c17e7e4638ba42964c4eeaff174cf,f6481b1d8a24932cb6e49d0ceee01faf,12141844237080649693
89fda47ccb1768e489d46e91a5563a1a,816051afeedd27739f18dd273982f540,14568310428510659839
895f9871f03151a44bf21568c15b7878,f0bfad9c01a4aa5740c14e053c896a3e,14034128058381972428
99d021078e1e48141969ae749f5e83f9,53fa11f288e3a89a20513f68bb64f4f5,11928481071954498730
99022d606810c984c9a40926d7d36ec5,9a936e0670deb69323f9a7e8031d4fd0,10208086223221021205
99d30ac0ac40c4043bb2f0055e15711a,e5aa1dca1d2a32bf509d195a45a4b1ef,10208038941514636074
99e3e4138e903c64589e36257bf7537c,3cf34420303c7f4a174dd07f697e2dec,9522553183665622149
991779e0b1efb3c40a128d993d6125dc,6657265c8efcf21adb505b45d658946c,13865540448536180324
99884fa3e523f0e4f844c1bba0bd4adc,5ffdccfaab69930c20482bca95749387,15652689069219268950
998ce3b020128d44c9b74cbfd397b654,53134bfddcddaf9521aecf2fc9e746b5,15147924679770845798
996d82360c787594e95bf5bc7522c8af,6d90d7ae4f610be820eccf023fc8332e,0
a9848f54956840649a8b8f491a39f103,1ccb62b7d29cc47a6dc846d48f770366,9622035709386828255
a9b42543fb103a749b29422f5a11a174,11bc59081f7e032dd2fabedab47f2875,15036774581062477265
a926ab6966627eb4aa287481b312daca,6fb7b2d8beff4e72e359aacb44e62fd0,9465176111604918475
a9a86fe260b1dbc4093bafb13731d6d8,551eafd6907e62930a345cefe7b68c34,10507092345866023123
a909b0b91c6df944c808b76cd212ee26,b74d21af706aa9c69362289c40caf2fa,15375101434853460655
a95cf8972536cb741912cccd3d9937e4,7cfba15b665dd70022c155c7cba595b1,10682093652984220521
a9fd4bde9c9c35f438e33a0ce60e071e,4d9562124a852429baf1e6c07d9de6a6,15206322739357438914
a95e3a474b5736d41892247e6b423ff8,964bdf9b6ffbbef550e87c42a06604d9,15140931656963208672
b93382d43211d7141a408f9fac9138ae,6504c11cc35147d91dbdc1f89350dc6c,10727083256414346083
b9c79f50d8dda54479e09c12b8e6bd84,f20101fa6b11f29bd22c87934d66f3db,13021056643563641128
b909eb1c71dd8084d943dbb1c00d28a9,1ff7a56900631dfb9d849bd44ec8eac4,15340487180366329141
b9aca1507bc2ac242b25a23625bab55b,674850b3889c259248d360d5fc35d334,15052239220685616437
b9ecb1c606c33a24c893d4f3a4b070da,a1ddf180d863ba9f2ad1c564a3e061bc,10778655674375770947
b97d0cf5074754040a85f00f2f56e548,74bb966d6f8a917e805a69f2d9b8994b,15311186307886888243
b97d9e9cd3bfb6540adb2082727ccc25,72d84910f5c68ea9a0fa192b200d1c1e,13865540448529757924
b95e286192ad13f4683c369072269268,77da39487516547213cb5ec1e97ee8a0,10727905528360130567
c9c0fcad30bf4ef4da39f58f762e68be,9ed0c41bd98f6533853e5ca48502c57c,10197966404097301098
c9e19cf54ef744a4bb460c06335cb0dd,7050529fcb869f8db45b08c2cc196e21,15169879962857426945
c9349a4894b4e974ba9b9d2c4ba24a2a,e38bdb7f0ad8f9ed2aca4c932b127440,10799701243467713248
c9c746a08fee6ba48ae183d96c3781d4,dc477fe3741964430311a58c95235dff,10444986368685716605
c9a9c078638e2cb4f8b65c3b27970afe,fd18667857eab218fae7ea192fff2c00,15340513053249322037
c92c33b2855b3b041b0288828c9c1281,f86111c72fb86c962343b010cf6ee873,15052277188129404213
c90e174957455e64ea093fee2e8e2309,f757828c0def590420860b68d663fb77,15019060362099565932
c95e75dfba75970409aa43f476062b93,1fe52916a1b655d45dc5349760bed5cc,9435659341149292895
d93096d2aefd0c549981685f64a2ac15,374bdf2d4db2d2cab0062287554ec36f,15051147955403437365
d925236f35d077942811638dd2940986,1b15d31600598b31a64a6e2b27df0592,15052554230766974261
d97537ce3c4190c45b48890c88782403,91aa7af7de43fb8ca678da78c8d6ffc5,15402380820542930881
d9762f8b82b8e9d4e97b15cd5fb79f93,c084ac9eb7a7eb7c018e58eab54f5378,14994280625599639020
d91c197c10d856e4f94d6b3c9333cdf4,a38e8e9c2e37787930a1136d4de59c5b,9352452659678535460
d9ac0a4a8797c8b45afbed296201cdfd,172d5d47a0d20f2e90527119aaffd21a,13876486889922981999
e9c2e8bfe6a33d9419f35c6d752a5a41,52bddeaa5294c818effd24496d4a98ed,10850994034800618346
e9630fb64b9fc434fac64982118825c3,55160aff5e1be6591e6a7705dc22bd8e,9281438531710168944
e9e3b437562947547a2aeb7de3d78d9b,697ada6fdbaedd936a92985b6f90276c,13963758325266566593
e9646ebb0025d824281dbe91d9d5deaa,f35307aeb431cc2d9acf50c37df5c73f,11049975949151987421
e9589c80d91f90b4cae57d226ec218df,668ed2c076bb398dfd7a5ddaf9fcee0a,14107593002544056275
e9cab000f5a14ef438d37b80cab9a85e,2a11d41f310ae300fa37d5c5d1131d87,18147978154878226832
e9ac1304ab9745a4a8121beb163362bd,c9b24aa994ef142a507269da5f15fb2c,15052295845534438677
e99d5e9489f284d45b3e8b34932a94da,93d153b7df2b50e1c6c88032c125bb5a,14562135052420136944
e94f0cf567abd604b8aa203294292644,6cf1503a95c8393b320af9863b620ed0,15268694078987642135
f93895744b4859640851bea399e4414b,0841796c96b6b260b7cbece7f27be76f,13843238700961458906
f98d0c0be5df47f46b4d19c13c5aee0f,9efa56d4318ca50d03e4ad93d952bf0d,11632467864195906904
0aa3929370ca5e34b9647ac9daae9e13,b47505252afe388a3ff9e03bd2da3538,11302457479379762328
0af57f14c650a084f85dcfa66c195197,6c3d2f5ac462b70b76c9580b73b59e0e,15312333245246690773
0add98b1bfcdad24e8f36c3c7d6a77fa,8d31039375948cb003c8b4199ff065a3,9781644729992117573
0a6e704ddb7d2f04296545bd0e8c10f5,b6e3579f030fa4478bfb063edec9cdcd,13702146587971194919
1a05827c3eca1d440966f4e4cab4b86d,9f6f04d9c081ebeb7c25bf23286ecdac,15361082082530043995
1a064b66a8a513f429a8698a5250cdf8,6d11e7ca1cec4c5757457d48cc87af8c,18389764194031997010
1a29cf4a8ffd6b445a7a5cb39dba8f95,5e9e05ee51b34fc549c49e5e0cdd213a,15042985086557566061
1abaee0d8098d47488c80367b80a2bf3,5a915cf83cfd4274fb42baa72177e357,15384226955654085872
1afcb630f7374bb40bf87d8639deddda,c78e9fa3db0fe4ee09e61e72853f48c3,9959693981889561452
1abd03d7a7980464bb2f4cb61de92d55,847f3dbca2c9b06ac23a3e543eb12bbb,10073558920721504096
1abf693c78943a34eaa0f8a5ce220d7e,428331fc83cc30ab71817c5eee1f5bb6,9599276098051336913
2a9162d12f771154bb10b1113dfc5e81,53238dbda4b1c106a19716749093fb4b,18434025745967796353
2a13ca6d8df733046aae124023478e36,9e1f61e12dde8550b93c84b9eee6a3d3,10431514560858870673
2a230bf11762dbc45ba9d9320d5c9fc1,be284ebae9da72bb95f8d944077087c4,13851185435177334326
2a7337f2435bc4e4aaaab1a647116c3e,c7b9792acef969e88109dd7ee55ab50b,16518379808842869741
2a26c3b846c0f054d9e2bb0fbb97ac5a,01882aad593548d49cd9b9828756ef1a,14227736316504927436
2a1911c478f8d584983b7a7b58327be1,c89d5686932bbc4f5118ad3c2560d3bb,18352434359480866500
2a7b208aede56d24280971cacfcf66c1,ba4796cdb8fcb8ec58ebab47e53c3043,11929541085414871339
3a483f81c5cb26b4e81bbe7e4a2d550d,21b251296ece59c2452ef03f095835f9,0
3a2ac76945ab47d4b8edd2738927f587,6cfe727cd2896d738f15cd336cc1a686,9627110943398242680
3a2c81c7cada5a443ba109b668864e2a,d12755ebab86e8d89b493e8708bc8076,10751616833779497668
3abc0088bb120a3448d399d8fa4da6bd,b2bfc32f1ed80fe06ee617069eb98341,15016226886180945302
3a2d4a40b70b568409e0c54f5ca75959,9bd144732860edca2c647d71faa4951c,15042949902186525805
3a6ec83807ece4b4fafb282a3b8a98c2,0d5aabdccbe3a8e49e55e1201a9124d1,15017313017336576454
4a524f24b816c0d40a6390ca9234c057,8d4f6a1f60134eb8883ae1761efb07fa,10824478461250672184
4a1418e0d65024e479c209ff1e9e1c20,d801241a3ec2b5c266717819c9246a92,9925872362393930312
4a658b7665d7828429edd6bff3ff0c82,caad61fc484b6b6bd8bf72a0811aa9cb,10493180948033129318
4a1cf37d520b1b24b8088b4e7f5ac3fd,5351b7b9de3bbbb9d029aa0cf35b7e0b,15393306434229190613
5ab0497007180cc4e8372d3ea1924b19,48ae692e89a967aa8efa25c96af95253,9403517134740373503
5ae005f5e8f7aaf409302096e1de7be9,6f8a80a66f65b11d2811c4916ff057fe,13176165157022808217
5ac3388b27d3e654f945604870109613,4bf902d19f144a266fea72836f7a2518,9592239364891555903
5ae63042398e29f4b9afdffd2f597be6,953d80c87089b941ca291ccce5264315,10805612705285961756
5a1a60e3ee3157f4f88ba52b27af855e,acfe3a99e3455ce69d3265fdf02c93d7,9564050983773867223
5a3a461ce0bd01e46a889a330934d1fe,437bdfd27c5a2ed005451fabe31fd03a,17909854408905213901
5a6e960093dc3fd4e9409e6254bed1f2,5f36adfdd7a122e239891f5fed09cf3d,15562391473651462321
5a8e9c5e5c4b5ad4bb4f67cc6e3a7758,f4d5e67a4c04cecad57c87ad812433a5,14194873226991000363
6a11367ad450e364c9ba6b540b957b20,1861da8f0e6dfa6000fb1031f9e189af,10786482886328399982
6ac3d75ad1f15b24fa8f4f9bb18049e4,f569ef0d3f63c365c64876aec2aef585,13851026020975557314
6ae6a619bae4295458dc81e65baeedff,16e3c268be4f120c3f02305f4f2c724e,13890864504521895768
7a51e7b6a64b69145a277f2e88c6bcb1,544cac618dd20234936350a824e171f1,15147920462506518476
7a74afcc0e492c8489a41890113e7a2f,7707ce16d3f67028948d3feb4c8735c0,14153822114911974454
7ad4d24448e2a2647a3be8e772a05852,f9933e198226cf4445a7b5f23fa37371,16957350680239683154
7ab577770cfd5224abca2b4dd5dadfd0,750b6ebf5d1004c1814b9b4e6293a20b,15118916626149944977
7a664ed27e4dd9448b85edd756b4c87c,adaefeefd4d6e399d6cbdc78f9a32c65,14251422425144512451
7a4815d49e45d1f4cb1bfaa18c3352c0,16d46cefe11f93b49a198f6ca5f707ed,10405390129880790412
7a6cf0eb030c35d418757f72dd942520,fcdc4ca2c101bf1ffcc86d9a57346fe3,0
7a0d8ce601f1126409b539ca7027c7f5,9e63a915662593e130fcb838d7bd4c72,10790641266074549451
8aa02c9ea9d160947b7e9e0cd1f27457,e4a93acf7ca528074accf78c93e508f3,11985549941379094104
8a31e84b746e56e44b7918b9b160155e,075016dbae50acbc059335a5fab37f6e,15042985086554420333
8ae68dfe1eb9b8946a21c4ba06126c33,6d61052b0f664ca74361ddb4f8316344,15172134392565949203
8a27224a5d1b8b54b85f16c39e124a30,08622afd2886969a372365acef927c1f,16119614777774776683
8a479ee0a13557a4cb22fb414e7492ad,576894d9b1f2d01d40e17fdd030d9693,10782825675498667086
8a97561505ee96b47986a6b4b37b01fe,7baee3df03087f65a5ba3aa7cb71a3ff,17221502602311685376
8aca91e8551f8a54db37fba91bac9c7b,650cf5f46fd3e9917fc4671d1c297f1e,10766537264584012758
8ada8bdfa609c684aa67408dcddf48e9,ce07158a8f96752d05a78e697cdb9ba0,9587964389638104990
8a0c13b14b0ac504c9babcecae7aa762,20e70c20c26d73a4836f56657f9d4d81,9324729235799419487
8adc0a531314bf649a38bc5e2e949ba6,75a0ec688fe9dda1f1e9a67246628a62,17366823970718947193
8a1ec29c19a58d54e854eb63027085a2,8c7aaa22ab86af7d262d592e161f10fc,11264744386927121014
9a02c239c5192f14bbf4cb1dd25e97ce,6c102012d53ac08880893fe8a3048165,17820412416217914627
9ad36436bcc287d48aa92beeb2c9305a,cd3a7c37050a838febce3d7598236647,18118843351374225720
9a845a472209afc488436c4925f38119,e82e2f96d797e76ccdb1c5caf10ace13,9388386171552651429
9ac4a87feb32dab40bbdb8fab0def8c4,cdb33ccef750adc9f24f640672814af1,16992012987064566218
9a06030e1edfccd42ac327823a52be60,e6af464f2c032c0504a9e2410bfdebc0,12150822340633786253
9aa8d38e82006264a9912eef0217237f,7ab703c1a967522f32121518c4e1837a,16533305615361729944
9a09a12bb25fda8468e81a8110e0d130,f51315a3ce453ebcd47c180b99208c35,14107873515481386897
9acbf04a8c542c14b82fda3a962dab23,e0597ce909723a38ecbe5fb379cc64f0,15171808270968175396
9aee6d6c36d6a9c4d9b8351dc010d328,dc74e7e968c33cd19b4e8dbd0866d579,15265303433632927039
9a6f2a4648aad6d44a28ed244e414212,3a69ff9f8a6ae5d49676b795a01fe34b,13889182886046676434
9a6fff6b59cb0594fb48a1901d157916,b3f018eb51baaef97c7b629d5b84a025,18254681386154382762
9aafc806a6365ea478c6794134a7cde7,b06b0600c89cd3798275a21b1d84ec5c,10478236759965445843
aa902f92ecb5d744ab0a4603bc19d06a,8350865df7fb30051afef6f09a071e67,15187454903640698309
aa718f8d97861ec4a9d337a8d11986e5,05a82cd1585998fb6c30e24132cb120c,15102098495280918225
aa52aff576643b845bcf77b24d644447,5bfdecfa5045933400c990c942892e4f,10874386821867204726
aad25bfd07a16d54895f102343c948fb,4a1390c6f1e8de836802043cd40a2dfd,14610274495281691680
aa03fd16747c7e3499eb08ecf39e5e65,c8872f4af9a9c453d5adcb7e8a17b165,13852627991881922151
aa13d7bc0aee01b4d8a3865bcd9cc433,d40d60ed140120fe9815852a90a073f4,9620673403078019641
aa94788e6a85dba4a86d14bd0ed00bf7,5a835190e48abfce658d7a61ec640c33,13891436339422770495
aa574c789bb49024aa9cc0090e056433,d911682afbd53f16e5240b7757b6677d,11841430707361270186
aa089d7e691e32245a71f6f79da20f72,c074b98bf21ccf45c2534105444b9f4e,11798947867488320640
bac134ba05c7dc642af23abca67bd51a,677e898112e06c43238328f951ac5da3,9371741583283767519
baf10acd2d3a15441ae3650eb2f0222f,b20fbdd4ce62cb77558cc858327c643b,10789862750711396426
ba25c708ab0dea147bcc38aa73e046d2,fdc4751201750209106170ef5506e7a9,9703627856895072583
baf5869d52142be499653ee685c327a0,2d14303c2f9da4f656b5969658f54a10,15407986593369827894
baf674a9f6796424c8d57ffd3cec2031,9cd98b5b8b31ff9277246b5d4e39859b,13799174967274077527
ba399ac3f5c68bd4081363eaf85df61c,757ccfc2f7a5a657d2893b6e63f99f81,16274647715726265856
ba498c12b4aec334b9acaa3a362a6216,084734867cf53acc881ddb61f6860a29,11440121276936643694
bafb2e0ca1fc2b243b5818e459749b90,e623a2f1cc71e78dd5deb79c12d6e064,11949584911302318677
ca11fbe9172ad904b91d82fb034cceb5,f878c61e0ecb942325d5203f272e4e75,13865509724270351164
ca54e47e09069af4c83e938c745a8e78,9239c6cc8b7004b6f60dd86abb028ef0,13785448888433623257
ca18eac7ddab8e242b99353c9019ebdd,f05a7e6a5a81ed252c608199cdae62b2,9676604384391956981
cab9e7b5f5012564091844b5ad821729,86669fb6864b45fc8d96899cdf602c81,10384240677945842920
ca9cbb076676cec4db5dd0616fa9a66e,bb3443d3d9342b42e4ee154fc0e7afb5,15077065029220896150
da827dc6d3d9342428494e070d0dfe56,10ec85445f0ba73c19d7a7d286bb3f9b,9333287442388093685
dac2984ed1db84a4d8689f62693c76fb,84529e81bd44e37cb870c37965ee9494,14366827296783978164
dad34347f53ddc04aa6b87bd2888d1b0,4bdd51c4459412cf38fae08bcc1432c9,18394697832405544172
dac939fc52031ab40aa59142c58d31b8,685f08c6f390ee50480844b84cb56864,15360341288705518860
daca7c06a9916074ab4abacce01ff684,1a4d104cd859777531c78953b7f7c487,9595024387338283102
ea242418bc8a4ff44a7bdc3e7fc4435d,0f3365cbd909e4e079cfb8cbefead545,13879314993817333789
ea5447f86277dbc4bb6d395f46963717,da3e3c609977e63c107dcedf8b97344d,14305191298547125176
eaa8b9d4e1c1744439068856bdd96141,6a7ea1e8d2eb3e8246450af6df9bcf98,9598627514055520878
ea1aed56939ddd74096fbc50df0d1265,d2b59480cd3ce9f6c0c0027d691bfcb1,13893656725943975148
ea3c9e04ee004194da86eb9910c5c165,abccdac558a88c352d6f681f3bd87bae,15052558663106102559
ea6d1f2b8e91d934f8307b84b688ced1,314f59f15db11c622344a74013beef54,11937411668988578077
ea1e7b3350803b34e9ac7e4517694c28,6ded5de0ba88b3c8d00710e9a20d39dc,13919799428535973982
fa9da3b64ea4a824dab195adee007c40,2e7211147c57cab365df462ff27c31fe,15377029390257450571
fa1e4e9fed7805a4caeab5f1c75b3dfd,70feaa83ff5ab0fa9733ab4d6c1969cd,15042421043928905432
0b00f33007ec2094ab23aed0cc59dc5a,8b3bb118153b87c82bb7610bb3a77450,13924069859994836328
0b42114895a13c047828090f2e88d951,201eeb012b12dfc06f865e0b2c7c15db,10751581884366269898
0bb3d62e6e0bd6c4697014f5131f7059,b3f018eb51baaef97c7b629d5b84a025,18254681386154382762
0bf52706053effc47bf51ba690e0ad45,74c2925183e0fbad8b3558b4457cc753,15410522316707797862
0b578828c5d0e7c498fc18de6647d0a5,8f0ce7294c2bb1841fc69d680a472579,15045816973201909061
0bc765a6378db6c42a4b5a1c740bb207,4afffd1984b018ad7e1db9bbdca40b52,14181389062089322776
0bf7ed9b71d6af04d94974ca6a3b0dfd,708d9e502c00ae5be71693e40e30fa27,15199408852036643094
0ba81001208c79b46ab9ee544a764c47,09937933ced39ef3e52f47730a4e0372,14533746025086123987
0bca70263858073418f1de89ff602a72,fe29a42522cb4f6680f87f5510f4ffb6,9591608868153841964
0bbdf1172b09c2a45bae0a9019422818,6d99ed8077c9f460c3a616fc41ddda97,15169721709520858533
0bfdc67761ba13e40a2a212ec8c2e087,050c5b388051a774c63d9d66e162d0dc,15042105752129844287
0b2f311038b6a09458a0504e60df557c,787f6a4c3d18b579725e252d517dd9da,13843850815459649055
1b742a9e18b69e04ea9753bef320624f,214b91b63a18f6e8935a3cca6feb51d5,17293967700862713087
1b379f2f96a22184f9cc7d74654d1fb3,7e73189b1c543a4c305f205b76abb82e,15182527599416360044
1b59015ddf9d21f4c8da4f6ce2f46767,7ba1c0d984bc84295ef3db278426376d,11393069836667178823
1bfa1c570d7f867458fed870a5ef8c48,fa8ee543af3454d2da76ba0f11bd9396,15372562708814969563
1b1cd4e15c9927d4b899876cf4487151,4342f79b0ac081e91aea1aa4887f938f,15996611481186700928
1b9f778e0ca239347b0d824631330fc7,5a033113a17f011f71aeb788ed7c9f33,13924880197620754587
2bb12e3fedc816a4a912a109f3331fb9,9c99b635088eb5559507d25dd1ff9df4,9615491828502110581
2b135ca1f33d528488fcad2b51c5722d,e9beb8180c48e4b8e7c664f190f6332f,9585453259421981418
2b35ce75fe555ea4f8d3030283bc17c2,fbae69ec298e21254f83e31f6cca1d1e,9308485839620302778
2bd52e830345d9b49b62648c0d4dd735,84a0d7729a81ccc8abac9872c2576456,15372562708814969531
2b76841a7bb38b3429028a63a5239e61,67b91ab68d9dab1b5fcda8721e55d065,9313271725419560898
2bfb08eded1026d478c98df1e5e31146,8a7955506c53c913c86348f78f5a0d70,15599103194247106940
2bfc14d2a318b624e833cb2d72adb6c9,89de3f0422e232badc897d96c4ff417b,10744294465928723207
2b7e5ba5375068c4fb9bb2a37197bc1b,13e60dedd6ca2d816be81df88eaa3be9,9668435409167532747
2bdf4a95b4c84ef4bb0d8af397ea765d,10e72b5ef937bc02af8010619b463937,15838914196924284440
3b110db0e9515204e9bf9b340c47561b,532d6734b28d4cfb3008a04dd8984e6f,9613066032471136812
3bc6c1b64d7000f4794802aade33fb90,4dcfbb05658f3b0a2a8c2c8473e4d838,10804216883610336270
3bd88d289db81424cb07520509d05db6,34f30bcbc54cf5f7a600e111e89fb511,13935894920480408371
3b292c7740062a3438c1de986f38509d,b0b039212a79f38cf1f3bbf9f9388f48,15750869734275830500
3bf93108f676d2b45a03ba54fe4ec0e9,1c55f007806b682583baca905de28212,15018478518497328538
3bacff41369b27e43b2cbac178e96926,7def3a882488cfb03943051595082db4,15279863733602729735
4b00eb26bcd080148aeaca0ff76c0b80,32eacb312bd65d08126f0a65c139f777,9333437282545276976
4b8521591b61e9c40a2362cba5f9600a,ff393946b0a3d8ab8ee053593bcff2c7,10379160865700951349
4b5cac62defff704da60407519592bd0,cb371cc6e5fe057b622e9458addd54cc,15896647772191334960
4bdc76dca9ab1c8468cbb7233e2a4264,6b6f6ddc1901bbd35091daf3471cb12d,15780337108476507780
4b3d95af7b9654c44838820077ba4fea,a22479fdea08d1f40d228d2ff0029af1,12183805980422057194
4baf443ce4e2ec44ba37006ff0b8429f,cdfb847643a13d05faa1cbb160d766c0,9360235097375229645
5b22014b3b99b574880a857d174d8635,3599b784c4dd7ea2511e45048a37e1c6,15375101240508285567
5b33135d1f65a934c96ef4811188b28e,6656223ab828ded2c8cf49be8082086e,11049975931972642525
5b798dea640585d45a5f1b1f7de1e5ba,e0597ce909723a38ecbe5fb379cc64f0,15171808270968175396
5bfdfb947b6f27540a38a3df3f138704,69e2c5e8a320a9f96ebaa69c7fcb8eea,13769549121563090963
5bdf31065429fe54baeba369c21d3716,e6ede3c4091aad740b1c5cd08711b1e9,13995821832171479522
6b52e2ef76a5e6c4d8bd4fcaa46c4396,09e9cf63b5724743fd72baafcfbab195,10781128642375998307
6b130cb95f053a74e8d83e26cd5262fd,080423c1b89d07f89bf36c991a7ca99d,15402609944087640893
6b93137a227f56a4796368a4074e57d2,9cb4e9c83adb88cae3fe7fba88d5763e,9630517040049986425
6bb3c123076e1c84185eb492c9047aef,547232f2dceb7d4792a1a5a80a181cde,11770174696425351401
6b5be1fc475d99b46a5d7a50217e6e8c,1e85b95175213ff099f880af01b2d6ea,14859689398727287750
6b2fc6d95ff84844c9c91d60a3748fe2,3c04d5a73f678faeef8a807ee2814c9a,10794072995204656076
7b1105fe58d7b1643964acde35b8505f,1b93c37442c9a1beaa8abfe5471e32a1,12305952698331005639
7b81666a552466f4db409ceff87beb98,ab8bb84643c4466925b7443f9a36b4c2,13661830511265361965
7b127432ac9f33b42bc2cc758934c720,491088f46f4e81af88c9334737683c19,9679993431113720149
7b333a6972088ad4e8354408c2d21e97,70499c11bf56f15376c134f016af21b5,9641106420274330227
7b455b8bf61f46e4aa0f3dff0aa36d7f,edbe7d847c06fc58b46def9e1b464706,12504200133277762122
8b215a4926507384386daa191c9938f0,dcfc66c0c31606047a0be84f94cc7603,13708042741206238913
8b12bc7c091c59d4f96dcec38d2887c4,c76e0b116f9cdece617949321dda20e3,17162312324990289590
8b82643444bceb44f92936d66f27f886,e7779b64df9d4d49cea2873ac1096175,10896574504071705700
8bd6c29086347a14e942102271ef06c4,7d0a92581eb59dbb7a182ba52ed769ae,13977002533868611544
8b17633088e5886469361f130020442f,93792579229f64e4272ee85052d55cb8,14021165079496306741
8be91d213f5105a4a87b34711e16cdeb,3686189b7a81fd56757150ee505b0a54,10384240677945842920
8b1ea971db165f846b4a984a315d139d,c93bd40f4d2d6658ff983127d11e7e6e,9646814887514419388
9b0078f0f02b6d7459927f9b66184816,7aea9f999d395bc286c364ae2fc5cd49,15372567106727254751
9b8045b82129e2d48ac9fd6e6f6bf5d0,cccb836fd73334617deae08963095d77,14555096043692841774
9bb0c3502c221a4429359ef344d51d95,f76a172f39220af199561ca823bdb330,10858873859862520222
9ba151bb217baaa458d9d991beae1a71,b78a0ae58c14d631b5e5e10c7f104344,15202775504995918484
9bf1e8d0895843f40a46c39c3d7d954a,806b02086e8bc906c3ecf56ff28eba9e,14177699308486146972
9ba8470f735621a438977ed1f64d6e9a,cd048fcacb479dadd302af5ec4811c97,13893180925012223337
abd0c267170c58f4796e570c1396d657,4fb3933551344511578477678f064909,12610635523783192268
ab446ac4cfba8e3498b41376cf1ee65f,28467a78a14f18d879e3c2f6213aadc4,14962701896614595689
abd50936fa0f6cc4f8eb3ba067a31223,cb81d806aa264779cb1707cea2d91ad0,9247435032768531029
ab9a792b2ceeb1b4f883592441529ed9,949b3399c288e6ed563a8647261c4811,12517076571633379496
abed1ad0c4b7d60479bc5fd6be20914d,bacf684206fcc9da22a22b9756dacbe5,10753104144743745606
bb30649b9b2626746835267e21118999,96b409ed94f113ff6f9f437ff959afc1,16270975970836358509
bb6253274cc947948a3bdd2ac654d684,df16cc2b23f32ca11be205d454b95998,15028863667802417134
bb4618ad881b3294d8283706622b53b9,e236f6d72bc0c5dcd6d79a0e8334fc90,15122807170029408469
bbd6d91ed23294c479f564d4e405294a,545c9a90d022ad37fa7ba2c08c3b78f9,11949586011068189269
bbe74879342be0340a5c5eb556a6b7b1,c918593a0209858f11ac280bb2bdbbf3,15282495394481132695
bb19cf8d08f8c174680783a59578e127,abe5e3bce74ea2c6a3f50a4927410a35,11291196403371421289
bb49e2dbb8f187946bc7d915b2456489,314ad7084a99a390ec29e4ea25fe13e3,9642873756307499685
bb99f1ca50c4ed44aaef693fd848ad2f,578162b4ea49f1fa7e6359007f76920d,15015058448435797935
bb3a8f716b92d884d9743486ba2cb9e8,68609cf8eec89f8646a0bd023b63fbf0,9464331686691825867
bb2ee109f702aaf4cbf11cb78d6309f6,377852f99962246234f067c35fa5aedb,11920804558625193605
cb51a6bca9bcaa147a50f2bdd676f69c,ac1bcfb24645f87cdf781f53d5e1dd44,13949403318480947637
cb94ca9cf06c8ab4287d64e3d1743816,774a2c5ecfa71f2487a394e87b12132c,18173298473293918761
cbc42b26145a37642ad4e17cfde1b646,d28022cebd0cb01ff28953effcf35ae8,14033846696282997490
cb0590cf03fe80243b85af349d92ae55,0a9e02c1461744cda845d5d25557d9bd,15024600421021612517
cbb584c5b8235c04a8ed4296d7297c47,464e0336b8fc9a01d657164d1469402a,9610777122635786711
cb97c13a9348bfb40bda20a4d828492b,9869f49059d7c5923da9681e0d7c8822,9596393183226783452
cba7e0d43a5cad44793c13a2d989e02f,4db6642cbc0c9d5ce4c81c58da56c7a6,15018476083352970650
cbf8629a7a21de94e90e39da5aff9b87,70fe36ffa26511b5fa8df1d86346d06b,15402335676877058767
cb294f470fdfa124f94692fee61f0300,2199656fda8ede76c8365eb99fb3652d,9415397848005331309
db33de094cc64684fa18d35b98a9d90a,3642776a189f1aba86a3ee8f257746b8,14190090163013235773
db5360d93be4b22408ae879a3adcddcc,650b0ae809c65d53f73b11ef0e9d891c,9399724341194164092
db864109770e2a849913b7aa7dd5c118,f49197c7c819cd0f86b1f7a939c1eb1b,17050420482065516312
dbfa74ba1769bc84a92b3b909b39c5f1,c3b468ba002446f1c836798b7976bc7a,12659566599549796560
db0de2baf9c990449a85ad70e25689af,104dba87090da61178f16dd5c0d9db96,15030318257333090109
db5fc9f6e89628646a0b68631a691713,5e3a73526d0bc8afdcb5c9e95f9c2736,10688472012615720661
eb82c68fdad3e1e4793b9e2cab435561,a770dfd731238dbf2678914dea2cacea,9337755858184448165
ebc3eb14ef4acda4ba65db17c82dc7d2,cb06da167cdd8918254c25623953bc0d,14137216027851700999
eb2510300ead86243a3d34babb50dd81,94d34ab49ba0f75ed92dce123584ff01,15003300984698844469
eb6535a36ca754e4da2f682618f09d59,23c1bd028135919aafdb4b9c3c526b51,14742898860231314534
ebed5af1773b8c649a7489f30a9352a2,5aac8759ca3e171a60284a20fd50fffa,11721250422102816845
fb90c77bc9c4bd04da45712de1371871,c6336855df1a5b0020138afa0974bea8,15463437414762666166
fb8886f00f300444a99eeb305aa5576a,9e47f6fc65580aeafc984bcb168e047c,14212140820009960761
fbb94179002660947bf926cfb3ab3eed,295211ddca2e16b5fdd7bf9e98952a73,15052274340599772215
0ce347a0997a58446b8d6d2eeb2468c2,f3589c0522da27a446bb6f42eb3fed25,10722026401937177645
0cb46c3917261e54da1b8a9d95be848d,5afe7987e1462e776ea154f25c28f3d0,17160320238780407400
0c775bf8679c401448f4c51c61a58a43,bf1ece63222d3386e0ce30dc01ac1d38,12297876297239669313
0c0def55c7f9ccd4fafb16ac3522edd2,aea417c8ef0ef9eb0a873850f98a922c,15187286946922512189
1c330878a9ecd6c4e8ba0314c5728fdf,77a883e3364877fbba3995a5ceb5e910,11972398199825999783
1cc4129b0db063643bfc35077ae5d96c,f9ff94b08322c246b1b27dc2b931ffa9,15100968197324565137
1cc65624583cf274197ba10d120178ab,61af753a9ffa96e9dcc04497fd3c9dab,10892685317004468350
1cf830b46c38fb34c9cf962f8fc140e4,bcc13155a12dc65dff2fda3c4e1ae7dd,15046808737038347776
1c2aa9a2ecae08842886f5c0bcec0015,ae59d8e5b327a2d59f5371796df8940e,15160010869021852793
1c6cb8d96024d4841918ec1b3a7072b2,1ca1e203a996d4bf5203904ef33b2a19,14380867039669446360
1c8e7d66f42f11742a1537f46e8e56ee,fc9eb0a8f058d07e23da51d8b84c0b71,15052571857312744727
2cb2bc6042e62b741960dc47998ff518,585e5a0a17b35d0611eec43dd6a32f97,15042387235729782037
2c677130c6399414697152e10d7e879e,4ebf46959b4ab042f4f3a316641cd2ee,15131321607719832407
2c58bb9bc4a17a04e966d73d78e88751,079a5f532f5b7236c1a0186171ef2c8c,10263830612838485625
3c13f972d32dfa043acdf08405371384,e60d21b0712e1f43cbcb9d5726117a90,13891189464946652772
3ce9e4edcb2687b4e8e40a2fbeef3d8c,50fcdbd331b093ad915efd2275cc5348,12279840323241420110
3c6abc588bee78045b9b6d2b494cdb9c,604aeca0ba1863f44839879cc9f4fd54,15045483786851529783
3caa84d1cc3d28d4ea6d31c05e96f6e8,ef949b95922ee72d8e3beb6bf1368fd7,10448402336042635760
3c3cb4d4d67044c4e8922073718b7409,d844de4e1e0a471365ca50e0a919e929,13964279483945701220
3cef6e099ee906a438b4fe513ac8ba79,3929ad9278f5d6ec9c16f18f28b30adc,13904881275229257479
4c110350c2d070e41bbacf43f3e68ba9,68d3213cc86c82349b6cfd996e1fd224,17358082161179833653
4cf10246d85ba7c4d926ef0efcb35398,cd335ded228baa38814ce8b70954fa98,13851748393452253750
4cd3f8fcd4be2c44c96f9c68f4a7993a,183dd7de9556008baa4913e4fbdd91b6,12302191888124171349
4c08f48fc860cb44d9c3742353dce166,ecb8721a8376854c9e79f4190b806a60,12841096018580835627
4c2f91eb024e9bc459c2c6ad6ed04b41,cf241066c06536a6d2248a03f6d22dad,13934183045862896972
4c4fbd26d6cdf424ea03a0c9454e6faf,43c89b305f6123d350d3b3abb5a1f33c,15189686963479419800
5c328a8d3a79d074a9689ddedfec9f92,d884bb3f62905bc47bedabcf68bd1e4d,11412519026494642534
5c623071d8492df42bfe71335321b821,2c93df7004e2d332f5233af7effc61ee,15042095594560501202
5c536a232b0e12f439811faba53b58ba,f9f6c93be7965637e6a268471682abb8,15335648624856249145
5ca305758e7918f44b1e794b8aef0f33,8ba7dc705da87f877a52311c03c2edc7,0
5c465cd63cceecf41a1e0a6042f444a7,328206ad5de2d786062ebec3f543b30d,13865521395826832832
5c76a411c4322774ea50fe35678320a2,e04b80b7445a31d9ab2a7769ef63bf86,14154876076438088819
5c18f19c9db39ee459d7f07f8e754e32,00b9b8e3f4c06868aefc48df79058661,15707999681244125994
5c685d83c43a2e84d90303e66871ae74,2e2a60ef39006e18f197e066d06c6538,9630220347604052315
5cc87448dc10f084bbdeb391d04e2d04,f30475db66ef709a47b5e16410fb6e3c,13850939144572712502
5c0ba9e63b5eba24bb388cb2931fe0e5,a88680f2492f067d44d33d1101a99a37,13891436339422770495
5c6bf49468385844793d8f09fe4f6b39,c89591215dd8dfc080d319ec95b9fbc3,10533678868894079976
5c1c6b5fb80ae624593b68c077ac3195,3ebedb8300e2863571eb8bab8f322789,10762972768750999225
5cef35c93c905c542b7df972cc91e84e,2b98e158fb7665a9ae4138ef756632e3,10774065489931435732
6c233a981ef3e57459e66876a05ae65e,01de478e1173af824f41effc9c5449e4,18418744767308494916
6c1671e0ccda505448f36700ee87b9ce,0522a99fe416f17e4c50f63071117b67,10141840890863174221
6c569d4645c54d3498735f928ab9928c,e25b60f5743349b8e0367b571f9341c2,18300457970640620791
6c4af7e7c2d7138439271c16d2e3d51f,fd71f55244f17645b4723990a3d0dfa7,10492330848536468558
6c2c21782a979bd47866be870b5ee4c1,217f4fd5a6d87812ed61966c8020d433,15044347965604836671
6cdc2267f8c6e8e48baa0aad502b1c83,cb8ff845006eb987deb02d34cdfd6320,15042140674503161296
6c9df3b16bf99154b92a813d6aaef28b,a6f68f8cac88f245ab410fa3273dc79a,14528452849277524513
7c00d9914fad9914897a366e1d861cad,d8e2e0bce3d435f9aa2ff44c798faebe,10437731395531394714
7c8388896a095a145b3932af512d61a9,2507fc072718a57e69462798f12a30e3,9597118993568657300
7c18eafaa29b6d54992fb572ca658b80,2777cbda2b00617caf9a440daf25ea39,15326605786001128751
7c386085ac81a13429a87e92b34dc4f9,f759a6af99fe05f4aec404a908e72021,16518379808842869741
7c2a70a925cacfd42b12d50c4f5aacd1,dd01ff164f792a0f23cc4dfec546ed25,10720611363471973180
7c6a02dc2a81a344faa8f84ef66efa2d,21f8a243870e447bf4e33648eb8c9e1c,13878158251722877389
7cab3f45cb54d2c4fac4a0a848198409,799488f0d7292c51feff4ef7fe5df1d6,17495864649170983222
8cc37d5069a04d0439e8fbf7325b65b9,d517aabf17d5cd8616fa2db8f97362bb,15042948802704258413
8c448dd348d11564b9f0e8bc28394ccb,512435f37cc16dfb9d916b05393c4268,14472614326285313741
8c28621050b0a5f42acd6b616af4a2e1,9ceb84ff72a5b02e1080faf740e79ab2,10013487141147737525
9ca1ef7e2200a504db6a10d7ae489d50,a9cdfa90cb9579a039b291ad1ae1159e,15404331869221056076
9c62bd539e9ab0047b5fd87fabc9304e,544a60a8fb552a6856da063b2a64cd8b,10384223085759813880
9c25c8bb141b9114eba5944b92a93152,012cc13128966579cba9def2c0195673,9625907068425218277
9c77283ebaa66e94ead5061f8b24053d,79f9f8afd44eacc2b80af49dc71ced0d,16460123597237568740
9c296815ea4d49545ac5a9380d304c19,9952da3348da67802883cb7dc4c6e37e,10782212985780861650
9c1ac9668a7621e499916f002586a8ed,0f4a18959f81d9edd2ab912c7ca524a9,14181393442955964696
9cfb6dba8e9fe0e48bcb93ffa811cdf7,63a35fd2fc7a53f7d0d8299ad4410076,18446463419071594687
9c2e0e6fea7e5c247bf9f4ad048d0790,5cf93d2ace67b763ece29bac631101ae,15718730218281294554
acf0166ec4c6cf14a935f5410084b50d,9c9e8dec41834176e8c5c294b7e9c805,14178578744728465688
acbac7ce49947ee4280775d80d353a9d,31c75a6240dac47fa7b73cfc1f1e9f19,13817274484703416528
acecd3399f2dc8d4482143538bf65c9d,3d18dc4111eb8f443fab489cead0a4bc,10434355697319567152
ac6d0b553eb1a964fb8de054ae73719e,f529c0edb072529748e9d2c1e28a1d59,10405407068498587703
bcb8f435a08c08a438ec4c3832eedc3f,c1fc9727a494c216afc32436fa193a7e,10434564591643745078
bc5b225d80804db479169113274847b0,e2bb22cbdc8fdbe00d19965e08fe00dc,11227019611754469550
bc4c73ee94abbec47b9df21c91c26fa3,3ee01c834301447ce6bc21044db91fe1,14251070179962307317
cc40eb77d3ad235419d7886159970f9d,f8c6c67dfcdf73c1c4c078e138f92651,13865528388298159323
ccc10d4aff0df6c479e31be790789c09,3972a84a4b2aea246e861c5f35679489,15347839003124444193
cce2c838f65cf6642a2a3098df95cabf,4fb3933551344511578477678f064909,12610635523783192268
ccd501111576f844891e6e10b97af765,fa8ec1f9224fd2d84d118b0b53538ee4,10312258963497293950
cc268be50a8a5a84488691dd14db9a2e,39af7c11ef748b04af37a48d86d133a4,13924125855347142962
cc7b46c4498ce31488047bd8a1724751,add0ef93d6e4d8c10b68bcb436ceaba8,9324843583934958174
cc4ce99ddb4d52349b7e7111ff28a6c2,36fc15a57a0519783d04e5047baa784d,15340504781377185333
ccbc8beaadd622941b599d1c16d46c3b,7fc6b6aefa7c0299a3a835838ca65ba1,11499634497132544873
ccccb066009dbfc4f899ee5c98d04bee,6adf8e00e9ee9f179a2fc014a410fb4a,14174864772953859111
dc201d9c3e195764b90f5b3510fb01fc,5d2cf4ca73dd7baa2c24f396f61c69ba,9627102216024629629
dcf5f1de4bb3ca54f87d7549a1be9c46,c35f27d0e29ad88a2dd42548dcf725e1,13852808503300927695
dc0600d8f323ffe4380ee642559c6695,6abda09748bde3f511c105fa6b041693,10448146613752238864
dc96d768508bad34d83ba8501d212045,4c1dade72242034e9ec1ba83620cc8fd,17988733757335223716
dcb66e529e30c41449b3eeb1df16f99d,99ad40c86b2a40d1057ba9d66c86ebbf,9313166119772511792
dcc689fa30761424e8ed30c0f9ef4c1c,d8c3eae2f3f70fb501bd210abbfa0ccd,15118916899987926736
dce6e0260bdf7854eb5cf9cd5bb27b45,8a2cb15f2289edcd6f96b3a5fe62b389,10215902545617918315
dc27acef82bf96348a979c175ff446d6,8d7c2aa78d62f79ca0e799be307748da,9620949456331242149
dc47ab197cb98ec46892e0090998e15c,400635aa361a7add21861da876de4088,10793521046021614893
dc8b3ba42d178de40954139052eddc72,c6d6eee3a60099a50be253272003aada,9530795193685456208
ec80fe02cb2d13449b364a2cf1abf40a,5df5683bb3721810402d12fd5e41391c,9717379812094155715
ec04f37b3f0186745a9d046ee9f15045,ddf898fdf757498e84a305aef1abb416,15348077138646011274
ecc546ff315aa3a42a320d93cf0642ff,e704e276bada0e60efeda0e554d4e1dc,17606120338342174292
ec47dc112a920b440a8d51005e36d69b,6d9c33bb4d2433e4cc5a5ffff55a71aa,13850609276394876864
ec29d43eb8f7d6841b51c97cfe3b741c,37f5f1be6e228a6d1357ec32b93472ab,10392718682537028971
ec89d511915e16d47955a795abfa402d,034d14f2da6499d93fdb82b2233d0160,18411397618686304103
ec8909187ea09c74d893e16eae866c79,18fd04f86c9174733a8a9958976ce4c6,12263770442131232060
ecc9deb79f6975f4e98f72c4d2ca0b72,bc78286f7d5b8927a0618b25dcf3de2b,15068820832260203249
ec6cf1b28a2a7ef46bb0a3f20af143e2,b61b49f930dcf6fef9545e03e46649a0,14957079356316959124
ec0ed0bb5d1756b45a090e28e0dca96a,d86356a4f6a86b524b1eed301ce50a5d,14829845812465276977
ec4ecf5c9617aa746b7c66aa0688985f,15bb05cffd2ac4e5d661fa3ba71ed60a,9970794958140433481
fc12fa9227c207a4f8c392c5e8c2d9c4,8da215fa8cb74ff06b035bc0b5255fc9,10718977504981305871
fce4fb5ec6864894ab26040637b396d2,e256784f56e954430187e66d13e6752f,9353437877311000423
fcfab95fa8baabb4886a6595723cd4eb,a37cb329737171a5db50565fe3b90baf,12514670461766470346
fc1be5450d60e524f81a91bb8edeaf20,525f06869fc1317d561374ad534a33f1,11233785309145191320
fc2daedb193e84b469b58347d28fbf6c,376bdb9dc315fe2cfc08f119ee499dce,14265169992828788728
fc5e4b65cc1e97b498775477213d8a15,958564b5d7949e82ea65de13297dc882,14872629356049742998
0d0922ac6f0e32d4c8e354d8ed1c7569,8c933bd3e62f35f4d4543ee63b9fb67f,13787559933583802539
0d1b980539c4f9b47910e908121eba7a,e0b21bc909f2e91a2f126f280e2967c7,11139197835410184595
0dbc252e24f968d4a9e3f25bc210354c,2aa57df2e820684da1b096798828d49c,15406621017527749622
0d2f65e380d161a4091c53702e2334ea,17d816d64a397795dbdd09bd9304c105,15083980854557031339
1de13239f5065ff408610d34d04e697d,dd79a04215ffa0b8d1e297f656915220,11841428427051586332
1db4772f72e8d2648b44c75f1d418f39,55f46786386b722302847fd6abd2f8bb,0
1d57c2e77e163eb4bb479d4b3a0108b8,86e48eb6173f6354b408914b7b22f58e,15289574227159580475
1d480aa439e3a4f4d98442cd599dea57,6a849ea4b40afa3a33e786862e61968c,9607643076284295658
1d9870bc56ef60c4986b13e903b43303,39c2e094b00afee5cd624c6cb1012bfd,14191796588467394972
1dead6eeb552f5646ba1dabb61f097da,8b4bf29b276a02a9500fd0fdb3df177a,10434074192221785755
1d6dbc940900f17499f9ec8e7533f645,7ff88385765d4f0fbf410a690007fb23,9566278024678197962
1d7d09d73849d4741838e48e1c633a9c,ff2e35a4f46b4c4f7e08c337a2491011,9741682060766974159
1dde24ad71ae6be48a069f102ab9a64c,517124a8df32f4127385c48f75e59587,12512732910094879614
2d0271fd79ad0614d940647968a74261,ae38c8b75f1e3a9107085cbe42b07a41,10720307886687179537
2dc6790e65d7900478004c89b7d912ed,13e6d6ad740986ed88b9ff6aa99f4a0b,15018478522791771452
2d7a74729a5309c4dba8fdccb8811669,64b5378d9e4fa4e4bf0f750315a9e801,13785405568385717354
3d80573cb777b644293f820caa41585f,b0b0661dc5da3ba231b035e4235592dc,9627121940009048620
3d7421874cc2db04a8fc875a323d3b46,da263647bac438ec89abd95a7d85f94e,10448140954032885975
3da58f37327bb7a47b472676d301fbd7,cf916d32c78eed76e5f5b1cce29aa900,9613038502380185694
3d262077bb134a842b1857e014d74e0c,992d0ea11149f93939ac0df5ee6ae4de,18268176980439417382
3d969dcbfe937924bb6f615e6d18bd2c,9de98f343c1163610a569ca702e4acb2,15651457359644670666
3d3d685c0c92f944f871cd1e1c3c2dee,e3398986eea6d8aa0916d49d0c90d491,9548891773551632090
4d2264729ea08cd47a615208767ac7dd,72ebd24702a59a312609d282794cd083,17293770546588205201
4d15b20cd50020c4fa36744f87ad9921,c3fb0e386fab7f0d7ba4821db6840b31,13890532004245289791
4d168b8b15817004db5b6c4cc7aa9cf4,f7885c12801c6e89ee40609aa74e5da3,15045483786851529783
4d8791b0e564c1d4eb9d2352e99b7b71,45def0c3439ee32e0d50b38989a15596,10635598804929662006
4d79b8be90811714fa34e77655684d0e,4b88965ffffd968dadee7a7ae88f2885,10405927124063704941
4d1b6a6848f56ca44b6227ce288a807e,e3a1507d7177d2d6a0a2d2068c3f696d,10199072551571117414
4dfb29148dde3944ba80ec1c0f7602a0,ff426d5c9c370b1bc8c5f3f74e6c3a16,10715271629493714034
4d1c46985e911d049a67bc9013633992,2c98054c3d5b1e5a03ef7304cd6422d5,17377493787300805689
4d3d25efd3cecbd4e9b886bfeb43d5e4,e752833d238d40ec62b00f8fb641aef0,15340504772082611509
4d3e9b698f71c9f46b6889de9b05a7b1,3a0b6ed2ed31478ed99875dfdf0a079d,9357097063903091510
4dcfb23c2e9be89418e72fed17ca69a8,865bcddce4cc196dbbe01be787a68de1,18304731185970229481
5d715ff73d3e7cc41b1e0116b608fbca,16348138e6f8dea93dc07e4f56d67b5a,13835163557579735032
5d05b5bd2e0984945b62be46c4f09bcd,5f5f5f1bc71d62925b7d93f9d907346f,17120382632027521852
5d271945c0fc55a4792a5240db7c1654,63bf04986c60c656d30e4dbcd1fe7aea,10434564570169171764
5df7689fcd9431642ab7e3f106cf5302,d710c7923255937566df39e0ae0590ef,10583803401974222282
5d884783e9627b342b13c1e9e1521931,45c082ec0289833b357dd741964fbc49,10392156008876551439
5d4aa6a35019852478285465f9ef7568,8535f89fe6217718b6addfedbc56fd2c,15119096118864228817
6d6234b4d61cbb0479508fcb59e50aa5,ce4519fc47ee12543678c30f5ae262ab,13852853616732923421
6d74e04915edf9d4a9650b818bc7da71,78dcdcea313922526319c88007378a5c,15686352266978533707
6d85f1bf9bb22dd459eeb01f596712ed,4b0a939b690a5bb983874d3af5b921a9,13890296661192943423
6d586be642cad404e87e23a9e8815c7c,e52acf8bf770159e3282a876add89bcc,9671310924350520645
6d4a0498c9f2b9a4cb8c7c309a26c82e,02aa5423c75d3e4cebd1a6b28802d600,14071352417597274300
6d5dfbba44c22614b813906e84e2a1dc,72c870c2a2f2495a2151b0b480000471,17521127673735793741
6dfe00cadb3ca654d9c3627fc4f02413,98c8f49cfff2a721365921776f2c53a0,9391454912888363207
7d468131926b2bb44a4cba067bd53344,a89eab98662d19e5559d450055c777fc,9348299191351430098
7d975edaa28382a4496c4538e279a237,f99c00f6a119d1fe9c003acfbcecfe84,10819111082964864359
7d2918ec29bffb54fbe8f87e7e5e1bfb,9b973896657303535a4b1f3b50abd55b,11185881275437048718
7d395da3fd9844042ac4ca0a7dcc0b10,f0fdea0c2a39de40d8f4a54f3ee26bb4,15608770448292519682
7daa9549457dd9d4f917c1171c984169,c533d74896f79c7fafb6934559911f4f,10505497412298824556
7d1ee19581587a542818b373efa45087,7368d77f6bac8fab0afed68916924b23,13971325832093447477
8d40a0b0ab8dddd4c8ee406fa140cbd1,4a08d2d8659384c1f2a24eec26d3f1b1,9700325716545715300
8d811392d821935499c383c1ac6fcbf0,4599f73a9ea667785d27a9deb599db3f,18329810306670773668
8d8454eeabc365e498f42a23cc5ee295,cbf49e1e5e5fcd81bed1aef383e4b859,9619080247912835087
8d35902e0ffdd1a41a1913e19316e5aa,70a4f178f2d1abc63921f9cad809a4f5,11900526459620322244
8d350c4cc586fde40a48bc8285648cd4,7c9b27f486f7bade3e9dae194ec0836e,14165068134822228406
8d96596f509423c4da3af4f292d32115,051dbe4acf8bad63622acd2a65bea9f3,9272918184188796566
8d695ea974a698a4fbfaa35ffbc3275c,d07c188483a8ae688d13d0fc2aa41e6c,15340478392863241525
8d8a91db41ed14c4c9721647684349b8,e67bb60425ea2cedcf59fb4b4bd4e400,14682073661633774531
8d4bfe1b18efc1749b70448f25981f27,68d5f252cafeb1994af68a5b96edd8df,13891189464946652772
8dbe75bf906130141b6db235c9962437,afc890a158fa6b3b43e8f752a0efa3db,13215087755396772343
9d712705352547e498e88e1bd5de0fb0,9ff979ac621c0d936355d924248dd762,9628157678467883389
9d24df329a70d5a40a11ebe83e64daed,72210f23252937c71ae8ea05601e32dd,11902778971858056626
9d2736f4e3f6c3e42850e73be90945d9,5ea76478943791d2eb0edeec126d22b3,9628236826125216120
9dea21b313d50a944a21f52ff4c4d5dc,fa8b7308306fe354e64ae3f6685b4ca2,15340469047081514293
ad6163a85a232984682d4bd535de8cdf,8b9c6b8475c356a07751f15cd0b6c2d1,15052576220999517463
ad25da40bf76b7f4287ce3d9bd8adb77,f3477b9927d2b25af890b5230d4dfc23,9259112219650654004
bdc10253c1857264c8f548c0012b6949,a843ed2d70277a104e0d513589a5269c,10715306314634574957
bd424deb0d9d972479ed28155745f58e,1418b6e1edf44139475040d44c7549c5,10750192105963728338
bd66566c0a31c8f4887f4b2bc945d9aa,b22ac30288f7a67c5dd322e43c342124,12300937749273616544
bdf802d03a8e0364c8e9f374c5cc54a2,352a604c9530deb64fd36f333bb5dc9c,14795011876586929457
bd4a9ad5b6452a344922d247006967ea,f80e78d6a9531805b6c0a2a39e5a028b,15001343868321955641
cd708f49f20d08f46ae7b8ce73ce9e0c,24122dd075b5fa1b589a041634c1fa22,9629291481174014678
cdf05db9943a4344b8bdaf04be22f82b,49132bee8fe3d61515b0794cfa2dc397,14041779595226532321
cd41d1ba33a70154e8215b75b2ff2ad8,c823ec7ae0945adb8a1270be81dc708f,9641106416516758067
cd17044c24b859449a205b8c3fd174ac,9c8da43507d937596eedc67d27bcef2f,15055897295840031805
cda7dbc93d5dc924591f49daa50c9873,1ba7efba48f1ea3d2f8d2a27f70378d4,13906905459028478935
cde7e957bdee2174f8223f98f9103dce,e6f5af3231ea75290f35980326a357fa,13778126694775840864
cd189ee1279f343419e350dd0a780a79,cd9d3a263b583f56452d1fe48c870c00,13171280453732780248
cdc8d1857481d464b9770ca951d87f8e,11c7576df98680dbbed124f5aa683103,14382581199236679625
cde92cebd3919f94b92a394c93315a67,f9c2001b4930248d4094b7bef1a6b3cc,15390324491579386516
cd1a9ef0afb9312448b847a4872120ad,4df7a4beebf296b968a63dbea02b7fd8,9620356735804385525
cd3a2fdc935197a419feb48ec6c4baa9,7e7a3edb3753b5cd19a6601e5b95318a,12551029250235421202
cd4a0ecab21fd2a47837a883f0da2086,e0a49810be9f9bf03b07fab32be12f04,9607439938155401897
dd00bbe121c054940b7e70224361e872,c3fb17e6097fe40ff24649103cd4119e,15360066159874454733
dd70978cf8020d848b75807fede37a17,4d2d0614eae5880fee0aa661050dc1cb,9547189758365791098
dd182804eab6a4c4c8a2b5da2216dab9,37f4fc2095910361380e47b614b577d0,15018478797669678392
dd587b94520067c479d69b2a197e92de,8764662060e62519c21b17c47414dbb1,13886873533413210633
ddb8903edda3d724ab3072d87448791c,b49d5ef5e5d096fe08bf68f06af11538,15005548396977141351
dd3a183ab4826cd4d80c4e451dfae775,38a0d23ea06297f3d0d5d79cbd84b8ac,14331713621672119573
ddda8b4f1c8e5c045b2f0bd01ae20737,fdbf08ec2f78c9f017898ae924e133c5,14811716701482193257
dd9b5444eeffc7a4591148c25189e19f,213fa80155838ebf4efd9d7cf1ee214d,14382307202537830606
dd1eeecab339bb94c92d520ee6596408,ecd2d798f8aab139e92caa1894eb43dc,10900795515779700138
ddbe8ebdef664f941b84c2b7ca55cfda,2cf11c0bde0003a17e2ca283e884c07b,15553533809799318845
dd5f366188e9a9f4db6859e3c15bb2e7,1faf34d8985ec97dd7bffeb36660620a,18158791876142972912
dd6f48c7e78300e47ab273d34759e96d,df991678b33bc87a4fecbda9fd798438,15054490956041368631
ddcf94155503d5a4db7ef8995966bdc5,c01a8b0adc3db5be372371482f67da7a,13835445019671539704
edf1704d928b15941b2f9157dd5808cd,a596bb2da5c603a0bd1aaa237a52175f,9357077517440864102
ed1716aea814b644f9901addd15290b1,9797fa36f53e0dd499212416511c6360,14147898306033189714
edc71df2ca32f5f4a851a887813af06f,e1cd8c10a9c7bdf7cb385a04f62a136c,16260932903075002399
edd9c3706c795c84d946399026c1c944,b21a3594b834b54416db64739fbaba29,15004951424575418934
ed8bb52a323e40540bc307588abf999f,503c403959307c022c8e0e1cf5e968d2,10783106875601333583
ed1e65edd694b1c40ae3aa34ce2190b8,2c9f7b12e42e02fe442df33eda71c126,9701092509799536997
edae444d3b5ddf2419617de07417f83b,dc94398c8dc0b7a30a64f526ef7d5f34,11057224062951741542
fd3105cfcc565ee4282b803aa0a4acdb,751c4a2eeaba9961990144a1bf495735,10506409985255697974
fdb518d3aee1ea54683ee3ab85bb521a,f25abc3478c90835b7e96d55d0616b1c,14489548448032493275
fde67760f6723c449bb7635f0485ba8e,4fccf8232373fd7d7688b8aadd9bd60b,15375933451002654207
fda7fa39d61e47e468b2060b02174a16,aa51d8333da75e08862418014d60cd79,9272918184188796566
fd4987f7c68eb584e935170ab5322f75,456e8312cece103d755219c0165a3a59,10766537264415980502
fd0c62d5c3661c74794491d78083066d,f9c2bfc823950cfa3d56f1f1e0140b6a,13105689061687249567
fdcc1995ce6f1774d906281ba32b185e,d20b994acfa6b8cbeb72131169401b12,15101083924242223249
0ee0e8ab7d0d6b54b8ea120b1e68adc3,73cf601ef0e441b3a26ed1a98b3de19e,10433832306665419548
0e8557757b6036d4ba92464b8c9d0387,074b171ad944bd38935f91bc54c9e424,10733840880614398763
0e07a91a7d7cb4b4585b0f884f938ca5,f8bd3ce348a6a2ad9dee9d33578a9cb6,9991865069544264106
0e38d9c052bbf0b4c9e2445063411e4a,bdb6dc1f8b69905606e64edf9b1a62b7,10273683132030896753
0e0f3be5815f89b4194807f98bf3ae46,33eb9457fe32ea433882bdadd41666ce,13852029645359101668
1e08c0c917b5ab942a52abbf78768d48,5ea3607ff56599e0d398fd1472989516,15073000594361708078
1e5bfcf9b531c444c88d6691cf9ed02a,6ef6daeeb2b84d243f0e45193e08bba0,15348077138646011274
1efbb1a066a055f42b3de007f45bf152,770af5b91a0f646cafdafe3dc5e30834,13895598523068387575
1e4cc7f1192dc434d8cd50a5ef99cab7,88d0ae0d4f6e99b4c01d39e1532ee733,13877866334158469657
1e4f650fb3034eb4fa077d31ff11e8e1,521feabb09faa15cb6b5ca6100f47b29,18048322285810782501
2e01828d75b4ee1469ac0b7c15df770c,d47c5f6d8209764115e439ab5130fdfd,10715271612380953678
2e63c4647c7b0414a84378692eae3b3a,2bacd045c39dd42f72839a06b429754b,9333501008588893746
2e24c662c41fa5742b54f757a1524c0a,10183ab54a894684e23ed45c95ef4307,9418484851462298085
2e74b71dec3f64a409612b0e2fb2e046,5c916f1a349b375da61b9bc072753df7,10384240677945842920
2e59911a3644b2c428141b5ebe2e6a74,1b4cb201a0413b339771e2468985b1af,10783244323203194029
2e99d044f3f64eb42abfe5ee0a49e347,0536792cd484d105da4845145f5e0d34,15349065764419808003
2ead6aba2bdb0eb4fb127117bc09bcc6,d19c3ef8f70bc2ff5fb98215cdddad81,10561704408548956285
2e2ed7e648ac89b418a9f1ad8aa01cb2,c63af35630e4613b63d19c61f9ff22d6,15420044582033063554
3e254c40705f1d048a6180cfaf294413,9519d402d1cfb8c7d2a7f048f1a241bb,13893093836021185561
3e081bb267c55cb4e884037cb882dd21,8e724655f62879555a8e09e385397129,9524837768915599201
3e88152d94448f14fb6d9d5f821dce92,723c3c25b935280c0ff30226d7c697db,10478238958988689553
3ee9f8cf7b658bb45bcb0baa5568d8a1,dcf8598de01719e01bb3a0a694a947fb,14262119995460641938
4e23733f18155ad42affeaba3a36e570,0c41dc68872744216cecbc02d40d5b2d,9259121540873601008
4e578ea226394c244ade59bb0b1c0c6e,55fffcead6bdf8319f922c87842567c9,15018478522791771546
4e9765bb431e85143b8e5b1b68868fe0,38e7fedd658b80454f4d8e08aca7a6bd,12745256351071227798
4e3ecc3b4fcd3614eab4f8b19282ef7e,630d83bf7a173438b96df9d2f334a584,9422722562482297151
5ec5873e9ac2be341aeb1ffce66ec855,29831fa41c4d0eac7e444700359fc7bf,10799285108300563591
5e17ba075c917924cbee603994f68f5c,ae635ce613962433c871f59873246db6,13996959782036097829
6e0016204d5fe604e9cce38eb1965108,2e4aa33c852761efd50f3afd74a5667e,18100396384217669388
6ee062480e29833439e507c6d9851caa,f693c41be234b71dced74683153c7525,15462640491989193444
6e0201e14f9d68a4d91b0608c7616474,8d09472cf00511e69b2502487f5c81a4,11067990368273720985
6e86edd3163b59048b153302fdcc5ead,549e011b6ce7d14f0b92829c0337fbab,15386339766419917616
6ed6ed27e8328ac4fa30aca25b69573d,7b3091fd6169b3fab6d06b4d1639de11,13950487420317880165
6e37b0d2bdfd4ca488fee210f5e93a6a,d9f29cbaf0c0a7f79dc1e7666f9c07b5,11054487236699920274
6e77b7c9780c6fa47a3f708cc40d740f,b08c6c696d191ecdeb069158e2a18b72,13929121473385868846
6ef84b36ac452ab4ba69e3fcb8033e8c,2a1d3150ecb97d3d8f762c3baa0f0de8,13899374890666636565
6e5995d11fa89944ea364268d94a8bf6,1a006f56b98378a78f55a72b7c3be8ca,18446673335598203092
6ed99f37395d37a41972b9c179c63a72,4cb4fe35522bd7e834d72191cdcdda60,0
6eea4ff7551756f449cd25856814b194,dcb20951489db36fb38feb9f91da3bc7,13766026385177964814
6e7b5306569a86643a0b8237448bc7c8,183e2e23765c1d3757704a0849e7cd30,15051394022632010869
6e5c850a773f8374babd1c3dd977e8f7,babdde5aa289fe7590adccaf56b6a048,15463718889741483236
6e5c9d3c7bef3834b94256d98126852c,19baa0bd299606be56edf4e61bb1a1cc,13948821752523030213
6e5f2e7db23fca54a8e4886fc5c3f430,d6067d1f7d53f9814880f49313079915,12663946869001589413
6e9f3d88153b4974e9cf5fb05e10857a,f3c5a592995753ba3db059e313f3b6c1,13874211322626063979
7e33e9eb1068f924796725f30b5c6600,2f3e6b3a2d39374961dfe0b62bf9fd33,10940202531695346573
7e06dd17c07edb942ae06210e032561a,324eb05d822c4ac721b888e50d3560d0,15100851923972942544
7e1830d2dabcc994b90a4e15796071d0,0a07c149b7edb1e4f9bbd10bcfda3759,12291955985922163908
7ec8e03069c6193428d95af48fe058e2,7dbfd2086bb5107b69a90d674e0ee1b0,16959125271232219690
7e3a7d5be686517438a1f8181f71240f,b91c829c34063e48f286c079701dfb9d,11054426627266586228
7ebbc2a523811564abb7131dd6b5bd09,2396fec970795db17692f12d88a636c7,14836108769702393141
7efce679adaccfd48bb65cfb1eca7a8f,0432d83a6042239948dbf24ce4563cc0,14241837201805696726
8e594f6f576b9e94bae4b39762e1ca1d,ff15a269a137a5074b837abbe500fe20,13876487014358831670
8e4c3f94774b7c34d97be3e8f72e789f,f74027647c0816d5ca0ce04438f12c05,10730742779006901044
8e7c9b5c417d8a245ba8eda7f4a340b6,383076a1d1c5879183b6f2f8ede22d97,13897568857557520572
8ece6fed5fd39014eaec45280287e9de,e39519ac9ff4a83c6de6edcd4bb29a28,17922979943360403780
9e60169f5c93ea14984376a663493212,a6a28621b503691e46b67539294f5dbe,15122806988751523795
9e70bb1ea5dd046419b2f4f067378f0e,9f03cc1c01a26703e594ee24f7baa3bd,13891471523793810751
9ec6de861da3bec4eb94f6b56e7b470f,c4e912cac57e3b6e9021b66d4857883b,15552464474664025411
9ed6f0752695e9f409b2d4fba4215e88,4e9f440aad9de7c4a25165031a60ab5d,9464894636628207851
9e78608ebe2d98443bd0c221c430b65e,19a0c5910f1e61f81c8376b9eb2de26e,14362399742572902456
9ef8ecfa18d58a14ebd27b060fc7cd89,0535f52ff7ce47636e6d81e3a0474703,10872105245341465626
9e1ce40f183e1af4697b6088c1a07aff,af779bec08d281e3130beac0a8068dfe,9558103745609042285
9e2fabdeb5fd1a64a8024e39e374ff5c,cab85030b155dd7b91032465e6417292,12279862401201949237
9ebf1f1b21ae7da4090a42db9594ac19,08993a0026e64929ff31236e3c2f8914,15340749972235302197
aea0cab8cea92ef4cb0a4940d5c4d561,6cc2f3e2e550c5ac3842cfc442334f5a,10620442970021938892
ae0199e9bea61a14dbb0a751356a9190,2379e660a21d3d3f0cb6efdc23ac5049,15319127617493702296
ae953409430abe8448397717b1ff1ff4,6a52a9d1b563bade7fdcfb3561946572,10356937209738568720
aed6ef82e4b73ec4f99e753c9f3c904a,a7d30834b715bea3bf07b3a688f633a7,13891154280575611500
aef67fe9b529934448ad5cf010c13d4f,9851c41f1a83f327bf5fa0bbc1564cfe,10680688723625628614
aea8b289459fc164ab7cb14cf5a0e405,d9ab321dffad1063093492c74b8b4b2e,9633249216174578504
ae09031cc9d6bb24e9c23a5eaa9ce5fe,1159ccc7985583bb286d085749d43cc7,10776311164095181786
ae1e95c546417c44984e0f7fddde61fc,2f876a104d02faff85f8953a17ccd9e1,17221502559492035843
be30f743e2d79b847ab515139bff5b35,82030d82830581f8ee616beae2b28e5f,14131799579192588063
be031a008d9837b468d6fc67ee4a2bdd,0b5ea315a4c695c591e042a5c388e254,15031671453073907224
bef30796a4fee1d4eafc4db10f80436d,50d33cf79767b1c36e3edc3d60677bcd,14065706785024586447
bef5943bf39ef614582c1ce70227a8c5,bbe8d0e556561473ac2a4de5164a0a1a,15018478522791771546
beb63871388003f459bc1000330019c2,7ba3af53c274b7dbb786cd907e263931,9627968551077256265
bef66142c96b7394397058fd025c41cd,88e4abb16989f45003fd5cb018222122,15045483786851529783
bee791fd40a14ca459084f588a9544d7,6ccfd82656e00d1ae945edc71338c95d,9634706252386104757
be19c99ec2de914429b429631cdacd5e,856890752576d8dd5fe5d4821613b1b1,15047700402561561645
ced0bda808941034893fcc238bfd39fd,f289fb4e088c72698485cac7c75d9431,11736826061376768743
ce96db5743c67fe47b7389bcc13c77c8,7538cf107e13528db753c1ab0e407b38,15059756603481086805
ce19175ea77bfeb4088fb9ade9ee2550,46ad80bfa4fec16a0acff3bcbe2b6687,13850939157446997651
cec9235386e2c5d418c071139439f00c,ffd05054e8a812c1fb2ad98a868b6106,14181572649935654588
cec954a26afebc74cbcad5b8e7057f5c,18e1b8944654e90094bd30a8b1566e4c,9280862423355281093
ce6a670d9dd576540bb2a6f4294b3bc0,5a986038546ba848374c8f7a6e36baf0,15054490956041368631
ce9af3da8eb64364e9439111d534c267,615f4db3311005f4aac279135c0fdb54,9337675519465135994
ce9a5ecefd8e0804cb8db0e5063db0fb,fa72c466e0280830a04e60f27e18a2e9,13889295592173129727
ceca0f1a5f996e54c8b3b9c48d274ab6,f3a9886373c92920cd0f4f8f09d5a5d9,9382016513276625606
de415600eb43d9049a97013962ae8b10,7738dab1c01d503e7a21fa65658fd7ca,10751614873390469581
de0482d0ad681a848bfbb43f31076c37,ff1655978e5c1a4b765e904fdc3daab3,12297735923984651605
de851583bcd1f8246a62852eac565401,e136eac80bb10909011cd07e9500a38e,17715538208592951232
de162bfc84fb3e04d8cad141f6fae7b0,45fdd40c38bad26c28085c3b2babd26f,10511126898493822776
de68a269c9ce6114088c02c634c1a584,49b09d9b40334ca7c73ff3d34e408712,15052014396260492597
dec80413393e2a440b056a017e46c240,61edc076019e8c33a3d6a243a76105c7,18350816561155576167
de9c7d18c4ed19340ad7feb311e2bc32,73781c12752870a7990cd6464fdf262a,13666947489798149397
de2fcf6968870584a9a5541b3141ac85,934d7a213720d37c5ca6de2f8c453fe5,12303927912487245131
de9f600ecb68f4b4bbb495876d5a9d26,d6cf628d599710052bafdae1af438d60,10113507673945528907
ee620d5ef29f4bb4480de6942ced8b1e,25d2988679933a46a518905c44a44bec,11830181587139596326
ee355f5ba6c79974f8165a0c71fc0c07,d1d3bfa81607f5c5f95f919e345ce029,9504139042544405092
ee695cd1258a810488a29f8fb8abb4ea,4d0d85d1724aa595a179c96fdb84f617,15289536859501247807
ee1a6ad56ed74864e9a7012328030cb2,903c81f2faee4e9163986655f83d28f9,17954113741527011922
eeadfa1ac8e70ab49b0e5e25a5bc2425,070d6e644f3e1c7b1a8c4298fa5711c3,13835163003596062704
fe60da4df5cbf314bb8a1eb1a8b4502e,e7d14e03ea549a848b18399ac80a11b0,9625622047405079130
fec00ff0eb9a6e944929ebe0ecb26120,92f472b6ad270d2571991456b6c671d7,15124621170637222165
fec1747cbda7ddd4d8bc1a805cb263b3,16249d96b233e63cf79752441382d6cd,13850903973079103123
fee2d186e09dd974980666450669da63,f90f1c9f2acf1c1dbdb1ee7f70df60dd,9934966665194084925
fe23f88f744e499428a069104ab1ed05,306cb9404642e9efe75b67baf8f746a2,15416994468092078617
fee40b1cae0962c4884e9ef78a2925f5,729af952a148952bf22d5c2818df588f,17216718139684688196
fef583bb86ec8ae4d946ea3f39bb5279,93c0f4194c35017b9ee9e713ea977dc4,9265733373294577099
fed84941a02d6f3489113003a8956b2c,e6284f1915ebd266ef5c73aff504d73d,14682646053742261305
0f55b7efce84b46409a0e13793c28cc5,f2d9d288b9841105b68f5ac0e462a6e5,10806751249581422666
0f271dae3a4002c40854a2698339d798,42eeab1d597c2baff21d03d7761e6253,10799713301160672286
0f997427e1fac9f4b92b9057a9609446,c682899add005f8d14e88fda34e9b48b,12364164833071175018
0fda8fbf8829d1049b78c0bd843f3a2d,17e4fbbdb3d0da969297b2ea16f537aa,15300579506029297665
0f4bc3b9983ef194a8f24031cfdd97f5,05b9538449074c4c6f34070c57af9776,9566601343361604196
0f6c5f32a8d17aa42b885b94dc8c28c2,3b3bc6560d23e42c3e8402e595dc39cb,15340503681596995135
0facf3829df4f9e45ba4983320909479,4b399ab004094987c441ca8d228e4395,9646771561700156609
0f3d7079b44ee424792288265c73d86a,93784c5363b3a8f7ef8ad7c5fe30f4e4,15118916899987926736
1fe1b4c7e7afc72468faa5f790fe92e8,327bc978ff696b68e5c4ffd5b149dbc6,17804600911764246695
1ff1f4eb9d86020498f2907f2399045a,19ba2539c75e1f7532e67d5412dcf53f,15064262495973964658
1f737ae908682c14494bbba0f3180b95,70499c11bf56f15376c134f016af21b5,9641106420274330227
1fe3ac5700965014f9350ab77c7d26c4,bdd28d1342a5f36281ea19d411fc4d15,9628157678467883389
1fe3ccc6feb78414cb7f458572482541,e0217505609e6ed945762a999ab656a9,13878242238815679588
1f04b2ea972ff98439d1413c20aa3691,cc6df4df8772bc9c6181bc3fa8d89186,12495297184918877901
1fa7eee97adc12f498282b343be275d1,78a184bab51717688f7d22b897cb6cf9,16518379808842869741
1ffb03f33d50db74989b6dba0b19c7ce,729af952a148952bf22d5c2818df588f,17216718139684688196
1fff54c9d3809f84ea258fd8c29ab72d,4c286c37d9cff07657cf5f5733da7e87,9643469246966024779
2f223d0950282ad4e9a82282986b024e,dab672897093ec05d80c1410106d8b15,14966086555570651444
2ff3aa24780becf42a47994f91de3eb1,d02bd01f43c668b1d3d41d4788b8af0d,18245365444358114996
3f62ad39f5d11e848bf7d439b603fd1c,c3acfd6a0b87219860f661e07a8d47ae,10733840880614267755
3f888ae8f3db7054a9da987389e6eddf,133355e9cffb8c76935492f610359739,12450364626106654231
3f7bc43897781b044b6f36b911c29ff6,027065449168714c5297ba183ab7a139,9357361234457414503
4ff224a15a2afcf47882ced08b60b495,4e1ecfdccc68b6f17801f49478694601,10786237941116009502
4fc5b91b4d3afe54583b1a90d52c0ad9,250b247ffb16ff941d2a2a5eba79cc08,14947790881747616646
4f484f60d9f483c478e45510f7685e49,f3c5a592995753ba3db059e313f3b6c1,13874211322626063979
4f5c9df89296414458a06523b485a319,c4f67b3c87a01ea4b2cac0b4222c96e6,10146103929329476383
5f10b727936de6e4592e0a12b9a022de,2efcccadb36d5fff1a2b7e9ee2a5239b,11049691158460530397
5f91bc4570b35b349a552e86558a01c6,4db9d9b2bb43674a54c2b103621652d1,13767733858010190033
5fb3346835b29d9408e91269dc0114a0,038e413e693b400119284d2c46717f17,15552395205429394755
5fc4499c8103c26449d1a7fbd17b8cf6,263ca05b1fc6c6b45b025de16869c15d,15018478518563913018
5f29730bdca274c47b0a6ff9c2fa1d4b,7fdfbab67a709ef664a69c4d7ba92cae,12262128790388004138
5f5a8a46e9003d449a65c7a31465ae98,5eb47ac217f9aa0d2ffb7efee15ce655,13805054847201427563
6f23fab94c1724b45acdd21dae9f90c4,a56cba06ceac5ec018d1b6bb12e24b61,9598150249213552076
6f938f8d80db61044851bfb17db92d18,b4975184676eae48af0b01b4c907dca6,10770148351855168255
6fa34c234347b4a478b2a21caab15d58,d772392e473195a0096969e2fc78164d,15050749394713660375
6f34b98eace51ea4980ca28813b11b48,b8c7693d19dc43718bc06683df5f064b,13770765438942560583
6f489a17a4b3c1348a35fb8f67e2e5aa,13db3149eaad5b9029974e677d47ff21,10497413876924715435
6fcb9deb5d937ad4f9f1d5c1c5eadd75,605a4b25ddbe8d2bdffe42fcf3add420,10168136627864785982
6fdbceecb90547545bb6ab78d55abbd4,a8e2a0e955ba02632d28bec2e3fdd960,17462876355080670094
6fecdd9694dc98d4388fa92a9d91dfca,9331d64cbf01d68250c0f885f325ea0b,10178832504884337259
6f4f90a9147933e46bff26b5c2eef7b3,032c0d24d0c4f98874df57433173951f,18120946929287895177
7f40b4209bfe57d4e8882552b074956d,73dd30e523f02b7bd5115515616a1547,16026075778283993832
7fc37ef60febd3a4cb923c5145bc656c,89dce3f42ca951e6d1a3980dbb0473d4,11432711152976488928
7f442fe0c74920447bd147a238647239,7669767742a99ef0936795c0bf204c24,15043267162853553207
7f75b8aef3ae9504cbaa8f83534a7507,a577e6f14c75dcdb1b392b550ffd0f55,10052734037345481399
7fca3302072dedf4ca96f60ba2556271,43221680427339a77fda535a47cedee8,14370276384883881011
7fcfcf8f303064141aefe575f772a0c1,9e74d272a8ce672644284b8dbb1fb0c5,13790522881202241602
8fc17be6809a2d14c8db395e0db587c2,022edd7e73fce16ddc5b5bdfe76efde8,15052277154038101271
8fc287a07b7923d45a3e129fed27a4de,d911852a80629726ae434b2cc9b17d47,12626726772034882886
8f23eaeab41867b44808fc61080d3d11,ce76438ec69fa11a0c23a881d76f8db6,13876293392774346093
8faa4ae2b5606f849bd8b8105c6d9bfb,560247d456a5b340a13752bc3056309e,10778655674342216643
8f7db1593d95479429522c71e98c45ca,7137770cc49befcab36ca9333fd73864,14167837829904153396
8f9d23ff8ae8c884f94d6633de448f11,b9287bfb357487f18a63d2e69e534a22,9775402032481085878
9fd315c4071f60e48833bfb99fe9b2f4,0baaa47cc8c0d8fc9c58b3ca0f7978ab,9295154616081588167
9fa6dfc840a1c264eb94287761c0409a,89c4b95f2b85687f575b3b520648483a,15042157097853599686
9f49faf2c5c8d2147b104b17182c3f24,71f3e00fcc5c1994a089b84d17111a46,14645209835475546982
af8424a172099ac458218aa010b08b7c,9bfee097c6a8f45a09f0ac2b3037a682,15045201701999162925
afa443b81e82a0c41abb0001d288b23a,112ec1ac2d23a0e2ff9eb043c813ec15,15105730290214901182
afc476e87e5e24a47b1da5d24d0460cc,c77713fb09d0905d86b939f3b4c6031b,13879600530528419632
af386c106b5bdf04785678b53d1b9412,c4861b261a07aa7159f488303d613e82,9311802835767841947
af0a1930b3328504ea6f7c2e282ce520,db3ad9ca046b7614becb8b089d92a647,10721219368784259763
af0bd5988f52b1744beedd964bb619f0,18cbcd2a3040df1547912b816267a2fa,9534817135699024533
afad250e612dbca4786a1eb04f54f753,d9152adff9c21d90a13fbe783c14817e,13512377466240421643
bf5131d5f97dcbc4693984dc47f423a4,a29116aefee1300ea149758d11330c45,10506709022337092551
bf5321281b9d8c64a8dde443d90e2a44,b40113fca3ee47e6b0de8e8659e29668,10638680230877870750
bfb7b8aef74a29e4b8eb48e7a562504b,5106e17690edc18fce8a31dfafc5dc69,13841836987912175133
bf38cf0757812df40a7f722c418009f4,9393a0c177edc3ff7cf6f109a15facd0,16636279914733242123
bfba1ef71effaf846a28fec0c08fed78,1ce36c98dc652680ee09eaa2bd635250,15282141930865966042
bfbf54954a12e774fbe1d9487c179105,942ea93e1e257d5b8c4216a068a4bc34,15652658001580646684
cfa1de5de9874cd46a2f333c1c7ac115,5acf8a6439d4cea232bc9a53c53c14bd,13889499547375122136
cf543e415aff2c64db69b53e86cb34ca,92fcbf8b54eb3b81f5a13f39082ba8a4,15052520695595218229
cfc6d2bfc4b7c7547b135b4747b8417c,29f659100d295a52ed447ce0cbd7d298,10405927124598381421
cf08b1017c5dc4b4aad0e65b10569e18,9d4b0bdf94c3ac83a8c8a7ab80fa73cb,10730744471056634734
cfdb1af6e68629c46b4c6c70f6ac17bd,46f2778311ce3264a0cc28817f3e7c3b,15289574295879057209
df30d90748615e64a88a6144de9f9647,57ded84af1c53aba9c808ab0679ad6cd,9487498375344245197
df0754cef059ce845b877b3937544688,033291a42135b85c2c425223b8b8764e,9986850459180682228
df0919469563ff54b895a895330edf10,e2c5743308ae00886497eef22ae7a279,10719200678186413814
df69ba6a0f8533e4f94b33b24841e8d1,de11a7e9944dd014d272f6ae9552e30a,17063157235787774872
dfeb5451e4f1b5f4ba9b30f777dbe32a,72255e6c14d28c2d0dce38886cf48950,15052537188303189301
df0db76bfac1b43449cc6c3803f90ba8,5c1a187c2dab09eda9a140ce15870a90,10123896806573028225
dfde26238c556794e99c2261816bb2dc,931a5ba2ea218469dec63efb44cefe8d,10419990763795729978
eff17d76b3b6a6d47bdeab25b9b3e30c,dbca651e9af7472a53cd8d34741a12f3,12285702868375475652
ef32b9c50355e1444b9a9940076d8e97,a3e9d359305615209570089b8ce575b8,12284647200655755829
ef7aac8294113a343a559b3b0242baa0,bb7a5e6c2709691fb3de2794484880ea,15340749972235302197
effc13f70773334448d59c1a7fd81ee1,ed479101d4c0141810f47b60fc150268,18396596488731347140
efed08ed3c2449d4aa21dfabe0d1d50c,95e60f219184c0e185350aefd621d271,15406052111031761450
ff082c4bc77ee884a80a630599be308b,2ff6999e26820f46b453a49b85288d09,14324853979898672076
ff3ae2a01274d464099fa2192e987e0e,6c576e73dc0164854c840124d326c948,15045781041481989433
ff8ad8baa36972e43961513e6cf54b35,4dce38b67bcb699659c19a400a23fc06,18432952044666890943
ff7ea121335ff3a429e519ed4e3e5c18,ce33afbc2bdfddd646e4f29f8d089fe5,14165068134822228406
0016b635b86612247b4eef9335c23083,09e53185d087ef694ad50fdd6841f3e3,15652022470956753101
00e7d9df93ad3b542969e55ce7e654b8,a571929f9b1f753602a9a56e2548d585,15118916895722334826
004b153b7ca43f04da00cd13e4de79a8,345ab830fadd7bc14222b6ff155706e8,17650851145579383858
1051bebe6f7fe674096b13c1fd1394bc,7feda78a626460ffac13e1335d663e5a,11900641831072618713
10c150accae91b4478337082d518f887,55ed3c3dc3ff6217c90cec0bc5d099c2,12291955985922163908
10fa5603f718f8e48a0d9cc422563431,06a90ec096ebaa6208341c7c9cdecc27,13766644378089747752
40da769f508ce0641bc1193e7a785bcd,a20b3c6f0693e10c4d9704d3928d2597,10767363755437828951
401e89bc481b3994a97ab1694d5ef173,13f690348758a87246ef653dfd0455b4,10467874379162930015
50e393fc41dd2b544bed8b7beb5f21ef,012acd95a793c8f19ce1f04cedae0897,16229077742716928111
50c8d6dec9da7de4a8fedef941c8c7b5,65eee7a1899d185c1d2854af39683ad2,16840826054044569133
80d3e306fd6974a46a915481f6a76971,b8d70678ae7a8e3b82e1f5234de4e467,17641729885247327794
802814333bc363c4e89fada8395e988a,bf06decacd900c8b08ef38474227769e,12297911182622254143
80fdbd9ead4edc244ade02a922dd19a6,b240f9031af48f3a15fe88dd58231748,14742836540794418022
a03930621310a8149bb2b7d91a3b789a,4e68222b94760f23351e87f39b503851,14637684864938736799
a02ba06a051b1134fa68cdfbf005d157,8392ea3cfc706f656df0458c8d944342,17650851145579383858
b01e44eedf8ffab4887db10531cfa6ca,c759baac81ee74d533071879807010bb,17729268706116980274
c0c825cc623ba2a40a3c39fc5f1e98bb,076e22ff36201c0c017f8ec715c0e242,18413069337544226594
d024270928333bc4ea238309b086c30b,eee27be198dad86eb625abe0de4e9c71,10470126178976615262
d099d3ad89cc7c243966b25f833cdd58,d7519d98ee2d6023c50401f95d2011a9,15480606768922962390
e0ea20ee1937d554f8ff6c9f75fbef1d,8586a1381e1b1c25b061c1caea293b67,13961474674783886816
0187715df72ce194ebfdd79aedb6e0c1,eb4adc7934981b6561a9387235c7e520,14190358027149980309
11ef935006431bb4ea9fe9eb5c3cecbb,153d7414c31737bf0b8fca52b905969b,18283700521497923467
2193e33f5c2fc9a44b860e453e72e427,44837afdc3655ab7f7cd581ee2a3d1a5,14919024748882376336
31dbeedbe9a6c834e9c9d42dd1f333b9,1d8d3b30306b52d1ea61f97b4c6ab812,11152764728629884304
51ae8887faca3a6408a5d7fd8d220be5,0c11ce754b59416e34e5109deb8d32d6,9334957930478705817
71641ece474a07d408e9b7e8c756a43b,96c3e7c9fe1c063ae619c54be4bfdc53,13373949745463208092
81b16f92521409e4bba898ef2b4ac199,e2d7c0d865f9c1e0def954809c8ce138,17766141756233961010
81cfd78949a779c41b35bd1ac3d4957e,5d83f5d1111b1ad8d040ecec2cbb61fe,15000714456417728994
91cf87e9a52c2a84491c98284f76e05c,543bbd31b5514b0145ddf9cb20c2518f,14568006813555465418
a13578ca642d4c9478f81232986a6e6c,280f340abf19c3201f21f231c18722ba,13954542358017567288
b1b8d87c9ecc8f64fb6b2d3ce4373c13,fd02083cdeabd371e0ef403b6eb1d8cc,15392610524052239652
c1e251ef7573deb48bc5d1b2389228f8,011e3f1b3b67d43367e26abdff7cfb0a,10472378116212476766
c1d31a690b8e93a4786af6de60c06092,451972d56fd909b4864b22b6d0b426e0,10472377980921006942
c1aae98dd56b14c4b8c25360000b7e9e,bd3262de04fe115f33e276ff981d5119,10434960661463242396
d1de1604dfe4cb64c9d31246a8e43c78,5d915f31cc820609c5326f9d4c899160,15963017786836606734
02b177abbe4fbc7449a6c18e2fbe9cbb,8586a1381e1b1c25b061c1caea293b67,13961474674783886816
02822eb69e09dd947b434ab81e3d938f,7d7e2653f3d165a634dd7e48d9cf1812,10891175365021822329
12e2b971606b98c4e91bf9ccf3e474fd,59260dd8eb643908b1e14cb2b39b6db8,18446592329075654656
122b178883bf6eb478fc3e7f681ba367,c5cb13d7826f36cfe407d9d283af8978,13922947385042067599
22f1a3afc813f24418e8c441ac22c184,e66b81033d4de65b551b7da69a4b93fa,10467874379162930015
2276bc9ddc6ce7d43a8eb2c8f2f4d259,967b8703a11f8fdaf59b9f3af3616c22,9779386156060399642
3209545a12f3985449d0fcbc317fd337,d91c58b8ff10391995235085a245429e,10890791067336599091
4229b775a0fc3a44da73cc8b35fbd128,002c047abe7f6871dac6ebe1dae08a54,18410852309777381154
52b12ec801461494185a4d3dc66f3d1d,14ca3fd37794beda8f86d8536497c067,14247492336713217988
52af748605a8456469af8926238d2c1c,dede5f1c1a4855eafdb0a242a8b2bd86,13699429416138758147
62e10606b18403544af18cee7278cacf,839d5ae2616b5639ced747bbb18d42ce,9510319490801884772
62535b6c7266bf440b9aa800596c7806,dc7a6ae33ff59caa71deea569355c1bb,10435352510692693393
a2616923640d41448acb2100aa85bbc6,05e013fe7c98d541728e140cb7bd8080,14867565557911500659
b2c02f1c367378e448c0f3f90c3ab224,77de73836f4c817d39681dc1cd8ae1ff,15754553368046445740
b28db0433576ac148bcf3d4b132aa469,1bd8cf22f5797f316ab15fc06fdefa46,17651008855771860018
d226a80acc775714aa78b85e16a00e9b,dadcee41f66cb74fabe53d1864b6d7ba,13938708566380198294
f2216037084d99d4481810cb521ed96f,1493019f02998ce90e4cf1da64e708c6,14078648091157377420
f2d1cf76890ddb442baf3bb51866d20c,6ab1ca509f0dcc802a474e6a803b71ce,10499399577609390943
0321766d6ac1e474eab0a6290c3cfe98,f3f4a72e68ea96433c0442c3d3155d16,13777011283726683193
0338faf3e7d93e2478fcbc022d13e081,490b33974efe189bd11099f8f609a64a,10726003434234130605
034c33aff77d0fc45896475d430f991b,7962beb49885665f4330bd83c9a07170,12246058799793168992
13f34bc26b1996f41830bbc7adcf34da,48f473fa04aa12312883736ae741d84d,14085419499708316856
13b67396044fadb4da3c0b1c10ea5233,076e22ff36201c0c017f8ec715c0e242,18413069337544226594
133b094552954f64aa4f77e744113d9a,2fa57c414ce5b118a950ad12776bcd4c,11071719968627664550
4353e6afbe75b8a4fa84bcf6def700b8,59260dd8eb643908b1e14cb2b39b6db8,18446592329075654656
43458faf5c0af7b479c24ce7a88b3ecf,456dcb5b5a77460ffc947dd78b58d426,10797368021826461365
530a50bdccc352b448e5e05c1a8a8759,10c146ade0658cb1f812f332831eaa49,14965548765437800624
531ec1aadd452524a879e8f6b00591d6,111ffc1db1418edb259d438566391062,10472378116212476766
63611531fbf9f4d4ba175313be1d97ca,1c3385791d639ff8d353d1c05d7ca59a,15561100949922065123
63f42824f8a3aff4db6c01addc107a83,99638cd784ff6917679657e078cab851,14715814943021806566
8322793223a533a4ca8be6f430256dfc,954f4c59c5ffd6324418f68cc046deae,10751607774046801657
833569cda80db4b4aab7fed5093a9ace,96c0049add7f3489989a2064c637eb6d,11914926673816744741
a309a2e14638a204091b915126910f45,09ad2732b236ace19f86d6ffc117aa56,9651264920206858961
b3c212c061eccb14ab1e7731448cb87a,469655483ae8f8b0ea623cf1b5726544,10467874379162930015
b3180ec925ab9af42accef6ae03d7a8a,d19f11d0a236b4e6fe59aeb50be768fd,13976955198980648337
b3c957ddd2cc8f34482aacfbb57287b6,a4d02a113d651ee095ef3dc1eea404bf,16484088880618598670
c307d66de5c9e344dafc84cd32a3fdac,2cbc521544a14082438bcaa9c21459c1,18413069337544750880
c3eb177587ac1994da3eea74ca7f0a69,ce4db239be27b652245b591e268039f1,10368394859319983678
c39cd2dec27bd4b41829cff6323b0718,17ae7d6c1639acfb52ebbcf8d162c2ae,17742298464588571034
e30078326af0ef2489bf39b9d7444502,29679a9aaa1a07b3c73de0258842139f,16000024452359591570
e329160002242e84faedab76f5b5c20b,7ac41e5a764274feddd22d782368581d,10470126178976615262
e3791f06fd42a8345a2b157e3f44c5e4,3eb11a8bd946dcfa44dd72ca5800ad1c,10507230606723094286
f312ef3e0c070ee4e8300feb6d9347af,a07cca1c48dfd603febb7b63ffa0ac20,10728013690818870844
f3f492fa21d36914eab6ff540d57d11a,3605bc31c23a08ec82018539262a318b,9826397361222331006
f31b3a0f5f3206e4ebddc22c4caea433,5602edcf9457cf5419e58633cd8f8c5d,18413104522042144544
f31c0c0d608e8ba4f9a1afb032092287,37190a7e0446862966de34f1711b21e4,13942140164398142254
f31f70803d475ad468b4126b37b447ce,c14850ac5a2318606ef5cc8db412cbf2,18377181278147835680
04c82a4acf7b5244e947f2709ec3a6cf,7dceae23859214589971c2280cce3189,10392121867756924359
04ae56b3698d3e844844cfcef2f009e7,70f17c0d3f1c2e50bb66536c2fd24400,13843903008511781355
041fa330734cc5047ad67b11e1136aa6,3ad1d52f6f2406b2ecb977bc9f26d03d,14539837050992232422
14c1e82642e0c1c42aa4b701c85ffe6f,c23d5d2bbbaf4a54669b562cb093a697,10472378116212476766
24b873461827b2b409e06fec985b7bdf,d2862dad4ad8c058193477462ad98763,10463370781664168799
249e731ea67e6de41b9df86b8821faf8,6b9741ff8da5467bb2fe382c55bae492,10467874379162930015
34df8630e7adbaf409289bc19f991909,682f19334ca76137bb1186d9620d629e,13373880476230658204
54e689d52f6c56b40a5440a00694bbf9,e393f780a02d0d23bc730556d9fde326,18413069337544750880
6455a253f4a4df9419477197de8de9c0,00ef253648871d97b74311fc47ddd988,18446215212000313600
642766f6add811a4ab77dcf60253b28a,ede9e0dc5d8f4a086c8a2a6236987e7b,10472377978790300510
64be8301a175df64d9d8ecdc390a9efb,c9a40446b33a88a807a52a7d197b5aa1,11017521137452521755
84931abab48979441a871720b03391fa,b7abb010bf55b633fee5954392cf18eb,10472377978790300510
840b5806090852e4d8c9d173f842ec25,2919b91162204e26e21499ee508f6428,13856920547388822486
c432cd5d0c1d9264199a9fbff563b646,c3a0403872361403af41ba7f46ec0c4c,10472378116229253978
d4c5139be2e2b12409cfd55af3945842,b085a0e11eed873221b0829340846a64,11228744285520880020
d4ee41bc3b628ad488c37fe3d42f3256,bb0db93a43929bd4a2657522ac119afd,15795005643021050013
e42dc931bc0e9d845aff166cf9def351,43ea0b3ea43e1a9c7ce17053c5ecbb9a,17795121840529493106
05b49094df1726b4dbd5a92f11f6c9f6,22a49f32fbeb63cf7a770954c65611b2,10467874447882410842
45a1fcbe5e79b9d48bdc0ff8ceab2173,32651f05b53c99b4a62560dcbab447eb,18099828538068819874
55742c0822b4a67469b40999bf7bc13d,7e6e731d10bda8a0170fa51ca1f5d569,10479129055344610139
65830cc2705549142a19798a2751206a,a4fde580e5de03d2a2b7bd460b524293,16064886401454070946
651a0220a189eb649b63355e40459467,24d19a4730989f81aebff79f52ba1f4a,15768390284915847644
754d724c1bd750048852e8cf3d4a05ee,186e230df44d27d97190bac250abe6e8,10849854751866525801
858371dbf4e130d448e6366fd7f7396b,a68f710ae449abefe13ba59377a042f6,10478236759965445843
955aed20030d0504b8a9c6934a5cb47a,11e1d28867eca92bf2399b066ee9fca0,9294871071049552736
959a87c29f3bca441b8c5479bbd54994,674d487f762c7296312703171c995a4e,15423425703859539474
c5e7a65135d00a541a3a60bd44cc1ef0,5723a44481b53ccf40bd7f6f2777013a,17550924537206702743
c5389008f057f174badfb6be7665ad2a,f56c36127c3c4e82dd1bf887f967b819,17879195226833201621
c5f92795d49795a4bbdb0c5d11adb181,8f6a24e51d0092dcd21435c2414fb6f4,11910713305742334900
d51ba7c57719755498bceb392490c0df,75329a2086e6e522a81b95c15a98cf3d,18374823521348351778
e5af4019ba66ffe4ba4f7b277dc463ce,a07e5aa5b0fcdb98788ac1632cb2d44d,15391484620020266276
f51d9fe2576718a40acfb9d62b7653ae,4b0471a28faefe1a9360e60183657679,10767363756528315221
f5fff1b5caee03642ab77c9984b4bb6a,8becadd7d2b957ee2d53cf34318819fa,11079484229173503555
06bff5345bd841e4f9ac34f83cd2b061,b97087f657464478c12bc035de6a4b4b,13703156313955391316
16a157b081f8cb5428503c224c6f6e4b,924d4c3afbf1fb043cba2c770ceffac3,9798549798366247524
16facf59202807f4b83ad3ae8db53ffc,0f8672bd0b68700596b56a22635197f9,16230550569842313447
3660cb6ffabef864d98359bc434079ef,27023c0aedaf76e38084f2f779442b18,9595741863677330815
36e4d672f2c27324595ae51c1f48ed8a,1419be98fbf60ef0c8f5d42682816e2e,14053465049309168630
36b79bce138c3b747a57cc6ab7a34fec,188ad8959e0442564a4476a16207b469,14737316753458469247
56b066595c2c58c4c99bb0eb66bd31f1,1ff01a563133aa520ec1c0ec5cbf9491,10470126178976615262
5687562a412ac2d458724fec742b9d34,fa22e2aa863e87ad8ccf6997675e33a9,10479133380376742742
867c65cac56521540b50e2d0069b6ac2,750c9aeeb5b08b42c0d90a080ea21e5a,10976459117642605673
b669b436c5edbda448d445cc82e32a30,ddc14e08094bda9a4bc7cdb1d08f6195,13489343892158662168
b62fc98c1f67b294aa414acf4250d0ce,52e9693573c6259d398a5d46d312aa87,11086001030161656932
c68210b3e9685064f88a400d36cf398a,54398010a444e902baea57924eb95705,10472373580743789407
d6d38a65f7ea62f4588100c5b187e402,eb9f8d566bcf7f4cbcb82da713a85170,17725535709252685707
e651c010cb717d444a20fe201d8923e8,4db661652cda11a14fd437d80b15a470,17651008855771860018
e6c4f7a0da40736438da3f3b3738b04e,ff604ce7cbc561a405458a88078e17e3,15043686043434534859
e6cd7bfbc1f15b04d850e8bb71d2fe3e,9950c3facafa46e059d0f0ab4bd02a6b,15535041765396746322
f6cc18b2c40400a4d8c935a6b00fcbd3,756d088fdb69db340c59c0db0fc8af21,15796684960968369396
17c669ee16f1cbd489ae4ea3219ce7f5,456dcb5b5a77460ffc947dd78b58d426,10797368021826461365
17cb43ba83fbbc544846cf60ee9a2162,da9f43692ab3094310a5088b543aa491,15050749395770626003
27193086681062a4b8cd1eb34c6c1881,2d948a006bd7a6667112225dbc94fa2a,15480606768922962390
270c5992f13204c4eb38532b09abbcbc,d3251d020981f7284a169ec4ebaa6a5a,15392610524085663012
3734c76f519b80e4d8834b24da269384,ddf50dbad958f86e3560380d42ab92a2,17585153555034885654
3717d012c08a2624bbb15fdc41b8df06,002c047abe7f6871dac6ebe1dae08a54,18410852309777381154
37aaf28d3729a824a9f9821bfa7ec0e6,520d1e211dad04580e4d16ef183da291,14177924854130888589
47e461a9634f3da4ab8c8a35a796942c,75af7a4a12130cf942e5195340640440,11918452896410879076
4709175437c21f64bab9b061f98a49fc,a94175255aab122eda84a236934a0efc,10865887567014377412
479d337914ac63a488a4f93fc09e8c16,cb724f06bb450bb8ded1c2aa582640f1,10470126247693998923
67a12a507a3c9d94885b252e001e3c62,dc076e6396b60bebb6644cfba1d63e5c,14919164931247288968
77f055f38c1115f42a2df16b0428c4e6,e89849caec375a0ac8a9adb7d6f547a5,16071061117198983183
772d9522cc235ca4ca6f1c733ba36f6a,f0d4c9922ac49cdf7d886c150e95c99c,16484129452969911398
87a88b3a520fa5e4e812b76969169288,eb9d5332271396144765c5faa72e3113,9595761517447677303
97a43f11e00735147a9dc3dff6d68191,3b7969a464aa49b11314152ec9923b32,15036680616419351288
970ce7956eb42f44fb4f1b79758d0b15,7e53955c1f3174ae8240c8a1d699c892,15083267053531543661
a7b1c2e65ee8add4a921a84ffb3fce4d,923fcefb9b4a11fb6a1167fe402b36e3,18377076274644776738
a7eaeac05a54fb24a9b801b6507ee8f2,71ddc99d3674f452ff6c44e8f1295f30,10428108913008403257
b7d26690a3a95ea4fa249fa4d78c25b1,b3ca2db5d01d80cd4dc80f65a5288cb8,15770903252691865202
c70b75f349682af4a82c2def74ec3b90,4e68222b94760f23351e87f39b503851,14637684864938736799
c74ef0d8b852ce5499e2e66fe89874c6,f88766489e2ec4c20eba3f41e2a50701,9782018968965234624
d7a76922e4dd9fa429da15c018ff127f,cfee5c946818b60cbbb8c0052b22212c,9627977825183166022
f7eb2abb0efb6984cb9f57ece54f340f,6e5448400186f7e667a4baf0c71931ae,9754338175767884048
08f05d131790c6546bfc93afe4086cc2,bf1ece63222d3386e0ce30dc01ac1d38,12297876297239669313
08642841cd204e745bccb116a2ce5dde,e9952d3cf6b6433e2267e76d3a4e8435,11327224628636020972
081b4d7ca774c98469af076fddc22b22,604cb03b11c0b8ee76e2976823adfff6,12297911182622254143
18f00d397d4ca894e88f350ee9990403,13cd224ac98f3419e6e55377e89e07df,17878895594371314035
189a9f17a3d79454ea92d518e05e3d68,cbd874282dc6ba8d52ea7e89d0953692,10472377978790300510
18ad08fc001340845b6e48d8fe8acfcb,404738f036a92433f3a9e3cdb63e8162,17069288556666437997
18ed165335e89ec43aed5e6dda1cfc5d,22d75c036cbfa7cf114e7f5517b7e50b,9535038483471215107
3869ace6205ea8f4188252eafefe5e03,7c498aac501c8227da0c86911fe44437,17972271163049580796
389e42afd138e0e43a4c4077f4359332,361f7c416e4204091b45f7062e67de85,11008700122983588816
48e49439736cc8c4caa728d7c26b0591,5653bf0f22ba166ab7d2dca06de2e562,10472378116212476766
58490c0420151554daa53cfc9ae1b81f,21683038609a1236ccb0a9168bf25961,17023986487355982733
68cd25be557d2e04cb6e896145878047,6317c86ace18648bc5f4e107fd35b37d,18346821383916375602
68defdbc95b30a74a9ad396bfc9a2277,8b416848e4ad67ceefdd723f4049cbaf,15017868221181669170
787578eb3a0ae5446999ae02ec0a4f19,5085c17efc35aa48b9827f66177c4d94,10505803257015909324
785b760eb24ba3e4e940aef94b8be3ec,0ea51ee80fcd79192dc08265a3d2206a,17454068036914915738
88d4bf3615efd2c4aaf7789fcc964de0,2f16c2362bd4a9127cfd6ef904f4af7e,13903242197936294129
883f587055c1b514f8bbda345d87bfef,be256bcc3687c3f13abd4922b7eb4f4e,10499399577609390943
d89bdd2a4d47d1843a19aa70f702f0cc,49a683213de9f96cc282618c30cfc88d,0
e823efea81cc0ee41aee5e2c0287a700,5001011b400d936b79e930dcd9ac8805,18377216462385706784
0990706a4f7e21f47b18d0f28fc20492,b68d648034f5b129b04c87f2618f9825,14373658534625228984
094df6c0ff4428441b73659d4186c73e,8ee0582bc1d5653ca59196168f027040,10472377978790300510
192e8490c46a91d46805e25b47ab7227,b844061a7d855ddae50a77f7725d8f2a,10870506891504673642
398290ca962cf624d94973c01d20a34b,ec2b6a73212742e42d9c18debde5ad66,17100291953158929804
49b39b423ac50624eadab980de735432,aa4efb1270fefbd200b4c1767a4247c4,12297875196268444753
690b61131a73913489631e288f25e8a4,3061d390ffd1ac2efb5e25843a5fda82,10982342160048222087
791323c651b7b754dbd40f8f1cde6053,93b361d18ae2247ddcd9dabb4517c4d1,10479133451243703130
796eb2039b369914cb4279ecd6b0ed62,6c229de708dc9797b918e6c1843fb7d6,10467874379162930015
798e67e91f55de9429f396afed0b3077,ddb1688602b9405f35adad5385b88e0d,17768391425743867442
89e889664ee24404aae8ed8512c84934,cad9582e0481bd80daf7d4d5b25337c4,10472373718233074526
99a1dd2ecd1624247a768882e52e5bd8,6a3333664e20716308e6b96e1f826a32,17650868736691686450
998bff1a12983c749b3a2f2039c954f8,9f7dc00db2a6dbd4216e6292a3ab9038,13646626054105684176
a99af219aa9bcd44992b5ddfb6f6a144,b240f9031af48f3a15fe88dd58231748,14742836540794418022
a9fc9d666c2e8fc4ba0e3a9ea0650d7f,75af7a4a12130cf942e5195340640440,11918452896410879076
b99ecf333fd8bda44b6de25f2f1f0e68,b3d5af0fde6a17624ab3dd02cb5ab881,15118916899987926736
c9c35c2a0b98345409e79ba3597991b2,2ec2f07db71af8200eeabaf69f24cb65,10479133453391186776
d972a0d123789cd48b5c7fd93e120587,fe1ac9f1be4f981921517b3dd43fdfc4,11508900062308227094
d9d6400d8efb69942a9f38eed3055823,af6795be33e3bbacdd6a9ba4db8bc8ba,9385080938318775199
d99d062550aa2c4418955e7679055d9c,6a0168b832ba72b3dbc9232540471ea4,18377216462385706784
f988aedbe57d49040a2ac632832db6ce,7172be923ccb0638027a637540906ae0,14956226078865673678
0ab7a66cb81c4494db2ebb75b38a26fa,7d76fea294b1ccd46e1787d7102543cd,15736993068004265498
1a7580b188d60ca46867f20b3ff5d9ef,da3c9049fa576b0597ba00f57df2a78a,13942086732158361615
2a1d8013d163a3e46beeb42891b8d273,c8afb2fe4c55961c6c621afa449bcfc0,10470126178976615262
3af94a51119291f4daaa9b17738d46fa,791f42a8eb0a0123f945731af79ed012,10470126247696096073
3adc8a299a8b0094982971b282bea15a,57dbcaa1ca20a10958ed0bdc79dc45d4,10605293151670063759
4a1646cf39026224c85ecba92d7d6948,dc7b34cfd46c7835b160ca52eb1b2d99,10676693194110037442
4aa61198be46d5d4ba0bcf62b3670745,0d5cea90aea09e74a6356501d1c27274,16027168685646290642
5a363a5e8c776064b83553075b58e954,07cdeafe1e7ba0c38a1cd2fe76aae441,18413104521907926818
8a62554763fee8148a838068276702c5,6459427862f7e79a70354d3a4baef6cb,17650780789720108594
8a74cd00a0e608c45b9ff3482fe6988f,c14850ac5a2318606ef5cc8db412cbf2,18377181278147835680
9aa419cfbb531b446b8c68c11dc54aeb,a0e5cfbe95d20be30bd0fa9b36ce0dff,18413104521907926818
aa4db0e0d4999df45b034536e2fd39d6,d40a02bf874f9b91c3b2fa86d4d8f680,12554046543180811383
ca4a40783b6cfd64290756c821bfbf0d,8ee4c45d0909f154f68f24eba6b58042,15706487395440938885
dac57edba1ee45a498f59b950713da73,eefd37eb93f85021d87a80dca35fd32d,14170641473942727480
da3d5f9c1dbce35499588886d4a88ccc,da3b08ba4c2025a4b9851b67fcefd1f0,0
da5f97d07b5320947a1c9ae887b98802,f1a23a97fe4c13aa1d321bd73eda7de9,9798987260421980928
da6f6d414e43aac46a57cc5a87208db4,68182139355ad2a852525dd063d4b715,10787571828526838601
0b1bcb09fa228d049ba3c9ea6a57e1ee,09e58e29d9889949b22a061a6c44a59a,10759777536858479190
0b9d0ee5f70b08a429177979c70a3e5f,1103c226fdb843447c464009513b6197,9376372514170766332
2b3a6f35bbaa8414eb51a344743ee641,706e9a1149b8e0e06df87efee8c53d92,10718879161626750521
3b1a72b0770ce6347ae226f54415c155,c57d9e2154b27de1de12498d749572ed,10472377978790300510
4b7e0560c867cdb4e8be2b6e69f4c5c4,df007d2465304562deec2b07772e7bc9,10978996766785811560
5bb0631368b462047869d8788673cb48,b0cc45cf78b21910b080dc6fd3d7a04c,14491526632575581217
5ba8298470762a948a90f5ffd592f8f4,8b88707478da6880fdb2ce3709857db8,10470126178976615262
5b5f991febd6386478ce9eb8e5c579ce,72ac76bdef093f80e44b000679fe7e8a,10161104287411603705
5b7fa9a0bdf59864bba3ddf97b214635,0a07c149b7edb1e4f9bbd10bcfda3759,12291955985922163908
6ba23f0563516ba479b56dc8743b65f6,eba18ec289461ae3d9d2c7388e6485d9,13875380849738528612
7b6e6bc25b0d775468e8cb3f9ee8f749,fbc9aae616014349d41c35bb3d6b0bed,13873128504455608230
8bd069493b4a9bd46b525aed81e89ca7,4fb02aafd95e47743f1f13c25c37b3b8,13895268138422554059
8bd14c7643597a74ba2edc10a5e4c4ed,2f973e34b4c3c27150dade2ed1c4b38a,14212074890610022384
9bc1bb57470e5314ab32681a6bef39aa,572da974a46ebc27f639812a1891b090,10943817596933283359
ab93f508a3c7965439d1e58eb4ca4ae1,75329a2086e6e522a81b95c15a98cf3d,18374823521348351778
db363f696ccaa98488ef165091b90807,e136b7990d9e5e2f2792e82b85fbf8df,10481385180190427990
dbc817a6c9e9c5747b7f6261bf5d1d09,da16bf4ffa09211966346f44aec245bd,13958113680711115670
dbdf72e23a1ce0d4f81f4e3a474a8920,0a07c149b7edb1e4f9bbd10bcfda3759,12291955985922163908
eb06733b8ccb361449b1fef4c0411b5d,ef0c9e740f84bcd66c8ba3b786ad1ba0,10470126178976615262
fb414fb59aed1d34ebdcc46e571c7fc8,7ea592fc8d4a9e5aa95c988eb74c1705,16636279914733242123
fba282495efdd144aa3288205db6f876,5cbf18366846ec7064b110011116475c,9941942605329788912
0c54505c04a23254f999a5cdf135baf7,0578152589e4f7827348d5af8a491000,17454068036914915738
1c83114fd8dd1e84eba25dc3b14ed11a,3e351233168ba1fd3d1bd463694839ef,17795121844824459378
2c2073d9b8e75144182eabcaed9dd9b1,0adbccff23c43297e93e4d69e3715e2b,17650868736691686450
2c20e8d8854da4b4ebd2784b670ebbb2,962034ea88df1ea1189f2c87aecd570e,15147073988830310189
2c2c6d283dcf3654baf40001c982891c,990fbeadbcc492f97d60f75151694fd8,11066530431126565221
3cef2d91b6229fc4b9db38426034d5b4,6f2510866145554ceb3f8e0815f5528c,13844030136405282575
4ca458a912bcae449ad24259437fdc7b,5982328bfbc599aa9367aca30b46f74a,18076779442698622242
5c0ded9feab625646989423de4eceb94,b3d5af0fde6a17624ab3dd02cb5ab881,15118916899987926736
6ca6aae8a4297c544bd8c9669aa1db09,4a2756314225ee03c6b3e044d6b8eb9d,15985818028748638412
6c2a8f6e44efb67428baf4ac16e78437,1f5bc7ab99f45dcc7f1b467de118396e,10968067357121567576
7c91f3ba60329e642bc5093fe0490237,8f5d07d86eb17d10f49ccf51e5ad1edb,10467874379162930015
7c25aa5695d55414b9fc40af070b0b94,1ce80705f80c23991466be2153307385,17795121840462384754
7c1a0370bdbab304ca13a31bae317ec8,00346262352e5e2881b19d20ca2be14c,15450569532489096376
7cde11e24b906084aaea25825430aaf9,f725ae0b186c12b47d1de33ab45a0d2a,10472096643651685206
8ce081db8a895a04883ae52f580389da,f608792e56b0649d2a1c228b7b97b6ef,10976740558255383657
9c99b18abde6a5946aab6b17bc7aa867,ad838fa671eebc7e4f6f58252583341a,10031494052013210806
bc2ddf1d6a48e7a45952756ba50e44c7,5572abedfa6f86cc3e2f7a8dbdcb0a02,14152063971146608947
ccf34dd3eb100db4ba276dcf322aee4b,99638cd784ff6917679657e078cab851,14715814943021806566
cc8d59a4f434f90448fcae16d40365f4,ae3de7f5f0d7a665b6490f109f80a686,14771322379063932561
cccf1d21d3edad7419f39382632fcc54,5e931bc759f9938a30fa0826af9a80e8,16450562141939579800
ec567e4f6dbf0e144bb8327e3fa9d052,5795cae5b7ce31023efc4150049eac44,14450136920650299376
ec3ae1535d962784089b97fda09b7651,1cd9ffc118c30556e0a2fafd3baac41f,10840859508445536399
fcb443a38eb162d45ac1420a6ee0c2ac,47462dadf3deb9f08ecbf5a3754746de,18179205731214658505
fc57e488894e13040abad7dafbd2628c,e393f780a02d0d23bc730556d9fde326,18413069337544750880
fcbc61fccc1c19a4c8845734acb7667a,c6922a1c2e48d5b6bf7752d8bc66e661,17599627266390165931
0d90ce464571ac544b1ec0e19956f36e,420fc1531d15bfb22dea982f19becd10,10130957130363260023
0d9d6aa1884d3174f8322e171a6942ff,5dd45f1d7ad211b10ab647475e444996,10472377981189442390
0d4ff5967a118ca4d9e2cbc188f94320,9ba1f033c170c0ede77c59220fae8779,18076605526533230130
1de049ad1f01c24489e86eacac5c64d6,5ec3137a52e7c48bcad4d10367875a76,15245648578239294820
1d6219240e66d3a41bdb1ec622e3d9ba,4b604418889d5a3ddb86e7170fbdeeca,10479129055344675674
3df920fd5cdb7f54bb7b2b3ce0aa11de,2f2bd9a8491ef8364e157317bc33a2ee,16636279914733242123
3d1be4ea889f3a14b864352fe49a1bde,e01ae1fe17d1bb0b34fc9b1346cc8f2c,9736834050707315398
5df8fcb8da24d224ea629ac2238bf87a,9dc23844a10666182f1093577efe6d5e,16068823676329402368
5d7f849256419cb4c92492bbcb4cfda7,89df41fedc674c7667595625d2812a20,12297546430748710314
7de0290585740f54c8f8ef54594bbe8b,f221b839e698df1d2dec792763cd8c81,18446724269934116864
7d81fc12ed6378c4ea2df990cd45be32,5602edcf9457cf5419e58633cd8f8c5d,18413104522042144544
7d199e93a1a613448943c954056f3e33,428e670ab588138feb13baecd7e0b245,12291955985922163908
7d493bf81028c1849bfc43db6ebfdbdf,b4f4791292f60a4802e2237b62ae688a,15039255753023362765
7d8c3b4f639d9f24c9a085811dff1f18,f6a3584c1a10f2d5b4d3fc6e0f427d6f,14122445689059277280
ade885c25e49d7740b5c00d4e10a6197,aeae9ae85524bad0cdeee55404650ae7,11457686209245929500
bd2dabeecd026aa458adffecf259c8e9,b18868337be986c8a8751ae409699145,10823110669716768466
ed0736a1eb519ef42b4892d1db2426b3,17ba591e41d1aa178fd3d51845f6626a,14138531792727241837
edee13f2911fb694780b1dcb29ba8aa3,b7c2f56bef1efcfbab4e948843c40376,10472378116212476766
fdc8c3a324ca81a42a0382beff9926e2,e9e2f047bd02fa396f96cc5b560940bc,10472373580743789407
fd1d79e372e7afd44b90cad6848bb6d5,a50a8b207b052368a5d3e0fbf39154e3,9853712153846939650
0efd5114b601d7d41b4263a1ecc4536a,512ace3ecd57428ee8706f47d51da07e,11017521137452267929
1ed47a7c2c85d0f4b932fd72fb4e420b,e44e014dae8a2e337d6051daefe49bac,10470126178976615262
1e37a82cf2b65d04ab0dee9574f7c18b,44ed1c9e7e6071b506e73ebfd89adcc3,10476881580563057487
2ee3516978dce8e4b9ffead8ac04f65d,d432714e86178138a09b22aeeade4ea5,14049947919486311972
2e3fe864f0e5df745a832e953ddfbd60,7ceef73de9dde5b5917d0ef5937a7e9a,17641729885247327794
3e04c247fb2604af186173fce0bc62de,c640429d195314dfb456a559fdbdc6da,15202212555044594324
3eb88b5d274dd5c4bbd40df572728cc3,4fdd37abae2bf07e003d75fbd3f1e977,17294332666005645004
3eaeeded808ed344db5a454fa0c09bae,7282d3169e99924df0cf21aecba37924,15118916899987926736
4e427c76913a52849ad2b07d60b87b3e,2cbc521544a14082438bcaa9c21459c1,18413069337544750880
4ec26daff1036da409e56d4e58817da5,e99afa534ebb74083f6f61342118940f,9385080938318775247
4e7c964fa5e07024c8bf1debecc3b7c8,700e9a5286a9835d8ef550d2c464aca3,13856520194771183791
7e2d10af4c0ccdd4abef79b89bec0b33,43e9991ab49702da4c709c0296dbeaae,17794975128674520114
9e7d6e38a691c7248a86f40093e35ff4,d69fb4e21f7b64b560032f8824792daa,18088357156989820800
ae89563e68fe4f94c8c63f4d395ce592,a113715331384acfd97722b95fbd0c9e,16622946583125364128
ae4c183280982434193340d6bda20e9f,07cdeafe1e7ba0c38a1cd2fe76aae441,18413104521907926818
cec00bed99215b64aabc9449e87aea2b,40597099cd3b344fb0ed39cb90201105,13670224546864699486
de1a4f5ad4bdf1a4ea072c4d59ba87d8,6e1c6f1b4dc67ce7b2cdf70339c56ae8,10444985333631888719
de2b6a8913b76db47bdeb5897d9cb737,eadc55314b25b32f1a9fb90c3318ae6f,17641601136274352489
eeb392c0e4def3244a286e7955a9843f,923fcefb9b4a11fb6a1167fe402b36e3,18377076274644776738
ee8a88c5f99bc9940988b2e1e7759026,aabffc58d09b70563fe7cdceb2df3465,14325441457718115377
feb84739477bb9746810b9a10918f234,5001011b400d936b79e930dcd9ac8805,18377216462385706784
1fd41d934b65b64479b5c2b23058edad,711ea48fb0a0c4eaf4782fb94e158428,15810543341915019452
1f8ca1932c68f2f4683c42f105ace73e,6988769819f3bd56f0a143020d6e2333,13429680542608311332
2f04984125ed0184b88f5d12e4b9f2a2,6a0168b832ba72b3dbc9232540471ea4,18377216462385706784
3f563ebad3002e34e96a76b94d766ef1,2260bddefd7063470bc5ccbb5510b0c4,10090280876371343391
3fc714a0dc1cf6b4b959e073fff2844e,ba32779494285a2517c0b40005f124ed,15044889410655824786
4ff3db13c23aeb043bf86be43b87e4a8,451ffabca911e574affc4ee0a1148a55,13988066224901428704
4f9d76dc17a61614eb1a7751dd215820,e1da3d2f112082466d5996141ffd5881,10472377978790300510
6f0a2c5b052607f4fade326349fa1cb0,154a1cd76c30a7873afe1f20261cb211,16096551477420486798
6f8a92f3d99f47744a1c832c8c80df64,06c8ceabb968e4f490c33c99b7b2c338,15450286485550161080
8f1852b00a096ba4e9adb1cfb2df4d47,4b5a8e8bbdb129d7b59cfcd64877af45,10479133451243703145
bfd9f3d2607e9e44c97384d7575a17dc,36236b5b338e98cca4f6455432df3405,14283565964716512195
bf7e68a3f72eea64f831f21ac8405a1c,f0625974871d693186eee0147836fa90,14548569525590352064
df1e31d738b64f54589be9689a279863,5f963d91180eebf900a990712974cf0d,10463370780607204191
dffef66376be4fa480fb02b19edbe903,abd61fb690e3df99b4cbd4f114afbd06,13932548454224995749
ff36817d7a5ca4d45a57afbb2787bd4f,a0e5cfbe95d20be30bd0fa9b36ce0dff,18413104521907926818
ffab906eec5c0c348accfdaddb1436fc,8c6f119433a136dba5c8ae74e1dfe44e,9562087047718965988
ffffba2b4ccecc94a96eefceb388b745,ed67d5dc18c558a022d06abb379952f5,10479133455538604905
0019066d6387bde4888d3a1240a168eb,5d52d965d8d31aab43fe2fb77e1b595a,14761448399817747757
008a645f1db8a6a4ba79a94a19cc6b69,f7fd7e4fbf95f9256b7e967d7fe4eef7,15488777321550062367
00cc5068551867549b8066fb020839e9,3b32a227c9fb408cbb693a3bd5732359,13898452427121376159
10bc88a73f09106489c68e33fd581ad9,ce0016a7d4e53510e40c8558f36ca63a,14843754146715349516
107db70c7c24eb746b2d513d63a638f2,133692ec8b695f553de0d99bc55c12c2,16130541706999049523
20367d3997d75184691ed0dc5f51f4c8,3087c47eb46f45932a58aee6ddfbe0b1,18437783326624856068
2049d7a35412d5444b3f3aa8dab391a8,a1fc520a7afd260d9184cf0e1d121c1c,16032246801461478267
3051d1b8e0813b547906ccc131bfb538,516eb4698e33075bb855f0a5c2766f74,14764941187512017311
3042cee7fe0c65d4589b0c9235ef7fb7,354173318de4dac4fc3f82e484bf1fd9,9366649285844488082
306a42207fe811843b0f97526dd062b5,c0ae957a6e006a01feec832600082854,16131779722864520463
30ec80121130b2f4d92f68fc96bd190b,0d4ff7c5fc3db3351875095d5bfa4a9f,16026045582314840431
40430e350cce8e4429aed33f2be473f6,fdef06616542d3f37fbcdd29dedb1269,16007044161134733747
502f3ff785caa0343b570972ed3436bd,e451a9499a2937d55039a80cd1f46e64,16009558813659431740
6062b2520ac41bf49b8343823dfe418e,94fff2f7f6fd3f8da386e0b30e8558d3,14978745863003901711
6085375c45f23c74bb69582f9280afbb,4369c2610983e79425f651c83ca3c0b0,16025482649409434087
6076b834c4310ee49988fed0c98917f7,207f619ffc3aedf06eddf9c7ba8c96e9,16025482580689822703
60cda5510893c3641b72b7f6c8f70689,11a24395f134565109510928ce3a8b43,16097540252037288899
7093786aacaa2d24ba3182ef5e95fcc3,9f3f7fb72d43afd18e55c4ce0557c254,15383815163427834602
8071339495b2a3745af26fd090afea63,88688f93ad22d4a4ef211f9b7e311daa,16109992560940706079
808c8fda6162f84408630e17f11a99fc,7ab08fd594c12c2bfb0e5f2206d16636,16059820338638304780
805e5b60678454c4db8a12f146eb104b,43d0bcc6507ab82a7ac3b3fc0297043f,13893346737212113607
a0c0cba5e8fad004e80cd4955b4811ba,027812f61f94c347f8ac333ed4872fbe,10890680705220355992
a0f3f79bd93e7b742be3d5ba362a345d,cfe7d7a59fe9e43a7cae3d57926a34a9,13889977833586443207
a055accc393bbe14c8224ec49648f074,80f816381998ac171492f358ce91db6e,16056231437289661229
a0792a95645c6ec4c990e6ef006300a1,d1ba827631e6439d6e78b805e937feec,14903311720434706189
b0b5fa27cf039c84ba2d93814df6dd3c,8f06b2b1528f0dd0c425c8a8ac56fa2a,13889977833586443207
b01d70b26faa5eb4f87ffa7e907ece2c,469a24988d6e77baa0bdc1aa609df456,15483147213202274079
d061cf7e7f1a2f64bb5592948bb3a8fd,05ee37e4686ac4fe5e9be460400e51a7,14771802140019008015
d0dbfadbb3c6cde4aaf1ca9bc78f8266,6653651847eef5f9b8544a9d9d0a6815,16127990466760094520
e04002e53021fe640beaa192ce3b7cb0,715535b4d7646fa8ef1dcdf624cd5373,10851025731680037225
e0b10f7ce233ef14e9ec61f7eb213346,a9f39396b9f2156adbccc1f601ffaa9b,14836998781533168415
f0941591b51aef94b94e47c35551ad0b,a96f367929087d037b4d2d8f4a982374,14978886702647758119
f0d8909c7a2ab2a4cb8f30a0a02e2b18,9872374901fbbc58db7ba5954b93b110,14843789331087433742
f0f95db1c57f6064292cf765dbfb8fc2,ece550d22cd0599f8a2159971c8539dd,10890680705081993112
01f42739d280a63478cc04ab5066daf5,f596b4af73611283b997486be685f6d4,14912500887918749999
0146ed44bb48fb94e8e0a72210dc967f,42b43729c5b2c2dbbcb3a065423cbda1,16127997329868792681
01e6b2ecbc35a154a93cdf11d80004cb,79f20b7df8be302f1c6f1beb462ca98d,16073453718984659821
0188f89c98085e64082fcfbd9deb38d9,f1ba5df7daef5c6db38bb7a066c73eab,15483146904018092863
011e8c5c65d16844b977f0027046b73e,e11b4ab5132bb1eebfa49e699e8fb8a3,11256281952536882637
11ebedd0ff279e84eb36f54cbda17091,d7201d38f99e2baaad097e66df55a4fe,14843754146715349516
21d3c1c21604e264c8b11ce7cbdd342c,520cc6559acc4252d3095ff71b6cf71d,10890681253764065176
21f4e4b71c36ea34a8c2dec8ec26a044,106be909121b30886a7dda2d2c9f9efe,14843789365346304527
210627a169d78814492224eedc0552a5,017832564d811917a3f08b000e581188,16026045659624513889
219db3ef60d9c254c8478bdc18605af8,72cde4cf69db534610890983c7a11aac,14912432993075734799
31a2b1f90d96fbb448848ad3f0e456ee,6d00f638e920fa8ea78bce0b24e219f2,14912500887918749999
3185b2a38162ae94f86cd95bcd4a811d,8032f33e212616fc5fdf73639ce86b81,16128287884571322157
31e6b2a9c145e784c9ce736520015ac5,1f04e07309587af21fbb106956d479b4,10895184304709101464
31ce8aab60f521e43801cbea3c697d60,b6cd5c7854accd97edbc806e727f6782,16027574328287560511
411e26c3f2dc177469929ba607839039,6704bc13a4d349e7629c7c5389a4e541,16056221348242858793
414e09e074d48b24c8da0c9c4d465a23,9bc4490a43e7302de4f5f0c6f74dff50,15831908477674922287
51513356b2a4dd34c83703a9aea53439,9d2438b054f375539dd28bb96a1d236c,16097380036601455087
5142b5b7a07b9784fb973b3a077c5c0c,7055e29d1fdd80bdc82b4ace2665c4d6,9455079588968639841
615b85f7aaf7039488a4546fbf259c3e,74665937192a1452253f8cdb458615bb,14803292153038514115
71809c7e31f971a4094e986a51771858,dbdbcf8f9c3d785174191559c7b45686,16097399518304941011
71b182ee4670af145ae7dfc4fb7f232c,11d421e817dc29b984d98502bef565f8,16097540277806838723
71028f242c1149e40ab359c40e5615b7,cf0bd02b0e0d3f63f32cdf5aa74b4e45,16128271941635945363
71d2730be6e28c94e83b3b0396150f60,1db0d671b1d2776f7c64399781842532,16058473076148478829
7165c6db87e7dd44886639abc08a6b18,178c0eccb88a71f4dcc1e09f2616d9e6,16149362769079169055
717efef7c26b8514ca7d546589e5bb0c,92b54f79c871539501bb014a9eb52289,14903311857901904237
91a7636eecb10b544a8f8ed18323936c,d2877e169a837ee01e8c13445f890f22,16128287932889442085
9108d5f18c3be7240bbc827a73ebc3af,9e8f9573bc78f333676c9c8e843d125f,9738604051802199590
a1301712be2021542b4cc5f2ec4dc09e,f8d9382f1596c60a4c64dd220f65cd72,10838310073009804905
a1d5f6e4e19d9b04eb9e0bc2e53933e5,7e721c23c72faed765b0633ede4d9c6a,15483156794087016201
a15e144fc001e3149b21dc0042c5f194,595e460552c523ec55af335945a0476b,10504758793954796970
b115d8b8ac85eae4a8fd44a8798c84b8,08e1a4ca1e827e287c6d641a03291e55,16032194025448618906
b15ccd694320d684ba5bb0ffa40e1ee7,94b6004d5ecd95759b0998968fe7d1fa,15984174720470557989
c1243200fa9f3364a9d2b86db14ae812,9cf2a345fce907ef1f94bfd7026ab238,16127990466760094099
d1eee36231a396340833a1019507806b,3696e23e69ec1cecace0212984526afa,11053691219557835931
e103ad8b7473f7e4d86758729e5cb646,3368b4900c1c93f63ee93b32ba92a865,14878146621071244047
e1aed3ea9f0574949a5e751a49e8db87,a86f6c03f2bcc17049df8f1c32f09c79,14903311857868350317
f1259558bc2113448ba72aa535d23582,afe3520d0524773ab783b4a4e5ddd6d7,16031068125541907215
f16792106fe91994686df3e0e72b2bfe,225f87972531c0deec5c5750e305ad18,16031068125541905183
0205f98d86176d643984bda2eb6b959e,68163aa1d8bdbfed945120aac4c3fec0,15491028512550303515
32f28e05fee854c4283b9aee165f776c,4a2d57491331e74cee805480d8e6d89f,16056221345054271277
32af2c7f1161b9847ac401c65449fb80,35f7c1cd73c722f2a19e1e716951facb,11210110175917794405
52a6340e954a35843a8ecfba46f152bc,68c3dcd8d06615167d49ee3c1218519f,15451262920576547615
72f4e0f86971ca1418d4194deae3604a,20900dd67a8bc77aeeb7bb5e85ad5ada,9252222782479438792
7225461e2fa565b44a3f2ddebce9903e,96c7a8d8cd35287bb0d8e34138015dcf,16128289908309364007
72bb6998f45307948ba973c57e115933,1845085cd92b24811a5af1cdc749a22d,16084149751293485421
9218d1148672ec949875c37faf6cfc3d,737417c6afc9aa3b8d0d214eb26bcfc9,16124963579299107699
a2b404d762e962749bff9a8abac15188,cccf8c445a2032a8a7ee40c39b1df073,10316107901446965874
a2887b32ac0654943b35867a110eaa24,cd56261036f76acb266e031b02a58ac0,16128271958782453528
a2ce40228baf09c4ca891543d925a558,5c5f6e361d4e259a554f54c27e4a8341,16128287915709575975
b2363c5e1baa28444a4f6f6ad4013191,4be6c3fe86aeba8b8e98b6c1953ece25,9366651141673013138
b2e8ed135affed7468d7bb6cdb3267ae,1955097a9466b63c67fcf65c3201acbd,10851025731680037225
b2cfe034b4c343c418aa13632d5f237c,412b5d55e3ddc2d39a7942facf148561,14764941187495764767
d2ef613e14c3bff449397754af93cd4b,0e8fc9ce3836489be61b738c00f10004,16027740178439289660
e29c560a62d18394ca8de9507576f03f,c311e9436cd3ee3e54137ecf09200f77,14843754146715349516
e2acde5e4895de242a938939f867c9e3,4ad09ca39979f4ad96361b3514cee0c0,14978852729457224997
f2207f7d34d638c41aeb9c7d05d31558,20bfa790ec7de4027b78014a49c89f82,11447849614210831903
f2e1c8ad806617245a1b25d175d629fa,84e00003f826b26dbe1c61808c413c71,14731234559017497027
f246868de5d317243a5f233746259c4a,3eb00f4ed5afbfccabe0b3f97624e8d9,15415867835059983856
f21ac87504b68ed458b85929dc85394f,a988b6a27ea262b1d07296b6fced07bc,10496323779831304619
f21d5c7561d070543bf29894c97394da,0af759c3453cdcc36cc475f76fa3f116,16097399514012070867
0362eac237a90df4092e74e1e349c86d,c1a77a032984244a5aeba09a9d45da82,16124964687398572913
0367a3188c82f2146966130662735eb0,2a89381bdf66e672699f6de2e993c7e5,14878709570890447631
03dad938240d1994c9cfcd9d1387358a,93008cbe1c0d6e5eeb6f4c1782755602,14912432718197827887
039f2bfe920fdeb48af83679cbef61f1,3a57a2ae97a55f5dae30da7075815859,16109976076337222640
13db39b56fe95cb41b65f3e20bbc91d8,d4ee9defee87c21b4c4894d8b6fe644f,14841607934243250703
23f5edcea0dbbe44dbff3cc7c83b5120,2848ef192e4bef7c97fc55ea961af04f,14843754146715279646
3320a241f6ad9fa4c97a3d6429b2326d,dfa39b891db9b07b70641e3590c376ae,14764941187495768847
3391455c7d167fb468338b42e844ebc1,94942fdbbeb30d8a9de061d67fe09e08,16066548317933805903
33f4f1ac5b93650489e39b7d3478f46b,0a034de8df3aae9fe05281d99b2f2b1c,14978745863003901231
336e56c87fc091e4580012a2c513b872,3e7e48496e8eda67c1af0d572fcf4999,16106950323248829283
634bdc84621f4a841a520abb5d7f2e73,d809a4a867cde90cae89c78b86492bc1,10838359533824666038
639c79d3fcab06042b176b417ca7aaaf,b92504578e602bacb36bd23be44b0da7,16027600248406881151
73ba76d1c9999d14dbdcdc5bec224418,d353be3f60ae41bcc05a1010657dcbb9,16007607111617948031
73eb9a1c54813314a9ecf4a8626c970b,928e4cb219af910ecdee3108e7ad9bf1,16058482090447105805
9388555be64c88245a895eca38beaeb3,068d5588c010b0d043b3503c926e1b5d,14905560582619554607
93e983b2da5423c4381efff10dcd92ac,1f5af0b078ea0658e7b075619588226b,18087407145038974144
93ba928b8d95f3d42b42965e6d614c10,c185db86ab2d8762dce45d500e83c335,16027723398002064159
a352d25405379e6498e357681a645ca0,a7164636f7bfe2d9c5a31b93221ef77a,14951840537770074271
a37640ad6ee3e9d47977415a163e2873,723e14d8d3f53f82d6eca6cca342377d,16066548317933805903
a3eb915f2ce145f43aee51738a1b28f2,dd628429ef366410bbb53f66a083c2d1,9346665142338080621
c3b23f7b201810f4fa677088c0d25c52,6ef50c31de2d96b352a7b311c5b87b10,14145325545423204120
c3e4c01a4b7626c4297acc1319bfc980,6a5ff705fe27eb9484ce0ad5352a6948,16110274035917416719
c345bcc69eb76524b94619e28afc81df,ec2883e68b6795b966e5b32afffaf39a,16025199035542219121
c3cc8566c61d5cb4ea3289b22bb13edd,a7d24b419fff307b79425e4dc1358254,9828251200320239204
e3f799f44cff4304386eb8de2e5bc4c9,f61e720662acbe29ac32ae32844b1ea6,14874672495157194930
f316a2de0e843e14c95cb214baaa701d,40b443890008656e38e11f9f2679d222,11215457083783016761
f3075bbf1b7f83a479486246738fa163,cc168200c9dcdebe2966e19ef4c0d96d,16010068987048559540
f35c2d426f156464e909dddd441af728,0024651b707155ba82773f131252d28f,14843789331087433742
14001e080e5ec8340bc29b2d6fc37423,e6669bf5641a7bc86602dd00d6d0ed41,14206973830413433543
149d18e0300798848b7e6be8b4c1ec76,2fe48a5aacc0f82ca0e3a38e10c67554,14843789331087433742
24c48fe61f1652b4a922bbc41d04b420,c9cebaaea930e25d136fa38dfe9be005,10507860113464586994
243f269c7b5e14440915646d58c9442c,3d2928b6e0de6801f9922eba27c984ee,16130539457556787559
342776460e983b743940a97e6a270328,caa85677a3d170360a4fafea9423e18f,16065422444065202479
4423ed6cbed6f8849af30b6559ba8812,c9c03c10262b923c488b6aadb62f5c2b,14769515155833758479
64980b308207e4a45b1f9c42100225f8,3acf441a70edbf4dad4ffadf9c1f67f3,16025201234565474657
6419448db8c14e74ea7742764c3f870c,e39fd70e81fa1e6a57bb345d6a7158da,14873124026036401127
64fe0448e34930140b453ec178918e95,302572760620d169be8eff7a79741c16,16012682198931346299
74b6aa091b725294386839d313e5c77b,32bf55d7efbedd987905331e33c8e35a,14841537565499073295
7477746eb4b2ac24dafd13074055de3d,fd3a7481b234b8d22f113749cd363447,15483146898733468479
747a6d472c1fcaa47a9677f56c52311e,cdb269f05f97388c0ac35e675e039c28,14906690880572891439
74aec82e28671fa42b9e3ba20c3b8a60,bd77e90696517cea88503871c7eede45,15488776771794252575
84a1413a20d62cb47b817fc5d8bac060,e7c94936f00b1051bacb1a1379893996,16128271941099074483
84bb3144159bc654a981e86ed4451d7b,59fe54377b14622bcf22a967da539662,14807725349696315806
84bd828e31592564ab68042de27fc59c,5882079259dfb5fcf99a71e5ebd9eb33,16001061779197068280
943a17fcc0bc8ac45a81a1c3889416dd,260aba52cbee03b83fd263296b067b60,16130539509095603495
940cac8b2a518dc47a371c0993012547,cbbf05020d69bcf1cfb4a5095d672815,14729009147482874343
947de9ce36348034da8df05f2abc892d,4794f2b4c4d865e942f315f381a5659f,14878744823428363151
a480e7bdac56e304c8518dcd423d8653,437f68a2e4b34fd25b0d9ce97bee9b97,16109490350158451561
a4aa3f079a4c89c49aacd18cc00979a5,4babe7685377e5ecda0fcb4d958fe62a,14512353481125660569
a48b246ff936ad64696eb06e2a36cd8a,076c31b704ae02a74bcaceef61782eae,16109979366802268447
b40bdbe2cf5a3b64c8dac3a039471ebc,cbec6036cb2401207f0791652f309c84,11936045732788001370
c479fd30df23c6f44959d5b42595a588,3e049b33c27dfedd18e3a9d1f3b8454a,14978930786158259503
c43debaca967ef34d9ccbd3f3456512c,44b1c2f7936ab4e1c233279acbeae6d7,14843859734056927759
d447ec9ae3e02484fbe9433d5b443e39,e50f1f12836dcf3042e1a30008f33dac,10686597237314017640
e4b79b4dd44f2af4e9d27024d06809f9,bcdf42900c89c08506dfb2c40aa2eb97,16007044161130539451
f44f5dd950529dd4a9bbea459c2b1e09,16ed53ccc6b2286fd477f282056b3693,11615450076862916173
0563244ce3e0a4b4cb877e45bc519d51,e920b19ba08e96ac73b71069c10c89fd,11053072203064449390
253773588289fa84bae5f553ecf0f450,78184b422262445833431c449932a7f8,16097380002241982963
250d94dae20bcef4f803dd5aa877c041,092a8abc5342d32e9fbb50249ca300d3,17345631314685489231
45234e796ff8bcd4cabdfb651dede01d,6fccb1ce97264d8755ab7e3fdeccea30,14902072728666321863
45b7ffeda402d554c8d41d33ce8df6a6,783924fc25bf865016ee2978ed03c1c5,16090624637193950055
452861777ad767743acb0f7fdf3be532,0672d1fc70ca9d1c6d6d7207472f1a4a,14843859734056927503
557990ba4fe25544ab4b9805f2d7ec59,344ae12020109867a084120b5c898f57,9348934534706646893
6513ac53f190c9c4ba74c77169b53fe0,1c7f5ff27d113c7cc9c59d0047a9e692,15483147929341854521
6567ebda0ce6aef41a441679d9e948d5,09998cdba3b16cdb40232621f910cb1a,14843859734056927759
65497a0f6261ae64e9040377a5989bdf,e3811e07f8cb9874bfc6735a809ac755,15836692826428286439
75948e1e2faeb2849bbca2224976eaf7,8e6f75f75bea8e812acc6e8c306ea1b7,14906688372045188877
75be7a4651acc554ea8798807ab6172a,e33a88907f7e150a38e8047e19629c98,13862994020988555165
752fbd46a0a1de447bdffe48ac01b2dc,6f2444c55d9fba16fd5c5a775bccda70,14978746000442854695
95114a1225354f24a8f70e77d1aef207,6637b209d3b30c5ee7294f2f590e559f,16128270842124320051
a5a502f735c63c94e926e3f3544c0c0a,276b7f270ddd60e1706075a7d66ddd75,14857992884823641650
b570eb446210e944488d74b4b813826b,e4372a11e945e78b77f341140b8f5329,16269005408545071555
b595d0a500735c04087e2bbf58724d01,1d8cdae1ff688725b6e76335ddbd133a,16027706080693926686
c5202c768bdc5d44894e1f7ed1618c31,cdabaa455b1a311fc46e4187901160fe,10417155993221742126
c505aaab6dfa91c4cb2d0560ff09d7d7,ce26586ec5bf7919e7d2d2e8125d8b8e,16027741260770982687
d5c4a2dc7f085c347b215aef2bb394d6,c30ad6c940d065515568d029820280a1,14836998781533168415
d5b94cbca34fad441ab4c55746311359,695c27f3d930f97dc585858008f375c2,12656611108269773904
d58e81782b045dc478a9c7d531ae9f04,722317db43bf4ffb3c5a5f8baffd745f,11213511827393296485
e5a1b84c5dfa0164ebd9b7e6a037b5f2,807b47596d55f04f379d90e29b1f533f,14836998781533168031
e51673de285d95c4cb046f0ec530ee52,8c2f89ab66526f1c1fadbe3861b94cff,16128287640831013223
068dc8cb01b2a514eb9345f24016b46a,74bcf3fd5ae4ca4a93a6f21a8c9bd9a4,14912432993075734799
1671690edc209c542939fc6ed9914bc2,9032614ed2867cd18bd254731350daf6,14841607934276796943
1635ab046d417f54cb23c20a4230e374,dbb8e6eb631660144fea0e8e57ef58c6,15451262920576547615
169ad92114dad0241898e8377daa8ed0,96a8cd9ae565c4757a1fe3a63c4f75ea,16128270292385283853
26825d4baf433cb4ea90439bf959eecb,aa6c36105937f002eba5d9e0b776a934,16027723398002064159
2637d8804429ac2438be3c401221ebb3,a1f7618d13fc359f8c63f35ce77a6ce8,15483218366738019853
26494b2e4c186ff49bae4d53203179fc,ad359019615005934cfb69f1535030a0,16059776013368373309
36d2a196ffbacd747b7be8400cdd48f5,c67dfa1c6cb1aca372c19aea0c1c5980,14878744823428363151
364e60319640bf34387be7229c64862a,c2212a0dcf64c851544de5e1e54f8c8c,16112525285974764815
46754ff6bef488844b4065b3a414ce0e,f74fdb6ba1f32c7473c6d2e7df6d0573,14730697963098743295
56215827d9b98dd4e92ea9b561497b05,c255193402494809692291859599aaef,13893346737211982535
56675fd39cb421442bb11636f06827b5,378654670b4d804b5efae5a5ef667fbb,16027706076398959391
56dd7edfb8311d44991cea4749fd0609,1630401b35418e4006c5832c9f23561f,9301757088048321342
66d22632f55f8404e864f43220c4573e,f689ab6a6a6ca724164deabe5d861e20,10890681253764065176
86a0a8b7e39a1eb43b3f42279f1e7d52,c3fdd85fd173f16eb0bce7946a0d428d,16267879525818098115
8624b16f073ac7940a9823b7e1349c19,8d64c0c5ae9e311858c20e53633d3e9c,14836998781533168415
860ef233f3d72a8408665af2d865e460,9c283de6d7126b6c900a44c8203a1c03,16027574328287626046
b6686f0478e0f5f42853e8afa9f02e14,f55f5cd834b09a87b8fa7bae22e4f122,14857881831642903352
d6006d09d6ccbbd4c8950e911dc3bd6c,78aeef0559c4215b8136562b0b3360d0,14912500887918749999
d6166d14d169bcb4ab87b0d17c8a7b2b,1954ab5861f0bfadd745ea4010bb6719,9348354516181667730
d63f2d32841d0b440a639715b5c697ec,b8131c90d688385eb9ec40e93ce111dc,14977725618373545255
f6c63e1ad4faec749a096deb6caa7a8d,148d893a25dfb14145931f84385f66bc,14843789331087433742
f6ea4c985c40b1845891f558598740c4,8e683fbd9d6322befb00185f46e2e0b0,15483146898783732543
0709f9b45989ea646929c05e1dd7d13f,90a87f73b987b551ea574c36d8e6e968,9243215721734247276
07094ec5dd0e68a4f90afe96c7a3f501,0161d804bc474a6c4260288c849a38ce,16081335963096330477
1797957d26279ac48bef9aa3fc1d7038,58585c5648b13ef401d345932b28340e,14831253077351016247
27e08932f071af64787d8476afc845bf,692a0f8e84cce67a9baa07c90ba57ec8,10890681254837544856
27319ee0e0272a347b787d5b781f6bc3,31f2174f7c2a3420f0a56a1c317a89bc,16130539440377182503
27066b20ea6b5524a8d00b80cb8b17e0,2a70f4681c1dda49dfe848de0e3e2d22,16082469576889275198
2747f20917477264f9ab512b9608b8e8,87ab44f2b576e4b2af10a7c9199497e5,14735738175956853186
278891e7ae701d242909529612b0e96e,dcd17414de4e21ee7816a7aa1bf76c77,10769050764996537358
67f47d7abe28a4a45bf2743c4e88b470,2ea450f1c534c52bdc4617f39c27b887,15543110178273696555
77a7e0c15bbb70842a49f84cb4efa2e7,91af456f998efc4b3cf6b16d7238b7bf,16128287932604493605
87b026da329620d42922b8a209ef5b61,22ba361e660d03d19733e2c833ebaa46,12274368003360074411
875c2b629f09d6e49aefc0f29cc0cc0f,ebeab19441d0ce80505c7c6dfa9b2102,16099649394240664019
a71259f7c415e1146934d1abfba69fc7,836f945d9a064a04228ce9315ae8c903,15984174720497889575
b757044819583ff44b16e31b14cc4827,f3d45e2add2788a3fdf0d2cda9881ccb,14878709639593145231
b72c2170e12f497438034b65399d9b9a,70f27831c1a671135979fb7a0a05c218,15844574362267820400
b7ec60fd2006bd04c85a200f107c8460,29bc6c0974ae8516100c88985a2f82ee,14834771514572033319
c7f1ff1fa6547da4a8d0577bc4e4328d,8c8e2c9361bf370f1664f1333a6596ad,14803221784311247239
c7e8f010a0e863640b6f1cc8299d372d,1fbb838d394eeb51d3f458676a44fbb0,11067990149196847577
d72571c2d6cf8d14e864c994d8ed5ce1,93c2bd6bf377e6c97544858bf59d5382,14843639797506056247
d749af35834445347842b94ca2967ac7,d8198189f347da0fbf091550d778d147,16082470676384056959
d76d65eda84fa124ea7c789da89dbb1b,b788bf74d0ae7a45a267cddc27df9eee,16058474029633446764
e7cc800fe1d4bf143bd2f4cffed5120e,5ff8b52c237c22b0a3b4fa4222305bf8,16097380002241716735
f767466a88bbe1f4b910313bf6420e6f,e3609fa69972434624d98554ac2e7f22,16084722475661014587
f71895c32547d744baa1569e395df893,6bf6fcc1339aa7bab41c38360445439d,14878742556237314831
0822e74e1caee164fab577b94e82ade9,e82fb2046a62374791b92675df2fe56c,16027600527588926260
08e24b32c76e8e848a6db37bd4afa715,3ea15de1d00f92d8ed5b2687eecb3ba2,14878146620937157391
08d6b86ad76f6a84796d7b74487a5958,72ace265af9ba1a437b67314ac67a867,17933341481356490992
0898f82265d9d144bbfa2fc442f72b53,4ff6aeb06bbf3e3681897382bc237e31,9253911606770583268
085a5f4ead58b364e933b1681e34702c,db949d230a9f1100f04a3995a82aecd8,14769443687611511567
08ac4d614b7cc934193ba7d7ecf437a6,4cb4fe35522bd7e834d72191cdcdda60,0
087d8e703d24eb645a1795d8d66d7a34,78c7e6e27d8f18646b477defb016842d,16097380036601455095
183592915454ec44fa07bad71843334b,f37ef03eb93140ad99c483fab0c0bf38,14978746000441223471
18b5f52fd5b44a84f9b9c5b3f87ff346,ca636d44d0569f764faa7dbcaa08b594,16124964721758310963
282e6bae2187e4c40825e4b780827cec,548a2247baef8d4327c0a08492b0ce00,16097380036601459175
3843411e88dc08a4385ebba9ac6ebbed,cc98ea1946bf7fcaf10b0635990aa823,16276298358524410080
389409122ccba2441a72a486d6dc4cd6,4f795dc306cf191e4f10c55f496d02a2,16099350327212515583
38789e9b8dca9e842ae2a91696e56d7a,1e3ba8009aa3804d06a997bdc40a30dc,16056221343947892521
388d4ca6aa6c0d4499826c9b5b5e0cc4,e7a6bda84970150244773615b6653426,16065422418295398735
48e3bfef1cdaab84c90caae23b179d9d,65f3b04fe9f6505c93046ac5726d010f,16128270292385283865
58e02f25cdaf53343923b62c3b92e554,145a3e9e1c6fcd0662d35ff04fc40e89,14878707440702143247
68281d1e550b69b409d3b8c24dd41065,1a84dcd1eb5aa6c0cdae9f9183fd1fd1,14912503086807787823
68b8ea0e6f66b1f4b92657af90924716,0a87a6d015b3ca6049ad357ad947afcd,16056221343947896616
68ea7679ff4dfd2479683f45bdfd29d9,2c2c997845149c5cc946a3b85c4559ec,15483147997992945465
78239492be27c35488f2e20b00776f33,57d7174266d14aa96bc43eeb835b4b25,16088935787300139879
9830d0314b27c334ba9d201e1f6ddcc3,acf9c369a22504f5a1940fabfca5ad81,16098532238630861624
a81073833b2f48547823ac6a27d10e2d,a7226b628c3779071b8b12ee8a5a08bb,17933341550075967712
a89c2a270dd2f4f4aa75950a88d494c0,3e6db0bc3765e02e1863d5851acbd319,14781717583156241394
b89a8745d729cd944b2eedbb357934a4,73ab19d4f38f2ad9df8e38de8d07cf68,16027706076398959391
b83b2bf91e5e74843b85eb5ad53a79c7,ab0a78a92cd10be79b2682ff75322624,14729008838245753831
c825086db39c2f94792edd215087fd22,8f465771355fd09e756c0b69bc4ba314,13889977833586443207
c88c712a646244b408156e14c70f2c98,22ba361e660d03d19733e2c833ebaa46,12274368003360074411
d8a0841f0a6317a48bff87c8a7d3f5dc,0e4df69cc2b819603a97da99c8de4dd6,16082470675863832447
d86b40640b480034899a4fd45b6f38ac,0521f91a877131299140057c61103617,17662825132820867589
e8dcfd4e7a6d72e4ebeaccdbd1bc9131,5d3e18dd7ea130c50f0ae129df989259,10693651736811769914
e82fa2d543021da47ab5d3d7f81558dc,23adcc4927df70101eff46b9415d9b44,10890680705081993112
f83156796b753274b840f9870a45fc49,26e79af9a92755bb5f5edebf10739dbf,14946730088658252178
f8e4e1df8aa58334e9374578c61f941a,51d6f054758fcb095fe7b8f32a2827a3,16058472938980057964
19b6b41d58ee2df49ac509aa06d3d456,acec8ee09bcba04258337febb33602b0,16031120901554766715
29d1db546d0c9c04fbc61bb67a7193ce,4c404de38ebeb4a2dbe6a0cb97597147,16128270842126414643
393a74252f67d184e863d7e9b6c82ebe,31c051ef8ff09232e1bf73351b006d12,14874813151175192806
39ba6381c69d18143baa14b68494b70c,669fc93bf56fbe63d8e1081ffe14a626,16097540251500426131
49b2a9b17f5c55f42ac2e78628dd8ed1,596a3d9b20b154e830245446e2938c4a,16110053300103484265
596530d0f5b29dd4cbbf8bb0b8ec3c2a,84d3e3fc1e65ecf50aabe930d3a58dd8,16098532272990329657
69b56c9521e7dc24a99e591b2157d87a,81619d85871f517e0211524a1b9bbad2,16081335963096854637
79228d5194dcf0e49a20adb91e382a0b,db425f469bf2cc1fc0c2239b2805def5,16099367919263953395
7973ec5369efce644a73e54be5c3db1e,6f0c27f7f78ff3e8702e9c8a6f7a0627,15451262920576547615
793f53e17ef25d248be1b9f9a8a49918,a669f9ebced7689f5ef7307da3515a9c,16059398193667970975
99efa3a011c15a8439f3e9d157729789,0b0a51fb8b8369a959f8fb649c398b14,16062423324086436639
a9646e6fafdc1c44199c0b902640ff10,633bfef5c2df4e709c0ebfb7818ada6b,14899650507066953414
a92b4f681a779d647ae2a6d43bef30d9,cc93c6b6dbe34d8f4f4585190a08191f,16110256512183511404
b9137badb4ea29e48b16ea83ad53b085,ac20c5f24dc2264b1d3f9db8a2189ba9,16128287932621006631
d9a406c71954630409e53f6dcf887841,a06d5bd1dab74a37582f300912df4a4c,14834852534802317343
d95b8154668f5cf44a0100cc5c971ede,3fbdadf204e0513920229f6e51f40032,14912500956504009007
e9a8064762d44c143bbb7d1fdf1cdcf1,d9f817db8115672876c272f6424e550b,14905560586913998637
f9a0cecc5fd64dc48ae0e69c9177984d,ca108fc7e3e1d881e4e78f49e1a728b5,16027600523293172543
f9c2e6532cd54474fa05633b0aa9366d,59736f070ea508f0594df901658cbda1,16128287658011537773
f943789695b9b1342be0b63ce807f923,570201e4118fd1b27d3b23a9c0a45c07,14902072728666321863
f956427d8b383b44fa9445f1cc504d4f,83647acd0827b3fe2dcd0aa816f6d659,16027600248415265663
1a90832a45294004dbbeff0ca446980b,68491d202e67783d3ee3acad04c842d9,14803318232080065487
1a7730d1d6d6d034984229a007005302,5e8434523a1bdf018d887f129a9a10c3,15483146938324883263
1af7606a281967b49baf4152f98893cd,8113b38330049532a198069ac45a760e,16110046376429032048
2a89759010b9bee4daaff5cb8d1c1484,5a264098b0339d61b3a22bb1625d8ec9,14843859734056927759
3a939e821fb785a4dac1ed2b2560ec00,a1b5564dbf61d7589de0a9c79eee2350,15483146938360009535
4ad6219e6b1a2e7469bc2011b5722d8b,0ddde1ce7a7fac08bb323eb93c97a9b4,14160581996228223907
4ad67192bb937ed419d4315abb9039f0,020aef160f9744b59abd91236a4501e7,15483148547732767515
4a3f2fca34dc49242b04fed07bd0fab8,d3bb7567ecf77fdc467f9fcbe53e6b0f,14769515155833758479
5af26718f590acd4c86f3df9ecd17fec,950df1a22a0533e3af8ad7bf9e3a98dd,15836692826428411335
5aa558d07b25c364a9339e0fdeaa99c0,da2f3be11619568681dc2144b590af15,9270790684986269598
6afa5da401d295f4e8667a4cdf8c8880,8d9f97279ef4a885846f0df53c069aaf,14877626578108948843
7aeb2820a3fdfc14f9f7d53af4f99269,c7167366738314418e935f64a84bcc85,14906688370971275023
7a2d272c1b6a6a94ea3eb062d8d9481e,b39f1cb25e0d9b76c8f67b57e941e2bd,15555318970577874191
8a30cc0f7c852e84d986a7905bc69925,c783c3419a3caec13d2cd1679605bb9d,16012946356604113721
8a603faaacbb7344b8d3dcd28441a1cd,fa4ca7a3f5d1b4694bbf863215935fd1,16027573228809552702
8af2328397cb5b34687232c67d9e9887,8e3692214819a4250f287020417df40a,16109992560941801759
8a2a41db658980c4fb6400f779ff326e,434a543a2f3285f7127c8da560f441ed,10890680705081993112
9af8bb440e3294841997900a063e8495,caadbf0c2fbc5cf203357d147c65f65b,16066548317933805903
aa32ea37ea0f63e4eb14f43bb239bd2e,31c02023b5edcd2a7a5d6c9a384b62cb,16097380036601455095
aa34d6b4c4091fc40b6f986a4529305f,fc601f81e01f08e6bb944b90d8b5bfc6,14759196600004585245
da51fc7fc06427a419ac41cb2fb8e9c2,18a2f5bca2d8a6e4025f36b2bf584075,16128271941101171507
daeb4586eac32294a9b09ad0db3a5173,6951f5313c50d6f38060fd3fe9ce5a22,14857881831642903352
ea18cf5b90c88364aa57d1db28a0ca7e,ce07f640521cf30c1b39b09f1ffbe6b3,16032246792871551867
ea1bfe68a522e024b9566ef521a6e7e2,361397637958ea1a8ad3c449954b14a0,14189556552139371310
ea5b537269e395940a26c761b676303f,e288de94aa1bcee2ee485d0d1ee72e09,16027706076398959391
fa24eca0151c994418616c4178073592,b32079080dc4e7ef6dee280aa5c22584,16012963845710943035
fab4025314fec1248a4e42ece7c3fbe3,134cf34b0b8e2d93715b46563e835cda,14978923098167840039
faa687fdb9857b0449618d78f479539d,a5b1fcf109f5a12694b0c340ca62b403,16056221343981188904
fa7d7286c47a5b24ca0a72e7242a1c7e,0706e87b81fc30fe97fff31ed28d3735,14974428294633491751
fa6ef620ab1d429499abd4d0bc0baf07,af9ba494120b37e473cac9ca9f515daf,10838359533824666038
fa3f71c5ff2461e44b2d26ba2835c053,2000b4946a1d955b8e5892075fc92e14,16059785900501002543
0b86407d078dd3e428739af994c12cc5,b67babc41b09b55ba01300f6f1e7e52b,14878181873475072911
1b1a93ae6e7077847833bf9241946274,b01c6c5941c624d7b19cd6a462b44bfe,16128271409060128556
1bfe48f3dd004d143979208993d17b1b,8f84a7fb062d9dbd7643e09c0850cd68,10806974381109115523
1b2f1bccdcff0a7468d7c88776af7f93,fd1912331b6bab50b428a663e7421dc6,14874531753508090082
1b4fa2d3be0ab9045b80b78dfdf369d7,70e912fa3309f684d46ad6372351656a,14843754146715283982
2bcd9e093bf22824eb30bfdbe4eeeef3,3a4a26e6955c97fec9b8c77ed27a813e,14878181873475072911
5b324979ef63b384696ecfd58192dd50,3c1ba92cc4f4fdc7ee1ae9d4d5ad21ac,14833645614669262119
5b52df6100b2ac349b63b923fd011168,36aeb196d6645e482d8b2355710f5c90,15483156734024811305
5b538578baa94d4498ff68553876e919,56ecc00e96503d822c2bfb8749dfc381,15488776712738192153
5b2a4d27a27e76c46ba72c48409b592d,49b931776deab87ce0d40ad193dc041f,14833504877164703015
6b931bc6b025b3d4b8442c1387d70ed6,7c42d0a314f56ae12d6353b6245fcc17,16124964610124813107
6b4a81a44d88f7245a8a4c0d5d37e78a,5832da7e50dea6e8496dfee01f23a13f,10859420374140688018
7b9a6ffcc5cc5144d9476102da4936b5,81a7c6a4e747df47dad15f77becc1f97,15483156769423164201
8b5acc84baf07d440af36409ee6122af,6c037de4ead3488efe8731673527b942,14874812884887417062
9b0e07cdbdf79f1479774e93f7e7b747,211c38a5bec656fa3546590d08789af5,16027723685764872990
abf77ae0c384a96429d0844ab723f77b,95ad42291661c8df70bf655574e080aa,16079664705118939647
abfb3f27cc06f7842a12bb4ba133a248,44f7b29ec3b3537e67bbe35e4e26f53a,14913620465633209607
bbed4a553c3749d4db2bfc096c88125d,b957bb0f7699911ba7b8b95b0c2bd038,16149362769079169055
cb69db0985dc060418c23eedf335f7ee,18b42a23fd137ec4022aeb24083ebe0a,14843850937964036391
db3ee3061fcf84946b593064ea63da32,438372cce9e33b66f14f261dc5e279fb,16130539715254822695
ebb45625686f2f74093dc0e959398051,7614d75674ef006b21237426bd1a763a,15131537149616080078
ebf5d819382f3b840b449344b712ce03,ce0c0da167f5a8a3f75fb78c7eb58a8b,14873124077976428911
fb628ab16cbcd4b4da2d405fccc3a3e2,c043c589773d9678e379d446e2d989d9,18378909149832873731
fb281495a05c6fd44b20c8cd7e23ca12,9d0064819c8ea48f6e56fe8627aba41b,10403086036012244909
0c4669a134314e343b2fcfbd8ff80f9d,d17d9fa7d424f6e0534039e3032a14b3,16128270842141095699
1ca7fe2e21d97494a9a9bb3c6161fe91,4d8d55061c12cccf69dcd1a742d5e673,14761448399817698605
1c39282232a387241a5f8be84db2a2dc,6d336aceb1701dd575393333b960666b,16098532238630861624
1cf937879ff81e54b865760760ba468c,58df159732cb0670e906b125ca4f4685,14843859734056927759
2c07d845ca8a8824986063298c277412,d4b6925f92779cc04a69ec81a52ece29,11068048423346660964
2c3afc1b083624948bccc9d24526a45e,e1ce2aeaa91237e4e38ae93547aee5c9,14843850937964036391
2ccd275db6bc3894380108ce02a402ea,82d022c32fb6d0eb121b120997d347ce,11053691219557836435
4c8f1aa01d209d34c8840ab8b884d677,a1c81e89834756232b982de81ced207d,14834843738709295415
5cd120cb7df32404782bc456fdb09bbe,f6e5c9b70c6a80cc64dfbadbee617be3,16097380002241982963
5cbb2165377fd754295a1f13939a532e,bbf3c91509c111faf044512459a5ddf3,15451262920576547615
6c367bc6a37eb0442b5290648fc29dc1,1bef6e21f456f529ab8251a5e77a03e5,17627382302518048298
6c0bac49b043a6f4db5b9532e79b36bb,dccdb9147b32515fa2bb51b423f96344,16097399788889977299
7cf4bb387a51d8f45b52ebf381deb533,4adedaec556312fa394db81c0bfba1ad,14843859734056927759
7c7837ed33803eb47b35e7671650c9ae,ef80c8f684279354e1987b16c661159f,14983365769389285767
8ce7c4baf4807a240a2482f54ae9a5c7,3617d6f9c569e23b78ee5f6d91e93000,14771802140019008015
8cad7b721fdf89a4f99e945cd4677cb0,265348da501f964b837de8969f73f2a4,16097540243447231429
9c8fa51c22f533549a8a22446a22e6e0,d341093b50f85d4e62680946b1d36747,16110256512451944764
ac217207ea65efb4fbab61a6188553cd,dece0dc6da7905395269ce9b16ba1d2a,16080218876033767227
ac19c590a36f72f4589c9ba0d60d9a69,d98514ca13876fe4df9c998bcaa94c42,16119614777774776683
acba7d3ce28f93a4aacbdb13b984f74c,81ed6b972e966ced1317209585c53090,16721634026328634252
acec170add090b542a3a9d4caa3d9c03,63413be24b80480e640c33a0b5e1d31c,14878709673952883471
dcf20a39241570c4991951bff2cbc4b1,11ba48aca32dd9ff8db0a3eabbfed9ca,16026457086766358334
fc9ac2bacf884ee4c9c1829b9345f298,b72eebec72ef63b99c783e6e9ada31fe,16027600544768533300
0d912be888333df40adfaa5cd5a768e0,bd04ab0cd980f96a41a3bf4ff1009c7b,16027706076398959391
0dc6174fcb6edde4a9b5cd543333ff42,f5e956e4acfe1febaa227d1e14f9c5c9,14843639797506056247
0d3c263ed6dcc0e4fa4fcbc6971877bd,c43a6271e335d2111834e1426c7f4cf1,16075072174706074092
3d21cd454dce32f4f8ae87832653ee14,3936e7181ee33e738d45b4b77a4c6c02,9258978216076891434
3db15c58a6793f34b8ae17f9a02c69f5,d5b54b7263a7fab0aef8671e7ebe7d52,13805152572100519988
3de329d909666154787065184ec35769,c06258759cb07a143b366244837c91c9,14337714733952611279
3d4aaea75b90d2e4693bb1658458d089,5a16e59b04f207b416c277fdbbcce2e1,16128270309548375857
4d2be91566bc4a14bb8163e4a02a5338,2af623c58769164ab99d24cba63f9112,15483147448221140763
4dfb7e315e75b66489b49e3c18adb6b5,8052e396508a25f220a0377227bea294,9365805965106827154
5dad7db238556f84da4472d783a3460c,1cb37d7dab6acdea5f7c74de6d2fffe1,15488776781457666843
6d9477d22d4ff234cbe10548e2d5b1ab,e754d7db87131804081b85153bc102f2,16098532234335951673
8dfabdcdbd19bc6498a16330f7610885,5572b41432a3daaebdb04052715550b8,16056221348242858793
8d2c01f0c17b9134c8f89aae2237c63e,ec897b63581593c454cfa23ea77ad1aa,14903311720431552301
8d2ea41c2edddd74aaf0aba417a10647,965d0b204beb707ecc3cd467e5992afb,16025482657999368659
bd381f412ba90cd4fb93aeb8876d0744,abf3e403da92ed837d0b2390a3921bd4,13889977833586705347
cd1829c63b48d1c44a7d6179451272cd,95aa233dca32bb2bdf3637e68c5e44ac,13805152574214451252
cd9beb71593461c49a7d50da0ae35e48,f39135508008ad159e062da3a2579d30,14761448399813659949
ed7391943a159e4459d23cb85f456935,e7f7ae03f0206f77adda61b350454474,16025482657462498275
edcdd4fae69e847429c374c7f5c51d7c,fd7202dd28e908754a118485f0bb0dca,16127990466223223475
fd138755971d65e4d9de56a529143b33,37a5c0fc63986ae11326b109eff0a0f0,13893065262235534023
0e83716f769b08f4799770027481d821,f05cf5d4622eaa8864988f2888f6fa8d,16056231441551075116
1ef9d181f99c3f74a8ae67fcd23510ad,61c927b62fe1ef2b120955810c28edec,16128287901734420257
1e7ad8ab936da2e44aa71d65391bb482,f78def7c01b110b851d63ae02055e454,14978931885670933799
1eac6808daa89a2478ac495f79cb14c7,208c355d38a9abdfab69883836bab711,13893346737212113607
2e22923c138893a478dbba1b9bb7ed7c,c5d2a133c672838bd5a3ad884f56d54b,14830313106591199335
5e39e4f4d429e064bb13accadea65eea,9c86a9fdcc1da544d311f9b89d397aa4,11068048423346660964
5ebc66ca79cb84a4f95f82baabcddad8,8a9c97002a4795df3cf56a215e3e524e,16025201217519823201
6e710c6de51ef33458bc80ad5284426f,958fa49aab784a138af55a9049b2a3b0,12489135622542482089
6e64ef64a9e42bf47b5f2d5db3e7553e,f1be701842503f5fe6d422e08ec352a1,15903339817951981169
6e0f3438ee0f1184e9e8f0acc49a8b22,2518ef71c7596276d59a394f015daaec,16027741260770982687
8ef9ed4831cdd6a4db99249661828ff3,ac91d685fb7b3f722a60d5313fe133d0,16108639035670139751
8efade7d507ccd54ab59c580196baf4d,22e8d5d2a8fccd77724fe0c8f03b9abb,16031068125541907215
9ebe58fcfd6f28d4bb83652a4d7aae3c,338839d7adc11ba9fe158b488418ac32,15483147448220878747
ce66ef12d2deaed40817d030b5834f5c,1088d6b093a4a3329c903b260379731f,9338784942887423991
de24ef10fbd236042870f81b0d9dbce0,9999ce9fc224214a18e5f242fa9dfef5,15451262920576547615
de9b57a346bd4624db0c3f2d51678809,e4a41c10ef1bda781aa8a1cbc942a3a4,14843754146715283982
de5c102550d68d74ea26396c7895a4aa,9289b2d27a9a1372e6a5612e304c30f1,14042856025993802599
ee296729a23312e4a89e1fa4a8ee5c96,add77986eed80851af18f48b32689799,14843639797506048063
feb42b69809772842852b01e36fd74e8,429e43d64b39a7907f220b14ead1e0d7,14877591393736338915
fe18297bf14086f4f9e2d78844bb547d,182db80a9643ea89b66d9915d7376f55,16099367919264739827
fe0c54bc7efb92248adc7c8008e19f7c,b54cacedabb7dc4bd367d83f4fc25612,16056231163485496109
0f921ae606b578244a4267431e0f9fbf,5d541e1a22c35bc6d9b1aa1c60c60c7c,17937556404015530239
1f77c358257ea8e44abc1eba43814570,b4beff1510f7bdc5245e87ae20bdc0e6,10859948705736897590
2f51a4cea48797f45bbdf81a1cdeb8a9,05f83dbac6d2e686057ba6027215def2,16012664881623216955
2ff7b7b1ffc4f4f4aac45a1fd7fcea04,e0107ce462f80ed11f30825215ab7168,16084150713366159725
3f50469e66da30e499a5d3dac009ff5d,377c70f03c17d0c8e28886113829a1f4,16097397594428023283
3f788b8e194a26b47b58e8afb69d6410,895491c486a8844ff244996e673e0f7c,14730697963098743791
4faa1392e4c25d14589a281ac32aadea,7b32a8771dcc5e00353c6a5dcf42957d,10726578179804980276
5f5338bd24ebd9f45b9c35d2c9b6bf01,b3e10ed5bf740686c0a3ea1865f09724,16204240764503259360
6f1bc11b98d65ac4caae336d74f65bcd,4666b4559e140b3afeff85e9786ae5d2,14977593676978195767
6ffd689673895b948bbb3398c89a79e6,58a37eb183d54f4199db13c4aea023e4,16031963127461843835
8fc1792a9da9bc8418e9ad657c2b66e9,5e4671b96fca95622756d89490156302,15483217816965355407
9f52dc4154c976740b5ebd7a322a72c5,df8bb75b1a6d0a8419dec0ff3dfce9e1,14843859734056927503
af2357c1270d67b4b9d964ed07667b2c,9471f38e85a6a4c8c8ab89b2b75a5515,15030321311974124902
afa68e1c6c2975748821c877fd1b9ed9,b5721c481e113ba5475d0fb495ad08ba,9338782743462039543
bf99646660e7811408ed9c9159f6cfdb,826ae45e7f74766997d2f2f771e22c4b,16098067940576994255
cf24318d1554cdd41979ae6252ba027b,0f437df8d4823329f42bf0c27009f6ac,14764941187495768847
cf8f87402c8156d43868106f4f5fc1fd,43271115b0fe179c7b9745de73ad52ee,16085839528431652965
df9239501cd937a4dae406c58a7d54ac,da52eb41c37b6ee13e957ec88e572fff,16065422418295398735